t_ms,basinc_pa,sicaklik_c,ax_g,ay_g,az_g,durum
0,101253,23.02,-0.00,0.02,1.02,0
40,101247,22.87,0.01,0.00,1.01,0
80,101243,23.03,-0.01,0.00,1.00,0
120,101247,23.01,-0.01,-0.01,0.99,0
160,101253,22.91,-0.01,0.01,1.02,0
200,101252,23.02,-0.00,0.00,0.99,0
240,101245,23.01,-0.00,0.01,1.01,0
280,101253,22.99,-0.00,-0.01,1.01,0
320,101252,23.00,-0.00,0.01,1.02,0
360,101251,23.00,0.00,-0.01,1.00,0
400,101251,23.00,-0.01,-0.01,1.00,0
440,101250,23.06,-0.01,0.02,1.00,0
480,101251,22.90,0.00,0.01,1.00,0
520,101249,23.01,0.00,-0.00,1.01,0
560,101254,23.01,-0.01,0.01,1.01,0
600,101247,22.94,0.01,-0.01,1.02,0
640,101254,22.97,-0.02,0.00,1.01,0
680,101254,23.08,-0.00,0.00,0.99,0
720,101257,23.00,0.01,0.01,0.99,0
760,101254,22.99,-0.01,-0.01,1.01,0
800,101252,22.99,-0.00,-0.01,0.99,0
840,101251,22.99,-0.00,0.00,1.00,0
1480,101245,22.96,-0.00,0.01,1.02,0
1520,101248,22.94,0.01,-0.02,0.99,0
1560,101248,23.08,-0.00,0.01,0.99,0
1600,101253,23.00,-0.00,0.00,1.02,0
1640,101249,22.98,-0.00,0.01,0.99,0
1680,101249,23.03,-0.01,-0.00,0.99,0
1720,101252,22.95,-0.00,-0.02,0.98,0
1760,101249,22.95,-0.01,-0.01,0.97,0
1800,101246,22.98,-0.03,0.00,0.98,0
1840,101253,22.99,0.02,0.01,1.03,0
1880,101254,22.94,0.01,-0.01,1.00,0
1920,101251,23.03,-0.01,0.01,1.01,0
1960,101247,22.95,-0.00,0.02,1.01,0
2000,101252,23.00,-0.00,0.02,1.00,0
2040,101249,23.08,-0.01,-0.00,1.02,0
2080,101250,23.01,0.01,-0.00,1.01,0
2120,101258,22.92,0.01,-0.01,0.99,0
2160,101251,23.01,-0.00,0.00,1.01,0
2200,101249,23.00,0.01,0.00,0.99,0
2240,101256,23.08,0.02,-0.00,0.98,0
2280,101244,22.97,0.01,-0.01,1.02,0
2320,101258,23.06,0.01,-0.00,1.01,0
2360,101248,22.87,0.01,0.01,1.02,0
2400,101240,22.99,0.01,0.01,1.02,0
2440,101247,22.91,-0.01,0.00,1.01,0
2480,101251,22.99,0.01,0.02,1.01,0
2520,101250,22.99,0.01,0.01,1.01,0
2560,101247,23.05,0.00,-0.01,0.98,0
2600,101245,22.97,-0.01,0.00,0.99,0
2640,101246,23.00,-0.00,-0.01,0.98,0
2680,101246,23.08,0.00,-0.02,1.02,0
2720,101250,22.92,-0.01,0.01,1.00,0
2760,101250,22.99,-0.01,-0.00,1.00,0
2800,101250,23.09,0.00,-0.01,1.00,0
2840,101252,22.98,-0.00,-0.01,0.98,0
2880,101255,23.04,0.00,-0.01,1.00,0
2920,101249,23.07,-0.01,-0.02,1.01,0
2960,101251,23.04,0.01,0.01,1.00,0
3000,101244,23.05,0.00,0.01,0.99,0
3040,101257,22.96,0.02,0.01,1.00,0
3080,101254,22.98,-0.00,0.02,1.02,0
3120,101251,23.01,-0.01,-0.01,1.00,0
3160,101248,22.96,0.01,0.01,1.00,0
3200,101247,22.99,-0.01,0.00,1.02,0
3240,101247,22.97,0.01,-0.00,1.00,0
3280,101255,23.07,0.02,0.01,1.00,0
3320,101247,22.95,0.02,0.00,1.00,0
3360,101255,23.01,-0.01,0.01,0.99,0
3400,101248,23.01,0.02,0.01,1.00,0
3440,101250,23.01,0.02,-0.00,1.01,0
3480,101254,23.06,0.01,-0.00,0.99,0
3520,101252,22.95,-0.01,-0.03,1.02,0
3560,101249,23.01,-0.00,-0.01,0.98,0
3600,101243,22.88,0.01,-0.01,1.01,0
3640,101250,23.02,0.01,0.02,0.99,0
3680,101249,23.02,0.00,-0.02,1.00,0
3720,101246,22.96,0.01,0.00,1.01,0
3760,101249,23.04,-0.02,0.00,1.01,0
3800,101249,22.97,-0.01,-0.01,0.98,0
3840,101249,23.01,-0.01,-0.01,0.99,0
3880,101245,23.06,0.01,0.00,1.01,0
3920,101242,22.93,-0.01,-0.01,0.99,0
3960,101250,23.06,0.01,0.03,1.00,0
4000,101253,23.04,0.00,0.02,1.00,0
4040,101250,23.04,-0.02,0.01,1.00,0
4080,101252,23.03,0.01,0.00,1.01,0
4120,101248,23.01,-0.01,0.00,0.98,0
4160,101247,22.98,0.01,-0.00,1.01,0
4200,101252,23.10,0.02,0.00,0.99,0
4240,101245,22.93,-0.00,0.01,1.00,0
4280,101250,23.00,-0.00,0.00,0.99,0
4320,101254,23.02,0.01,-0.00,1.04,0
4360,101246,23.04,-0.01,0.01,0.98,0
4400,101247,23.07,-0.01,0.01,1.02,0
4440,101248,23.02,0.02,0.01,0.98,0
4480,101249,22.97,0.02,0.00,1.01,0
4520,101243,23.05,-0.01,0.01,1.00,0
4560,101255,23.00,-0.01,0.02,1.00,0
4600,101248,23.00,-0.00,0.00,1.00,0
4640,101254,23.04,-0.01,-0.00,1.01,0
4680,101256,23.04,-0.00,0.02,0.98,0
4720,101256,22.97,0.01,0.00,1.00,0
4760,101243,23.03,-0.01,-0.01,1.02,0
4800,101249,22.97,0.01,-0.01,1.01,0
4840,101249,23.02,0.02,0.01,1.00,0
4880,101251,23.03,0.03,0.00,1.00,0
4920,101244,22.96,0.00,0.00,1.00,0
4960,101247,23.03,-0.01,0.01,1.03,0
5000,101245,23.08,-0.00,0.02,1.01,0
5040,101051,22.97,0.00,0.01,0.99,0
5080,100956,22.89,0.00,0.02,1.01,0
5120,100946,23.04,0.01,-0.00,0.98,0
5160,100924,22.98,0.01,0.01,1.01,0
5200,100881,23.07,-0.01,-0.01,1.01,0
5240,100837,22.98,0.01,-0.00,1.00,0
5280,100863,22.98,0.00,-0.00,1.01,0
5320,100901,22.93,0.01,-0.01,0.98,0
5360,100822,22.98,-0.01,0.01,1.02,0
5400,100637,23.04,-0.01,0.00,0.99,0
5440,100448,22.95,-0.00,-0.01,0.99,0
5480,100342,22.98,-0.01,0.00,1.00,0
5520,100305,23.07,0.00,-0.02,1.02,0
5560,100236,23.00,0.00,-0.02,1.01,0
5600,100133,23.05,-0.01,-0.00,1.00,0
5640,100096,23.05,0.02,0.00,0.99,0
5680,100174,23.00,0.01,0.00,0.99,0
5720,100223,22.99,-0.01,-0.01,0.99,0
5760,100175,23.00,-0.01,0.01,1.00,0
5800,100015,22.86,0.01,-0.01,0.98,0
5840,99867,23.03,0.01,0.02,0.98,0
5880,99773,23.05,-0.01,0.00,1.01,0
5920,99699,23.02,0.02,-0.01,1.01,0
5960,99574,22.97,0.01,-0.00,0.98,0
6000,99432,22.97,0.01,0.01,1.00,0
6040,99402,22.99,0.00,-0.01,1.03,0
6080,99470,22.95,0.00,0.01,0.98,0
6120,99538,23.00,0.00,0.01,0.99,0
6160,99495,22.94,0.01,-0.01,0.98,0
6200,99384,22.96,0.00,-0.01,0.99,0
6240,99282,23.03,0.01,-0.00,1.00,0
6280,99218,23.07,0.00,0.01,1.00,0
6320,99127,22.91,-0.02,0.00,0.97,0
6360,98962,22.92,-0.00,0.00,0.99,0
6400,98783,23.06,-0.01,0.00,1.01,0
6440,98727,23.00,-0.00,0.01,0.98,0
6480,98784,22.91,0.02,-0.01,1.02,0
6520,98839,23.00,0.01,0.01,1.01,0
6560,98815,22.91,0.01,-0.00,1.01,0
6560,98815,22.91,0.01,-0.00,1.01,0
6600,98735,22.99,-0.01,0.00,1.00,0
6640,98690,23.04,-0.01,0.00,1.00,0
6680,98662,22.96,0.00,0.00,1.00,0
6720,98570,23.00,0.01,-0.01,1.02,0
6760,98381,23.00,-0.01,0.00,0.99,0
6800,98191,23.05,-0.00,-0.02,1.00,0
6840,98109,22.95,0.00,0.02,1.00,0
6880,98131,22.97,0.01,0.00,0.99,0
6920,98152,23.04,-0.00,0.00,1.03,0
6960,98124,22.96,0.01,0.02,0.99,0
7000,98071,22.98,0.01,0.01,1.01,0
7040,98081,22.98,-0.02,-0.01,1.01,0
7080,98100,23.02,0.00,-0.00,0.97,0
7120,98018,22.97,0.01,-0.00,1.00,0
7160,97824,23.00,0.00,-0.00,1.00,0
7200,97637,23.04,-0.00,-0.01,1.03,0
7240,97541,23.13,-0.01,-0.00,1.00,0
7280,97524,23.04,0.00,-0.00,0.99,0
7320,97496,23.03,0.00,0.01,1.02,0
7360,97434,23.07,-0.02,0.00,1.01,0
7400,97402,22.96,-0.01,-0.01,1.01,0
7440,97455,22.96,-0.02,-0.01,1.01,0
7480,97509,23.10,0.01,-0.00,0.98,0
7520,97455,22.98,0.00,-0.01,1.00,0
7560,97275,22.94,0.01,-0.01,1.01,0
7600,97108,22.99,0.00,0.01,1.03,0
7640,97015,23.03,0.01,0.01,1.01,0
7680,96967,22.98,0.03,-0.01,1.02,0
7720,96878,23.02,-0.01,-0.01,1.01,0
7760,96775,22.99,0.01,0.00,1.00,0
7800,96746,22.95,0.01,-0.03,1.00,0
7840,96819,22.90,0.01,0.01,1.00,0
7880,96897,22.99,-0.00,0.02,1.00,0
7920,96851,23.07,0.01,-0.01,1.01,0
7960,96722,22.95,-0.00,0.01,1.01,0
8000,96594,22.97,0.00,0.01,1.01,0
8040,96523,22.98,0.01,-0.00,1.04,0
8080,96442,23.02,0.02,-0.00,1.00,0
8120,96303,23.04,0.01,0.01,0.99,0
8160,96158,22.99,-0.00,-0.00,1.00,0
8200,96123,23.02,-0.01,0.00,1.01,0
8240,96199,23.06,0.01,0.00,0.99,0
8280,96267,23.08,0.01,0.01,1.02,0
8320,96241,23.03,-0.02,0.01,1.00,0
8360,96144,22.98,-0.00,-0.00,1.00,0
8400,96074,22.97,0.01,0.01,1.03,0
8440,96030,23.04,-0.01,-0.01,1.01,0
8480,95944,22.97,0.00,-0.02,1.01,0
8520,95771,22.99,-0.00,0.01,1.00,0
8560,95596,22.96,0.01,-0.00,0.99,0
8600,95533,23.00,-0.01,-0.01,1.00,0
8640,95592,22.96,-0.01,0.01,1.03,0
8680,95629,23.02,-0.01,-0.01,1.00,0
8720,95616,22.99,-0.01,-0.01,0.98,0
8760,95557,23.02,0.00,-0.02,0.99,0
8800,95546,23.00,-0.01,-0.00,0.99,0
8840,95540,23.01,-0.01,-0.01,0.99,0
8880,95455,23.09,0.02,-0.00,0.98,0
8920,95269,23.03,0.00,0.00,1.00,0
8960,95076,23.02,-0.01,0.01,1.03,0
9000,95002,22.97,0.01,0.01,1.00,0
9040,95021,23.06,-0.01,-0.01,1.01,0
9080,95020,22.98,-0.01,0.02,0.99,0
9120,94978,22.99,-0.01,-0.01,1.01,0
9160,94950,22.99,-0.01,-0.02,1.00,0
9200,94985,23.02,-0.01,0.01,0.99,0
9240,95027,23.11,-0.00,0.02,1.01,0
9280,94963,23.07,0.00,-0.00,1.02,0
9320,94783,22.95,-0.02,-0.01,0.99,0
9360,94598,23.01,0.00,-0.00,1.01,0
9400,94515,23.01,-0.00,0.02,1.00,0
9440,94490,22.94,-0.01,-0.00,1.01,0
9480,94438,23.08,0.01,-0.00,0.99,0
9520,94366,23.05,0.00,-0.00,1.01,0
9560,94348,22.99,-0.01,0.00,0.99,0
9600,94417,22.91,-0.01,-0.01,0.96,0
9640,94483,22.94,-0.00,-0.01,1.02,0
9680,94440,22.96,0.01,-0.02,0.98,0
9720,94290,22.97,-0.01,0.01,1.02,0
9760,94139,22.96,0.01,0.01,1.01,0
9800,94058,23.02,0.00,0.01,0.99,0
9840,93999,23.03,0.01,0.01,0.98,0
9880,93900,22.97,-0.00,0.00,1.03,0
9920,93785,23.02,-0.01,-0.01,0.98,0
9960,93760,23.09,-0.02,-0.01,1.01,0
10000,93841,23.02,0.01,0.00,0.99,0
10040,93923,22.95,0.02,-0.00,0.97,0
10080,93901,22.99,0.00,0.01,1.00,0
10120,93786,23.06,-0.00,-0.01,0.99,0
10160,93687,22.95,0.02,-0.00,0.99,0
10200,93633,22.91,-0.00,-0.02,1.02,0
10240,93548,23.05,0.00,-0.01,0.99,0
10280,93396,23.07,0.00,0.00,0.99,0
10320,93249,23.03,0.01,-0.01,1.00,0
10360,93206,23.06,0.01,0.00,1.00,0
10400,93283,22.98,-0.01,-0.01,1.01,0
10440,93347,23.02,-0.01,0.03,1.02,0
10480,93330,23.02,-0.00,0.01,1.02,0
10520,93264,22.99,-0.00,0.01,1.01,0
10560,93221,23.01,0.00,-0.02,1.00,0
10600,93195,22.91,-0.01,-0.00,0.99,0
10640,93115,22.93,0.01,-0.00,1.00,0
10680,92938,23.00,0.01,-0.00,1.01,0
10720,92760,23.02,-0.01,-0.01,1.01,0
10760,92698,23.00,-0.00,0.01,0.99,0
10800,92742,23.03,-0.01,0.01,0.99,0
10840,92778,22.99,0.01,-0.03,1.02,0
10880,92765,22.93,-0.00,-0.00,1.00,0
10920,92717,23.01,0.01,-0.01,1.02,0
10960,92725,23.03,-0.00,-0.01,0.99,0
11000,92760,22.98,0.02,-0.01,1.01,0
11040,92678,23.01,0.01,0.02,1.01,0
11080,92505,23.03,-0.02,0.01,0.99,0
11120,92319,22.96,0.01,0.00,1.02,0
11160,92247,22.96,0.00,-0.02,1.02,0
11200,92246,23.06,0.01,-0.01,1.01,0
11240,92231,22.89,0.01,-0.00,1.02,0
11280,92182,23.04,-0.00,0.00,1.02,0
11320,92171,23.05,-0.02,0.00,1.00,0
11360,92228,23.07,-0.02,-0.03,0.97,0
11400,92285,23.10,-0.01,-0.01,1.00,0
11440,92232,23.06,0.00,-0.00,1.02,0
11480,92071,23.02,0.00,-0.01,1.00,0
11520,91905,23.06,0.01,-0.00,1.00,0
11560,91822,22.99,-0.01,0.01,0.98,0
11600,91793,23.01,0.01,-0.01,1.00,0
11640,91726,22.99,-0.01,-0.03,1.03,0
11680,91638,22.99,0.01,0.01,1.00,0
11720,91623,23.02,0.01,0.01,1.01,0
11760,91709,23.02,0.00,-0.00,1.01,0
11800,91790,23.02,-0.01,-0.00,0.99,0
11840,91766,23.09,0.00,-0.01,1.01,0
11880,91626,22.99,-0.00,0.01,1.00,0
11920,91504,23.02,-0.02,0.00,1.00,0
11960,91436,23.00,0.01,-0.01,1.01,0
12000,91372,22.99,0.01,-0.01,1.00,0
12040,91255,23.01,0.00,0.00,0.99,0
12080,91136,23.02,0.01,0.00,1.03,0
12120,91097,23.04,0.01,0.01,0.99,0
12160,91181,22.96,0.01,-0.01,0.98,0
12200,91277,22.97,0.01,-0.01,1.01,0
12240,91254,22.90,0.00,-0.00,1.03,0
12280,91175,22.95,-0.00,-0.00,1.00,0
12320,91096,22.96,0.00,-0.01,0.98,0
12360,91050,22.95,-0.01,-0.01,1.03,0
12400,90976,23.05,-0.00,-0.00,0.99,0
12440,90820,22.96,0.01,0.00,1.00,0
12480,90662,23.01,-0.01,-0.00,0.97,0
12520,90620,23.02,0.01,-0.00,1.02,0
12560,90687,23.07,-0.01,0.00,1.00,0
12600,90755,23.04,0.01,0.00,1.02,0
12640,90740,22.99,0.01,0.01,1.00,0
12680,90687,23.00,-0.00,0.01,1.01,0
12720,90669,23.01,-0.01,-0.01,0.97,0
12760,90673,23.10,0.00,0.00,0.99,0
12800,90602,23.00,-0.00,-0.00,1.02,0
12840,90424,22.95,0.00,0.00,1.00,0
12880,90246,22.95,0.01,0.01,1.02,0
12920,90177,23.02,-0.01,0.01,0.99,0
12960,90215,23.03,-0.00,-0.00,0.99,0
13000,90243,22.97,0.01,-0.01,1.00,0
13040,90243,22.94,0.01,0.02,1.02,0
13080,90243,23.01,-0.01,-0.01,1.01,0
13120,90243,23.04,-0.01,0.01,0.99,0
13160,90243,22.95,0.00,-0.02,1.00,0
13200,90212,22.99,0.00,0.01,0.98,0
13240,90035,22.99,0.00,-0.00,1.00,0
13280,89865,22.96,0.00,0.02,1.00,0
13320,89792,23.06,0.00,0.01,0.99,0
13360,89782,22.96,-0.00,-0.00,1.00,0
13400,89756,22.99,-0.01,-0.01,0.98,0
13440,89701,22.95,0.01,0.02,0.99,0
13480,89691,23.06,-0.01,-0.02,0.98,0
13520,89768,23.04,-0.01,0.00,1.01,0
13560,89840,22.95,-0.01,0.01,1.01,0
13600,89806,22.97,-0.01,0.01,1.01,0
13640,89649,22.98,-0.02,0.01,1.00,0
13680,89507,23.09,0.00,0.01,0.99,0
13720,89429,23.00,0.01,0.00,0.98,0
13760,89397,22.99,0.02,-0.02,1.00,0
13800,89304,23.03,-0.01,0.01,1.01,0
13840,89217,23.12,-0.02,0.02,1.00,0
13880,89198,23.00,0.00,0.01,0.98,0
13920,89300,22.99,-0.00,0.00,1.02,0
13960,89381,22.99,-0.02,0.01,1.03,0
14000,89366,23.00,0.00,0.01,0.97,0
14040,89255,22.96,-0.00,0.01,0.99,0
14080,89151,22.89,-0.00,0.02,1.00,0
14120,89090,23.00,0.00,0.01,1.01,0
14160,89032,23.03,-0.00,0.01,1.02,0
14200,88901,23.00,0.00,0.01,1.01,0
14240,88766,23.05,0.02,-0.01,1.01,0
14280,88739,22.95,0.01,0.01,1.02,0
14320,88823,23.05,0.01,-0.01,1.01,0
14360,88911,23.02,0.00,0.02,0.99,0
14400,88908,23.06,-0.00,0.00,1.00,0
14440,88834,22.93,-0.01,-0.01,1.00,0
14480,88786,23.11,0.00,-0.00,0.99,0
14520,88770,23.01,-0.02,0.01,1.00,0
14560,88693,22.96,0.03,-0.00,1.00,0
14600,88529,22.95,0.01,0.00,1.00,0
14640,88369,23.00,-0.00,-0.01,1.02,0
14680,88321,23.05,0.00,0.01,1.01,0
14720,88383,23.08,-0.01,-0.00,0.99,0
14760,88441,22.95,-0.00,0.00,1.00,0
14800,88422,23.00,-0.01,-0.01,0.98,0
14840,88394,22.94,-0.00,0.01,1.00,0
14880,88398,23.08,-0.01,0.01,0.99,0
14920,88422,22.97,-0.00,0.01,1.01,0
14960,88362,23.07,0.00,0.00,0.99,0
15000,88188,23.05,-0.00,0.01,1.02,0
15040,88009,23.00,-0.01,0.01,0.99,0
15080,87943,23.08,-0.01,-0.01,0.96,0
15120,87968,23.14,0.00,-0.01,1.02,0
15160,87977,23.07,-0.01,0.01,0.98,0
15200,87945,23.01,0.03,0.00,0.99,0
15240,87943,23.00,0.00,-0.00,0.99,0
15280,87994,23.05,-0.01,0.01,1.02,0
15320,88054,22.96,-0.01,0.01,1.00,0
15360,88013,23.02,-0.00,0.00,0.97,0
15400,87847,22.98,0.00,-0.00,1.01,0
15440,87684,23.04,0.00,0.01,0.98,0
15480,87613,22.98,0.02,-0.00,1.01,0
15520,87595,23.01,0.01,-0.01,1.01,0
15560,87549,22.93,0.01,0.01,1.01,0
15600,87479,23.06,-0.01,0.00,1.02,0
15640,87478,23.01,-0.00,0.00,1.00,0
15680,87575,23.05,-0.00,0.00,1.01,0
15720,87661,23.03,-0.01,-0.00,1.00,0
15760,87631,23.01,0.02,0.00,1.02,0
15800,87509,23.03,0.01,0.01,1.00,0
15840,87372,22.95,-0.01,-0.00,1.01,0
15880,87313,22.95,-0.00,0.00,1.01,0
15920,87263,23.01,0.00,0.00,1.00,0
15960,87162,23.01,-0.01,0.01,0.99,0
16000,87063,22.98,-0.00,0.01,0.98,0
16040,87041,22.93,0.01,0.00,0.99,0
16080,87140,23.00,0.01,0.01,0.99,0
16120,87241,22.97,-0.01,-0.00,1.00,0
16160,87229,22.96,0.00,-0.01,1.01,0
16200,87141,22.97,0.02,0.00,1.00,0
16240,87058,23.03,-0.01,-0.01,1.02,0
16280,87031,22.97,0.00,-0.01,1.01,0
16320,86960,22.91,0.01,0.01,1.01,0
16360,86816,23.07,0.00,-0.01,1.00,0
16400,86665,22.96,-0.01,-0.00,0.98,0
16440,86635,22.90,-0.00,0.01,1.03,0
16480,86718,23.00,-0.00,-0.01,0.98,0
16520,86805,22.90,0.00,-0.01,0.97,0
16560,86797,22.91,0.01,0.00,0.99,0
16600,86746,23.00,0.01,0.00,1.01,0
16640,86727,22.98,0.01,-0.01,1.03,0
16680,86727,22.97,-0.01,-0.01,1.01,0
16720,86664,23.00,0.01,0.03,1.00,0
16760,86499,23.01,0.01,-0.01,1.00,0
16800,86332,23.11,0.01,-0.02,0.97,0
16840,86281,23.06,-0.00,-0.01,0.99,0
16880,86324,22.99,0.00,-0.00,0.99,0
16920,86371,23.00,0.01,-0.01,0.98,0
16960,86355,23.09,0.00,0.01,1.00,0
17000,86339,22.95,-0.01,-0.00,1.00,0
17040,86378,23.00,-0.00,-0.01,1.01,0
17080,86419,22.96,0.01,0.01,1.01,0
17120,86369,23.02,-0.00,0.00,1.01,0
17160,86195,23.03,0.00,-0.02,1.01,0
17200,86026,22.97,-0.01,-0.02,1.05,0
17240,85969,23.11,-0.00,-0.01,1.00,0
17280,85979,23.05,0.01,-0.00,1.02,0
17320,85969,23.04,-0.01,0.01,1.00,0
17360,85927,23.04,-0.00,-0.00,1.01,0
17400,85915,22.98,0.01,0.00,0.99,0
17440,86003,23.00,-0.01,0.01,1.00,0
17480,86079,23.03,0.01,0.01,1.00,0
17520,86046,23.07,-0.00,0.00,1.00,0
17560,85894,22.99,-0.01,-0.01,1.01,0
17600,85755,23.02,0.01,0.01,1.00,0
17640,85686,22.98,0.01,-0.01,0.99,0
17680,85657,23.05,-0.01,-0.01,1.01,0
17720,85594,22.97,0.01,-0.01,0.97,0
17760,85516,23.02,0.00,-0.01,1.00,0
17800,85513,22.99,-0.00,0.01,0.99,0
17840,85606,22.96,0.00,0.00,1.02,0
17880,85709,23.13,-0.01,-0.00,0.99,0
17920,85693,22.92,-0.01,-0.00,0.99,0
17960,85588,22.98,-0.03,-0.00,1.02,0
18000,85483,23.00,0.00,-0.02,1.04,0
18040,85428,23.04,0.00,0.01,1.01,0
18080,85373,22.96,-0.01,0.00,1.00,0
18120,85257,23.08,0.02,-0.03,0.99,0
18160,85143,22.96,-0.01,-0.00,1.02,0
18200,85123,23.00,-0.00,-0.01,1.00,0
18240,85227,22.97,0.02,-0.00,1.01,0
18280,85321,23.05,-0.00,0.01,0.99,0
18320,85321,23.00,-0.02,0.01,1.00,0
18360,85252,22.94,-0.01,0.00,1.01,0
18400,85199,23.01,0.00,-0.01,0.99,0
18440,85181,23.05,0.00,-0.01,1.03,0
18480,85117,22.85,-0.01,-0.00,0.99,0
18520,84961,22.99,0.01,-0.00,1.00,0
18560,84812,22.99,-0.00,-0.01,0.99,0
18600,84777,22.98,0.00,-0.01,0.99,0
18640,84846,22.98,0.01,-0.01,1.00,0
18680,84922,22.97,-0.02,-0.00,1.00,0
18720,84919,23.05,-0.01,-0.03,0.99,0
18760,84886,23.01,0.01,-0.01,1.02,0
18800,84900,23.10,-0.01,0.02,0.99,0
18840,84917,23.02,0.01,0.01,1.01,0
18880,84850,22.99,0.00,0.00,0.99,0
18920,84695,22.96,0.00,0.00,1.00,0
18960,84524,22.97,-0.01,-0.00,1.00,0
19000,84471,23.03,-0.01,-0.01,1.00,0
19040,84508,23.08,0.01,-0.01,1.01,0
19080,84538,23.03,0.00,0.01,1.00,0
19120,84514,22.97,0.01,0.01,1.00,0
19160,84506,23.01,0.00,-0.01,1.02,0
19200,84572,22.98,0.01,-0.00,1.00,0
19240,84632,23.01,0.02,-0.01,1.03,0
19280,84582,23.00,0.00,0.00,0.98,0
19320,84423,23.01,0.00,0.01,1.00,0
19360,84268,22.98,-0.01,-0.00,1.01,0
19400,84206,22.98,-0.00,0.02,0.99,0
19440,84205,23.08,0.00,0.00,0.98,0
19480,84178,23.01,0.01,0.01,1.02,0
19520,84126,22.96,-0.00,-0.01,1.00,0
19560,84129,22.99,-0.01,0.01,1.02,0
19600,84228,23.06,0.00,0.00,1.00,0
19640,84311,23.01,-0.00,-0.02,1.01,0
19680,84291,22.99,-0.01,0.00,0.98,0
19720,84159,22.95,-0.01,0.01,1.00,0
19760,84030,23.01,0.01,-0.02,1.00,0
19800,83971,23.01,-0.01,0.01,0.98,0
19840,83936,22.98,0.00,-0.00,1.02,0
19880,83858,22.96,0.01,0.01,0.97,0
19920,83760,22.95,0.00,0.01,1.00,0
19960,83756,23.02,0.02,-0.01,1.03,0
20000,83861,22.96,0.01,0.00,0.97,0
20040,83965,23.03,-0.01,-0.01,0.97,0
20080,83959,22.98,-0.01,0.00,0.99,0
20120,83870,22.97,0.02,-0.00,0.98,0
20160,83789,23.01,0.01,-0.01,0.99,0
20200,83755,22.95,0.02,-0.00,1.00,0
20240,83703,23.08,0.01,0.03,1.00,0
20280,83571,23.00,-0.01,0.01,1.00,0
20320,83440,23.00,-0.01,-0.00,1.00,0
20360,83418,23.02,0.01,-0.02,0.99,0
20400,83519,23.00,0.02,0.01,1.00,0
20440,83606,23.06,0.01,-0.00,0.97,0
20480,83606,23.03,0.01,0.02,1.00,0
20520,83563,22.97,-0.02,-0.01,1.02,0
20560,83545,23.01,0.01,-0.00,1.00,0
20600,83541,22.97,-0.02,0.00,0.99,0
20640,83475,22.93,-0.01,-0.00,1.02,0
20680,83321,23.04,-0.02,-0.01,1.00,0
20720,83168,22.96,0.00,0.01,1.02,0
20760,83125,22.97,-0.00,0.01,0.98,0
20800,83182,23.00,0.00,0.00,1.00,0
20840,83248,22.99,0.02,0.01,0.98,0
20880,83242,23.01,-0.01,0.01,0.96,0
20920,83231,23.05,0.01,0.01,1.00,0
20960,83257,23.00,0.01,0.01,0.99,0
21000,83303,22.97,0.02,-0.01,1.00,0
21040,83246,22.95,-0.02,-0.01,1.00,0
21080,83082,22.91,-0.02,-0.01,0.99,0
21120,82926,23.04,0.01,0.01,1.01,0
21160,82869,23.05,-0.01,-0.00,1.01,0
21200,82887,23.08,-0.01,0.01,0.99,0
21240,82904,23.02,-0.02,-0.01,1.01,0
21280,82878,22.98,0.00,-0.00,0.99,0
21320,82877,23.05,-0.01,0.00,0.97,0
21360,82948,23.00,-0.00,0.01,1.01,0
21400,83036,23.02,-0.00,-0.02,0.98,0
21440,82997,23.04,0.02,-0.00,0.99,0
21480,82852,23.02,0.01,-0.01,1.00,0
21520,82710,22.97,0.01,-0.00,1.01,0
21560,82651,22.90,0.01,-0.01,1.01,0
21600,82634,23.03,0.01,-0.01,1.03,0
21640,82583,23.05,-0.01,0.00,0.96,0
21680,82528,23.02,-0.00,-0.01,0.99,0
21720,82530,23.10,0.01,0.01,1.01,0
21760,82635,22.99,0.00,-0.00,0.99,0
21800,82732,23.10,-0.00,-0.01,0.98,0
21840,82720,23.08,0.00,0.00,0.99,0
21880,82613,22.97,-0.01,0.00,0.97,0
21920,82508,23.03,-0.00,0.01,0.97,0
21960,82454,23.08,-0.01,-0.03,0.96,0
22000,82419,23.08,-0.01,0.01,1.01,0
22040,82312,22.98,0.00,-0.01,1.03,0
22080,82201,23.03,0.01,-0.00,0.98,0
22120,82201,23.00,0.01,0.01,1.02,0
22160,82303,22.90,-0.00,-0.01,1.00,0
22200,82415,22.98,0.01,-0.01,0.99,0
22240,82416,22.97,-0.00,-0.00,1.01,0
22280,82346,22.95,0.00,-0.01,1.00,0
22320,82346,23.08,0.01,-0.00,1.01,0
22360,82346,22.97,0.00,-0.01,1.04,0
22400,82346,23.03,0.01,0.01,1.03,0
22440,82346,22.98,0.00,-0.00,1.02,0
22480,82346,23.01,-0.00,0.01,1.02,0
22520,82346,23.11,-0.00,0.02,1.00,0
22560,82346,23.00,0.01,0.02,1.02,0
22600,82077,22.99,0.00,0.01,1.01,0
22640,82094,22.94,-0.00,0.00,0.99,0
22680,82055,23.08,-0.00,-0.00,1.02,0
22720,82049,22.95,-0.01,0.02,1.00,0
22760,82076,22.97,-0.00,0.00,0.98,0
22800,82020,22.94,0.01,0.00,1.00,0
22840,81863,22.97,0.00,0.01,1.00,0
22880,81703,23.01,0.00,-0.01,1.02,0
22920,81656,22.95,-0.01,0.01,0.99,0
22960,81701,22.98,0.00,-0.01,0.99,0
23000,81758,23.03,-0.00,-0.01,0.98,0
23040,81749,23.00,0.00,0.01,1.01,0
23080,81741,23.03,-0.00,0.01,1.00,0
23120,81800,23.02,0.01,-0.01,1.03,0
23160,81855,22.97,-0.00,0.00,0.99,0
23200,81814,22.98,-0.03,-0.01,0.99,0
23240,81662,23.07,-0.00,-0.01,0.97,0
23280,81503,22.97,0.00,0.00,0.99,0
23320,81445,23.00,0.01,0.01,1.01,0
23360,81453,22.90,0.02,0.01,0.99,0
23400,81445,22.93,0.02,-0.01,1.00,0
23440,81405,23.10,0.01,0.01,0.98,0
23480,81420,23.00,-0.01,0.00,0.99,0
23520,81516,23.01,-0.01,0.00,1.00,0
23560,81602,23.06,-0.01,-0.01,1.00,0
23600,81585,23.03,-0.01,-0.01,1.02,0
23640,81453,22.97,-0.01,-0.01,0.99,0
23680,81316,23.02,-0.01,-0.01,1.02,0
23720,81266,23.03,0.01,0.00,0.98,0
23760,81243,23.06,-0.00,-0.01,1.00,0
23800,81181,23.04,0.00,-0.01,0.99,0
23840,81100,23.01,0.01,-0.00,1.01,0
23880,81104,23.01,-0.00,0.00,0.99,0
23920,81214,22.99,0.00,-0.01,1.01,0
23960,81323,22.99,-0.01,0.01,1.00,0
24000,81326,23.03,0.00,0.01,1.01,0
24040,81232,23.02,0.00,0.02,0.99,0
24080,81144,23.02,0.01,-0.01,1.03,0
24120,81110,23.02,0.01,-0.00,1.01,0
24160,81062,22.99,0.00,-0.01,1.00,0
24200,80947,23.04,0.00,0.01,1.00,0
24240,80833,23.01,-0.02,0.00,1.00,0
24280,80817,22.99,-0.01,0.00,0.97,0
24320,80921,22.96,0.00,-0.00,0.99,0
24360,80921,22.96,0.02,-0.01,1.00,0
24400,80921,22.94,-0.02,0.01,0.98,0
24440,80921,23.06,0.02,0.01,1.01,0
24480,80921,23.04,0.02,0.02,1.01,0
24520,80921,22.97,-0.01,0.00,0.99,0
24560,80921,23.02,-0.01,-0.01,1.00,0
24600,80921,23.09,0.01,-0.02,1.00,0
24640,80591,22.96,-0.01,-0.02,1.02,0
24680,80567,23.04,-0.01,-0.02,1.00,0
24720,80642,22.94,0.01,0.01,1.01,0
24760,80720,23.00,-0.01,-0.00,1.02,0
24800,80720,22.96,-0.00,-0.01,1.00,0
24840,80709,23.00,-0.01,0.00,0.99,0
24880,80735,23.10,-0.01,-0.01,1.00,0
24920,80772,23.05,0.00,0.00,0.96,0
24960,80717,22.98,-0.00,0.01,0.99,0
25000,80558,23.01,-0.00,-0.00,0.99,0
25040,80407,23.05,-0.00,-0.00,1.01,0
25080,80354,23.04,0.00,-0.00,1.00,0
25120,80399,23.07,0.01,-0.00,0.98,0
25160,80435,23.03,-0.01,-0.00,0.97,0
25200,80406,23.05,0.00,0.00,1.02,0
25240,80418,23.01,-0.01,0.00,0.99,0
25280,80487,22.92,-0.00,-0.02,0.99,0
25320,80573,23.03,0.01,0.00,0.99,0
25360,80527,22.92,0.00,0.01,1.01,0
25400,80392,23.04,-0.01,-0.01,0.98,0
25440,80247,22.94,-0.01,0.01,1.00,0
25480,80192,23.05,0.00,-0.00,0.98,0
25520,80187,22.92,-0.01,0.00,0.99,0
25560,80157,23.06,-0.00,0.01,1.01,0
25600,80104,23.06,-0.00,0.00,1.01,0
25640,80118,23.00,0.00,-0.00,1.01,0
25680,80216,23.00,-0.01,-0.00,1.00,0
25720,80321,23.03,-0.01,-0.01,1.03,0
25760,80315,23.07,0.03,0.00,0.99,0
25800,80200,22.96,0.01,-0.01,0.99,0
25840,80091,22.98,0.01,-0.01,1.00,0
25880,80048,22.95,-0.00,0.01,0.99,0
25920,80010,22.97,0.00,0.00,1.01,0
25960,79935,23.03,-0.02,-0.02,1.02,0
26000,79836,22.89,-0.00,-0.02,1.01,0
26040,79840,22.94,0.02,-0.00,1.00,0
26080,79956,23.01,0.01,-0.01,1.00,0
26120,80057,22.90,0.00,-0.00,1.02,0
26160,80067,23.04,-0.00,0.01,1.01,0
26200,80002,22.93,-0.01,-0.01,0.98,0
26240,79941,23.03,0.02,0.01,1.01,0
26280,79915,23.08,0.00,-0.00,0.98,0
26320,79853,23.04,-0.00,-0.01,1.01,0
26360,79740,23.05,-0.01,0.01,1.00,0
26400,79608,23.03,0.01,-0.01,1.01,0
26440,79592,23.02,0.01,0.01,1.01,0
26480,79682,23.12,0.00,0.00,1.00,0
26520,79783,23.04,-0.01,0.00,1.00,0
26560,79795,23.03,-0.00,0.01,1.01,0
26600,79760,23.01,-0.00,0.00,0.97,0
26640,79760,22.95,-0.00,0.02,1.01,0
26680,79775,23.06,-0.00,-0.00,1.02,0
26720,79721,22.98,-0.01,0.00,1.01,0
26760,79572,22.97,-0.01,-0.01,0.99,0
26800,79419,22.96,-0.01,0.02,0.99,0
26840,79377,22.97,0.01,-0.00,1.02,0
26880,79437,22.92,0.01,-0.01,0.99,0
26920,79503,22.97,-0.01,0.01,0.99,0
26960,79509,23.00,0.01,0.00,1.01,0
27000,79505,22.99,0.01,0.00,1.00,0
27040,79551,23.02,-0.01,-0.02,1.01,0
27080,79605,22.98,-0.01,0.01,1.02,0
27120,79566,22.95,-0.00,0.00,1.01,0
27160,79414,23.06,-0.01,0.02,1.01,0
27200,79265,23.07,0.00,0.00,1.00,0
27240,79211,23.02,0.00,0.02,1.01,0
27280,79231,22.97,-0.01,-0.01,1.02,0
27320,79250,23.14,0.01,0.00,1.01,0
27360,79217,23.02,0.01,0.01,1.02,0
27400,79235,23.04,0.00,0.01,0.98,0
27440,79321,22.98,-0.02,0.02,1.00,0
27480,79414,22.94,-0.00,-0.01,1.02,0
27520,79388,23.05,0.02,0.01,1.03,0
27560,79264,23.03,0.01,-0.00,0.99,0
27600,79128,23.04,-0.00,0.03,1.02,0
27640,79079,23.02,-0.01,0.01,0.99,0
27680,79064,22.99,-0.01,0.02,1.02,0
27720,79012,22.93,0.01,-0.01,0.98,0
27760,78947,23.06,-0.00,0.00,0.98,0
27800,78964,23.08,-0.00,-0.01,1.02,0
27840,79075,22.89,-0.01,-0.01,1.01,0
27880,79190,22.93,0.01,0.01,1.00,0
27920,79183,22.99,0.01,-0.01,0.97,0
27960,79089,23.03,-0.00,-0.00,1.00,0
28000,78999,22.96,0.01,0.01,0.98,0
28040,78967,22.89,0.01,-0.01,1.01,0
28080,78915,23.01,-0.00,0.01,0.99,0
28120,78817,22.92,0.02,-0.02,1.01,0
28160,78711,23.00,0.02,-0.00,1.01,0
28200,78717,23.04,0.01,-0.01,1.01,0
28240,78821,22.99,-0.00,0.00,0.99,0
28280,78934,22.96,0.01,0.00,0.99,0
28320,78946,23.05,-0.00,0.01,1.02,0
28360,78885,23.02,0.00,0.00,1.01,0
28400,78853,22.98,0.01,-0.01,1.02,0
28440,78845,22.98,0.01,-0.00,1.02,0
28480,78797,23.03,0.01,-0.01,0.98,0
28520,78657,23.02,-0.00,-0.01,0.99,0
28560,78521,23.09,0.00,-0.01,1.00,0
28600,78498,22.96,-0.00,-0.01,1.02,0
28640,78587,22.99,0.01,0.00,0.99,0
28680,78679,23.09,0.01,-0.00,1.00,0
28720,78683,22.97,0.00,-0.00,1.02,0
28760,78666,23.04,0.00,0.01,0.96,0
28800,78687,22.98,-0.00,-0.00,0.99,0
28840,78726,22.98,-0.01,0.01,0.99,0
28880,78676,22.96,-0.02,-0.01,0.98,0
28920,78519,23.10,-0.01,-0.02,1.02,0
28960,78380,22.96,-0.00,0.01,1.03,0
29000,78321,22.98,-0.01,0.00,1.00,0
29040,78381,22.98,0.00,-0.01,1.00,0
29080,78419,23.03,-0.00,0.01,0.95,0
29120,78413,23.11,-0.01,0.00,1.00,0
29160,78426,22.97,-0.01,0.01,1.03,0
29200,78499,23.03,0.00,0.01,1.00,0
29240,78566,22.90,0.01,0.02,0.97,0
29280,78535,23.01,-0.01,0.02,1.01,0
29320,78391,23.03,-0.00,0.01,0.99,0
29360,78253,23.03,0.01,-0.01,1.01,0
29400,78200,23.00,-0.00,-0.00,1.00,0
29440,78202,23.01,0.00,0.00,1.01,0
29480,78195,22.96,0.01,0.01,0.99,0
29520,78154,23.04,-0.02,-0.00,0.99,0
29560,78171,22.98,-0.01,-0.02,1.01,0
29600,78271,22.99,0.00,-0.00,1.00,0
29640,78388,22.97,0.00,0.00,0.99,0
29680,78368,22.91,-0.02,0.00,0.99,0
29720,78253,23.02,0.00,-0.00,1.00,0
29760,78138,22.95,0.01,-0.01,1.01,0
29800,78091,23.02,0.00,-0.01,1.00,0
29840,78067,23.05,0.01,0.00,1.01,0
29880,77993,22.99,0.01,0.01,1.00,0
29920,77921,22.97,0.01,0.01,0.99,0
29960,77929,23.04,0.01,-0.01,1.01,0
30000,78040,22.97,0.00,-0.01,0.99,0
30040,78159,23.01,-0.00,-0.00,0.99,0
30080,78174,22.93,-0.00,-0.01,0.98,0
30120,78092,22.94,-0.01,0.01,1.00,0
30160,78026,23.00,-0.01,0.01,1.03,0
30200,78003,22.95,-0.02,-0.00,1.01,0
30240,77949,22.98,0.01,0.00,1.00,0
30280,77840,23.07,-0.01,0.01,1.02,0
30320,77719,23.00,-0.01,-0.02,0.97,0
30360,77720,23.01,0.01,0.00,1.00,0
30400,77819,23.06,-0.00,0.02,1.02,0
30440,77927,23.04,0.02,-0.00,1.01,0
30480,77943,23.00,0.00,-0.01,1.01,0
30520,77904,22.97,0.01,0.01,0.99,0
30560,77894,22.98,0.02,-0.00,1.02,0
30600,77903,23.07,0.00,0.00,1.01,0
30640,77852,23.05,-0.00,-0.01,0.98,0
30680,77713,23.04,-0.00,0.01,1.01,0
30720,77565,22.98,-0.02,-0.01,1.01,0
30760,77535,23.02,-0.00,0.01,1.00,0
30800,77613,23.02,-0.02,0.00,0.99,0
30840,77683,22.99,0.00,0.00,0.98,0
30880,77688,23.04,-0.01,0.02,1.01,0
30920,77690,22.95,-0.01,0.01,1.00,0
30960,77733,23.03,-0.02,0.00,1.00,0
31000,77787,23.02,0.00,-0.00,1.00,0
31040,77745,23.02,0.01,0.01,1.00,0
31080,77594,22.95,-0.00,0.01,1.01,0
31120,77447,23.01,-0.00,-0.01,1.00,0
31160,77397,23.03,0.00,-0.00,0.99,0
31200,77437,23.08,0.00,0.00,1.02,0
31240,77455,23.15,0.01,-0.00,1.01,0
31280,77449,22.98,-0.00,0.00,1.01,0
31320,77462,23.10,-0.01,0.01,0.99,0
31360,77545,22.96,0.01,-0.01,0.99,0
31400,77633,22.97,0.02,0.01,0.98,0
31440,77619,23.05,-0.01,-0.01,1.01,0
31480,77488,23.06,0.00,-0.01,1.00,0
31520,77342,23.07,0.01,-0.00,0.98,0
31560,77303,22.97,-0.02,0.00,1.02,0
31600,77300,23.13,0.01,-0.01,1.00,0
31640,77263,22.98,-0.00,-0.02,1.00,0
31680,77212,23.08,-0.01,0.01,1.01,0
31720,77230,22.95,0.01,-0.00,1.01,0
31760,77341,22.92,-0.01,0.01,0.96,0
31800,77449,22.99,-0.00,0.00,1.00,0
31840,77454,23.01,0.01,-0.01,0.98,0
31880,77357,23.02,-0.01,-0.01,0.99,0
31920,77263,23.01,0.00,-0.01,1.00,0
31960,77219,22.99,-0.01,-0.00,1.00,0
32000,77187,22.94,-0.01,0.00,0.98,0
32040,77101,23.00,0.02,0.01,1.00,0
32280,77200,23.01,-0.01,0.01,1.02,0
32320,77156,22.99,0.02,-0.00,1.00,0
32360,77146,23.08,-0.01,0.01,1.00,0
32400,77104,22.97,-0.01,0.00,0.99,0
32440,76976,23.01,0.01,-0.00,1.02,0
32480,76844,22.99,-0.03,-0.00,0.98,0
32520,76826,23.02,-0.01,-0.00,0.98,0
32560,76924,22.91,0.00,0.01,1.01,0
32600,77017,22.94,-0.00,-0.00,0.99,0
32640,77041,22.97,0.00,-0.01,1.00,0
32680,77018,22.96,-0.03,-0.01,1.01,0
32720,77030,23.06,-0.01,-0.00,1.02,0
32760,77058,23.02,-0.00,0.01,1.01,0
32800,77017,23.01,0.00,0.00,1.00,0
32840,76866,23.00,0.02,0.00,0.99,0
32880,76723,22.98,0.00,0.01,1.00,0
32880,76723,22.98,0.00,0.01,1.00,0
32920,76690,22.97,0.01,0.01,1.01,0
32960,76748,22.98,-0.00,0.00,1.01,0
33000,76801,23.03,-0.01,-0.02,0.99,0
33040,76801,23.00,-0.01,0.01,0.99,0
33080,76815,23.07,-0.01,0.00,1.02,0
33120,76877,22.99,-0.01,0.01,1.00,0
33160,76948,22.98,-0.01,0.00,1.00,0
33200,76924,23.08,0.01,-0.00,1.01,0
33240,76772,23.04,0.01,-0.01,1.01,0
33280,76631,23.00,-0.01,0.01,0.98,0
33320,76582,22.98,0.00,0.01,1.02,0
33360,76600,23.00,-0.00,-0.00,1.00,0
33400,76609,23.00,-0.01,-0.00,1.01,0
33440,76579,22.97,-0.01,0.00,0.98,0
33480,76593,23.02,0.00,-0.00,0.99,0
33520,76698,22.98,-0.01,-0.01,0.99,0
33560,76804,23.02,0.00,0.00,1.01,0
33600,76796,23.05,0.00,0.01,1.01,0
33640,76672,23.05,-0.00,0.01,0.99,0
33680,76546,23.02,-0.00,-0.00,1.00,0
33720,76510,23.07,0.00,0.01,1.01,0
33760,76492,23.02,-0.01,-0.01,1.00,0
33800,76443,23.04,-0.01,0.00,0.99,0
33840,76371,22.95,0.01,-0.02,1.00,0
33880,76388,23.05,-0.01,-0.00,0.99,0
33920,76507,22.96,0.01,-0.00,0.99,0
33960,76625,23.04,-0.01,0.01,1.00,0
34000,76635,22.97,0.01,-0.02,0.99,0
34040,76556,22.99,-0.01,0.02,1.02,0
34080,76467,22.97,0.01,0.01,1.02,0
34120,76453,22.91,-0.00,-0.02,0.99,0
34160,76405,23.03,-0.00,-0.01,0.98,0
34200,76308,22.90,0.00,-0.02,1.02,0
34240,76199,22.88,-0.02,0.01,1.03,0
34280,76199,23.10,0.01,0.00,1.01,0
34320,76313,22.99,0.01,0.02,0.98,0
34360,76419,22.88,-0.00,-0.00,1.01,0
34400,76445,22.92,-0.00,0.01,0.98,0
34440,76402,22.97,-0.01,-0.01,1.02,0
34480,76376,22.94,0.01,-0.01,1.01,0
34520,76390,23.03,-0.01,-0.01,1.01,0
34560,76333,22.97,0.02,-0.01,1.01,0
34600,76204,23.00,0.01,0.01,1.00,0
34640,76065,23.02,-0.00,-0.00,1.00,0
34680,76047,22.98,0.01,0.01,1.00,0
34720,76137,23.05,0.00,0.02,0.99,0
34760,76217,22.94,-0.00,-0.00,0.99,0
34800,76234,23.03,-0.00,-0.00,0.99,0
34840,76224,23.09,0.01,-0.00,0.98,0
34880,76255,22.92,-0.00,0.02,1.00,0
34920,76312,23.05,0.00,0.01,1.00,0
34960,76268,22.95,0.00,-0.01,1.01,0
35000,76125,22.98,0.01,0.00,1.00,0
35040,75971,23.03,0.00,0.01,1.00,0
35080,75935,23.05,-0.00,0.02,0.99,0
35120,75983,23.03,-0.00,-0.00,1.03,0
35160,76020,22.88,0.01,-0.02,1.01,0
35200,76010,22.94,0.01,0.01,1.02,0
35240,76030,22.99,0.02,-0.01,0.98,0
35280,76110,23.10,-0.00,0.01,1.01,0
35320,76197,23.05,-0.01,-0.00,0.98,0
35360,76178,22.99,0.01,-0.02,1.00,0
35400,76046,22.98,0.00,-0.01,0.99,0
35440,75904,22.98,0.00,0.00,1.00,0
35480,75861,22.98,0.00,0.01,1.04,0
35520,75866,23.01,-0.02,-0.00,0.99,0
35560,75849,22.96,0.01,0.01,1.00,0
35600,75799,22.97,0.01,-0.00,1.00,0
35640,75821,22.91,-0.00,-0.01,0.99,0
35680,75940,23.02,0.02,-0.01,1.02,0
35720,76053,23.00,-0.02,-0.02,1.01,0
35760,76051,22.98,0.00,0.00,0.99,0
35800,75951,22.92,0.02,-0.03,0.99,0
35840,75842,22.97,-0.01,0.00,1.01,0
35880,75803,22.98,0.01,-0.02,1.00,0
35920,75788,23.05,0.01,-0.01,1.02,0
35960,75714,22.99,-0.01,0.01,1.00,0
36000,75629,22.93,0.01,-0.01,1.01,0
36040,75635,23.04,0.01,-0.01,0.99,0
36080,75759,22.97,-0.01,-0.00,1.00,0
36120,75882,22.91,-0.00,0.00,1.03,0
36160,75892,22.93,-0.02,0.01,1.03,0
36200,75830,23.07,0.01,0.01,1.00,0
36240,75782,23.05,0.00,-0.01,0.99,0
36280,75761,22.98,0.00,0.01,1.02,0
36320,75731,23.11,0.01,-0.01,0.99,0
36360,75605,22.99,-0.00,0.02,0.99,0
36400,75484,23.02,0.00,-0.01,1.01,0
36440,75477,22.98,0.00,0.00,1.02,0
36480,75592,22.95,0.00,-0.00,1.00,0
36520,75689,23.00,0.00,-0.00,0.98,0
36560,75708,22.92,0.01,-0.01,0.99,0
36600,75683,22.97,0.00,-0.02,1.01,0
37000,75507,23.02,0.02,-0.00,1.00,0
37040,75572,22.99,-0.01,0.00,0.99,0
37080,75634,23.02,0.01,-0.00,1.01,0
37120,75600,22.91,0.00,0.01,1.00,0
37160,75455,23.11,0.02,0.01,0.97,0
37200,75312,23.07,0.01,0.01,1.01,0
37240,75277,23.03,-0.01,-0.01,0.99,0
37280,75314,22.94,-0.01,-0.01,1.00,0
37320,75321,22.96,0.01,0.01,1.02,0
37360,75303,22.99,-0.00,-0.01,0.98,0
37400,75325,22.96,-0.01,-0.01,1.01,0
37440,75426,22.98,-0.01,-0.01,0.98,0
37480,75521,22.92,0.01,0.01,1.02,0
37520,75517,23.01,-0.00,0.01,1.00,0
37560,75390,22.90,-0.01,0.01,1.01,0
37600,75265,23.02,0.00,0.01,1.01,0
37640,75216,23.04,0.01,-0.01,1.02,0
37680,75217,23.00,-0.01,0.00,1.01,0
37720,75175,23.04,0.01,-0.00,1.00,0
37760,75119,22.96,0.00,0.00,1.03,0
37800,75142,23.04,-0.03,-0.00,1.01,0
37840,75267,22.97,-0.00,0.00,1.00,0
37880,75382,23.03,-0.02,-0.01,0.98,0
37920,75388,23.00,0.02,-0.00,1.01,0
37960,75308,22.94,0.00,-0.00,0.99,0
38000,75222,23.06,-0.02,0.01,1.00,0
38040,75189,23.06,-0.00,0.00,0.99,0
38080,75151,23.07,-0.02,-0.00,1.00,0
38120,75062,23.00,-0.00,-0.01,1.01,0
38160,74968,22.98,0.00,-0.00,1.00,0
38200,74970,23.06,0.00,0.00,1.05,0
38240,75090,22.99,0.01,-0.01,1.04,0
38280,75209,22.93,-0.01,-0.02,1.00,0
38320,75233,22.98,-0.01,0.01,1.00,0
38360,75189,23.05,-0.00,-0.01,1.00,0
38400,75151,22.99,-0.01,0.01,0.97,0
38440,75151,22.96,-0.02,0.01,1.00,0
38480,75111,23.03,0.00,-0.00,1.03,0
38520,74990,23.03,0.01,0.00,0.99,0
38560,74857,23.01,0.02,-0.02,1.02,0
38600,74838,22.98,-0.00,0.00,1.03,0
38640,74939,22.96,-0.01,-0.00,1.00,0
38680,75027,22.92,-0.01,0.01,0.98,0
38720,75049,23.08,0.01,-0.00,0.98,0
38760,75039,22.86,0.01,0.01,1.00,0
38800,75070,22.97,-0.02,-0.00,1.00,0
38840,75111,23.06,0.01,0.01,0.99,0
38880,75071,23.13,-0.00,-0.02,1.01,0
38920,74931,22.93,0.01,-0.02,1.00,0
38960,74783,23.02,0.00,-0.02,1.00,0
39000,74746,22.99,0.00,0.01,1.05,0
39040,74800,23.06,-0.01,0.01,1.00,0
39080,74859,22.93,0.00,0.01,0.99,0
39120,74855,22.99,-0.01,-0.00,0.99,0
39160,74868,23.00,0.01,0.01,1.00,0
39200,74949,23.00,0.01,-0.01,1.01,0
39240,75034,23.00,-0.02,0.01,1.02,0
39280,75003,23.05,-0.00,-0.00,0.99,0
39320,74868,23.02,0.00,0.01,1.01,0
39360,74730,22.91,0.01,0.03,0.98,0
39400,74687,23.00,-0.01,0.02,1.01,0
39440,74706,22.96,-0.00,-0.00,0.99,0
39480,74704,22.92,0.00,-0.01,1.00,0
39520,74675,23.05,0.00,-0.00,0.98,0
39560,74695,23.02,0.00,0.02,1.03,0
39600,74804,22.99,0.02,-0.00,1.03,0
39640,74918,23.00,-0.01,0.00,1.04,0
39680,74914,22.99,0.01,0.00,0.98,0
39720,74809,22.99,-0.00,-0.00,1.00,0
39760,74694,22.99,0.01,-0.02,0.98,0
39800,74662,23.08,0.00,-0.00,1.00,0
39840,74644,22.94,-0.01,0.01,0.99,0
39880,74581,23.02,-0.01,-0.01,0.98,0
39920,74509,22.97,0.00,-0.01,1.01,0
39960,74524,23.03,-0.01,-0.02,0.99,0
40000,74652,23.00,-0.00,0.01,0.98,0
40040,74772,23.01,0.01,0.00,1.00,0
40080,74792,23.00,0.01,-0.01,0.99,0
40120,74722,22.96,0.01,-0.01,1.00,0
40160,74663,22.96,0.01,0.02,1.00,0
40200,74647,23.03,-0.01,0.01,1.00,0
40240,74605,22.98,0.02,0.01,1.01,0
40280,74497,23.07,-0.00,-0.01,0.99,0
40320,74395,23.03,-0.01,-0.01,0.99,0
40360,74383,23.04,0.00,0.01,1.01,0
40400,74497,22.97,-0.00,0.00,0.98,0
40440,74612,22.94,0.00,-0.01,1.01,0
40480,74633,23.02,-0.00,-0.00,0.99,0
40520,74602,22.95,-0.01,-0.00,1.00,0
40560,74599,23.08,-0.01,0.01,0.99,0
40600,74609,22.98,0.01,-0.01,1.02,0
40640,74576,23.04,-0.00,0.01,1.00,0
40680,74435,23.04,0.01,-0.02,1.00,0
40720,74305,22.91,0.00,0.01,0.99,0
40760,74277,23.01,-0.00,-0.01,0.98,0
40800,74362,23.05,-0.01,0.01,1.00,0
40840,74440,22.99,0.01,-0.00,0.99,0
40880,74456,23.07,0.01,0.01,0.98,0
40920,74455,22.98,-0.00,-0.02,1.00,0
40960,74513,23.01,-0.01,-0.00,0.99,0
41000,74569,23.02,-0.00,-0.01,1.02,0
41040,74536,22.99,-0.00,0.03,1.01,0
41080,74393,22.99,-0.01,-0.00,0.99,0
41120,74251,22.93,0.01,0.01,1.01,0
41160,74217,23.01,-0.01,0.00,1.00,0
41200,74257,22.86,-0.00,0.01,1.03,0
41240,74287,22.98,-0.00,0.01,1.02,0
41280,74274,22.98,0.00,-0.00,1.00,0
41320,74301,23.00,0.00,-0.00,0.99,0
41360,74396,23.02,0.01,0.01,1.00,0
41400,74487,23.02,-0.01,-0.01,0.98,0
41440,74471,23.02,0.01,0.02,0.99,0
41480,74348,22.99,-0.00,0.02,0.99,0
41520,74221,22.99,0.02,-0.02,0.99,0
41560,74176,23.04,-0.01,-0.01,0.99,0
41600,74179,22.99,0.00,-0.00,1.02,0
41640,74157,22.99,-0.01,0.00,1.03,0
41680,74108,23.04,-0.01,0.01,1.00,0
41720,74141,23.02,0.00,-0.01,1.01,0
41760,74258,23.01,-0.01,-0.00,1.01,0
41800,74376,22.97,0.01,0.01,0.98,0
41840,74382,22.97,-0.01,0.01,1.02,0
41880,74288,22.99,0.00,-0.01,1.01,0
41920,74200,23.01,-0.01,0.01,1.00,0
41960,74171,23.02,-0.01,-0.01,1.00,0
42000,74137,23.06,0.00,0.00,1.00,0
42040,74063,23.00,0.01,0.01,0.99,0
42080,73971,23.08,0.01,-0.02,0.99,0
42120,73991,22.97,-0.00,0.01,1.02,0
42160,74110,23.00,0.00,-0.01,1.00,0
42200,74228,22.94,0.00,-0.01,1.00,0
42240,74251,22.98,0.00,0.01,1.02,0
42280,74201,23.07,-0.01,-0.00,0.99,0
42320,74157,22.96,-0.00,-0.00,1.00,0
42360,74157,23.04,-0.02,0.02,0.99,0
42400,74116,23.04,-0.01,-0.01,1.00,0
42440,73994,22.98,0.01,0.01,1.00,0
42480,73879,23.00,-0.01,0.00,1.00,0
42520,73859,23.01,-0.03,0.01,1.02,0
42560,73974,22.96,0.01,-0.00,0.97,0
42600,74072,22.99,-0.00,-0.01,1.02,0
42640,74093,23.00,-0.01,-0.01,0.99,0
42680,74075,23.03,0.01,-0.00,1.01,0
42720,74101,23.02,-0.00,-0.01,1.01,0
42760,74134,22.97,-0.01,-0.01,0.97,0
42800,74098,22.95,0.01,0.03,1.00,0
42840,73955,23.06,0.01,-0.02,0.97,0
42880,73816,22.99,-0.01,0.01,1.02,0
42920,73789,23.06,-0.01,0.00,0.96,0
42960,73854,23.05,-0.01,0.02,1.00,0
43000,73911,22.98,0.01,0.01,1.01,0
43600,73999,22.91,-0.01,0.02,0.99,0
43640,73882,23.12,-0.01,-0.00,0.99,0
43680,73771,23.02,-0.00,-0.00,1.00,0
43720,73735,22.99,0.02,0.01,1.01,0
43760,73727,23.01,-0.01,-0.01,1.03,0
43800,73666,23.06,-0.02,0.01,0.98,0
43840,73612,22.96,0.02,0.01,1.00,0
43880,73631,22.93,0.00,0.01,1.00,0
43920,73752,23.00,-0.01,0.00,1.00,0
43960,73887,22.93,-0.02,-0.00,0.99,0
44000,73897,22.94,0.01,-0.00,1.01,0
44040,73818,22.95,0.01,0.01,1.00,0
44080,73747,23.02,0.01,-0.00,1.00,0
44120,73738,22.97,-0.01,-0.00,1.00,0
44160,73700,23.03,0.00,0.01,1.01,0
44200,73604,23.05,0.01,-0.03,1.02,0
44240,73502,22.88,0.02,0.01,1.02,0
44280,73509,23.01,0.00,0.00,1.04,0
44320,73619,23.04,-0.01,0.01,1.00,0
44360,0,23.00,-0.01,-0.00,1.00,0
44400,73773,22.94,0.01,0.01,1.01,0
44440,73724,22.97,0.01,-0.00,1.00,0
44480,73714,22.88,-0.00,0.00,0.99,0
44520,73728,22.99,-0.00,-0.01,0.98,0
44560,73683,23.02,-0.01,0.00,0.98,0
44600,73565,23.03,0.00,-0.01,1.00,0
44640,73429,22.95,0.02,0.00,1.00,0
44680,73412,22.99,0.02,-0.01,1.00,0
44720,73497,23.06,0.02,0.00,0.99,0
44760,73590,22.98,-0.01,-0.00,1.02,0
44800,73613,22.96,0.02,-0.00,1.01,0
44840,73611,23.02,-0.01,-0.01,1.01,0
44880,73650,22.96,-0.00,0.02,1.00,0
44920,73713,23.03,-0.00,0.00,0.99,0
44960,73671,23.01,0.00,-0.01,1.01,0
45000,73528,23.05,-0.00,0.02,1.00,0
45040,73383,22.99,0.01,-0.01,0.95,0
45080,73351,22.99,-0.01,0.01,1.01,0
45120,73404,23.02,-0.00,-0.01,0.99,0
45160,73456,23.02,0.01,0.01,1.00,0
45200,73451,23.02,0.00,-0.01,1.00,0
45240,73467,23.01,-0.01,0.01,0.98,0
45280,73556,23.01,0.01,0.00,1.01,0
45320,73654,23.04,-0.01,-0.01,1.00,0
45360,73640,23.02,-0.01,-0.00,1.00,0
45400,73502,23.01,0.00,0.00,1.00,0
45440,73375,22.95,0.01,-0.01,1.02,0
45480,73339,23.08,0.00,-0.02,1.01,0
45520,73351,22.96,-0.02,0.01,1.02,0
45560,73333,22.94,-0.01,0.01,0.99,0
45600,73300,22.95,0.01,0.01,0.98,0
45640,73326,22.95,-0.00,0.00,1.02,0
45680,73444,23.03,0.00,-0.00,0.99,0
45720,73561,23.05,0.01,-0.01,0.99,0
45760,73566,23.14,0.00,0.02,1.00,0
45800,73463,23.04,0.01,-0.01,0.98,0
45840,73370,22.96,-0.00,-0.01,1.02,0
45880,73334,22.94,-0.01,0.01,0.99,0
45920,73310,22.98,0.01,0.00,1.01,0
45960,73246,23.00,0.01,0.01,1.01,0
46000,73170,23.07,-0.00,-0.01,0.99,0
46040,73189,23.04,0.01,-0.00,1.01,0
46080,73311,23.06,-0.01,-0.01,1.00,0
46120,73437,22.98,-0.01,-0.02,1.02,0
46160,73462,23.01,0.00,-0.00,1.01,0
46200,73404,22.99,-0.01,0.01,1.00,0
46240,73351,23.00,0.01,0.01,1.00,0
46280,73342,23.04,0.01,0.02,1.01,0
46320,73311,22.95,0.01,0.01,1.03,0
46360,73194,23.03,-0.01,-0.01,1.01,0
46400,73084,23.02,-0.01,-0.01,0.99,0
46440,73080,23.04,0.01,-0.01,1.00,0
46480,73187,23.02,-0.01,-0.00,1.00,0
46520,73296,22.92,0.00,-0.01,0.98,0
46560,73328,22.91,-0.00,0.00,1.00,0
46600,73305,22.99,0.00,0.01,1.00,0
46640,73315,23.05,-0.01,0.01,1.03,0
46680,73341,22.97,0.00,-0.01,1.01,0
46720,73314,22.99,-0.02,-0.01,1.01,0
46760,73169,22.97,-0.01,0.02,0.99,0
46800,73029,23.07,-0.00,0.00,1.02,0
46840,73008,22.97,0.00,0.01,0.98,0
46880,73087,23.03,-0.01,-0.01,1.00,0
46920,73158,22.94,0.00,-0.01,1.01,0
46960,73172,22.97,-0.00,0.01,0.99,0
47000,73180,23.00,0.01,-0.00,1.02,0
47040,73247,22.92,-0.01,-0.00,1.02,0
47080,73319,22.99,0.00,0.00,1.01,0
47120,73290,23.03,0.00,0.02,0.99,0
47160,73149,22.98,-0.01,-0.00,1.00,0
47200,73019,22.99,0.00,-0.01,0.99,0
47240,72973,22.99,-0.01,-0.00,1.00,0
47280,73015,22.90,0.01,0.00,0.98,0
47320,73028,23.00,0.00,0.01,1.00,0
47360,73020,22.99,0.01,0.00,1.01,0
47400,73044,23.06,-0.01,0.02,1.02,0
47440,73153,22.96,-0.01,-0.01,0.99,0
47480,73256,22.90,0.00,0.00,0.98,0
47520,73252,22.94,-0.02,0.01,1.02,0
47560,73132,22.99,-0.00,0.01,1.03,0
48040,72990,23.02,-0.00,0.02,1.02,0
48080,72957,23.02,-0.01,0.00,0.98,0
48120,72877,23.03,-0.00,-0.01,1.00,0
48160,72786,23.02,0.01,-0.00,0.98,0
48200,72798,23.05,0.01,0.00,1.01,0
48240,72918,23.07,0.00,0.00,1.00,0
48280,73034,22.96,-0.00,-0.00,0.97,0
48320,73062,23.04,-0.00,-0.01,1.00,0
48360,73026,23.00,-0.00,-0.01,1.01,0
48400,72994,23.09,-0.00,-0.01,0.98,0
48440,73003,23.04,-0.01,0.01,1.00,0
48480,72970,23.05,-0.01,-0.01,1.00,0
48520,72841,23.00,0.00,-0.00,0.99,0
48560,72710,23.00,0.00,0.01,0.99,0
48600,72709,22.97,0.01,0.01,1.01,0
48640,72802,22.92,0.02,0.01,1.02,0
48680,72904,22.98,-0.00,-0.01,1.00,0
48720,72904,22.97,-0.01,0.00,1.02,0
48760,72904,22.97,0.01,0.02,1.01,0
48800,72904,23.03,-0.01,0.00,1.01,0
48840,72904,23.03,0.00,0.01,1.01,0
48880,72904,22.98,0.01,-0.01,1.00,0
48920,72904,22.96,-0.00,-0.01,1.00,0
48960,72687,23.06,-0.01,0.01,1.00,0
49000,72654,23.06,-0.00,0.01,1.00,0
49040,72718,22.91,0.00,0.01,1.01,0
49080,72774,22.99,-0.00,-0.01,1.01,0
49120,72781,23.00,0.01,-0.00,0.98,0
49160,72795,23.03,0.01,0.01,0.98,0
49200,72882,22.99,-0.01,0.01,1.00,0
49240,72967,23.05,0.01,-0.02,0.98,0
49640,72905,23.01,-0.00,-0.02,0.99,0
49680,72908,22.92,-0.01,0.00,1.00,0
49720,72802,22.89,-0.00,0.00,1.01,0
49760,72702,22.96,0.01,-0.00,1.01,0
49800,72659,23.05,-0.01,0.01,0.98,0
49840,72647,22.99,-0.00,0.01,1.00,0
49880,72593,23.01,-0.00,-0.01,0.99,0
49920,72528,23.01,0.00,0.00,0.98,0
49960,72540,22.94,-0.01,0.00,1.00,0
50000,72677,22.88,-0.01,0.01,1.00,0
50040,72798,23.00,-0.01,-0.01,1.01,0
50080,72821,23.04,0.02,-0.01,1.03,0
50120,72752,23.07,0.01,0.02,0.97,0
50160,72695,23.01,0.01,0.03,0.99,0
50200,72682,22.91,0.01,0.01,1.02,0
50240,72653,22.92,-0.00,0.02,0.99,0
50280,72545,22.93,0.00,0.01,0.98,0
50320,72435,22.88,0.00,0.01,0.99,0
50360,72447,23.10,0.00,0.01,0.97,0
50400,72560,23.02,-0.02,-0.01,0.99,0
50440,72680,22.98,0.01,0.01,0.98,0
50480,72708,22.99,-0.01,0.00,1.01,0
50520,72682,22.94,-0.00,0.01,1.00,0
50560,72681,22.92,0.01,-0.00,1.02,0
50600,72694,23.02,-0.00,0.01,1.00,0
50640,72664,22.97,0.00,-0.00,0.99,0
50680,72531,22.99,-0.00,-0.01,1.02,0
50720,72400,23.02,0.02,-0.01,1.00,0
50760,72375,22.98,-0.02,-0.01,1.02,0
50800,72470,22.96,0.01,-0.01,0.98,0
50840,72549,23.03,0.01,0.01,0.96,0
50880,72565,23.03,-0.01,0.00,1.01,0
50920,72576,23.01,0.00,-0.03,0.98,0
50960,72629,23.01,-0.00,-0.01,0.99,0
51000,72695,22.96,-0.01,-0.00,1.00,0
51040,72665,22.98,-0.00,0.01,1.01,0
51080,72524,23.00,-0.02,0.01,1.00,0
51120,72381,22.99,-0.01,0.00,1.01,0
51160,72353,22.96,-0.01,-0.00,0.99,0
51200,72401,22.98,0.01,0.00,1.01,0
51240,72437,22.96,-0.01,-0.00,1.01,0
51280,72427,22.94,-0.01,-0.00,0.99,0
51320,72454,23.01,0.00,-0.01,1.01,0
51360,72550,23.01,-0.00,-0.00,0.99,0
51400,72654,22.88,-0.00,-0.01,1.04,0
51440,72654,22.98,-0.00,0.00,0.99,0
51480,72520,23.03,0.00,0.00,0.99,0
51520,72394,23.04,-0.00,0.00,0.99,0
51560,72354,22.98,-0.02,0.01,1.01,0
51600,72366,23.06,-0.00,0.01,1.02,0
51640,72347,23.05,-0.01,-0.01,1.00,0
51680,72300,22.96,0.00,-0.01,1.01,0
51720,72332,23.05,0.00,0.01,1.00,0
51760,72449,22.92,0.01,0.01,1.01,0
51800,72582,22.95,0.00,0.01,1.01,0
51840,72588,23.00,0.01,-0.01,0.97,0
51880,72498,23.10,0.02,0.00,1.01,0
51920,72413,23.01,-0.00,-0.01,1.01,0
51960,72383,23.04,-0.01,-0.01,0.99,0
52000,72366,23.00,-0.02,-0.01,1.00,0
52040,72287,23.01,0.01,-0.02,1.00,0
52080,72202,23.06,-0.01,-0.01,1.01,0
52120,72215,23.11,0.01,0.00,0.99,0
52160,72344,23.01,0.00,-0.02,1.00,0
52200,72471,23.07,-0.00,0.00,0.98,0
52240,72497,23.07,0.01,-0.00,1.00,0
52280,72449,22.94,-0.03,0.01,1.02,0
52320,72411,23.01,-0.01,-0.00,1.00,0
52360,72412,23.11,0.00,-0.00,1.00,0
52400,72379,22.95,-0.01,0.00,0.99,0
52440,72261,23.00,-0.01,-0.01,0.99,0
52480,72143,23.02,0.01,-0.02,0.99,0
52520,72136,23.04,0.01,0.01,0.99,0
52560,72243,23.04,0.00,0.01,1.01,0
52600,72348,22.95,0.01,0.01,0.99,0
52640,72386,22.99,-0.01,-0.02,0.98,0
52680,72361,22.95,0.02,0.00,1.00,0
52720,72388,23.05,0.00,0.00,1.00,0
52760,72428,23.04,0.00,-0.02,0.98,0
52800,72398,23.04,-0.00,-0.00,0.98,0
52840,72255,22.99,-0.01,0.01,0.97,0
52880,72122,23.01,-0.00,-0.01,0.96,0
52920,72101,23.02,-0.00,0.00,1.00,0
52960,72163,22.97,0.02,0.01,0.98,0
53000,72234,23.08,0.01,0.00,0.98,0
53040,72246,22.96,-0.01,0.01,1.02,0
53080,72264,23.09,0.02,0.00,1.01,0
53120,72331,23.02,-0.01,0.02,1.00,0
53160,72418,22.99,0.01,0.01,1.04,0
53200,72396,23.05,-0.00,-0.01,1.00,0
53240,72262,22.98,0.02,-0.01,1.00,0
53280,72122,23.03,0.02,0.01,1.02,0
53320,72092,23.09,0.00,-0.01,1.00,0
53360,72117,23.03,0.01,-0.00,1.02,0
53400,72135,23.00,0.01,-0.00,1.00,0
53440,72118,23.05,0.00,0.00,1.00,0
53480,72139,22.93,0.01,-0.00,1.01,0
53520,72260,23.01,-0.00,-0.00,0.99,0
53560,72369,23.06,0.02,-0.00,0.99,0
53600,72368,22.98,0.00,0.01,0.98,0
53640,72257,22.98,0.01,-0.00,1.00,0
53680,72149,23.11,-0.01,0.01,1.02,0
53720,72116,22.95,-0.00,-0.01,1.01,0
53760,72105,23.04,-0.00,0.00,0.97,0
53800,72067,23.10,0.01,0.02,1.00,0
53840,71997,22.99,0.00,0.01,1.01,0
53880,72019,23.15,-0.00,-0.00,0.99,0
53920,72158,23.01,-0.02,-0.02,1.00,0
53960,72285,23.01,0.00,-0.01,0.97,0
54000,72301,22.98,-0.01,-0.01,0.99,0
54040,72229,22.98,0.00,0.01,1.00,0
54080,72159,22.89,0.00,0.01,0.98,0
54120,72147,23.03,0.01,0.01,1.02,0
54160,72117,23.02,0.01,0.00,1.02,0
54200,72016,23.03,0.00,-0.01,1.01,0
54240,71922,22.94,-0.01,0.02,0.99,0
54280,71932,23.05,0.01,-0.01,1.00,0
54320,72049,23.05,0.01,0.01,0.99,0
54360,72177,22.96,-0.01,0.01,1.01,0
54400,72204,23.07,-0.01,0.01,1.01,0
54440,72173,22.94,0.01,0.00,1.00,0
54480,72154,23.01,0.00,-0.02,0.99,0
54520,72180,22.88,-0.00,-0.01,0.99,0
54560,72136,23.09,0.01,0.01,0.99,0
54600,72017,23.02,0.00,0.00,0.99,0
54640,71888,22.96,0.02,-0.00,1.01,0
54680,71873,23.03,-0.00,0.01,1.00,0
54720,71959,22.93,0.01,0.01,1.01,0
54760,72057,23.05,-0.00,0.00,1.01,0
54800,72083,22.99,-0.01,-0.00,1.01,0
54840,72090,22.94,0.00,0.03,0.99,0
54880,72124,22.96,-0.01,-0.01,1.00,0
54920,72187,23.03,0.01,-0.01,1.02,0
54960,72162,22.96,-0.01,-0.02,1.01,0
55000,72016,22.92,0.02,0.01,1.02,0
55040,71877,23.02,0.00,-0.00,1.00,0
55080,71846,22.97,0.00,0.02,1.00,0
55120,71902,22.99,0.01,0.00,1.04,0
55160,71947,23.02,0.00,-0.00,1.03,0
55200,71955,22.96,-0.01,-0.00,0.98,0
55240,71979,22.95,-0.01,-0.01,0.96,0
55280,72064,22.91,0.01,-0.01,1.00,0
55320,72159,23.01,-0.00,-0.01,1.00,0
55360,72151,23.06,0.01,-0.02,0.99,0
55400,72025,23.00,-0.02,-0.02,1.02,0
55440,71893,23.01,0.03,-0.00,1.02,0
55480,71861,22.97,0.00,0.01,1.01,0
55520,71876,23.03,0.00,-0.01,0.98,0
55560,71868,22.94,0.02,-0.01,0.97,0
55600,71836,23.02,-0.01,0.00,1.02,0
55640,71857,22.95,0.01,0.03,0.99,0
55680,71982,22.98,0.00,-0.01,1.02,0
55720,72111,23.04,0.00,0.00,0.99,0
55760,72111,23.00,0.00,0.01,0.99,0
55800,72013,23.07,0.00,0.00,1.01,0
55840,71926,22.93,0.03,-0.00,0.97,0
55880,71894,22.94,-0.01,0.01,0.98,0
55920,71872,22.99,0.01,0.01,1.00,0
55960,71811,23.05,0.02,-0.00,0.99,0
56000,71738,22.92,-0.00,0.00,0.99,0
56040,71762,22.92,0.00,-0.02,1.00,0
56080,71884,22.99,0.00,-0.01,1.00,0
56120,72012,23.01,0.00,-0.01,0.99,0
56160,72045,23.14,-0.00,0.00,1.01,0
56200,71980,23.00,-0.02,-0.01,0.99,0
56240,71946,23.08,0.00,0.00,0.99,0
56280,71932,23.07,-0.00,0.01,0.99,0
56320,71899,22.99,-0.00,0.01,0.99,0
56360,71786,23.08,0.00,-0.02,1.00,0
56400,71681,23.01,0.01,-0.01,0.98,0
56440,71677,22.90,-0.00,0.01,0.99,0
56480,71795,23.09,0.01,-0.01,0.97,0
56520,71909,22.99,-0.00,0.01,0.99,0
56560,71933,23.00,0.01,-0.01,0.97,0
56600,71913,23.06,0.01,-0.01,0.99,0
56640,71923,23.03,-0.00,0.01,1.02,0
56680,71965,23.07,0.00,-0.01,1.03,0
56720,71928,23.00,-0.00,-0.02,1.02,0
56760,71791,23.01,0.01,-0.00,1.01,0
56800,71662,23.00,-0.01,-0.00,0.98,0
56840,71637,22.91,0.01,-0.02,1.00,0
56880,71721,23.00,-0.00,0.01,1.00,0
56920,71799,23.00,-0.01,-0.01,1.02,0
56960,71816,23.01,-0.01,0.02,0.98,0
57000,71832,22.96,0.02,0.02,1.00,0
57040,71897,23.03,0.00,-0.00,1.01,0
57080,71974,23.10,-0.01,0.01,1.00,0
57120,71946,23.10,-0.01,-0.01,0.98,0
57160,71809,23.02,-0.02,-0.00,1.00,0
57200,71670,23.04,0.01,0.00,1.01,0
57240,71640,22.91,0.01,-0.01,1.02,0
57280,71675,22.99,-0.01,0.01,0.99,0
57320,71701,22.86,0.01,-0.00,0.99,0
57360,71691,23.00,0.00,-0.01,0.98,0
57400,71716,22.93,0.01,-0.01,0.99,0
57440,71825,23.04,0.01,0.01,1.02,0
57480,71935,23.00,0.01,0.00,1.00,0
57520,71930,22.95,0.01,0.00,0.99,0
57560,71812,22.95,-0.01,0.02,1.01,0
57600,71698,23.01,0.00,-0.01,1.01,0
57640,71667,23.04,-0.01,0.01,0.99,0
57680,71665,22.98,0.03,0.00,1.01,0
57720,71632,22.95,0.00,-0.00,1.00,0
57760,71583,23.03,-0.01,0.00,1.01,0
57800,71612,22.95,0.02,0.00,1.01,0
57840,71735,23.08,0.02,-0.01,0.99,0
57880,71867,23.02,-0.01,0.01,0.99,0
57920,71881,23.03,-0.01,0.01,1.01,0
57960,71800,23.07,-0.01,0.01,0.99,0
58000,71723,22.97,-0.02,-0.02,1.02,0
58040,71704,22.95,0.00,-0.00,0.99,0
58080,71682,22.91,0.00,-0.00,0.97,0
58120,71603,22.95,0.00,-0.00,0.99,0
58160,71509,23.02,0.02,-0.00,1.00,0
58200,71522,23.00,0.00,-0.01,0.98,0
58240,71642,22.98,-0.01,-0.02,0.98,0
58280,71766,23.01,-0.00,0.01,1.00,0
58320,71798,22.94,-0.00,0.02,1.00,0
58360,71757,22.99,0.01,0.00,0.99,0
58400,71735,22.97,-0.04,0.00,1.00,0
58440,71739,22.94,-0.00,0.02,0.99,0
58480,71711,22.97,-0.00,0.00,0.98,0
58520,71589,22.99,0.01,-0.00,1.00,0
58560,71466,22.96,0.00,-0.00,1.00,0
58600,71460,22.98,0.01,0.01,0.96,0
58640,71559,22.96,0.01,0.01,0.99,0
58680,71670,22.99,-0.01,-0.00,0.99,0
58720,71686,22.88,0.02,-0.01,1.01,0
58760,71687,23.00,0.02,0.00,0.99,0
58800,71725,22.99,0.02,-0.00,1.03,0
58840,71770,22.96,0.00,0.01,0.99,0
58880,71736,22.98,0.01,0.01,0.97,0
58920,71602,23.00,-0.00,0.00,1.02,0
58960,71467,23.02,0.00,-0.01,0.97,0
59000,71436,22.95,-0.00,-0.00,1.03,0
59040,71509,23.01,0.02,-0.00,1.02,0
59080,71558,23.02,0.01,0.00,1.04,0
59120,71568,23.02,0.00,0.01,0.98,0
59160,71590,22.98,-0.01,-0.01,1.00,0
59200,71677,23.00,-0.00,0.00,1.00,0
59240,71766,22.95,-0.01,-0.00,1.02,0
59280,71753,23.10,-0.01,-0.00,1.02,0
59320,71615,22.87,0.02,0.01,0.97,0
59360,71491,22.97,-0.01,0.00,1.00,0
59400,71453,22.97,-0.00,-0.00,0.99,0
59440,71483,22.99,-0.00,0.02,1.00,0
59480,71484,22.96,0.01,-0.02,1.00,0
59520,71460,22.96,0.01,0.01,1.01,0
59560,71487,22.97,-0.00,-0.00,1.00,0
59600,71609,22.95,0.00,-0.01,1.01,0
59640,71723,22.90,0.01,0.00,1.01,0
59680,71729,22.98,0.01,0.01,1.01,0
59720,71621,22.94,-0.03,0.01,1.01,0
59760,71523,22.99,-0.00,-0.01,1.01,0
59800,71496,23.03,0.01,-0.00,1.00,0
59840,71482,22.95,0.02,-0.00,1.01,0
59880,71431,22.98,-0.01,-0.03,1.02,0
59920,71364,23.00,0.00,-0.02,1.02,0
59960,71387,22.93,-0.02,-0.01,0.99,0
60000,71521,22.96,-0.01,0.02,1.01,0
60040,71648,22.87,0.01,-0.01,1.01,0
60080,71676,22.94,-0.00,-0.01,1.02,0
60120,71614,23.01,-0.01,-0.02,1.00,0
60160,71554,23.01,-0.00,-0.00,0.98,0
60200,71544,22.97,0.00,-0.00,1.00,0
60240,71515,22.92,-0.00,0.00,0.98,0
60280,71411,22.95,-0.02,0.01,1.00,0
60320,71305,23.04,0.01,0.01,0.97,0
60360,71307,22.94,-0.00,-0.01,1.02,0
60400,71433,23.03,-0.00,0.02,0.96,0
60440,71551,22.94,-0.00,0.01,0.99,0
60480,71588,23.03,0.00,0.00,0.99,0
60520,71556,22.91,0.01,-0.01,0.99,0
60560,71556,22.91,0.01,-0.01,1.00,0
60600,71585,23.01,-0.01,0.01,1.02,0
60640,71543,22.92,0.00,-0.01,0.97,0
60680,71424,22.99,-0.03,0.01,1.00,0
60720,71291,22.96,0.01,-0.01,0.98,0
60760,71272,22.97,-0.01,-0.00,1.02,0
60800,71360,22.96,-0.01,0.01,1.02,0
60840,71449,22.98,-0.02,-0.01,1.00,0
60880,71475,23.11,-0.00,-0.01,1.03,0
60920,71477,23.04,0.00,0.00,0.99,0
60960,71536,22.95,-0.00,-0.00,1.00,0
61000,71598,22.99,0.01,0.00,1.00,0
61040,71579,22.98,-0.00,-0.01,0.99,0
61080,71435,22.93,0.00,-0.00,1.00,0
61120,71291,23.01,0.01,-0.01,1.00,0
61160,71263,23.09,0.02,0.01,0.99,0
61200,71316,23.01,-0.01,-0.00,1.03,0
61240,71364,22.94,0.00,-0.01,0.98,0
61280,71349,23.06,-0.01,0.01,1.01,0
61320,71381,23.08,0.00,0.02,1.01,0
61360,71483,22.98,0.01,-0.00,0.99,0
61400,71583,23.07,-0.01,0.02,1.00,0
61440,71577,23.03,0.00,0.01,1.01,0
61480,71454,22.98,0.01,0.00,1.00,0
61520,71328,22.92,-0.00,0.01,0.99,0
61560,71290,23.04,0.01,0.01,1.00,0
61600,71308,22.96,0.00,-0.01,1.03,0
61640,71284,22.96,-0.00,-0.01,1.02,0
61680,71244,23.01,-0.01,-0.01,1.00,0
61720,71276,23.06,-0.00,0.00,1.00,0
61760,71410,22.97,0.00,0.01,1.02,0
61800,71531,23.01,0.00,-0.00,1.00,0
61840,71541,22.98,0.01,0.00,1.00,0
61880,71448,22.96,0.00,-0.01,1.00,0
61920,71370,23.05,-0.00,0.01,0.99,0
61960,71347,23.07,-0.01,0.00,1.00,0
62000,71326,22.97,-0.01,-0.00,1.00,0
62040,71251,23.02,-0.02,-0.00,1.01,0
62080,71169,23.07,0.00,-0.00,0.99,0
62120,71190,22.98,0.01,0.00,1.01,0
62160,71319,23.02,-0.01,-0.00,1.02,0
62200,71445,23.00,-0.00,0.01,0.99,0
62240,71480,22.93,0.01,-0.00,1.03,0
62280,71429,22.96,0.02,0.01,1.00,0
62320,71396,23.00,-0.02,-0.01,0.99,0
62360,71397,23.02,0.02,-0.00,1.01,0
62400,71361,22.98,-0.01,0.00,1.00,0
62440,71249,23.01,0.01,-0.00,1.01,0
62480,71135,23.03,-0.01,-0.00,1.00,0
62520,71132,22.90,-0.02,-0.00,0.99,0
62560,71244,23.01,0.00,-0.01,0.99,0
62600,71347,23.02,-0.00,0.01,0.99,0
62640,71374,22.98,-0.01,-0.01,1.01,0
62680,71363,23.06,-0.01,0.01,0.97,0
62720,71392,22.87,-0.01,-0.01,0.99,0
62760,71441,23.05,0.00,0.01,1.00,0
62800,71401,23.03,-0.01,-0.01,0.97,0
62840,71265,22.87,-0.01,0.01,0.99,0
62880,71134,22.99,0.01,0.00,0.99,0
62920,71104,23.00,-0.02,-0.00,1.00,0
62960,71184,22.87,0.00,-0.01,1.00,0
63000,71258,23.09,0.00,-0.02,1.03,0
63040,71269,22.97,0.00,0.01,1.00,0
63080,71278,23.07,-0.01,0.01,1.00,0
63120,71359,22.91,0.01,0.02,0.98,0
63160,71446,23.00,0.00,0.01,1.01,0
63200,71428,23.09,-0.02,-0.01,1.02,0
63240,71292,23.03,0.01,0.01,1.01,0
63280,71152,23.06,-0.01,0.00,1.01,0
63320,71124,22.91,0.01,-0.00,1.00,0
63360,71152,22.90,0.00,-0.02,0.98,0
63400,71173,22.95,0.01,-0.01,1.02,0
63440,71147,22.95,0.00,0.00,1.02,0
63480,71184,23.02,0.02,-0.00,1.00,0
63520,71294,22.91,-0.01,-0.00,1.00,0
63560,71415,22.99,0.00,-0.02,1.01,0
63600,71416,23.03,0.00,-0.03,1.01,0
63640,71310,22.97,-0.01,0.01,1.01,0
63680,71197,23.03,-0.01,-0.01,1.01,0
63720,71164,23.01,0.01,0.01,1.01,0
63760,71165,22.90,-0.00,0.02,1.00,0
63800,71123,23.03,0.01,0.00,0.98,0
63840,71059,23.02,0.02,0.01,1.00,0
63880,71084,22.99,0.01,0.00,1.00,0
63920,71218,23.00,-0.02,-0.01,1.02,0
63960,71351,22.95,-0.00,-0.00,0.98,0
64000,71374,22.99,0.00,0.00,1.03,0
64040,71300,23.04,0.01,-0.01,1.00,0
64080,71233,22.91,0.01,0.00,1.02,0
64120,71217,23.04,-0.01,0.00,0.98,0
64160,71197,23.06,-0.02,-0.00,1.01,0
64200,71102,22.97,-0.01,-0.01,0.99,0
64240,70997,23.03,-0.00,0.00,1.01,0
64280,71014,22.90,0.01,0.02,0.98,0
64320,71144,22.95,-0.01,-0.01,1.03,0
64360,71263,23.04,-0.01,0.01,1.00,0
64400,71296,23.04,0.01,-0.02,0.99,0
64440,71266,22.96,0.01,-0.02,1.00,0
64480,71261,22.98,-0.00,-0.01,1.02,0
64520,71282,23.04,0.03,-0.01,0.98,0
64560,71252,23.05,0.00,0.01,0.98,0
64600,71127,22.92,-0.01,-0.01,1.01,0
64640,71010,22.98,0.01,0.00,0.99,0
64680,71000,23.00,0.01,0.00,1.01,0
64720,71093,22.93,-0.02,-0.02,1.00,0
64760,71188,23.04,-0.02,-0.00,1.03,0
64800,71221,22.91,-0.00,-0.01,1.03,0
64840,71226,23.07,-0.00,0.02,1.00,0
64880,71281,23.06,-0.00,0.01,1.00,0
64920,71336,23.00,-0.01,0.00,0.98,0
64960,71314,22.95,-0.01,-0.01,1.00,0
65000,71176,22.96,0.01,-0.01,1.01,0
65040,71049,23.04,-0.01,-0.01,1.03,0
65080,71021,23.01,-0.02,0.00,1.02,0
65120,71077,23.03,-0.01,-0.00,0.98,0
65160,71133,23.01,-0.01,0.00,0.97,0
65200,71141,22.95,0.01,-0.01,1.02,0
65240,71163,23.00,0.00,0.00,0.99,0
65280,71266,22.99,-0.00,-0.01,0.98,0
65320,71363,22.95,0.00,-0.01,1.02,0
65360,71352,23.02,0.02,0.01,1.00,0
65400,71233,22.96,-0.01,-0.01,1.00,0
65440,71110,22.95,-0.01,0.01,1.00,0
65480,71081,23.04,0.00,0.01,0.99,0
65520,71098,22.98,0.00,0.01,0.99,0
65560,71094,22.97,-0.00,0.02,1.01,0
65600,71062,22.94,-0.01,0.00,0.99,0
65640,71097,23.05,0.01,-0.01,0.99,0
65680,71222,22.93,-0.00,0.01,1.01,0
65720,71341,22.95,-0.01,-0.01,1.02,0
65760,71364,23.09,-0.01,0.00,0.99,0
65800,71270,22.86,-0.00,0.01,1.00,0
65840,71181,22.95,-0.00,-0.00,0.99,0
65880,71147,23.05,-0.01,-0.02,0.99,0
65920,71138,23.03,-0.00,-0.01,1.00,0
65960,71085,22.99,0.01,0.00,1.01,0
66000,71013,23.01,0.01,0.01,1.01,0
66040,71039,22.90,-0.01,0.02,1.02,0
66080,71170,22.97,-0.00,-0.01,0.98,0
66120,71301,23.06,-0.01,-0.01,1.00,0
66160,71326,23.02,-0.00,-0.00,0.98,0
66200,71286,22.93,-0.00,-0.00,1.01,0
66240,71245,22.99,-0.01,0.00,1.02,0
66280,71240,22.99,0.01,-0.00,1.00,0
66320,71213,22.94,0.00,-0.01,1.02,0
66360,71109,22.95,-0.00,0.00,1.00,0
66400,70990,22.94,-0.00,0.00,1.00,0
66440,71004,22.89,0.00,0.00,1.00,0
66480,71118,23.00,0.02,-0.00,1.00,0
66520,71242,23.03,-0.00,-0.00,1.01,0
66560,71269,23.01,0.00,-0.01,0.99,0
66600,71257,22.97,0.03,0.01,1.01,0
66640,71276,23.02,-0.01,-0.01,1.02,0
66680,71311,22.92,-0.01,-0.00,1.00,0
66720,71282,23.07,-0.00,-0.00,1.02,0
66760,71147,23.04,0.00,-0.01,0.98,0
66800,71014,22.99,0.00,0.00,1.00,0
66840,71001,23.03,-0.00,-0.01,1.00,0
66880,71089,23.03,0.00,-0.01,0.99,0
66920,71162,23.05,-0.01,0.02,0.98,0
66960,71185,22.95,-0.01,-0.01,1.00,0
67000,71202,22.90,0.00,0.02,0.99,0
67040,71278,22.92,0.01,0.00,1.02,0
67080,71353,22.98,0.00,-0.00,1.01,0
67120,71333,23.05,0.01,-0.01,1.00,0
67160,71200,22.94,-0.00,0.01,0.99,0
67200,71073,23.01,-0.01,0.02,1.00,0
67240,71043,22.96,0.01,-0.01,1.02,0
67280,71078,23.00,-0.01,0.00,1.00,0
67320,71109,22.93,0.01,0.02,0.98,0
67360,71102,23.00,0.01,0.02,0.99,0
67400,71141,22.93,-0.00,0.01,1.00,0
67440,71253,23.04,0.01,0.01,0.98,0
67480,71361,23.03,-0.02,0.01,0.98,0
67520,71361,22.97,-0.01,-0.01,0.99,0
67560,71244,23.03,-0.00,0.01,1.00,0
67600,71141,23.09,-0.01,0.01,1.00,0
67640,71110,23.06,0.01,0.00,1.00,0
67680,71109,22.91,-0.00,-0.00,0.98,0
67720,71083,23.11,0.00,-0.01,0.98,0
67760,71040,23.04,-0.01,-0.01,0.98,0
67800,71067,23.08,0.00,0.01,1.00,0
67840,71200,23.00,0.01,-0.00,0.98,0
67880,71331,22.95,0.00,0.01,0.98,0
67920,71359,23.02,-0.02,-0.01,0.98,0
67960,71283,23.05,0.02,-0.01,0.97,0
68000,71200,23.02,-0.03,-0.01,0.98,0
68040,71189,22.98,0.01,-0.01,0.99,0
68080,71164,22.97,-0.00,0.00,1.01,0
68120,71082,23.00,0.01,-0.00,0.99,0
68160,71001,22.96,0.00,-0.00,1.00,0
68200,71014,23.02,-0.01,-0.00,1.01,0
68240,71151,22.98,0.00,0.02,1.01,0
68280,71279,22.95,0.01,-0.01,1.02,0
68320,71316,22.93,0.00,-0.01,0.99,0
68360,71280,23.06,-0.01,0.01,1.00,0
68400,71259,23.07,0.01,-0.00,0.99,0
68440,71272,23.00,0.01,-0.02,0.97,0
68480,71240,22.96,-0.01,0.00,1.00,0
68520,71119,23.03,-0.02,-0.01,0.99,0
68560,70994,23.07,-0.01,0.01,1.00,0
68600,70999,22.99,0.01,0.02,1.00,0
68640,71101,23.03,-0.01,-0.00,0.99,0
68680,71213,23.00,-0.00,-0.00,0.99,0
68720,71240,23.05,-0.01,-0.01,0.99,0
68760,71245,23.02,-0.01,-0.01,0.99,0
68800,71278,23.05,-0.02,-0.00,0.98,0
68840,71328,23.10,0.01,-0.02,1.00,0
68880,71306,23.03,0.03,0.01,1.00,0
68920,71172,22.92,0.01,0.00,0.98,0
68960,71033,22.98,0.00,-0.01,1.02,0
69000,71007,23.02,-0.00,-0.01,1.01,0
69040,71080,22.99,0.02,0.00,1.00,0
69080,71141,22.95,0.01,-0.00,0.98,0
69120,71160,22.95,0.00,-0.01,0.98,0
69160,71174,23.04,0.01,0.00,1.01,0
69200,71265,23.02,-0.02,0.00,0.99,0
69240,71359,22.96,0.00,-0.01,0.99,0
69280,71359,23.04,-0.02,-0.01,0.99,0
69320,71218,22.94,-0.00,-0.01,0.98,0
69360,71088,23.01,0.02,0.00,1.01,0
69400,71058,22.94,-0.00,-0.01,1.00,0
69440,71093,23.02,-0.00,0.02,1.01,0
69480,71101,23.02,-0.00,-0.00,0.98,0
69520,71083,22.97,-0.00,0.01,0.98,0
69560,71110,23.03,-0.00,0.01,1.00,0
69600,71230,22.94,-0.00,-0.00,1.01,0
69640,71351,23.03,-0.02,-0.00,0.99,0
69680,71357,23.06,-0.01,-0.01,1.00,0
69720,71257,22.96,0.00,-0.01,0.98,0
69760,71162,23.02,-0.01,-0.01,0.99,0
69800,71136,22.96,0.01,0.00,1.00,0
69840,71130,23.01,-0.01,-0.01,1.00,0
69880,71085,22.98,-0.00,-0.01,1.03,0
69920,71019,23.05,-0.02,-0.01,0.99,0
69960,71047,23.02,-0.00,-0.01,0.99,0
70000,71180,23.05,-0.02,-0.01,0.98,0
70040,71314,22.96,-0.00,-0.00,1.00,0
70080,71341,22.99,0.01,0.00,1.00,0
70120,71288,22.94,0.01,0.01,0.98,0
70160,71236,22.99,-0.01,-0.02,1.02,0
70200,71226,22.96,0.00,0.00,0.99,0
70240,71193,23.00,0.00,-0.00,1.00,0
70280,71095,23.01,-0.00,-0.00,1.01,0
70320,71001,23.00,0.01,0.01,0.99,0
70360,71002,22.85,-0.01,-0.00,1.00,0
70400,71253,22.96,0.01,0.00,1.00,0
70440,71362,23.00,0.00,-0.01,1.01,0
70480,71473,22.91,-0.00,-0.01,1.00,0
70520,71583,22.99,0.01,0.01,0.99,0
70560,71690,23.07,0.00,0.01,1.01,0
70600,71799,22.96,0.02,0.02,0.99,0
70640,71897,22.92,-0.01,0.00,1.03,0
70680,72006,23.00,0.00,0.01,0.99,0
70720,72116,23.01,0.01,0.02,1.00,0
70760,72223,23.05,0.02,-0.01,0.98,0
70800,72329,23.05,-0.00,0.01,0.97,0
70840,72437,22.94,0.00,0.01,1.00,0
70880,72539,23.10,-0.00,-0.00,1.02,0
70920,72640,23.07,-0.00,-0.00,0.96,0
70960,72748,23.01,-0.02,-0.00,1.00,0
71000,72852,23.05,-0.01,0.01,0.98,0
71040,72952,22.98,0.01,0.01,1.02,0
71080,73046,22.98,0.00,-0.01,1.02,0
71120,73154,22.97,-0.02,0.02,1.01,0
71160,73264,22.91,-0.01,0.01,1.01,0
71200,73357,23.08,-0.01,0.01,1.01,0
71240,73456,23.02,-0.00,0.02,1.00,0
71280,73565,23.00,0.02,0.00,0.99,0
71320,73660,22.99,0.02,0.00,0.98,0
71360,73766,23.04,-0.01,-0.00,0.98,0
71400,73864,23.00,-0.01,0.02,1.00,0
71440,73966,23.08,-0.01,0.00,0.98,0
71480,74065,23.00,0.01,0.01,1.01,0
71520,74165,22.99,-0.01,-0.00,1.00,0
71560,74260,22.99,0.00,-0.01,1.00,0
71600,74358,22.94,0.02,-0.00,1.00,0
71640,74453,23.01,0.01,0.01,0.97,0
71680,74553,23.00,0.01,0.01,0.99,0
71720,74646,22.96,0.01,-0.01,1.01,0
71760,74744,23.03,0.01,0.00,1.01,0
71800,74841,22.99,0.02,-0.01,1.00,0
71840,74942,23.03,-0.01,-0.01,1.01,0
71880,75038,22.96,0.00,0.00,1.01,0
71920,75131,23.01,0.01,0.00,0.97,0
71960,75220,23.00,-0.01,-0.02,1.04,0
72000,75320,22.95,-0.00,0.02,0.99,0
72040,75411,23.01,0.00,0.01,1.01,0
72080,75510,23.09,0.01,-0.00,1.03,0
72120,75603,22.92,0.00,-0.02,1.02,0
72160,75692,23.02,-0.01,-0.00,1.01,0
72200,75786,22.95,0.01,-0.00,1.01,0
72240,75875,23.02,0.01,-0.02,1.00,0
72280,75967,22.94,0.01,0.00,1.00,0
72320,76062,23.02,0.01,0.01,1.01,0
72360,76155,23.04,0.01,-0.01,1.00,0
72400,76246,22.91,-0.00,-0.01,0.98,0
72440,76337,23.00,0.00,-0.00,1.00,0
72480,76422,23.05,0.01,0.00,0.99,0
72520,76516,22.99,-0.01,0.01,0.98,0
72560,76600,23.04,0.01,-0.00,1.02,0
72600,76693,23.12,0.01,0.01,0.99,0
72640,76786,23.09,-0.00,0.02,0.98,0
72680,76869,23.03,0.00,0.01,1.00,0
72720,76963,22.99,-0.01,0.01,1.01,0
72760,77047,23.04,-0.01,0.01,1.02,0
72800,77133,22.91,-0.01,-0.01,1.01,0
72840,77227,23.01,0.00,-0.02,1.02,0
72880,77307,23.02,-0.01,-0.00,1.01,0
72920,77396,23.06,-0.01,0.00,0.99,0
72960,77487,23.06,-0.00,0.01,0.99,0
73000,77575,23.15,-0.01,0.01,1.01,0
73040,77657,23.08,0.01,-0.02,1.02,0
73080,77743,22.99,-0.01,0.01,1.01,0
73120,77826,22.96,0.00,-0.01,1.01,0
73160,77915,22.99,-0.01,-0.01,0.98,0
73200,77993,23.04,0.02,-0.00,0.99,0
73240,78085,23.00,-0.00,0.01,0.98,0
73280,78163,22.97,0.00,-0.01,0.99,0
73320,78257,22.95,-0.01,0.00,0.98,0
73360,78333,22.98,-0.00,-0.01,1.01,0
73400,78414,22.95,0.01,0.01,0.98,0
73440,78494,23.01,0.01,-0.00,1.00,0
73480,78581,22.93,0.02,0.01,1.01,0
73520,78664,23.09,-0.00,-0.01,1.01,0
73560,78741,22.96,0.01,0.01,1.02,0
73600,78828,22.96,0.01,-0.00,1.00,0
73640,78907,23.01,-0.00,0.00,1.00,0
73680,78988,22.97,-0.01,0.01,0.99,0
73720,79072,22.92,0.01,0.00,1.01,0
73760,79143,22.96,0.01,-0.00,0.97,0
73800,79234,23.05,-0.01,0.01,1.00,0
73840,79315,23.03,-0.01,0.00,0.98,0
73880,79401,22.97,-0.01,-0.01,0.97,0
73920,79475,23.06,-0.00,0.01,0.99,0
73960,79547,22.98,-0.01,0.00,1.00,0
74000,79626,23.00,0.00,-0.01,0.99,0
74040,79703,23.05,0.00,0.02,1.01,0
74080,79788,22.95,0.02,0.01,0.98,0
74120,79857,23.02,-0.00,-0.01,0.98,0
74160,79946,22.94,0.01,0.00,1.01,0
74200,80024,22.99,0.01,-0.00,1.01,0
74240,80024,23.09,0.01,0.00,0.98,0
74280,80024,22.90,0.00,0.02,1.00,0
74320,80024,23.05,0.01,-0.02,0.98,0
74360,80024,22.96,-0.02,0.00,1.00,0
74400,80024,22.90,0.01,0.01,1.00,0
74440,80479,22.98,0.01,0.00,0.99,0
74480,80551,23.01,-0.01,-0.00,0.98,0
74520,80628,22.96,-0.00,-0.01,1.01,0
74560,80701,22.99,-0.01,0.00,1.02,0
74600,80774,23.05,0.00,0.01,1.00,0
74640,80852,22.95,-0.02,-0.00,1.00,0
74680,80929,23.05,-0.00,-0.01,0.99,0
74720,80995,23.00,0.01,-0.01,0.97,0
74760,81076,23.04,-0.00,0.01,1.01,0
74800,81148,23.11,0.01,0.00,1.00,0
74840,81220,22.98,-0.01,0.01,1.01,0
74880,81290,23.00,-0.01,-0.00,0.99,0
74920,81360,22.89,-0.00,0.01,1.00,0
74960,81438,23.00,-0.00,0.01,1.00,0
75000,81506,23.01,-0.00,0.01,1.02,0
75040,81583,23.06,0.00,-0.00,0.99,0
75080,81653,23.01,-0.01,0.00,1.01,0
75120,81720,23.02,0.00,-0.01,1.02,0
75160,81790,22.99,-0.01,0.01,1.00,0
75200,81862,23.01,-0.00,0.00,1.00,0
75240,81935,22.98,-0.01,0.01,1.03,0
75280,81999,23.04,-0.02,0.00,1.00,0
75320,82075,22.90,0.00,0.01,1.00,0
75360,82141,23.01,0.01,0.00,0.99,0
75400,82218,22.94,0.02,0.01,1.01,0
75440,82285,22.95,-0.00,0.01,1.01,0
75480,82350,22.97,-0.01,0.01,1.03,0
75520,82421,22.98,0.01,-0.01,1.01,0
75560,82485,23.05,0.01,0.00,1.01,0
75600,82553,22.97,0.02,0.02,1.00,0
75640,82617,23.02,0.00,0.01,1.00,0
75680,82691,23.02,0.03,-0.01,1.01,0
75720,82752,23.02,0.00,-0.02,1.02,0
75760,82824,22.94,0.02,-0.00,1.00,0
75800,82894,23.03,-0.00,0.02,1.01,0
75840,82955,23.00,0.01,-0.01,0.98,0
75880,83029,23.02,0.01,-0.02,0.98,0
75920,83095,22.98,-0.01,-0.01,1.00,0
75960,83153,22.96,0.02,0.01,0.99,0
76000,83225,22.99,0.01,0.02,1.00,0
76040,83292,23.09,-0.02,0.00,1.01,0
76080,83352,23.07,-0.01,-0.00,1.01,0
76120,83416,23.10,0.01,0.01,1.03,0
76160,83481,22.96,-0.00,-0.02,0.99,0
76200,83547,22.93,0.01,0.02,0.99,0
76240,83614,23.05,0.01,-0.01,1.00,0
76280,83678,23.00,0.01,-0.01,0.99,0
76320,83744,22.93,-0.01,-0.01,1.00,0
76360,83801,22.87,-0.00,0.00,0.98,0
76400,83864,22.98,0.00,-0.01,1.01,0
76440,83929,22.91,0.00,-0.00,0.99,0
76480,83996,22.94,0.01,-0.00,0.99,0
76520,84059,23.04,-0.00,-0.00,0.99,0
76560,84120,22.96,0.01,-0.01,1.04,0
76600,84185,22.96,-0.00,-0.03,1.04,0
76640,84244,22.93,-0.01,-0.00,0.98,0
76680,84302,23.09,0.00,0.01,1.01,0
76720,84368,22.94,0.00,0.01,1.00,0
76760,84422,22.95,0.01,-0.00,1.02,0
76800,84483,23.00,0.02,0.00,1.02,0
76840,84547,23.05,-0.01,-0.01,1.00,0
76880,84604,23.01,0.01,-0.00,0.98,0
76920,84669,23.02,-0.01,-0.01,1.00,0
76960,84727,22.88,0.01,0.01,0.99,0
77000,84789,23.01,-0.01,0.00,1.02,0
77040,84854,23.00,-0.00,0.00,0.99,0
77080,84908,23.11,-0.00,0.00,1.00,0
77120,84972,23.05,0.01,-0.01,0.98,0
77160,85022,23.00,0.00,-0.02,0.98,0
77200,85085,23.00,0.01,0.00,1.00,0
77240,85150,23.03,-0.00,0.00,1.01,0
77280,85206,23.06,-0.01,-0.00,1.00,0
77320,85262,23.00,0.00,-0.01,1.02,0
77360,85313,22.96,-0.01,0.01,1.02,0
77400,85375,23.12,-0.01,0.00,1.00,0
77400,85375,23.12,-0.01,0.00,1.00,0
77440,85438,23.04,0.01,-0.00,1.00,0
77480,85489,22.98,0.00,-0.01,1.00,0
77520,85559,22.99,-0.01,-0.01,1.00,0
77560,85611,22.97,0.00,-0.01,1.02,0
77600,85664,22.99,-0.00,-0.01,1.02,0
77640,85721,22.95,0.01,0.00,1.01,0
77680,85774,23.03,-0.00,0.02,1.01,0
77720,85833,23.04,0.02,-0.00,0.99,0
77760,85891,23.01,0.01,-0.00,1.00,0
77800,85937,23.01,-0.01,0.00,0.99,0
77840,85996,22.97,0.01,-0.01,1.00,0
77880,86057,22.96,0.01,0.01,1.00,0
77920,86112,22.94,0.01,-0.01,0.99,0
77960,86161,23.00,0.01,0.01,0.99,0
78000,86220,22.93,0.00,-0.01,0.97,0
78040,86276,22.98,-0.00,-0.01,1.00,0
78080,86325,22.89,-0.02,0.01,1.00,0
78120,86387,23.00,0.01,-0.00,0.99,0
78160,86440,22.99,-0.01,0.00,1.01,0
78200,86493,22.97,-0.01,-0.00,1.01,0
78240,86545,22.97,-0.01,0.01,1.02,0
78280,86595,22.97,0.00,-0.00,1.00,0
78320,86648,23.03,-0.02,-0.00,1.01,0
78360,86700,23.04,-0.01,0.01,1.01,0
78400,86755,22.93,-0.00,-0.00,1.00,0
78440,86807,23.01,0.01,0.01,1.00,0
78480,86863,22.97,-0.02,-0.00,1.01,0
78520,86910,23.09,0.00,-0.02,0.99,0
78560,86968,22.93,-0.00,-0.00,1.02,0
78600,87019,22.93,0.01,0.02,1.00,0
78640,87070,23.06,0.00,-0.02,1.00,0
78680,87126,23.05,0.01,0.01,1.02,0
78720,87173,23.01,-0.01,0.01,0.98,0
79200,87774,22.92,-0.01,0.01,0.99,0
79240,87823,23.02,0.00,0.00,1.01,0
79280,87869,23.00,0.00,-0.00,1.01,0
79320,87918,23.06,-0.01,0.00,1.00,0
79360,87968,23.01,-0.02,0.02,1.02,0
79400,88024,22.95,-0.01,-0.00,0.99,0
79440,88066,23.01,-0.00,0.01,0.99,0
79480,88110,23.00,0.01,-0.01,0.99,0
79520,88163,23.08,-0.01,0.00,0.98,0
79560,88201,22.98,-0.01,0.01,0.97,0
79600,88256,22.88,0.01,0.00,1.01,0
79640,88307,23.06,-0.00,0.01,0.99,0
79680,88354,22.99,0.01,0.01,1.01,0
79720,88391,23.00,0.00,-0.01,1.01,0
79760,88442,22.98,0.00,-0.01,0.99,0
79800,88490,23.07,0.01,-0.00,1.02,0
79840,88538,23.00,0.01,-0.00,1.03,0
79880,88579,23.04,0.01,-0.01,1.00,0
79920,88627,22.93,-0.00,0.01,0.99,0
79960,88672,23.00,0.01,-0.01,1.01,0
80000,88721,23.01,0.01,0.01,1.01,0
80040,88765,22.95,0.00,-0.01,1.01,0
80080,88808,23.08,0.00,-0.01,0.97,0
80480,89257,23.00,0.00,-0.00,1.02,0
80520,89301,22.97,0.01,0.00,1.04,0
80560,89338,22.94,-0.00,0.01,0.97,0
80600,89385,23.04,0.01,-0.02,1.00,0
80640,89429,22.98,0.01,0.02,1.05,0
80680,89469,22.93,0.03,-0.01,0.99,0
80720,89516,23.01,0.00,-0.01,0.99,0
80760,89555,22.99,0.00,-0.00,0.99,0
80800,89593,23.02,-0.00,0.01,0.98,0
80840,89636,22.97,-0.01,0.00,0.99,0
80880,89685,23.04,0.01,-0.00,1.01,0
80920,89720,22.97,0.01,-0.01,0.99,0
80960,89769,23.07,0.00,0.02,1.02,0
81000,89807,23.02,-0.03,-0.01,1.00,0
81040,89855,23.05,0.00,-0.00,1.01,0
81080,89891,23.02,0.01,-0.01,0.98,0
81120,89933,22.98,-0.00,-0.01,0.99,0
81160,89971,22.99,0.01,-0.00,1.01,0
81200,90013,22.97,-0.01,0.01,0.99,0
81240,90054,22.96,0.01,-0.02,1.01,0
81280,90097,22.97,0.01,-0.00,1.00,0
81320,90137,23.03,0.00,-0.01,1.01,0
81360,90174,23.11,-0.01,-0.01,0.97,0
81400,90214,23.03,-0.00,-0.01,1.00,0
81440,90255,22.99,0.00,0.02,1.01,0
81480,90294,22.96,0.01,-0.00,1.01,0
81520,90326,23.05,0.00,-0.01,0.98,0
81560,90372,23.07,-0.01,0.01,1.01,0
81600,90416,22.91,-0.00,0.01,0.99,0
81640,90463,23.08,-0.02,0.02,1.00,0
81680,90493,22.92,-0.01,0.00,0.99,0
81720,90529,23.02,0.01,0.00,0.97,0
81760,90577,22.93,0.00,0.01,0.99,0
81800,90608,22.99,0.01,-0.00,1.01,0
81840,90651,22.97,-0.01,-0.00,0.98,0
81880,90681,23.12,0.01,0.01,1.00,0
81920,90722,23.03,-0.00,0.00,0.98,0
81960,90763,23.03,-0.00,-0.00,1.00,0
82000,90799,22.93,-0.00,0.00,1.03,0
82040,90841,23.07,-0.01,0.01,1.02,0
82080,90880,22.94,0.01,-0.02,1.01,0
82120,90916,23.02,-0.01,-0.01,1.03,0
82160,90945,23.01,-0.00,-0.00,0.99,0
82200,90994,22.98,0.02,0.01,0.99,0
82240,91029,22.95,-0.01,0.01,1.02,0
82280,91058,23.05,0.00,0.00,1.01,0
82320,91100,22.95,0.01,0.00,1.00,0
82360,91141,23.09,0.01,0.01,0.98,0
82400,91177,22.93,0.01,0.01,1.00,0
82440,91210,23.03,-0.01,0.01,1.02,0
82480,91245,22.96,-0.01,0.00,0.97,0
82520,91280,22.96,-0.00,0.00,1.01,0
82560,91324,22.96,0.00,-0.01,0.98,0
82600,91358,23.03,-0.00,-0.00,0.99,0
82640,91392,23.04,0.00,-0.01,1.01,0
82680,91431,23.06,-0.01,0.01,1.01,0
82720,91462,23.00,-0.00,-0.01,1.00,0
82760,91496,23.05,-0.00,0.01,1.00,0
82800,91536,23.07,-0.02,0.01,0.99,0
82840,91568,23.04,0.00,0.01,1.00,0
82880,91602,23.07,0.02,-0.00,1.00,0
82920,91645,23.05,0.00,0.01,1.00,0
82960,91672,22.91,-0.02,0.00,1.00,0
83000,91709,23.00,-0.00,-0.01,0.97,0
83040,91745,22.96,0.00,0.02,1.03,0
83080,91776,22.99,0.01,-0.01,1.00,0
83120,91814,23.05,0.00,0.00,1.03,0
83160,91851,23.03,0.01,0.01,1.02,0
83200,91881,22.93,-0.01,-0.00,1.00,0
83240,91916,22.97,-0.01,-0.00,0.98,0
83280,91952,22.97,-0.01,0.00,1.01,0
83320,91985,22.94,0.01,0.01,1.01,0
83360,92020,23.03,-0.00,-0.00,0.99,0
83400,92047,23.02,-0.01,0.02,0.99,0
83440,92090,23.01,0.01,0.00,0.99,0
83480,92111,22.98,0.01,-0.01,1.01,0
83520,92148,23.07,-0.00,0.00,0.97,0
83560,92183,23.09,0.01,0.01,0.97,0
83600,92220,23.05,-0.00,-0.01,1.01,0
83640,92248,23.07,0.00,0.02,0.99,0
83680,92281,23.02,-0.01,0.01,1.01,0
83720,92310,23.07,-0.01,0.00,1.00,0
83760,92343,23.05,0.00,0.02,1.01,0
83800,92386,23.03,0.00,-0.00,0.99,0
83840,92418,23.04,-0.01,0.00,1.01,0
83880,92437,22.95,-0.00,0.00,1.01,0
83920,92476,23.00,0.01,0.01,0.99,0
83960,92506,22.95,0.02,-0.02,1.00,0
84000,92540,22.99,-0.01,0.01,0.99,0
84040,92568,23.03,-0.01,0.01,1.01,0
84080,92601,22.83,-0.01,0.02,1.01,0
84120,92638,23.01,0.00,0.00,1.01,0
84160,92661,23.02,-0.00,0.01,1.00,0
84200,92697,22.98,0.00,0.01,0.99,0
84240,92730,23.05,0.01,-0.01,1.00,0
84280,92763,23.10,0.01,-0.00,1.00,0
84320,92784,22.99,-0.00,-0.01,1.00,0
84360,92812,23.07,0.00,-0.01,0.98,0
84400,92846,23.04,-0.00,-0.01,0.98,0
84400,92846,23.04,-0.00,-0.01,0.98,0
84440,92881,23.05,0.00,-0.02,1.02,0
84480,92917,22.94,-0.01,-0.01,0.98,0
84520,92943,23.01,0.01,-0.00,1.00,0
84560,92978,23.03,-0.00,0.00,1.01,0
84600,93001,22.98,0.02,0.00,1.00,0
84640,93038,22.92,-0.00,0.01,0.99,0
84680,93068,23.03,0.00,0.01,0.99,0
84720,93086,23.01,-0.02,0.01,0.99,0
84760,93124,23.04,-0.01,0.01,0.98,0
84800,93153,22.88,-0.00,0.00,1.00,0
84840,93178,22.94,-0.00,-0.01,1.01,0
84880,93208,22.95,0.00,-0.00,0.98,0
84920,93234,22.96,0.01,0.00,1.01,0
84960,93268,22.90,0.01,0.01,0.99,0
85000,93297,22.96,0.01,-0.03,0.96,0
85040,93332,22.98,0.01,-0.00,0.99,0
85080,93356,22.95,0.02,0.00,1.00,0
85120,93380,22.97,0.00,-0.01,0.99,0
85160,93410,23.01,-0.01,-0.00,1.00,0
85200,93441,22.98,-0.00,-0.00,1.01,0
85240,93463,23.00,0.01,0.01,1.01,0
85280,93496,23.01,-0.00,0.01,1.00,0
85320,93524,22.98,-0.00,-0.01,0.98,0
85360,93552,23.08,0.01,0.01,1.01,0
85400,93576,22.97,0.01,-0.01,0.99,0
85440,93606,22.99,0.01,0.01,0.99,0
85480,93633,22.89,0.00,0.02,0.98,0
85520,93659,23.05,-0.00,-0.02,1.00,0
85560,93683,23.02,-0.01,-0.02,0.99,0
85600,93721,23.00,0.00,0.01,1.00,0
85640,93742,23.01,0.01,-0.03,1.00,0
85680,93773,22.99,-0.00,-0.00,1.01,0
85720,93807,22.88,0.01,0.02,1.02,0
85760,93827,23.06,-0.00,-0.00,1.02,0
85800,93851,23.02,0.00,-0.01,1.03,0
85840,93878,23.00,0.00,-0.01,1.03,0
85880,93908,22.98,0.00,-0.01,1.00,0
85920,93939,22.97,0.00,0.01,1.01,0
85960,93963,22.93,-0.00,0.01,0.99,0
86000,93987,23.05,-0.01,-0.01,0.99,0
86040,94018,22.99,-0.00,0.01,1.02,0
86080,94044,22.94,-0.01,0.00,1.01,0
86120,94065,22.93,0.00,-0.01,1.01,0
86160,94095,22.96,0.01,0.00,1.00,0
86200,94117,22.85,-0.00,0.01,1.00,0
86240,94153,22.96,0.01,-0.01,1.01,0
86280,94166,23.05,-0.01,0.00,1.00,0
86320,94193,23.03,-0.00,-0.01,1.00,0
86360,94227,22.99,0.00,-0.00,1.04,0
86400,94248,22.96,0.00,0.01,1.02,0
86440,94276,22.96,0.01,-0.02,1.05,0
86480,94294,22.94,0.00,-0.00,0.99,0
86520,94319,22.94,-0.00,0.01,1.00,0
86560,94353,22.92,0.01,-0.01,1.01,0
86600,94376,22.94,-0.02,-0.00,0.99,0
86640,94401,22.88,0.02,0.00,1.01,0
86680,94424,22.91,0.02,-0.00,1.00,0
86720,94448,22.98,0.00,-0.00,0.97,0
86760,94473,22.98,0.01,0.01,1.01,0
86800,94497,22.97,0.02,0.00,0.98,0
86840,94513,22.96,-0.01,-0.00,1.02,0
86880,94551,23.00,-0.01,-0.01,1.00,0
86920,94570,23.02,-0.02,0.00,1.00,0
86960,94595,22.97,0.01,0.00,1.01,0
87000,94621,23.04,-0.00,-0.01,0.99,0
87040,94640,22.92,0.01,0.00,1.01,0
87080,94666,23.01,0.02,-0.00,0.99,0
87120,94687,23.00,-0.00,-0.01,0.99,0
87160,94716,22.92,0.01,-0.01,1.02,0
87200,94735,23.04,-0.00,-0.01,1.00,0
87240,94760,23.00,-0.00,0.01,1.00,0
87280,94784,22.98,0.02,0.01,1.00,0
87320,94811,22.99,-0.00,-0.01,1.01,0
87360,94831,23.03,-0.00,0.00,1.01,0
87400,94856,22.95,0.01,0.01,0.99,0
87440,94875,23.07,0.01,0.01,1.00,0
87480,94907,23.01,-0.00,-0.01,0.99,0
87520,94920,22.94,0.03,-0.01,0.96,0
87560,94947,22.95,0.01,0.02,1.00,0
87600,94972,22.99,-0.01,0.00,1.02,0
87640,94992,22.95,0.00,0.01,1.01,0
87680,95013,23.01,0.00,-0.01,0.99,0
87720,95037,22.98,-0.03,-0.00,1.02,0
87760,95062,22.96,0.02,-0.01,1.01,0
87800,95079,23.05,-0.01,-0.00,1.00,0
87840,95109,22.98,0.00,0.02,1.02,0
87880,95128,23.04,0.02,0.00,0.97,0
87920,95144,22.98,0.00,0.01,1.00,0
87960,95176,23.01,-0.00,0.00,1.01,0
88000,95195,22.95,0.01,-0.00,1.02,0
88040,95217,22.96,-0.00,-0.00,0.96,0
88080,95237,22.98,0.02,-0.02,0.99,0
88120,95261,22.97,0.00,-0.01,1.00,0
88160,95281,22.97,-0.01,0.00,0.99,0
88200,95304,22.99,-0.00,-0.01,0.98,0
88240,95324,23.04,-0.02,-0.03,0.99,0
88280,95348,22.91,-0.01,0.00,1.00,0
88320,95365,22.96,0.01,-0.01,1.00,0
88360,95391,22.96,-0.00,0.01,1.00,0
88400,95410,23.05,-0.03,-0.01,0.99,0
88440,95428,23.01,0.00,-0.00,0.99,0
88480,95454,22.96,-0.02,-0.00,1.02,0
88520,95468,22.99,0.00,-0.01,1.00,0
88560,95498,22.97,-0.00,-0.01,1.01,0
88600,95518,23.05,0.00,0.00,1.00,0
88640,95533,22.96,0.00,0.01,0.98,0
88680,95565,23.04,0.01,-0.00,1.01,0
88720,95577,23.07,-0.00,-0.02,1.00,0
88760,95597,23.04,0.00,0.01,1.01,0
88800,95621,23.01,0.01,0.01,0.98,0
88840,95639,23.00,0.01,0.01,0.99,0
88880,95656,22.95,0.01,-0.01,1.01,0
88920,95677,22.96,-0.01,-0.01,0.98,0
88960,95697,23.02,0.00,0.01,1.01,0
89000,95722,23.00,0.01,0.01,1.00,0
89040,95736,22.95,-0.00,0.01,1.01,0
89080,95759,22.98,0.00,-0.00,0.98,0
89440,95939,23.02,0.00,-0.01,0.99,0
89480,95958,23.00,-0.01,0.01,1.01,0
89520,95973,22.98,0.01,0.02,0.98,0
89560,95994,22.97,0.01,0.01,0.99,0
89600,96011,22.99,0.03,0.00,1.03,0
89640,96036,22.99,-0.02,-0.01,0.98,0
89680,96052,23.04,-0.01,-0.02,1.00,0
89720,96062,22.94,0.00,0.01,1.00,0
89760,96090,23.03,0.01,-0.00,1.03,0
89800,96114,23.04,0.01,-0.00,1.01,0
89840,96123,23.03,-0.01,0.00,0.99,0
89880,96143,23.05,-0.01,-0.00,0.99,0
89920,96163,22.96,0.00,-0.01,1.00,0
89960,96186,23.04,-0.00,-0.01,1.03,0
90000,96199,23.01,0.01,-0.01,1.00,0
90040,96220,23.04,0.01,-0.02,1.00,0
90080,96238,23.03,-0.00,-0.01,0.99,0
90120,96251,23.05,-0.00,0.00,0.97,0
90160,96278,22.94,0.00,0.02,1.00,0
90200,96293,23.00,-0.01,-0.00,0.99,0
90240,96314,23.03,0.01,-0.00,1.02,0
90280,96333,22.98,-0.01,0.01,1.00,0
90320,96345,22.98,-0.01,-0.01,1.01,0
90360,96371,23.01,-0.02,0.00,1.03,0
90400,96380,23.05,0.01,0.00,1.01,0
90440,96403,23.02,-0.02,-0.00,1.01,0
90480,96420,23.00,-0.00,-0.02,1.02,0
90520,96433,23.01,-0.01,-0.02,0.99,0
90560,96451,22.97,0.01,-0.01,1.01,0
90600,96469,22.98,0.02,0.00,1.00,0
90640,96488,22.99,0.01,-0.02,1.00,0
90680,96500,22.95,-0.00,0.00,0.99,0
90720,96520,23.01,-0.01,-0.00,1.03,0
90760,96540,23.01,-0.01,-0.00,0.99,0
90800,96551,22.93,0.00,0.00,1.01,0
90840,96573,23.02,-0.01,0.01,1.00,0
90880,96593,23.10,-0.00,-0.00,0.98,0
90920,96609,22.99,0.01,-0.00,0.99,0
90960,96624,22.97,-0.01,-0.00,0.99,0
91000,96636,22.94,-0.02,-0.00,1.00,0
91040,96656,22.98,-0.02,0.01,1.03,0
91080,96671,22.97,-0.01,0.01,1.02,0
91120,96688,22.93,0.01,0.01,0.98,0
91160,96700,23.02,0.01,-0.00,1.01,0
91200,96720,23.01,-0.01,0.01,0.99,0
91240,96736,23.02,0.00,-0.01,1.01,0
91280,96750,22.99,0.01,-0.01,0.97,0
91320,96772,23.03,0.00,-0.01,1.00,0
91360,96790,22.97,0.00,0.00,0.99,0
91400,96807,22.96,-0.01,0.00,1.00,0
91440,96825,23.03,-0.01,-0.00,1.02,0
91480,96839,23.02,-0.01,-0.01,0.97,0
91520,96852,22.98,-0.01,-0.01,0.99,0
91560,96869,22.96,0.02,-0.00,1.01,0
91600,96881,23.07,-0.02,0.00,1.00,0
91640,96903,22.94,-0.01,-0.00,1.00,0
91680,96913,23.03,0.01,-0.01,0.99,0
91720,96935,23.03,-0.02,-0.01,0.97,0
91760,96956,23.03,0.02,0.01,1.02,0
91800,96962,22.96,0.00,0.00,1.02,0
91840,96973,22.99,0.00,0.01,1.02,0
91880,96993,23.04,0.01,-0.03,1.01,0
91920,97019,23.00,0.02,-0.00,0.99,0
91960,97025,22.95,-0.01,-0.01,1.01,0
92000,97035,22.98,-0.00,0.00,0.98,0
92040,97058,23.01,-0.00,0.00,1.00,0
92080,97069,23.05,-0.00,-0.00,0.98,0
92120,97089,22.93,-0.01,-0.00,0.99,0
92160,97104,22.92,0.02,0.01,0.99,0
92200,97117,23.03,-0.01,0.01,1.00,0
92240,97132,23.01,0.01,-0.01,0.99,0
92280,97139,23.03,-0.00,0.00,1.00,0
92320,97161,22.94,-0.01,0.00,0.98,0
92360,97178,22.92,0.01,-0.01,0.99,0
92400,97191,23.02,-0.00,0.01,1.00,0
92440,97198,22.95,-0.00,0.01,0.96,0
92480,97214,22.91,-0.01,-0.01,1.01,0
92520,97232,22.98,-0.01,0.01,1.00,0
92560,97247,22.98,0.01,0.01,1.00,0
92600,97266,23.06,-0.01,-0.01,1.01,0
92640,97282,23.02,0.00,0.01,0.99,0
92680,97287,23.04,0.02,-0.00,1.03,0
92720,97308,22.96,-0.01,0.01,0.99,0
92760,97327,23.12,0.00,0.01,1.03,0
92800,97334,22.98,0.00,-0.01,1.00,0
92840,97350,23.04,0.01,-0.01,1.00,0
92880,97366,23.07,0.00,0.00,0.97,0
92920,97385,23.01,-0.01,-0.01,1.00,0
92960,97398,22.88,-0.01,-0.01,1.01,0
93000,97404,23.02,0.01,0.01,0.98,0
93040,97413,22.96,-0.02,-0.00,1.00,0
93080,97435,23.02,-0.01,-0.00,1.00,0
93120,97446,22.85,0.01,0.02,0.99,0
93160,97466,23.04,0.01,0.00,1.00,0
93200,97472,22.98,0.01,0.00,1.00,0
93240,97487,23.05,-0.00,0.01,1.00,0
93280,97504,23.01,0.01,-0.01,1.00,0
93320,97518,22.98,0.00,-0.00,1.01,0
93360,97522,22.95,0.00,-0.00,1.00,0
93400,97546,22.99,-0.01,-0.00,1.00,0
93440,97566,23.04,-0.01,-0.01,1.00,0
93480,97574,23.01,0.02,0.00,0.99,0
93520,97583,22.97,0.01,0.02,0.98,0
93560,97593,23.01,0.01,-0.00,1.02,0
93600,97611,23.04,-0.01,-0.01,0.98,0
93640,97617,23.09,0.01,0.02,0.99,0
93680,97639,22.96,0.02,-0.00,1.00,0
93720,97646,23.05,0.00,-0.01,1.00,0
93760,97667,23.02,0.00,-0.00,1.04,0
93800,97676,23.10,-0.01,0.01,1.00,0
93840,97695,23.01,-0.01,-0.01,0.99,0
93880,97700,23.02,0.00,0.03,0.99,0
93920,97717,23.04,-0.00,0.03,0.99,0
93960,97725,22.94,0.01,0.01,0.97,0
94000,97737,23.03,-0.01,0.01,1.00,0
94040,97750,22.95,0.01,-0.01,1.01,0
94080,97769,22.91,-0.00,0.00,1.02,0
94120,97778,23.03,0.00,-0.00,1.01,0
94160,97788,22.91,-0.01,0.01,1.03,0
94200,97805,22.95,-0.01,-0.02,1.00,0
94240,97819,22.95,0.01,-0.00,1.02,0
94280,97836,23.01,0.00,0.01,1.00,0
94320,97843,22.94,0.02,0.00,0.99,0
94360,97860,23.03,-0.00,-0.01,1.01,0
94400,97867,22.99,0.01,-0.00,0.98,0
94440,97880,22.91,-0.00,-0.01,1.00,0
94480,97889,22.97,0.01,0.01,0.99,0
94520,97900,23.00,-0.01,0.01,0.98,0
94560,97918,23.01,0.01,-0.00,0.99,0
94600,97927,23.03,-0.00,0.00,1.02,0
94640,97938,23.04,0.01,-0.01,1.00,0
94680,97948,22.97,-0.00,-0.01,1.01,0
94720,97960,23.03,-0.01,-0.03,1.00,0
94760,97969,22.98,0.00,0.00,1.00,0
94800,97986,22.93,0.00,0.01,1.00,0
94840,97998,23.01,-0.01,-0.00,1.02,0
94880,98004,23.06,-0.00,-0.01,1.00,0
94920,98025,23.01,-0.02,-0.01,0.99,0
94960,98037,23.04,-0.01,0.01,1.01,0
95000,98048,23.01,0.01,-0.00,1.00,0
95040,98054,23.02,-0.01,0.00,1.02,0
95080,98074,22.94,0.01,0.01,1.04,0
95120,98081,23.09,0.01,-0.01,1.00,0
95160,98099,22.99,0.00,-0.01,1.00,0
95200,98104,22.92,0.01,-0.01,1.01,0
95240,98117,22.95,-0.01,0.02,1.02,0
95280,98130,23.00,-0.01,0.03,1.00,0
95320,98141,23.00,-0.00,-0.00,1.03,0
95360,98147,23.00,0.00,-0.02,1.00,0
95400,98167,23.04,-0.00,-0.01,0.98,0
95440,98175,22.98,-0.02,0.01,1.01,0
95480,98179,23.01,-0.00,0.00,1.02,0
95520,98192,23.09,0.00,0.00,0.99,0
95560,98200,23.00,-0.03,-0.01,0.99,0
95600,98219,23.06,-0.01,0.00,1.00,0
95640,98228,23.10,0.00,0.01,0.99,0
95680,98236,23.02,-0.02,0.01,1.01,0
95720,98250,23.05,0.00,-0.00,1.00,0
95760,98263,22.94,-0.00,-0.01,0.99,0
95800,98272,23.06,-0.02,0.00,0.99,0
95840,98281,22.96,0.01,0.01,0.99,0
95880,98294,22.96,-0.00,0.00,1.00,0
95920,98306,22.98,0.00,-0.00,0.96,0
95960,98314,22.96,0.01,0.01,0.99,0
96000,98320,22.99,-0.00,-0.00,1.01,0
96040,98334,23.06,0.01,-0.01,1.01,0
96080,98346,22.93,-0.01,0.02,1.00,0
96120,98357,22.97,0.00,0.00,1.03,0
96160,98370,23.03,0.01,0.01,0.99,0
96200,98373,23.01,0.01,0.00,1.02,0
96240,98388,23.00,-0.01,0.00,1.00,0
96280,98397,22.95,-0.01,-0.01,1.01,0
96320,98404,22.99,0.00,0.01,1.02,0
96360,98418,23.03,-0.03,-0.01,1.00,0
96400,98432,23.04,0.00,0.00,1.00,0
96440,98437,22.97,0.01,-0.01,0.99,0
96480,98451,22.97,0.00,-0.01,1.01,0
96520,98456,22.99,-0.00,0.00,1.00,0
96560,98470,23.03,0.01,0.01,1.02,0
96600,98487,23.01,0.01,0.02,1.04,0
96640,98489,22.97,-0.00,-0.01,1.00,0
96680,98502,22.96,0.00,0.00,1.04,0
96720,98511,22.91,0.01,0.00,0.99,0
96760,98516,23.00,-0.02,0.01,0.99,0
96800,98526,23.01,-0.02,0.00,0.96,0
96840,98537,22.95,0.01,-0.01,1.02,0
96880,98553,23.06,0.01,-0.02,1.00,0
96920,98553,22.99,0.00,0.01,1.01,0
96960,98564,23.10,-0.01,-0.01,0.99,0
97000,98574,22.97,-0.00,-0.01,1.02,0
97040,98597,23.03,0.02,-0.01,0.98,0
97080,98599,22.94,-0.00,0.01,1.00,0
97120,98607,23.01,0.00,0.02,1.01,0
97160,98615,23.02,0.01,0.02,1.02,0
97200,98627,22.98,0.01,-0.01,1.01,0
97240,98632,22.89,-0.00,0.00,1.02,0
97280,98646,22.92,0.02,-0.01,1.01,0
97320,98659,22.99,-0.00,-0.01,1.02,0
97360,98667,22.95,-0.01,0.01,1.00,0
97400,98668,22.96,-0.01,0.01,0.99,0
97440,98684,22.95,-0.01,0.02,1.01,0
97480,98691,22.98,-0.01,0.01,1.02,0
97520,98699,22.96,-0.01,-0.00,0.99,0
97560,98715,23.08,-0.00,0.00,1.02,0
97600,98712,22.95,0.02,-0.00,0.99,0
97640,98730,23.04,0.01,0.00,1.00,0
97680,98737,23.11,0.00,0.00,1.00,0
97720,98748,23.10,-0.01,-0.00,1.01,0
97760,98755,22.93,-0.00,-0.01,0.99,0
97800,98770,23.02,-0.00,0.00,0.98,0
97840,98775,23.05,-0.00,0.00,0.97,0
97880,98789,22.95,0.01,0.01,1.01,0
97920,98798,22.96,-0.01,0.01,1.00,0
97960,98806,23.06,0.00,-0.00,0.99,0
98000,98814,23.04,-0.00,-0.01,0.99,0
98040,98822,22.99,-0.01,0.01,1.00,0
98080,98825,23.04,-0.01,0.02,0.98,0
98120,98835,22.91,0.01,0.01,0.99,0
98160,98847,23.04,0.01,-0.01,0.98,0
98200,98856,23.07,-0.01,0.00,1.01,0
98240,98864,23.01,-0.00,-0.01,1.00,0
98600,98936,22.99,-0.01,-0.01,1.00,0
98640,98943,23.01,-0.01,-0.02,1.00,0
98680,98954,22.99,0.00,-0.00,0.98,0
98720,98962,23.06,0.03,0.02,1.00,0
98760,98978,22.99,0.01,0.00,0.99,0
98800,98974,23.04,-0.00,-0.03,1.01,0
98840,98990,22.97,-0.00,-0.00,1.01,0
98880,98992,23.02,0.00,0.01,1.02,0
98920,99002,22.94,0.01,-0.03,1.00,0
98960,99016,22.93,-0.00,0.00,0.98,0
99000,99024,22.93,-0.00,-0.01,1.01,0
99040,99025,23.12,0.01,-0.01,1.02,0
99080,99037,23.02,-0.02,0.01,1.01,0
99120,99044,23.08,-0.02,-0.01,1.00,0
99160,99057,22.92,0.01,-0.02,1.02,0
99200,99064,23.00,-0.01,0.01,1.00,0
99240,99068,23.03,0.00,0.02,0.99,0
99280,99075,23.03,-0.01,0.01,0.99,0
99320,99085,22.95,0.00,-0.01,1.01,0
99360,99093,22.97,0.00,-0.01,0.99,0
99400,99102,23.04,0.00,-0.00,0.98,0
99440,99113,23.01,-0.01,-0.01,1.01,0
99480,99123,23.05,0.01,-0.01,1.02,0
99520,99125,23.00,-0.01,-0.01,1.00,0
99560,99136,22.92,0.01,0.00,0.99,0
99600,99139,22.94,0.01,0.01,1.01,0
99640,99155,23.09,-0.01,0.00,0.99,0
99680,99152,22.91,0.01,0.02,0.99,0
99720,99163,23.10,-0.00,-0.02,1.02,0
99760,99166,23.01,-0.01,-0.00,0.98,0
99800,99178,23.02,-0.00,-0.00,1.00,0
99840,99182,22.98,-0.01,-0.02,0.97,0
99880,99191,22.92,-0.00,0.00,0.98,0
99920,99208,22.99,-0.00,0.02,1.01,0
99960,99205,23.09,0.01,0.01,0.99,0
100000,99211,23.04,0.00,-0.00,1.01,0
100040,99223,23.02,0.00,-0.02,0.99,0
100080,99239,23.05,0.01,0.02,0.99,0
100120,99233,22.97,0.01,0.00,0.99,0
100160,99247,23.05,-0.00,-0.00,1.01,0
100200,99253,22.97,-0.01,-0.01,1.00,0
100240,99253,22.88,0.01,0.01,0.99,0
100280,99265,23.03,0.00,-0.01,0.99,0
100320,99277,23.06,-0.01,0.01,0.98,0
100360,99285,22.97,0.01,-0.01,0.99,0
100400,99289,22.98,-0.01,0.02,1.02,0
100440,99293,23.02,-0.00,-0.01,1.00,0
100480,99303,23.01,0.01,0.00,1.00,0
100520,99306,23.09,0.02,0.01,0.99,0
100560,99315,22.97,-0.00,0.00,1.00,0
100600,99321,22.98,-0.00,-0.01,1.00,0
100640,99328,22.96,-0.01,0.00,0.99,0
100680,99337,23.00,0.00,-0.00,1.01,0
100720,99354,23.03,0.00,0.00,0.98,0
100760,99353,22.95,0.01,0.01,1.00,0
100800,99358,23.01,-0.01,-0.01,0.98,0
100840,99362,22.91,-0.00,0.01,0.98,0
100880,99379,23.01,0.01,-0.01,1.01,0
100920,99382,23.00,-0.01,-0.00,1.03,0
100960,99388,22.97,-0.00,-0.01,1.02,0
101000,99392,23.07,-0.00,0.00,0.98,0
101040,99398,22.99,-0.02,-0.00,0.98,0
101080,99411,22.94,-0.00,0.00,0.99,0
101120,99415,22.97,-0.01,0.00,1.00,0
101160,99420,22.92,-0.00,-0.01,1.02,0
101200,99428,22.95,0.00,0.01,1.00,0
101240,99432,23.05,-0.01,0.00,1.02,0
101280,99439,22.99,0.01,0.02,0.99,0
101320,99446,23.00,0.03,0.01,1.04,0
101360,99446,23.01,0.00,-0.01,0.99,0
101400,99460,23.01,-0.01,-0.01,0.99,0
101440,99469,22.93,-0.02,-0.01,0.99,0
101480,99475,22.87,-0.01,0.02,1.05,0
101520,99476,22.94,0.00,-0.00,1.00,0
101560,99483,22.97,0.00,0.00,0.98,0
101600,99486,23.02,-0.01,-0.00,0.99,0
101640,99496,23.03,0.00,0.00,1.00,0
101680,99499,23.04,-0.00,0.01,1.00,0
101720,99506,22.96,-0.00,-0.00,1.02,0
101760,99513,23.01,0.00,0.01,1.01,0
101800,99523,22.98,-0.00,0.01,1.01,0
101840,99535,23.05,0.01,-0.01,0.99,0
101880,99534,22.92,-0.00,0.00,0.99,0
101920,99544,22.98,0.01,-0.01,0.99,0
101960,99550,23.00,-0.01,0.00,1.00,0
102000,99558,22.97,0.00,0.00,0.98,0
102040,99561,23.01,-0.02,-0.01,0.99,0
102080,99570,22.98,0.01,0.00,0.99,0
102120,99570,23.00,0.02,0.01,1.01,0
102160,99584,23.00,0.00,-0.00,0.99,0
102200,99584,22.97,-0.01,-0.02,0.99,0
102240,99583,23.07,-0.01,-0.00,0.97,0
102280,99599,22.95,0.01,-0.01,1.01,0
102320,99607,22.94,0.01,-0.01,0.99,0
102360,99607,22.96,0.01,-0.01,1.00,0
102400,99615,23.00,0.02,0.00,0.96,0
102440,99620,23.07,-0.03,0.02,1.01,0
102480,99634,22.96,0.01,0.00,0.99,0
102520,99632,23.09,-0.01,-0.00,0.99,0
102560,99643,23.06,-0.00,0.01,1.01,0
102600,99635,23.04,0.02,0.01,1.00,0
102640,99652,22.92,0.01,-0.00,0.99,0
102680,99657,22.96,-0.01,-0.00,1.03,0
102720,99661,23.03,0.01,0.01,1.02,0
102760,99668,23.01,0.01,-0.00,1.01,0
102800,99673,22.99,0.01,0.02,0.99,0
102840,99682,23.04,0.01,-0.00,1.02,0
102880,99688,22.98,0.01,0.02,0.98,0
102920,99688,23.03,0.00,0.01,1.00,0
102960,99702,23.00,0.00,-0.01,0.99,0
103000,99700,22.95,-0.00,0.00,1.00,0
103040,99704,23.01,0.01,-0.02,0.99,0
103080,99717,23.04,-0.01,-0.01,1.03,0
103120,99723,22.93,0.00,0.01,0.98,0
103160,99721,23.04,-0.01,0.00,1.00,0
103200,99731,22.96,-0.00,-0.01,1.01,0
103240,99736,23.02,0.00,0.01,0.98,0
103280,99745,22.94,-0.01,0.01,0.99,0
103320,99747,22.96,0.01,-0.01,1.00,0
103360,99753,23.03,-0.01,0.00,1.00,0
103400,99763,23.02,0.01,0.01,0.99,0
103440,99760,22.89,-0.01,0.01,1.00,0
103480,99762,22.99,-0.00,-0.02,0.99,0
103520,99779,23.00,0.01,0.01,1.01,0
103560,99774,22.96,-0.00,-0.01,1.00,0
103600,99785,22.97,0.00,0.00,0.99,0
103640,99790,22.91,0.01,0.00,1.01,0
103680,99794,23.00,0.00,-0.01,1.01,0
103720,99800,23.03,-0.01,0.01,0.99,0
103760,99806,23.04,0.02,0.01,1.00,0
103800,99808,22.95,-0.02,-0.00,1.00,0
103840,99812,22.92,0.01,0.00,1.00,0
104160,99860,22.97,0.00,-0.01,1.00,0
104200,99862,22.95,0.02,-0.01,1.03,0
104240,99868,22.89,-0.00,-0.01,0.98,0
104280,99872,22.98,0.00,0.01,0.99,0
104320,99879,23.02,-0.01,-0.00,1.01,0
104360,99883,23.00,0.00,-0.02,0.98,0
104400,99883,23.10,0.01,-0.01,1.00,0
104440,99895,22.96,0.01,-0.02,0.98,0
104480,99899,23.01,0.00,-0.00,1.00,0
104520,99901,22.98,-0.00,-0.01,0.99,0
104560,99907,23.02,-0.01,0.00,0.98,0
104600,99909,22.96,-0.00,0.02,1.01,0
104640,99917,23.08,-0.01,0.01,1.01,0
104680,99921,22.95,0.01,-0.02,1.00,0
104720,99920,23.05,-0.00,-0.00,1.00,0
104760,99934,22.91,-0.01,-0.00,1.01,0
104800,99936,23.08,0.00,-0.00,0.96,0
104840,99940,23.00,0.02,0.01,1.00,0
104880,99941,23.08,-0.00,-0.00,1.01,0
104920,99951,23.09,-0.00,-0.01,0.99,0
104960,99955,23.02,0.00,-0.00,0.98,0
105000,99962,23.03,-0.02,0.02,1.00,0
105040,99965,22.91,0.01,-0.00,1.01,0
105080,99971,23.00,0.01,0.01,1.00,0
105120,99979,22.98,0.01,0.01,0.99,0
105160,99983,23.07,0.00,0.00,0.99,0
105200,99987,22.91,0.03,0.01,1.01,0
105240,99985,23.00,0.01,-0.02,1.01,0
105280,99984,23.09,0.01,0.00,0.99,0
105320,99994,22.96,0.01,-0.01,0.99,0
105360,99996,23.03,-0.00,-0.01,0.98,0
105400,100001,23.12,0.01,0.00,0.99,0
105440,100005,22.98,-0.01,-0.00,0.98,0
105480,100015,23.02,-0.00,-0.02,1.00,0
105520,100022,22.99,-0.00,-0.01,1.01,0
105560,100026,22.99,-0.00,-0.01,1.01,0
105600,100028,23.04,0.01,-0.01,0.99,0
105640,100031,22.90,0.02,-0.00,0.99,0
105680,100041,22.98,0.01,0.01,0.97,0
105720,100042,23.03,0.02,-0.02,0.99,0
105760,100053,23.02,-0.00,0.00,1.01,0
105800,100048,23.03,0.01,-0.00,1.01,0
105840,100051,22.99,-0.00,-0.00,0.98,0
105840,100051,22.99,-0.00,-0.00,0.98,0
105880,100057,22.95,-0.00,-0.01,0.99,0
105920,100062,22.98,-0.01,0.00,1.00,0
105960,100061,22.97,-0.01,-0.01,1.00,0
106000,100071,22.95,0.00,0.02,0.98,0
106040,100078,23.02,0.01,0.01,1.01,0
106080,100079,23.06,0.02,-0.00,1.00,0
106120,100084,23.01,0.00,0.01,1.02,0
106160,100087,23.00,-0.01,0.00,0.98,0
106200,100095,22.92,-0.00,-0.00,0.98,0
106240,100101,22.93,0.00,0.00,1.02,0
106280,100097,22.93,0.00,-0.01,1.01,0
106320,100110,22.91,-0.01,-0.01,1.03,0
106360,100108,22.93,-0.00,-0.00,1.00,0
106400,100110,23.03,-0.00,0.01,0.99,0
106440,100113,22.97,0.02,-0.01,1.00,0
106480,100122,23.02,-0.00,0.02,1.02,0
106520,100129,22.99,0.01,-0.02,1.00,0
106560,100128,22.93,-0.01,-0.01,1.02,0
106600,100133,22.98,-0.00,0.01,0.99,0
106640,100141,23.04,-0.01,0.02,1.01,0
106680,100140,23.03,-0.00,0.01,1.01,0
106720,100144,23.02,-0.01,-0.01,1.00,0
106760,100151,22.93,0.01,-0.00,1.01,0
106800,100151,23.02,-0.00,0.01,0.99,0
106840,100157,22.92,-0.01,-0.00,0.97,0
106880,100165,23.04,0.00,-0.00,0.99,0
106920,100170,22.94,0.02,0.00,0.99,0
106960,100162,23.00,-0.01,0.01,1.00,0
107000,100175,23.00,-0.01,0.01,1.01,0
107040,100176,23.03,0.00,-0.01,0.99,0
107080,100185,22.94,0.00,-0.01,0.99,0
107120,100186,22.98,0.01,-0.01,1.00,0
107160,100189,23.01,-0.00,0.02,1.02,0
107560,100231,23.08,-0.01,0.01,1.00,0
107600,100234,22.90,0.00,-0.00,1.02,0
107640,100238,22.95,0.02,-0.00,0.99,0
107680,100232,22.99,-0.00,-0.01,0.99,0
107720,100232,22.99,-0.01,-0.00,1.01,0
107760,100232,23.05,-0.01,0.00,1.00,0
107800,100232,23.02,0.01,-0.01,1.01,0
107840,100232,23.03,-0.01,-0.00,1.01,0
107880,100232,23.00,0.02,-0.01,1.02,0
107920,100232,22.94,-0.01,-0.00,1.00,0
107960,100260,22.96,-0.01,-0.00,1.02,0
108000,100272,23.10,-0.01,-0.02,0.98,0
108040,100277,23.03,0.00,-0.01,1.01,0
108080,100268,22.98,0.02,-0.00,1.00,0
108120,100272,23.05,0.00,-0.02,1.00,0
108160,100289,23.00,0.00,-0.00,0.99,0
108200,100284,23.03,0.01,-0.01,0.98,0
108240,100287,22.97,-0.00,-0.01,0.98,0
108280,100286,23.00,-0.02,-0.01,0.98,0
108320,100297,23.03,-0.02,-0.01,1.02,0
108360,100297,22.92,-0.01,0.01,0.98,0
108400,100304,23.09,-0.02,-0.02,0.99,0
108440,100304,23.00,0.00,-0.02,0.98,0
108480,100309,22.94,0.01,-0.01,1.00,0
108520,100314,22.99,-0.01,0.01,0.99,0
108560,100313,22.98,0.00,-0.00,0.99,0
108600,100318,22.98,0.02,-0.00,1.01,0
108640,100325,23.02,-0.00,-0.01,1.02,0
108680,100324,23.03,-0.01,-0.01,1.00,0
108720,100325,23.07,-0.00,0.01,1.01,0
108760,100332,23.02,0.01,-0.01,1.02,0
108800,100334,23.01,0.01,0.01,0.98,0
108840,100339,23.05,-0.00,0.00,0.99,0
108880,100344,22.97,0.00,0.01,1.03,0
108920,100343,23.05,-0.02,0.01,1.01,0
108960,100349,23.02,-0.00,-0.01,1.00,0
109000,100347,22.98,0.00,-0.01,1.00,0
109040,100350,23.06,0.02,0.01,0.99,0
109080,100359,22.97,-0.01,-0.01,1.01,0
109120,100363,22.91,0.01,0.02,0.99,0
109160,100364,22.98,0.01,0.01,1.00,0
109200,100369,22.93,-0.00,0.01,0.99,0
109240,100372,23.01,-0.01,-0.01,1.00,0
109280,100370,23.04,0.01,0.01,1.00,0
109320,100376,22.95,-0.01,-0.02,0.98,0
109360,100374,22.89,-0.00,0.01,1.03,0
109400,100383,23.06,-0.02,0.01,1.01,0
109440,100392,22.97,-0.01,-0.02,0.98,0
109480,100389,22.95,0.00,0.01,1.00,0
109520,100392,22.97,-0.01,-0.00,0.98,0
109560,100398,23.00,0.01,0.01,0.98,0
109600,100400,22.97,-0.01,-0.00,1.00,0
109640,100409,22.96,-0.02,-0.02,0.99,0
109680,100408,22.91,0.00,-0.01,0.98,0
109720,100405,23.03,-0.00,0.01,0.98,0
109760,100413,23.06,0.02,-0.02,1.02,0
109800,100421,22.96,-0.02,0.00,1.00,0
109840,100417,23.01,0.01,-0.00,0.99,0
109880,100425,22.91,0.01,0.00,0.98,0
109920,100415,23.05,-0.01,-0.00,1.01,0
109960,100422,23.03,-0.01,-0.00,1.00,0
110000,100425,23.05,0.00,0.00,1.01,0
110040,100426,22.93,0.00,0.01,1.02,0
110080,100443,22.97,0.01,-0.00,1.02,0
110120,100435,23.00,0.00,0.01,1.00,0
110160,100444,22.89,-0.01,0.00,1.01,0
110200,100442,22.94,-0.00,-0.00,1.01,0
110240,100444,23.02,-0.01,0.00,0.99,0
110280,100451,23.01,-0.01,-0.01,1.01,0
110320,100449,23.09,-0.00,-0.02,0.98,0
110360,100455,23.06,0.01,0.00,1.00,0
110400,100459,23.04,-0.01,0.00,1.01,0
110440,100468,23.00,-0.02,0.02,1.00,0
110480,100459,22.93,-0.00,0.00,0.99,0
110520,100463,22.93,-0.02,0.02,0.98,0
110560,100471,22.94,0.01,-0.02,1.02,0
110600,100473,22.97,-0.01,0.01,1.00,0
110640,100483,23.05,-0.01,0.01,1.00,0
110680,100476,22.95,-0.02,0.01,0.98,0
110720,100488,23.04,0.01,-0.01,1.01,0
110760,100485,22.98,-0.00,-0.01,1.01,0
110800,100487,22.93,0.00,0.01,1.00,0
110840,100486,22.99,0.00,-0.01,1.04,0
110880,100494,23.07,0.01,0.01,0.97,0
110920,100500,22.93,0.00,0.01,1.00,0
110960,100493,22.98,-0.01,-0.00,1.03,0
111000,100502,22.96,-0.00,0.01,1.00,0
111040,100505,23.04,-0.01,-0.01,0.98,0
111080,100503,23.03,-0.01,-0.01,0.99,0
111120,100511,22.99,-0.01,-0.01,1.00,0
111160,100514,23.07,-0.01,0.02,1.00,0
111200,100516,23.01,-0.00,0.01,1.02,0
111240,100518,23.07,-0.01,0.01,1.00,0
111280,100524,23.05,0.01,0.00,0.98,0
111320,100519,23.06,0.02,-0.00,0.99,0
111360,100523,23.04,-0.00,-0.00,1.01,0
111400,100525,22.99,-0.00,-0.00,1.01,0
111440,100531,22.92,-0.00,-0.01,0.97,0
111480,100525,22.95,0.00,-0.02,0.98,0
111520,100536,23.06,0.01,0.01,0.99,0
111560,100533,23.03,0.01,0.01,0.97,0
111600,100538,23.02,-0.01,-0.01,0.98,0
111640,100543,22.98,-0.01,0.00,0.99,0
111680,100546,23.13,0.01,0.01,0.99,0
111720,100544,23.00,-0.01,-0.01,0.99,0
111760,100549,23.13,0.00,0.00,1.01,0
111800,100555,23.02,-0.01,0.01,0.99,0
111840,100558,23.00,0.00,-0.00,1.02,0
111880,100553,23.04,0.01,-0.01,1.00,0
111920,100564,22.94,0.01,-0.00,1.03,0
111960,100564,22.92,0.02,0.01,1.00,0
112000,100565,23.01,-0.00,-0.01,1.01,0
112040,100565,23.04,-0.01,-0.01,1.00,0
112080,100571,23.04,-0.01,-0.01,1.02,0
112120,100576,23.06,-0.00,0.01,1.00,0
112160,100577,23.09,-0.00,0.01,0.99,0
112200,100578,23.07,0.01,-0.02,1.01,0
112240,100581,22.94,-0.01,0.01,1.01,0
112280,100586,22.99,-0.01,-0.01,1.01,0
112320,100581,23.04,-0.00,-0.00,1.00,0
112360,100583,23.05,-0.01,0.00,0.99,0
112400,100587,22.97,0.00,0.00,1.01,0
112440,100596,22.96,-0.01,-0.01,1.00,0
112480,100594,22.92,0.01,0.01,1.00,0
112520,100602,23.04,0.01,0.01,0.98,0
112560,100604,22.98,0.00,0.01,1.02,0
112600,100601,23.07,0.00,0.01,1.02,0
112640,100605,23.07,-0.02,-0.00,1.01,0
112680,100604,23.02,-0.01,0.02,0.99,0
112720,100606,22.97,-0.02,0.02,0.99,0
112760,100610,22.97,-0.00,0.01,1.02,0
112800,100619,23.00,-0.01,0.00,1.00,0
113120,100635,22.93,-0.00,-0.02,1.00,0
113160,100641,22.98,-0.01,0.00,1.00,0
113200,100631,23.04,-0.02,0.00,1.00,0
113240,100630,23.05,0.00,-0.00,1.00,0
113280,100646,22.95,-0.00,0.01,1.01,0
113320,100646,22.95,0.00,0.01,0.97,0
113360,100646,23.03,0.01,0.01,1.03,0
113400,100642,23.00,-0.00,0.00,1.01,0
113440,100654,23.04,0.00,-0.01,1.00,0
113480,100658,23.05,0.01,0.00,1.00,0
113520,100655,22.98,-0.01,0.00,0.98,0
113560,100658,22.98,0.01,-0.00,1.00,0
113600,100655,22.85,0.00,0.00,0.98,0
113640,100661,22.97,0.01,0.00,0.99,0
113680,100665,22.97,-0.00,-0.01,1.00,0
113720,100669,22.94,0.00,0.00,1.00,0
113760,100671,23.01,0.03,-0.00,0.98,0
113800,100668,23.02,-0.01,-0.00,0.97,0
113840,100665,23.02,-0.01,0.00,1.03,0
113880,100677,22.94,-0.02,-0.02,0.99,0
113920,100676,22.93,0.00,-0.02,0.97,0
113960,100679,22.97,0.01,-0.00,0.96,0
114000,100682,22.95,0.01,0.01,0.99,0
114040,100679,22.98,-0.00,-0.01,1.03,0
114080,100688,23.01,0.00,0.01,0.99,0
114120,100685,22.99,0.01,-0.01,1.01,0
114160,100686,23.02,-0.02,-0.00,0.99,0
114200,100693,22.96,0.01,0.01,1.02,0
114240,100697,22.85,-0.00,0.01,0.98,0
114280,100692,23.09,-0.01,0.01,0.98,0
114320,100700,22.93,-0.01,0.01,1.00,0
114360,100692,23.01,0.00,0.01,0.99,0
114400,100703,22.99,0.00,-0.00,1.00,0
114440,100707,23.03,-0.00,-0.01,0.98,0
114480,100710,23.01,-0.00,0.02,0.98,0
114520,100710,22.98,-0.00,-0.01,1.04,0
114560,100708,22.99,-0.00,0.02,1.04,0
114600,100707,23.02,0.01,0.01,0.99,0
114640,100713,22.90,-0.01,-0.01,1.02,0
114680,100715,22.98,0.01,0.00,0.99,0
114720,100721,23.03,-0.00,-0.01,0.97,0
114760,100718,23.00,0.00,-0.00,1.00,0
114800,100719,23.03,-0.01,0.01,0.98,0
114840,100729,22.95,-0.01,-0.01,1.02,0
114880,100723,23.03,0.01,0.01,0.96,0
114920,100728,22.98,0.00,0.00,0.98,0
114960,100728,22.99,0.00,0.00,0.98,0
115000,100728,23.00,0.01,-0.01,1.02,0
115040,100729,23.01,0.00,0.02,0.98,0
115080,100737,23.05,0.01,-0.01,1.00,0
115120,100734,23.01,0.00,-0.00,1.01,0
115160,100742,22.93,-0.02,-0.00,1.00,0
115200,100743,22.97,0.02,0.01,1.00,0
115240,100741,23.00,-0.00,0.02,1.00,0
115280,100741,23.05,0.00,0.00,0.99,0
115320,100745,23.01,-0.03,0.01,1.00,0
115360,100747,23.06,-0.01,0.00,0.96,0
115400,100747,2