t_ms,basinc_pa,sicaklik_c,ax_g,ay_g,az_g,durum
0,101253,22.94,0.02,0.00,1.02,0
40,101246,23.11,0.00,0.02,0.98,0
80,101252,22.94,-0.01,0.00,1.00,0
120,101248,22.97,-0.00,0.01,1.00,0
160,101250,23.01,0.01,-0.00,1.00,0
200,101252,23.10,-0.01,0.00,1.00,0
240,101254,23.06,-0.01,-0.00,1.00,0
280,101246,23.01,0.00,-0.00,0.99,0
320,101255,22.98,0.01,0.01,0.99,0
360,101249,23.01,0.01,0.02,0.98,0
400,101250,23.02,0.02,0.01,1.01,0
440,101247,22.98,-0.01,0.02,1.00,0
480,101244,23.08,-0.00,0.02,1.01,0
520,101251,23.01,0.00,-0.02,1.00,0
560,101253,22.97,0.01,-0.01,1.01,0
600,101248,23.00,-0.01,0.01,1.00,0
640,101247,23.03,0.01,0.00,0.99,0
680,101254,23.03,-0.01,-0.00,1.03,0
720,101245,23.03,0.01,-0.01,1.00,0
760,101247,22.99,0.00,-0.00,0.99,0
800,101254,23.02,-0.01,0.00,1.00,0
840,101252,23.00,-0.01,-0.01,1.00,0
880,101247,23.02,0.00,-0.01,1.01,0
920,101249,23.09,0.00,-0.01,1.03,0
960,101255,22.98,-0.00,0.01,0.98,0
1000,101255,22.97,-0.01,0.00,1.00,0
1040,101253,23.04,-0.00,0.01,1.01,0
1080,101247,22.95,-0.00,0.00,1.00,0
1120,101254,23.03,-0.00,0.01,1.02,0
1160,101253,23.01,0.01,-0.02,1.00,0
1200,101253,22.91,0.01,-0.00,1.00,0
1240,101253,22.94,-0.02,0.01,1.01,0
1280,101252,23.06,0.01,0.00,1.01,0
1320,101243,23.03,-0.00,0.00,1.02,0
1360,101245,23.06,0.00,0.00,1.00,0
1400,101242,22.96,0.02,-0.00,1.01,0
1440,101247,23.06,0.00,-0.00,0.98,0
1480,101254,22.98,0.02,-0.00,1.01,0
1520,101254,22.99,-0.00,0.01,0.99,0
1560,101245,22.95,-0.00,-0.01,1.02,0
1600,101253,23.02,-0.00,-0.00,0.99,0
1640,101245,22.95,-0.01,0.01,1.00,0
1680,101252,23.00,0.00,0.01,1.02,0
1720,101258,22.98,-0.01,-0.02,0.98,0
1760,101248,23.00,0.00,-0.01,1.00,0
1800,101251,23.02,0.01,-0.01,1.01,0
1840,101253,23.10,0.00,-0.00,0.98,0
1880,101251,23.01,0.00,-0.02,0.99,0
1920,101250,22.93,0.01,-0.01,1.00,0
1960,101245,23.01,-0.00,-0.00,1.04,0
2000,101251,22.97,0.00,-0.00,1.00,0
2040,101253,23.00,-0.00,-0.00,1.00,0
2080,101252,23.02,0.01,0.01,1.01,0
2120,101250,22.96,0.02,-0.00,1.00,0
2760,101249,23.03,-0.00,-0.01,1.03,0
2800,101255,23.03,-0.02,-0.01,1.01,0
2840,101254,23.06,-0.00,-0.01,1.00,0
2880,101254,23.07,0.01,-0.02,1.00,0
2920,101248,23.00,-0.00,-0.01,0.99,0
2960,101246,23.02,0.00,0.01,1.01,0
3000,101247,22.98,0.00,0.01,1.00,0
3040,101247,22.94,0.01,-0.00,1.00,0
3080,101245,23.00,0.02,0.00,1.02,0
3120,101243,23.02,-0.01,-0.01,0.98,0
3160,101251,22.98,0.01,0.00,0.99,0
3200,101248,22.98,-0.00,0.02,1.01,0
3240,101249,23.02,-0.01,0.01,1.00,0
3280,101246,22.99,-0.02,-0.01,1.01,0
3320,101251,22.92,-0.02,-0.00,1.02,0
3360,101255,23.00,-0.00,0.00,0.99,0
3400,101249,22.94,-0.02,0.01,0.99,0
3440,101253,23.01,0.01,-0.01,0.98,0
3480,101251,22.96,-0.00,0.00,1.01,0
3520,101252,23.02,-0.01,0.00,0.98,0
3560,101249,23.04,-0.01,0.00,1.00,0
3600,101244,23.02,-0.01,-0.01,0.97,0
3640,101245,22.97,0.01,-0.00,1.00,0
3680,101255,22.96,0.01,0.01,0.99,0
3720,101252,22.89,0.01,0.01,0.99,0
3760,101250,23.03,0.01,0.01,0.99,0
3800,101248,23.00,0.01,-0.01,0.99,0
3840,101251,22.96,-0.00,-0.00,0.99,0
3880,101254,23.08,0.00,0.00,1.01,0
3920,101250,23.07,0.02,-0.00,1.02,0
3960,101243,22.99,-0.01,0.00,1.01,0
4000,101258,22.96,-0.00,-0.00,1.01,0
4040,101253,23.02,-0.01,0.01,0.99,0
4080,101251,22.96,0.00,0.00,1.00,0
4120,101250,22.98,-0.01,0.00,1.00,0
4160,101253,23.01,0.03,0.00,0.99,0
4200,101254,23.01,-0.02,-0.01,1.01,0
4240,101250,22.95,-0.01,-0.01,1.01,0
4280,101251,22.93,0.02,-0.02,1.01,0
4320,101250,23.00,0.01,-0.01,1.00,0
4360,101254,23.00,-0.00,0.01,0.99,0
4400,101248,23.00,-0.00,0.01,1.01,0
4440,101248,22.88,-0.00,-0.01,0.99,0
4480,101258,23.03,-0.01,0.01,1.00,0
4520,101247,22.92,-0.01,0.01,0.99,0
4560,101242,22.98,0.01,-0.02,1.02,0
4600,101250,22.96,0.00,0.01,1.00,0
4640,101248,23.00,-0.00,-0.01,1.00,0
4680,101247,23.05,-0.01,-0.01,0.98,0
4720,101248,22.99,0.00,0.01,1.02,0
4760,101259,23.05,0.01,-0.01,0.97,0
4800,101250,23.02,-0.00,-0.01,0.99,0
4840,101253,22.98,0.02,0.01,0.99,0
4880,101253,23.06,-0.00,-0.00,0.99,0
4920,101257,22.95,0.01,-0.01,0.99,0
4960,101256,22.99,0.02,0.00,1.01,0
5000,101247,23.00,0.02,-0.01,1.01,0
5040,101049,23.01,-0.01,-0.01,0.99,0
5080,100944,23.15,-0.01,-0.00,0.99,0
5120,100932,23.06,0.01,-0.02,1.01,0
5160,100913,22.91,-0.00,-0.02,0.98,0
5200,100850,23.01,-0.02,-0.01,1.00,0
5240,100803,22.94,0.01,-0.01,1.01,0
5280,100835,23.05,0.01,-0.02,1.00,0
5320,100858,23.02,0.01,-0.00,0.98,0
5360,100782,23.01,-0.00,0.01,0.97,0
5400,100587,22.86,-0.01,-0.01,1.00,0
5440,100395,23.02,-0.00,-0.00,1.00,0
5480,100286,23.03,0.01,0.00,1.03,0
5520,100236,22.99,-0.02,0.00,1.01,0
5560,100158,22.98,0.00,0.01,0.99,0
5600,100070,22.90,0.01,-0.00,0.99,0
5640,100032,23.00,-0.00,0.01,1.00,0
5680,100086,22.99,-0.00,-0.02,1.00,0
5720,100144,22.92,0.01,0.01,1.02,0
5760,100089,23.04,0.01,0.00,1.00,0
5800,99924,23.12,-0.00,-0.02,0.99,0
5840,99766,22.98,-0.01,0.01,1.01,0
5880,99667,22.97,-0.01,-0.02,1.00,0
5920,99592,23.01,-0.00,0.02,1.01,0
5960,99462,23.05,-0.00,-0.01,1.00,0
6000,99321,23.02,-0.00,0.00,1.00,0
6040,99279,23.02,0.00,0.00,1.01,0
6080,99344,22.97,-0.00,0.00,1.00,0
6120,99406,22.91,-0.01,-0.01,0.99,0
6160,99371,23.04,0.01,0.01,1.00,0
6200,99246,23.01,0.01,0.00,1.00,0
6240,99142,23.04,0.00,-0.00,1.01,0
6280,99073,22.97,-0.00,-0.00,1.00,0
6320,98976,22.99,-0.00,0.00,1.02,0
6360,98805,23.02,-0.01,-0.00,1.01,0
6400,98628,22.92,0.00,-0.00,1.00,0
6440,98563,23.12,0.01,-0.00,0.99,0
6480,98618,23.03,-0.00,0.01,1.01,0
6520,98669,22.99,-0.00,-0.01,1.01,0
6560,98630,23.01,0.01,0.01,1.03,0
6600,98554,23.03,0.02,0.00,1.00,0
6640,98505,23.01,0.01,-0.02,0.99,0
6680,98476,22.97,-0.02,-0.01,1.00,0
6720,98372,23.05,-0.01,0.02,1.00,0
6760,98183,23.01,-0.01,0.01,0.98,0
6800,97978,22.94,0.01,-0.01,0.99,0
6840,97909,22.95,-0.00,0.01,0.98,0
6880,97922,22.95,-0.01,0.02,1.01,0
6920,97937,22.99,0.00,0.01,1.00,0
6960,97901,23.02,0.01,0.00,1.02,0
7000,97853,22.93,0.02,0.00,1.00,0
7040,97852,22.93,-0.00,0.01,1.01,0
7080,97863,23.09,0.00,-0.01,1.00,0
7120,97776,22.96,-0.01,-0.01,0.99,0
7160,97586,23.04,0.01,-0.01,1.00,0
7200,97391,23.05,-0.01,0.00,0.98,0
7240,97293,23.00,-0.00,-0.00,0.97,0
7280,97274,23.01,0.01,-0.00,1.01,0
7320,97235,22.89,-0.01,0.01,1.00,0
7360,97166,23.05,0.00,0.02,0.99,0
7400,97133,23.07,0.00,0.01,0.98,0
7440,97185,22.91,-0.01,-0.01,1.02,0
7480,97237,23.00,-0.01,-0.01,0.99,0
7520,97173,23.03,0.00,-0.01,0.98,0
7560,96995,23.05,0.01,0.01,0.99,0
7600,96818,23.02,0.00,-0.02,1.00,0
7640,96724,22.99,-0.01,0.01,1.00,0
7680,96673,23.00,0.00,0.01,1.02,0
7720,96582,22.96,0.00,0.01,1.00,0
7760,96464,22.97,-0.00,0.01,1.01,0
7800,96443,23.12,0.00,-0.01,1.00,0
7840,96505,22.97,0.00,0.00,1.01,0
7840,96505,22.97,0.00,0.00,1.01,0
7880,96587,22.97,-0.02,0.00,1.01,0
7920,96537,22.93,-0.01,0.00,0.99,0
7960,96404,22.96,0.02,0.03,1.00,0
8000,96268,22.98,-0.01,-0.01,1.01,0
8040,96190,23.03,-0.01,0.01,1.00,0
8080,96105,23.04,-0.01,-0.00,1.01,0
8120,95966,22.91,0.00,-0.01,1.01,0
8160,95810,23.00,-0.01,0.00,0.98,0
8200,95773,22.93,-0.01,-0.01,0.99,0
8240,95842,22.97,-0.01,-0.02,1.02,0
8280,95913,22.96,0.02,0.02,1.00,0
8320,95882,23.11,-0.01,-0.00,0.98,0
8360,95789,23.03,0.02,0.00,1.02,0
8400,95702,22.97,-0.00,0.01,1.02,0
8440,95660,23.03,0.00,-0.01,0.97,0
8480,95563,23.01,0.01,0.02,1.02,0
8520,95391,22.95,-0.00,-0.02,1.01,0
8560,95210,22.99,0.01,-0.01,1.01,0
8600,95143,22.98,-0.01,0.01,0.99,0
8640,95193,23.01,0.01,-0.01,0.97,0
8680,95240,22.99,0.00,0.02,0.99,0
8720,95215,23.02,-0.02,0.01,0.96,0
8760,95150,22.91,0.00,0.01,1.00,0
8800,95133,22.93,-0.00,0.00,0.99,0
8840,95127,22.92,0.00,-0.00,1.01,0
8880,95039,22.96,0.01,0.01,1.00,0
8920,94852,23.06,0.00,-0.01,1.02,0
8960,94655,23.12,0.01,0.00,1.01,0
9000,94572,22.99,0.00,0.01,1.02,0
9520,93883,23.08,0.00,-0.02,1.01,0
9560,93861,23.03,-0.02,0.02,1.01,0
9600,93931,22.92,-0.01,0.00,1.00,0
9640,93996,23.05,0.00,0.01,0.97,0
9680,93946,22.93,0.00,-0.01,0.99,0
9720,93790,23.06,0.01,-0.00,0.99,0
9760,93639,23.00,0.01,-0.01,0.98,0
9800,93557,22.98,-0.01,0.01,1.01,0
9840,93487,22.95,0.01,-0.00,1.00,0
9880,93387,23.07,0.00,-0.00,1.00,0
9920,93265,23.02,-0.00,0.00,0.98,0
9960,93233,23.01,0.01,-0.00,1.00,0
10000,93318,22.98,-0.00,0.02,0.99,0
10040,93395,23.01,-0.00,0.01,0.99,0
10080,93362,22.97,-0.00,0.00,0.99,0
10120,93248,23.02,-0.00,0.00,1.00,0
10160,93142,22.94,-0.00,0.01,0.99,0
10200,93079,23.07,-0.00,0.00,0.99,0
10240,92998,23.01,-0.01,-0.00,1.01,0
10280,92847,22.95,0.01,0.02,1.02,0
10320,92690,23.01,-0.02,0.02,0.99,0
10360,92650,22.95,0.00,-0.01,0.99,0
10400,92713,23.02,0.01,-0.01,1.00,0
10440,92783,22.96,0.00,-0.00,1.00,0
10480,92761,23.03,-0.00,0.00,1.00,0
10520,92687,22.98,0.00,0.00,1.01,0
10560,92640,23.02,-0.01,0.01,0.99,0
10600,92613,22.92,-0.01,-0.01,1.00,0
10640,92521,22.95,-0.00,-0.00,0.97,0
10680,92345,23.05,0.00,-0.01,1.01,0
10720,92169,22.92,0.00,0.00,0.99,0
10760,92105,23.00,-0.00,-0.00,1.01,0
10800,92136,22.95,-0.01,0.01,1.00,0
10840,92180,23.02,-0.01,0.00,1.00,0
10880,92147,22.99,0.01,0.01,1.03,0
10920,92106,23.01,-0.00,0.01,1.02,0
10960,92119,22.89,-0.01,-0.00,1.00,0
11000,92128,22.93,0.01,-0.01,1.00,0
11040,92053,23.03,-0.01,-0.00,0.98,0
11080,91876,23.03,-0.00,0.01,1.01,0
11120,91686,23.03,-0.00,0.01,0.99,0
11160,91603,23.04,0.01,-0.00,0.99,0
11200,91608,22.97,-0.01,0.02,0.99,0
11240,91593,23.07,0.01,-0.00,0.98,0
11280,91541,23.02,-0.00,-0.00,0.99,0
11320,91524,22.94,0.01,-0.01,0.98,0
11360,91576,22.91,0.00,0.02,0.99,0
11400,91631,23.01,0.03,-0.00,1.00,0
11440,91576,22.95,-0.01,-0.01,1.02,0
11480,91409,22.99,0.01,0.01,0.97,0
11520,91235,23.05,0.00,0.01,1.01,0
11560,91150,23.04,-0.00,-0.01,1.03,0
11600,91116,23.05,0.01,-0.00,0.98,0
11640,91037,23.03,0.02,0.00,1.00,0
11680,90955,23.06,-0.00,-0.02,1.01,0
11720,90939,22.99,-0.01,0.01,1.00,0
11760,91014,23.03,-0.00,0.01,1.02,0
11800,91095,22.96,-0.00,-0.01,1.01,0
11840,91068,22.88,0.01,0.02,0.99,0
11880,90930,22.92,-0.00,-0.01,0.99,0
11920,90797,23.02,-0.01,0.01,1.00,0
11960,90732,22.98,0.01,0.02,1.00,0
12000,90662,23.10,-0.01,-0.00,0.98,0
12040,90542,23.02,0.01,-0.00,1.00,0
12080,90405,23.05,0.00,0.01,1.02,0
12120,90384,23.01,-0.00,0.01,0.99,0
12160,90466,23.07,0.00,0.01,0.98,0
12200,90551,23.09,0.00,-0.00,1.01,0
12240,90539,23.02,-0.00,-0.02,1.01,0
12280,90434,22.99,-0.02,-0.01,1.01,0
12320,90362,22.90,0.01,-0.00,0.99,0
12360,90322,23.05,0.00,-0.02,1.02,0
12400,90234,22.97,-0.00,0.02,1.02,0
12440,90071,22.99,0.01,0.01,1.01,0
12480,89910,22.99,-0.00,-0.02,1.01,0
12520,89862,23.13,-0.01,-0.03,0.98,0
12560,89927,22.92,0.00,-0.00,1.00,0
12600,89990,23.03,0.00,0.00,0.99,0
12640,89978,22.97,-0.01,-0.00,0.99,0
12680,89917,23.02,-0.01,0.01,1.03,0
12720,89903,23.06,-0.01,-0.01,1.02,0
12760,89895,22.96,-0.01,-0.01,0.99,0
12800,89818,23.05,-0.02,0.01,1.01,0
12840,89630,22.98,0.01,-0.00,1.02,0
12880,89463,22.93,0.00,-0.00,1.00,0
12920,89392,23.01,0.01,-0.01,1.02,0
12960,89418,22.98,0.00,0.01,1.00,0
13000,89448,23.08,-0.01,-0.00,0.96,0
13040,89416,23.03,-0.01,-0.00,0.99,0
13080,89395,23.05,0.01,-0.01,1.01,0
13120,89424,22.85,-0.01,-0.01,0.99,0
13160,89464,22.98,0.01,-0.00,1.00,0
13200,89405,23.09,0.02,-0.02,1.01,0
13240,89218,23.02,-0.01,0.01,1.02,0
13280,89045,23.03,0.00,-0.00,0.98,0
13320,88962,23.05,-0.02,-0.02,0.99,0
13360,88953,23.06,-0.00,0.01,1.01,0
13400,88928,23.02,0.01,0.00,1.01,0
13440,88866,22.91,-0.01,-0.01,1.00,0
13480,88855,23.05,0.00,-0.01,1.00,0
13520,88928,22.92,0.00,0.01,1.00,0
13560,88993,22.94,-0.01,-0.00,1.00,0
13600,88948,23.00,-0.00,0.00,1.00,0
13640,88802,22.97,0.01,-0.01,0.97,0
13680,88646,22.91,0.00,-0.00,1.00,0
13720,88575,23.01,0.02,-0.00,1.03,0
13760,88530,22.94,0.01,0.00,1.03,0
13800,88444,22.96,-0.00,0.01,1.00,0
13840,88348,22.97,0.00,-0.00,1.01,0
13880,88329,22.95,0.01,0.01,1.01,0
13920,88419,22.97,-0.01,0.02,1.00,0
13960,88508,22.96,0.00,0.01,1.00,0
14000,88485,22.94,-0.00,0.00,1.00,0
14040,88378,22.93,-0.00,0.00,1.00,0
14080,88266,23.07,0.01,-0.02,1.00,0
14120,88214,23.06,0.00,-0.00,1.00,0
14160,88145,22.98,0.01,-0.00,0.98,0
14200,88011,23.01,0.01,0.00,1.01,0
14240,87866,22.96,0.01,-0.01,1.00,0
14280,87836,23.05,-0.00,0.01,1.01,0
14320,87921,22.94,-0.00,0.01,0.98,0
14360,87998,23.03,-0.01,0.00,0.99,0
14400,87989,23.00,0.00,-0.01,1.00,0
14440,87919,23.03,-0.00,0.00,0.99,0
14480,87865,23.07,0.01,-0.00,1.01,0
14520,87854,22.95,0.00,0.00,1.00,0
14560,87769,22.94,-0.01,-0.01,1.02,0
14600,87607,22.96,-0.02,0.00,0.99,0
14640,87429,22.98,-0.01,0.00,1.00,0
14680,87384,22.97,0.01,-0.00,1.01,0
14720,87445,22.96,0.00,-0.00,1.02,0
14760,87498,22.95,0.02,0.01,1.02,0
14800,87484,22.99,-0.01,0.00,1.00,0
14840,87439,22.97,-0.01,-0.01,1.00,0
14880,87458,23.03,-0.02,-0.00,0.99,0
14920,87478,22.98,0.01,0.01,0.98,0
14960,87405,23.02,-0.00,0.02,1.00,0
15000,87232,23.01,0.01,-0.01,0.98,0
15040,87048,23.02,0.00,0.01,0.97,0
15080,86973,22.91,0.00,-0.01,0.98,0
15120,87001,23.04,0.01,0.00,1.02,0
15160,87006,22.97,-0.00,-0.01,1.01,0
15200,86971,23.00,-0.01,0.01,1.02,0
15240,86953,22.96,-0.02,0.01,1.00,0
15280,87014,23.05,-0.01,-0.01,1.01,0
15320,87069,23.00,0.01,-0.02,0.99,0
15360,87022,23.02,0.00,-0.01,1.00,0
15400,86859,22.98,0.01,0.01,0.98,0
15440,86689,22.97,-0.01,-0.00,0.99,0
15480,86619,23.02,0.00,0.00,1.01,0
15520,86599,22.92,-0.01,-0.00,1.02,0
15560,86557,22.96,0.02,0.02,0.99,0
15600,86485,23.06,-0.02,0.00,1.01,0
15640,86465,22.97,-0.01,-0.02,1.01,0
15680,86558,22.98,0.01,-0.00,0.96,0
15720,86651,23.07,0.01,0.00,1.00,0
15760,86613,23.08,-0.01,0.01,1.00,0
15800,86481,23.01,0.01,-0.00,0.98,0
15840,86347,23.00,-0.01,-0.01,1.01,0
15880,86286,23.01,-0.01,0.02,1.00,0
15920,86231,22.98,-0.01,-0.00,0.98,0
15960,86132,23.10,-0.01,-0.01,1.01,0
16000,86024,22.95,-0.01,0.00,0.98,0
16040,86000,23.04,-0.00,-0.01,0.98,0
16080,86094,23.00,-0.00,0.01,1.00,0
16120,86191,23.10,0.01,-0.01,1.02,0
16160,86185,23.00,0.01,-0.01,1.01,0
16200,86084,22.94,0.00,0.01,0.98,0
16240,86011,22.98,0.00,-0.00,1.00,0
16280,85967,23.04,0.01,-0.00,1.01,0
16320,85898,23.01,-0.01,0.00,0.98,0
16360,85760,22.97,0.01,0.00,1.01,0
16400,85605,22.96,-0.02,-0.00,0.99,0
16440,85575,23.00,-0.01,0.00,1.02,0
16480,85651,23.03,0.00,0.00,1.04,0
16520,85734,23.03,-0.03,-0.00,1.01,0
16560,85720,23.09,-0.02,-0.01,1.01,0
16600,85673,23.02,-0.02,0.00,0.98,0
16640,85646,22.94,0.01,-0.00,0.98,0
16680,85643,23.01,0.01,0.02,0.99,0
16720,85580,23.06,-0.03,-0.00,0.98,0
16760,85403,23.05,-0.01,-0.02,1.01,0
16800,85239,22.93,-0.00,0.03,0.98,0
16840,85181,23.03,-0.01,0.02,1.01,0
16880,85230,22.90,-0.00,-0.00,0.98,0
16920,85273,23.11,0.00,0.00,1.02,0
16960,85257,23.01,0.00,0.02,0.98,0
17000,85228,23.07,0.00,0.00,1.02,0
17040,85264,23.07,0.01,-0.01,0.99,0
17080,85311,22.92,-0.01,-0.02,1.00,0
17120,85243,22.95,0.01,-0.01,1.01,0
17160,85073,23.01,-0.01,0.01,1.02,0
17200,84906,23.02,0.00,0.01,1.00,0
17240,84837,22.99,0.01,-0.01,1.00,0
17280,84845,23.03,-0.00,0.02,1.00,0
17320,84837,22.95,-0.00,-0.00,1.00,0
17360,84794,23.04,0.01,0.00,1.00,0
17400,84783,23.01,-0.00,0.01,1.02,0
17440,84862,23.03,-0.00,0.01,1.02,0
17480,84937,22.96,-0.00,-0.01,1.00,0
17520,84889,23.00,-0.01,0.01,0.98,0
17560,84748,23.01,0.00,0.00,0.98,0
17600,84598,23.07,0.00,0.01,1.01,0
17640,84529,22.94,-0.00,-0.00,0.99,0
17680,84501,22.99,-0.00,-0.02,1.02,0
17720,84436,22.99,-0.00,-0.00,1.00,0
17760,84357,23.03,0.00,0.02,1.00,0
17800,84346,22.94,0.01,-0.01,0.99,0
17840,84444,23.01,-0.01,-0.00,1.00,0
17880,84539,23.11,0.01,-0.00,0.97,0
17920,84523,22.93,0.00,-0.01,0.99,0
17960,84408,22.93,-0.01,0.01,0.99,0
18000,84299,23.00,0.00,-0.01,1.00,0
18040,84249,22.99,-0.02,0.02,0.99,0
18080,84187,23.04,-0.01,-0.02,1.03,0
18120,84072,23.02,0.00,0.00,1.00,0
18160,83949,22.97,-0.01,-0.01,1.01,0
18200,83933,22.98,0.02,0.00,0.98,0
18240,84023,23.00,0.01,-0.00,0.99,0
18280,84121,22.99,0.01,-0.01,1.00,0
18320,84118,23.02,-0.02,0.00,1.00,0
18360,84045,23.01,-0.03,-0.01,1.01,0
18400,83992,22.98,0.01,-0.01,0.98,0
18440,83972,23.09,-0.02,-0.00,0.98,0
18480,83898,22.98,-0.01,-0.02,1.00,0
18520,83750,22.87,-0.01,0.02,1.01,0
18560,83593,23.02,-0.00,0.00,1.00,0
18600,83554,23.02,-0.00,-0.00,0.99,0
18640,83628,23.01,-0.01,-0.01,0.99,0
18680,83695,23.01,-0.01,-0.02,1.00,0
18720,83693,23.02,0.01,0.01,1.02,0
18760,83658,23.08,0.01,-0.00,0.98,0
18800,83670,23.04,0.00,0.01,1.01,0
18840,83680,23.02,-0.01,0.02,1.00,0
18880,83613,22.94,0.02,-0.01,1.00,0
18920,83446,23.04,0.01,-0.01,1.01,0
18960,83286,22.86,-0.00,0.01,0.99,0
19000,83219,23.01,-0.01,-0.01,1.01,0
19040,83258,22.95,0.00,0.01,1.02,0
19080,83290,23.08,0.01,0.01,1.01,0
19120,83263,22.94,-0.02,0.00,1.00,0
19160,83256,23.12,0.00,-0.01,0.98,0
19200,83306,22.95,0.01,0.02,1.00,0
19240,83378,23.05,-0.01,0.01,1.00,0
19280,83322,23.09,-0.01,-0.00,0.98,0
19320,83160,23.03,-0.01,0.00,1.02,0
19360,83001,23.06,-0.00,0.01,0.99,0
19400,82932,22.96,0.00,-0.00,0.97,0
19440,82929,22.95,-0.01,-0.01,0.96,0
19480,82901,23.05,-0.02,-0.00,1.03,0
19520,82849,22.97,-0.01,0.00,0.98,0
19560,82852,22.95,0.01,0.01,0.97,0
19600,82935,22.99,-0.00,-0.01,1.00,0
19640,83028,23.07,-0.00,0.01,1.00,0
19680,83002,23.06,0.02,-0.01,1.02,0
19720,82876,23.06,0.01,-0.01,1.01,0
19760,82739,22.98,0.03,0.00,0.99,0
19800,82672,22.95,0.01,-0.02,0.98,0
19840,82636,23.03,0.01,-0.01,1.00,0
19880,82547,22.98,-0.02,0.00,1.02,0
19920,82461,23.05,-0.01,-0.01,1.01,0
19960,82449,23.01,-0.00,-0.00,1.02,0
20000,82553,22.91,-0.01,0.00,1.01,0
20040,82650,23.03,0.01,-0.00,1.02,0
20080,82655,23.02,-0.00,0.01,0.99,0
20120,82557,23.00,-0.02,-0.01,1.01,0
20160,82476,22.91,0.00,0.01,1.01,0
20200,82438,22.96,-0.01,0.01,0.99,0
20240,82373,23.03,-0.01,0.01,1.00,0
20280,82245,22.95,0.01,-0.01,1.00,0
20320,82110,23.03,0.00,0.01,1.00,0
20360,82086,23.00,-0.00,-0.00,0.99,0
20400,82174,22.98,0.01,-0.01,1.00,0
20440,82271,22.94,0.01,0.01,0.97,0
20480,82268,23.04,-0.00,-0.01,0.99,0
20520,82216,23.00,-0.01,0.00,0.99,0
20560,82190,22.97,0.02,0.00,1.00,0
20600,82191,22.95,0.00,-0.00,0.98,0
20640,82117,23.06,0.01,0.01,0.99,0
20680,81963,22.98,-0.02,-0.02,1.03,0
20720,81803,22.98,-0.01,-0.01,1.01,0
20760,81759,22.93,-0.01,0.01,0.97,0
20800,81831,22.93,0.00,0.00,1.01,0
20840,81879,22.96,-0.01,0.02,0.98,0
20880,81879,23.03,0.01,-0.01,0.98,0
20920,81868,22.96,0.00,-0.01,1.00,0
20960,81894,23.00,0.01,0.02,1.00,0
21000,81921,23.00,0.01,0.00,0.98,0
21040,81878,23.07,-0.01,-0.01,0.97,0
21080,81714,23.06,-0.01,0.01,0.97,0
21120,81549,22.96,0.00,-0.01,1.00,0
21160,81487,23.03,-0.01,0.01,1.01,0
21200,81501,22.94,0.01,-0.01,1.01,0
21240,81509,22.98,-0.00,0.00,1.01,0
21280,81481,22.99,-0.01,-0.00,1.01,0
21320,81478,23.05,0.01,0.01,0.99,0
21360,81562,22.95,0.01,0.01,1.01,0
21400,81635,23.05,0.00,-0.01,1.00,0
21440,81599,22.95,0.02,0.01,1.00,0
21480,81451,23.07,0.00,-0.01,0.98,0
21520,81302,22.96,-0.00,0.01,1.01,0
21560,81239,22.97,-0.00,0.01,1.02,0
21600,81227,22.96,-0.00,0.00,1.01,0
21640,81178,22.96,-0.01,-0.00,1.00,0
21680,81107,23.04,0.01,-0.00,1.01,0
21720,81110,22.99,0.00,0.01,1.02,0
21760,81215,23.02,-0.00,0.00,1.01,0
21800,81313,22.93,-0.01,-0.01,1.01,0
21840,81302,23.06,0.00,0.00,0.99,0
21880,81185,23.05,-0.01,0.01,0.98,0
21920,81074,22.96,0.01,0.01,1.00,0
21960,81020,22.99,0.03,-0.01,1.02,0
22000,80978,23.02,0.02,-0.01,0.99,0
22040,80877,23.00,0.01,0.01,1.01,0
22080,80769,23.00,0.01,0.01,1.03,0
22120,80758,23.00,0.00,0.00,1.00,0
22160,80870,22.94,-0.01,-0.01,1.01,0
22200,80973,23.01,0.00,-0.00,0.98,0
22240,80966,23.04,-0.02,-0.01,1.03,0
22280,80894,23.01,0.01,0.00,1.01,0
22320,80843,22.99,0.02,-0.01,1.03,0
22360,80811,22.98,0.00,0.00,1.02,0
22400,80749,22.97,-0.01,-0.02,1.02,0
22440,80611,22.97,0.02,-0.01,1.03,0
22480,80475,22.96,-0.00,-0.00,1.02,0
22520,80442,22.94,0.01,0.01,0.99,0
22560,80528,23.02,-0.02,0.01,0.99,0
22600,80613,22.97,0.00,-0.01,1.01,0
22640,80615,23.03,0.01,0.01,1.00,0
22680,80576,23.01,0.00,-0.01,0.99,0
22720,80574,22.94,0.02,-0.01,1.01,0
22760,80605,23.02,-0.00,-0.00,1.00,0
22800,80538,23.03,-0.00,-0.01,1.01,0
22840,80380,23.00,-0.00,0.01,1.00,0
22880,80214,23.04,0.01,-0.01,0.99,0
22920,80166,23.01,0.00,0.01,1.01,0
22960,80217,23.02,-0.00,-0.00,0.98,0
23000,80268,22.91,0.01,-0.00,1.01,0
23040,80252,23.04,-0.00,-0.01,1.00,0
23080,80250,23.06,0.00,-0.01,1.04,0
23120,80304,23.05,0.01,0.01,0.99,0
23160,80359,23.01,0.01,0.01,1.01,0
23200,80312,23.03,-0.01,0.00,0.96,0
23240,80156,23.00,0.02,0.01,1.01,0
23280,79994,23.02,0.02,-0.01,1.00,0
23320,79933,23.00,-0.01,0.01,1.02,0
23360,79952,22.98,-0.01,0.01,0.99,0
23400,79938,23.03,0.01,0.00,1.03,0
23440,79894,23.02,-0.01,0.00,1.01,0
23480,79896,23.05,-0.01,-0.02,1.00,0
23520,79993,22.97,-0.00,0.01,0.99,0
23560,80086,22.93,-0.00,0.01,1.03,0
23600,80056,23.00,0.00,0.00,1.01,0
23640,79928,22.97,-0.01,0.00,0.96,0
23680,79795,23.00,0.01,0.01,0.99,0
23720,79737,22.92,0.01,-0.00,0.97,0
23760,79713,22.92,0.00,-0.01,1.00,0
23800,79642,23.01,0.00,-0.00,0.99,0
23840,79566,22.97,-0.00,-0.00,1.03,0
23880,79570,22.96,-0.00,0.00,1.00,0
23920,79672,23.00,0.01,0.01,0.99,0
23960,79782,22.96,0.00,0.00,0.99,0
24000,79778,22.91,0.00,-0.00,1.05,0
24040,79689,23.05,-0.00,0.01,1.02,0
24080,79597,23.05,0.01,-0.01,0.98,0
24120,79558,22.98,0.01,0.00,1.00,0
24160,79506,22.90,0.00,0.02,1.02,0
24200,79396,23.03,0.01,-0.00,1.00,0
24240,79271,23.01,-0.01,-0.01,1.02,0
24280,79256,23.02,0.00,-0.02,0.98,0
24320,79354,23.05,-0.01,-0.00,1.00,0
24360,79460,23.04,0.01,-0.02,1.00,0
24400,79470,23.01,-0.00,0.00,0.99,0
24440,79410,23.07,-0.00,0.00,0.98,0
24480,79378,23.04,-0.01,-0.01,0.97,0
24520,79376,23.04,-0.02,0.00,1.05,0
24560,79317,22.98,0.00,0.01,0.98,0
24600,79170,23.07,-0.01,-0.01,0.99,0
24640,79018,22.98,-0.01,0.00,1.00,0
24680,78983,23.02,0.00,-0.00,1.01,0
24720,79063,22.99,0.00,0.00,1.00,0
24760,79133,22.98,-0.01,0.01,0.99,0
24800,79138,22.97,0.00,0.01,0.99,0
24840,79119,23.02,-0.01,-0.00,1.02,0
24880,79142,22.92,-0.01,0.02,1.00,0
24920,79178,22.88,0.01,-0.00,1.02,0
24960,79121,22.94,-0.00,0.01,1.01,0
25000,78968,22.99,0.00,0.01,1.02,0
25040,78809,23.09,0.00,0.01,0.97,0
25080,78763,22.99,-0.00,0.01,1.01,0
25120,78788,23.04,0.02,-0.01,0.99,0
25160,78820,23.01,0.03,-0.00,0.97,0
25200,78789,22.97,0.01,0.00,1.00,0
25240,78797,23.08,0.00,0.00,1.02,0
25280,78880,22.93,-0.00,0.00,1.01,0
25320,78950,23.03,0.01,0.01,1.02,0
25360,78921,22.99,-0.01,0.01,1.00,0
25400,78776,22.97,0.01,-0.00,1.01,0
25440,78621,23.13,-0.00,-0.00,1.01,0
25480,78562,23.07,0.01,-0.01,1.00,0
25520,78565,22.93,0.00,0.00,1.01,0
25560,78532,22.95,-0.01,-0.01,1.00,0
25600,78472,23.02,0.00,0.00,1.03,0
25640,78490,23.10,-0.01,-0.00,1.01,0
25680,78600,23.02,0.01,-0.01,1.02,0
25720,78691,22.89,0.02,-0.01,1.00,0
25760,78683,23.01,0.01,-0.00,1.01,0
25800,78569,22.99,-0.00,-0.01,1.00,0
25840,78449,23.02,-0.01,0.00,0.99,0
25880,78401,22.88,-0.01,-0.02,1.01,0
25920,78364,23.12,-0.01,0.00,0.97,0
25960,78278,23.03,-0.00,0.02,1.00,0
26000,78189,23.02,0.01,0.01,1.02,0
26040,78186,23.05,-0.00,0.01,1.00,0
26080,78294,23.02,-0.01,-0.00,0.99,0
26120,78408,23.08,-0.00,-0.00,1.00,0
26160,78411,23.03,-0.00,-0.02,1.00,0
26200,78338,23.09,-0.00,0.00,0.99,0
26240,78274,23.00,-0.01,0.00,0.99,0
26280,78252,23.12,-0.00,-0.00,1.01,0
26320,78200,23.01,-0.01,0.01,0.99,0
26360,78068,22.94,0.00,0.01,1.00,0
26400,77933,23.08,-0.00,-0.01,1.00,0
26440,77918,23.02,-0.01,0.01,1.00,0
26480,78020,22.99,-0.01,-0.01,1.00,0
26520,78110,23.01,0.01,0.01,0.99,0
26560,78118,23.01,-0.01,0.02,1.00,0
26600,78083,22.91,-0.00,0.00,1.01,0
26640,78078,22.99,-0.00,-0.01,1.00,0
26680,78088,22.99,-0.00,-0.00,0.97,0
26720,78038,22.96,-0.01,0.02,1.01,0
26760,77882,22.94,0.00,-0.00,0.98,0
26800,77729,22.98,-0.00,0.00,0.98,0
26840,77688,23.00,-0.00,-0.01,1.01,0
26880,77750,23.09,-0.02,-0.01,1.02,0
26920,77814,22.91,0.01,-0.01,1.00,0
26960,77811,23.01,0.01,-0.01,0.98,0
27000,77802,22.95,0.00,0.01,0.97,0
27040,77847,22.99,0.01,0.00,1.01,0
27080,77907,23.03,-0.00,-0.00,0.99,0
27120,77867,22.99,0.00,0.00,1.00,0
27160,77707,22.97,-0.01,0.00,0.99,0
27200,77553,23.02,-0.00,0.02,1.01,0
27240,77496,22.94,0.00,0.00,1.00,0
27280,77521,22.93,-0.01,0.01,0.99,0
27320,77528,23.00,-0.00,-0.02,1.00,0
27360,77503,23.06,0.00,0.00,0.99,0
27400,77515,23.04,0.00,0.00,1.00,0
27440,77606,22.97,-0.00,-0.02,0.97,0
27480,77696,23.01,0.03,-0.01,1.00,0
27520,77672,23.06,0.00,-0.00,1.02,0
27560,77541,22.93,-0.01,0.02,1.01,0
27600,77407,23.04,0.00,0.01,1.02,0
27640,77351,22.99,-0.01,0.01,0.97,0
27680,77336,23.01,0.01,0.01,0.99,0
27720,77288,22.99,-0.01,-0.02,1.01,0
27760,77221,23.01,0.01,0.01,1.00,0
27800,77227,22.96,-0.01,0.02,0.98,0
27840,77334,23.10,-0.00,0.00,0.99,0
27880,77448,22.98,-0.00,-0.01,0.98,0
27920,77446,23.07,0.00,-0.00,1.02,0
27960,77344,23.04,-0.00,-0.01,1.00,0
28000,77259,23.03,0.00,-0.01,1.03,0
28040,77215,22.98,-0.01,0.00,1.01,0
28080,77169,22.91,-0.01,-0.00,0.97,0
28120,77073,22.95,0.00,0.00,0.97,0
28160,76966,22.99,0.01,0.01,1.01,0
28200,76957,23.02,0.00,-0.01,0.99,0
28240,77069,23.01,0.01,0.00,1.00,0
28280,77181,23.06,-0.01,0.00,1.01,0
28320,77189,23.02,-0.00,0.02,1.01,0
28360,77132,22.97,0.00,0.01,0.99,0
28400,77095,23.02,0.01,-0.00,1.01,0
28440,77081,22.96,0.00,0.01,0.97,0
28480,77033,23.01,-0.00,-0.00,1.00,0
28520,76892,22.97,0.00,-0.00,1.01,0
28560,76748,22.98,-0.00,-0.01,1.00,0
28600,76726,23.09,-0.00,0.00,1.02,0
28640,76817,22.98,0.01,-0.02,1.01,0
28680,76900,22.94,-0.01,0.01,1.00,0
28720,76913,22.95,0.00,0.01,1.04,0
28760,76886,22.96,0.01,0.01,0.99,0
28800,76907,23.01,-0.00,-0.00,1.00,0
29040,76594,23.06,-0.00,-0.01,1.02,0
29080,76628,23.01,0.00,-0.01,1.02,0
29120,76623,23.03,0.01,-0.00,0.98,0
29160,76623,23.03,-0.00,-0.01,0.97,0
29200,76696,23.00,-0.01,0.01,1.00,0
29240,76768,22.93,0.01,0.01,1.01,0
29280,76733,23.01,-0.01,0.00,0.99,0
29320,76590,22.99,0.00,-0.00,1.00,0
29360,76441,23.02,-0.00,-0.01,1.02,0
29400,76389,22.97,0.00,-0.01,0.98,0
29440,76403,23.05,-0.01,-0.00,1.00,0
29480,76383,22.96,0.01,-0.00,0.97,0
29520,76341,23.00,-0.00,0.00,0.99,0
29560,76356,22.97,0.02,-0.00,1.01,0
29600,76460,22.97,-0.00,0.01,1.00,0
29640,76564,23.04,0.00,-0.02,1.01,0
29680,76549,22.97,-0.01,0.00,0.99,0
29720,76427,23.07,0.01,-0.00,0.98,0
29760,76320,23.00,-0.02,-0.02,0.96,0
29800,76262,23.08,-0.01,0.02,0.99,0
29840,76243,23.01,0.00,0.00,0.98,0
29880,76172,23.04,-0.01,-0.01,1.01,0
29920,76092,22.95,-0.01,-0.01,1.02,0
29960,76101,23.04,0.00,0.02,0.99,0
30000,76219,22.95,-0.01,0.01,0.99,0
30040,76331,23.06,-0.01,-0.01,1.00,0
30080,76340,22.97,0.00,0.00,1.00,0
30120,76250,23.02,-0.02,0.00,0.98,0
30160,76184,23.07,0.00,0.01,0.99,0
30200,76157,22.92,0.01,-0.01,1.01,0
30240,76109,22.96,-0.02,0.01,0.99,0
30280,75997,22.98,-0.00,0.01,0.99,0
30320,75879,23.00,0.00,0.00,1.00,0
30360,75870,22.90,0.00,0.02,1.05,0
30400,75968,22.91,-0.00,0.01,0.98,0
30440,76081,23.02,0.00,0.00,0.99,0
30480,76088,22.96,-0.00,-0.01,0.99,0
30520,76049,23.07,0.00,-0.00,1.00,0
30560,76035,23.03,-0.00,0.01,0.98,0
30600,76051,22.99,0.00,-0.01,1.00,0
30640,75992,23.03,-0.00,0.00,0.97,0
30680,75849,22.95,0.03,-0.02,0.98,0
30720,75702,23.02,0.01,0.00,1.04,0
30760,75674,22.92,-0.01,0.00,1.01,0
30800,75749,22.98,0.01,-0.01,1.02,0
30840,75820,22.99,-0.02,-0.00,1.01,0
30880,75823,23.05,-0.00,-0.00,1.02,0
30920,75820,22.94,-0.00,0.01,1.02,0
30960,75867,23.04,-0.00,0.01,1.01,0
31000,75914,23.08,0.01,0.00,1.01,0
31040,75868,22.96,-0.02,0.01,1.02,0
31080,75720,22.90,-0.01,-0.00,0.99,0
31120,75566,22.99,0.00,0.00,0.98,0
31160,75524,23.12,-0.01,-0.01,1.01,0
31200,75555,23.08,0.00,0.00,1.02,0
31240,75580,22.88,-0.00,0.00,1.03,0
31280,75559,23.06,0.02,-0.00,1.00,0
31320,75576,23.06,0.01,0.00,1.01,0
31360,75657,23.00,-0.01,-0.00,0.98,0
31400,75748,22.99,-0.01,-0.00,0.99,0
31440,75720,23.00,-0.00,0.01,1.03,0
31480,75594,23.02,-0.01,-0.02,1.01,0
31520,75455,22.94,-0.01,-0.02,0.99,0
31560,75406,23.04,-0.00,0.01,1.02,0
31600,75405,22.93,-0.00,0.01,0.98,0
31640,75363,23.04,0.01,0.00,0.99,0
31680,75311,23.03,-0.00,0.01,0.99,0
31720,75326,23.00,-0.01,0.01,1.02,0
31760,75438,23.08,-0.01,-0.02,1.02,0
31800,75550,22.93,0.00,-0.00,1.00,0
31840,75544,22.94,0.00,-0.00,0.99,0
31880,75441,23.04,0.00,0.01,0.99,0
31920,75348,22.97,-0.01,0.01,1.01,0
31960,75306,22.98,0.02,0.01,0.99,0
32000,75275,22.99,0.00,-0.00,0.98,0
32040,75186,23.01,0.01,-0.00,1.00,0
32080,75089,22.92,-0.00,0.00,0.99,0
32120,75096,22.94,0.03,0.01,1.00,0
32160,75213,23.02,-0.02,-0.00,1.01,0
32200,75329,23.02,-0.00,-0.02,1.00,0
32240,75334,23.02,0.01,-0.00,1.00,0
32280,75279,22.99,-0.02,-0.02,0.99,0
32320,75226,23.01,-0.00,-0.00,0.98,0
32360,75214,22.99,0.01,-0.01,0.98,0
32400,75177,22.98,0.02,0.01,1.01,0
32440,75042,22.92,0.00,-0.01,0.97,0
32480,74918,22.95,-0.02,0.02,0.99,0
32520,74896,23.05,0.00,-0.00,1.02,0
32560,74991,22.98,0.02,0.00,1.00,0
32600,75096,23.06,0.00,0.02,1.00,0
32640,75106,23.02,0.02,0.00,0.99,0
32680,75080,22.96,0.01,0.00,1.03,0
32720,75096,22.99,0.00,-0.01,1.00,0
32760,75125,22.96,-0.01,0.01,1.02,0
32800,75067,22.96,-0.02,0.01,0.98,0
32840,74930,23.01,-0.00,-0.00,1.01,0
32880,74776,23.02,0.01,0.00,1.00,0
32920,74734,23.02,-0.01,0.01,0.98,0
32960,74801,22.98,0.01,-0.00,1.00,0
33000,74856,22.98,-0.00,0.01,1.01,0
33040,74860,23.00,-0.01,0.00,0.99,0
33080,74863,22.95,-0.00,-0.00,1.00,0
33120,74922,23.10,-0.01,0.01,1.02,0
33160,74991,23.06,-0.01,0.00,0.99,0
33200,74961,22.99,-0.00,0.01,1.00,0
33240,74816,23.04,0.01,-0.00,0.99,0
33280,74671,22.92,0.00,0.01,1.01,0
33320,74619,22.93,0.01,0.01,0.98,0
33760,74511,22.99,0.01,-0.00,1.00,0
33800,74463,23.00,0.01,-0.00,1.02,0
33840,74390,22.93,0.01,-0.00,1.01,0
33880,74410,22.98,0.00,0.00,0.99,0
33920,74522,22.96,0.01,0.02,0.99,0
33960,74643,23.01,0.00,-0.01,1.00,0
34000,74646,22.93,0.00,-0.01,1.01,0
34040,74569,22.90,-0.02,-0.01,1.01,0
34080,74482,23.02,0.01,0.01,0.99,0
34120,74452,23.03,0.01,0.02,1.02,0
34160,74416,23.10,-0.01,-0.01,0.99,0
34200,74310,23.03,0.01,-0.02,1.00,0
34240,74206,23.07,-0.00,0.00,0.99,0
34280,74209,23.04,0.00,-0.00,0.99,0
34320,74314,22.98,-0.00,0.02,1.00,0
34360,74426,23.08,-0.00,0.01,1.00,0
34400,74443,23.03,0.00,0.00,0.99,0
34440,74396,22.99,-0.00,-0.02,1.02,0
34480,74382,22.96,0.01,0.00,1.01,0
34520,74383,23.01,-0.01,-0.02,1.00,0
34560,74335,23.06,-0.00,-0.00,0.99,0
34600,74195,23.01,0.01,-0.02,1.03,0
34640,74065,22.97,-0.02,0.01,0.99,0
34680,74033,22.97,0.01,0.00,0.97,0
34720,74123,23.06,-0.01,-0.00,1.00,0
34760,74206,22.99,0.01,-0.01,1.02,0
34800,74216,22.99,0.02,-0.00,1.00,0
34840,74208,23.00,0.00,-0.02,1.00,0
34880,74241,23.05,0.00,-0.00,0.99,0
34920,74289,22.99,-0.01,0.01,1.00,0
34960,74252,23.10,-0.00,0.00,1.00,0
35000,74102,22.91,-0.01,-0.01,0.99,0
35040,73950,22.98,-0.00,0.02,1.00,0
35080,73911,22.99,0.00,0.02,1.02,0
35120,73959,23.05,-0.00,0.01,0.99,0
35160,73997,22.98,-0.02,-0.00,1.00,0
35200,73984,23.00,0.01,0.00,0.99,0
35240,73997,22.92,0.00,0.01,0.98,0
35280,74085,23.09,0.00,-0.01,0.97,0
35320,74176,23.10,-0.00,-0.01,1.00,0
35360,74142,23.01,0.01,-0.01,0.99,0
35400,74006,23.03,-0.00,-0.00,1.02,0
35440,73870,23.01,0.00,-0.00,1.00,0
35480,73818,22.97,-0.00,0.00,0.99,0
35520,73833,22.98,-0.00,-0.00,1.00,0
35560,73809,23.09,0.00,-0.01,1.00,0
35600,73768,23.03,0.00,0.01,1.01,0
35640,73789,22.92,-0.00,-0.01,0.99,0
35680,73898,23.01,0.00,-0.00,0.99,0
35720,74009,22.93,-0.01,0.00,1.02,0
35760,74006,22.89,0.00,-0.01,1.00,0
35800,73896,23.02,-0.00,0.00,0.99,0
35840,73800,23.02,-0.01,0.01,0.99,0
35880,73757,23.04,0.01,-0.01,1.01,0
35920,73733,23.00,-0.02,0.01,0.99,0
35960,73658,23.01,-0.02,-0.01,1.00,0
36000,73577,23.09,-0.00,-0.02,1.01,0
36040,73590,22.94,-0.00,0.00,1.01,0
36080,73703,23.04,0.01,-0.01,1.01,0
36120,73820,22.95,-0.02,-0.00,0.99,0
36160,73842,23.06,0.01,0.01,1.00,0
36200,73771,23.07,-0.00,-0.01,1.02,0
36240,73720,22.95,-0.00,-0.00,0.97,0
36280,73703,23.03,0.01,-0.01,1.00,0
36320,73656,23.02,0.01,-0.00,0.99,0
36360,73540,22.99,-0.00,-0.00,1.01,0
36400,73417,23.01,-0.00,-0.01,0.99,0
36440,73414,22.98,-0.00,-0.00,0.97,0
36480,73509,23.09,-0.00,-0.01,1.01,0
36520,73625,23.03,0.01,0.01,0.99,0
36560,73642,22.98,-0.01,0.01,0.99,0
36600,73612,23.02,0.02,0.00,1.01,0
36640,73616,22.97,0.01,0.00,1.00,0
36680,73636,23.03,-0.02,0.01,1.01,0
36720,73599,22.90,-0.00,-0.00,1.02,0
36760,73448,23.02,0.01,-0.01,0.99,0
36800,73307,23.02,-0.01,-0.02,1.02,0
36840,73276,22.93,-0.01,-0.01,0.99,0
36880,73341,23.03,0.01,-0.00,0.96,0
36920,73418,22.98,-0.01,0.01,0.99,0
36960,73426,22.95,-0.00,-0.00,1.01,0
37000,73424,23.01,0.01,0.01,1.01,0
37040,73486,22.93,-0.01,-0.00,1.00,0
37080,73552,23.07,0.01,-0.01,1.00,0
37120,73519,23.02,0.01,0.00,0.99,0
37160,73374,22.93,-0.01,0.00,1.02,0
37200,73227,22.91,-0.00,-0.01,0.97,0
37240,73178,22.98,0.01,0.00,0.97,0
37280,73214,23.00,0.01,-0.01,1.00,0
37320,73229,22.94,0.01,-0.03,1.02,0
37360,73207,23.03,0.01,-0.00,0.99,0
37400,73227,22.97,0.00,0.01,1.00,0
37440,73332,23.04,0.00,0.01,0.99,0
37480,73427,23.08,-0.00,0.01,1.00,0
37520,73414,23.02,-0.01,-0.00,0.99,0
37560,73290,23.04,-0.01,0.01,0.98,0
37600,73165,23.01,0.01,0.01,1.00,0
37640,73124,23.02,-0.01,0.00,0.98,0
37680,73113,22.97,-0.01,0.01,0.98,0
37720,73065,22.94,-0.01,-0.01,1.02,0
37760,73013,23.07,0.01,0.00,0.99,0
37800,73031,22.99,-0.01,-0.00,0.99,0
37840,73152,23.14,-0.01,0.02,0.98,0
37880,73267,22.98,-0.00,0.01,1.02,0
37920,73280,22.96,-0.01,0.00,1.03,0
37960,73185,22.92,0.01,0.01,0.97,0
38000,73106,23.07,-0.01,0.01,0.98,0
38040,73072,23.00,-0.01,-0.01,0.99,0
38080,73039,23.04,-0.00,0.00,1.01,0
38120,72940,22.99,-0.01,-0.01,0.98,0
38160,72844,22.95,0.01,0.01,0.99,0
38200,72851,23.04,0.00,-0.00,1.02,0
38240,72969,23.05,-0.00,0.00,0.99,0
38280,73087,22.99,0.01,0.00,0.98,0
38320,73112,23.05,0.01,0.01,0.98,0
38360,73059,22.94,-0.01,-0.02,1.00,0
38400,73026,23.02,-0.00,0.00,1.01,0
38440,73027,22.96,0.00,0.02,0.96,0
38480,72987,22.99,0.02,0.01,1.00,0
38520,72849,22.96,0.01,0.00,1.00,0
38560,72720,23.01,0.01,0.02,0.98,0
38600,72709,22.99,0.01,0.00,0.97,0
38640,72804,22.96,-0.01,-0.00,1.01,0
38680,72894,22.94,-0.00,0.01,0.98,0
38720,72913,22.99,0.00,0.00,1.00,0
38760,72905,23.09,-0.01,0.02,0.98,0
38800,72935,23.06,0.00,0.01,1.01,0
38840,72972,23.04,-0.01,0.01,1.01,0
38880,72927,23.02,-0.00,0.01,0.98,0
38920,72786,23.04,-0.00,0.00,0.98,0
38960,72642,23.01,0.00,0.01,1.01,0
39000,72600,22.99,0.01,0.00,1.03,0
39040,72661,23.00,0.00,-0.00,1.00,0
39080,72711,22.97,0.01,-0.00,0.98,0
39120,72711,23.03,-0.01,-0.01,0.98,0
39160,72721,22.94,0.00,-0.01,0.99,0
39200,72808,22.91,-0.01,0.00,1.01,0
39240,72877,22.98,0.01,-0.01,1.03,0
39280,72852,22.98,0.00,-0.01,1.00,0
39320,72725,22.99,-0.01,-0.01,0.99,0
39360,72584,22.97,0.01,-0.01,1.00,0
39400,72531,22.94,-0.00,-0.01,0.99,0
39440,72559,22.89,-0.00,-0.00,0.98,0
39480,72546,23.05,-0.01,-0.00,0.99,0
39520,72518,22.99,-0.00,0.00,1.00,0
39560,72539,22.99,-0.01,-0.00,1.01,0
39600,72643,22.98,0.00,-0.01,0.99,0
39640,72757,22.95,-0.03,-0.00,1.02,0
39680,72752,22.99,0.00,0.02,1.01,0
39720,72643,22.98,0.01,-0.01,1.00,0
39760,72537,23.06,0.01,-0.01,1.00,0
39800,72497,22.96,-0.01,-0.01,1.03,0
39840,72475,22.99,-0.00,-0.04,1.00,0
39880,72417,22.94,0.01,0.01,1.00,0
39920,72345,22.96,0.00,0.00,1.01,0
39960,72351,23.11,-0.02,0.00,0.98,0
40000,72486,22.97,0.01,0.01,1.00,0
40040,72603,23.01,0.01,0.01,1.02,0
40080,72620,22.96,0.00,-0.01,1.02,0
40120,72545,22.92,0.00,0.01,1.00,0
40160,72485,23.03,0.00,0.00,1.00,0
40200,72466,23.00,-0.01,-0.00,0.98,0
40240,72429,22.96,0.01,-0.01,0.99,0
40280,72316,23.01,0.01,-0.02,1.00,0
40320,72201,23.00,0.01,0.00,1.00,0
40360,72202,22.94,-0.01,-0.01,1.02,0
40400,72319,22.97,0.01,0.00,0.98,0
40440,72427,23.04,0.01,0.02,1.01,0
40480,72458,22.92,-0.01,0.00,1.02,0
40520,72424,22.97,0.00,0.00,0.99,0
40560,72407,22.95,-0.01,-0.01,1.01,0
40600,72440,23.05,0.00,0.00,1.01,0
40640,72389,22.99,-0.00,0.01,0.97,0
40680,72249,23.07,-0.01,-0.01,1.03,0
40720,72108,23.08,0.01,0.00,1.04,0
40760,72082,23.07,0.01,0.01,0.98,0
40800,72172,22.93,-0.00,0.01,0.99,0
40840,72249,22.97,-0.01,0.00,1.02,0
40880,72264,23.06,0.01,-0.01,1.02,0
40920,72260,22.96,0.02,-0.01,1.00,0
40960,72313,22.91,0.00,0.02,1.01,0
41000,72379,23.03,0.02,-0.00,1.01,0
41040,72338,23.04,-0.02,-0.02,0.99,0
41080,72193,22.96,0.01,0.01,0.99,0
41120,72047,23.02,0.00,-0.01,0.98,0
41160,72013,23.03,-0.02,-0.01,1.00,0
41200,72051,23.00,0.00,0.01,0.99,0
41240,72080,23.04,-0.01,-0.00,1.02,0
41280,72071,23.00,0.00,0.01,1.00,0
41320,72098,23.02,0.00,-0.02,0.99,0
41360,72188,22.99,-0.00,0.01,1.01,0
41400,72286,23.00,0.01,0.01,0.98,0
41440,72266,22.92,-0.00,-0.02,1.00,0
41480,72140,23.06,0.02,0.00,1.02,0
41520,72015,22.98,0.00,0.01,1.00,0
41560,71963,23.05,0.00,-0.02,1.00,0
41600,71972,22.94,0.01,0.01,1.02,0
41640,71942,23.01,0.00,-0.01,1.01,0
41680,71893,23.12,0.01,0.00,1.00,0
41720,71917,23.04,-0.00,-0.01,0.98,0
41760,72037,23.01,-0.02,0.01,1.01,0
41800,72162,23.02,-0.01,-0.01,0.99,0
41840,72167,23.05,-0.02,0.00,1.01,0
41880,72068,22.96,-0.02,0.00,1.00,0
41920,71975,23.02,0.01,0.00,1.01,0
41960,71938,22.99,0.01,-0.00,1.00,0
42000,71917,23.01,-0.00,0.01,0.99,0
42040,71834,23.02,-0.02,0.01,1.02,0
42080,71744,22.96,-0.02,-0.01,1.02,0
42120,71760,22.99,-0.00,0.00,1.01,0
42160,71879,22.92,0.01,0.01,1.01,0
42200,72002,22.94,-0.01,0.01,1.04,0
42240,72026,22.95,-0.01,-0.00,1.00,0
42280,71967,22.99,-0.02,-0.01,1.02,0
42320,71933,23.00,-0.02,-0.00,0.99,0
42360,71920,23.04,-0.01,-0.02,0.99,0
42400,71881,22.94,0.01,-0.00,0.99,0
42440,71764,23.00,-0.01,0.00,1.00,0
42480,71642,23.01,0.00,0.01,1.03,0
42520,71624,23.03,-0.01,0.01,0.98,0
42560,71730,23.08,-0.01,-0.01,0.99,0
42600,71832,23.03,0.02,0.00,1.00,0
42640,71858,22.95,0.01,-0.00,0.99,0
42680,71847,23.00,-0.01,-0.01,1.00,0
42720,71857,23.01,0.01,0.01,0.98,0
42760,71897,22.98,0.01,0.02,1.01,0
42800,71856,23.03,0.01,-0.00,1.01,0
42840,71714,22.99,0.00,0.02,1.00,0
42880,71567,23.11,-0.02,0.00,1.01,0
42920,71541,23.07,-0.00,-0.00,0.99,0
42960,71604,23.05,0.01,0.02,0.97,0
43000,71666,22.97,-0.01,-0.01,0.97,0
43040,71676,23.01,-0.02,0.00,1.00,0
43080,71684,22.98,0.01,0.01,1.00,0
43120,71757,22.96,0.01,-0.00,0.99,0
43160,71835,22.93,0.01,-0.01,1.01,0
43200,71807,22.90,0.01,0.01,1.01,0
43240,71675,22.93,-0.01,0.02,1.00,0
43280,71530,23.07,-0.00,-0.00,1.02,0
43320,71484,22.95,-0.02,-0.01,1.00,0
43360,71515,22.93,-0.02,-0.01,1.01,0
43400,71530,23.03,0.00,0.00,0.98,0
43440,71502,23.02,-0.00,-0.01,1.01,0
43480,71526,23.00,-0.01,0.00,1.00,0
43520,71632,23.02,-0.01,-0.00,0.99,0
43560,71740,23.00,0.01,0.01,0.98,0
43600,71741,22.92,0.01,-0.00,0.97,0
43640,71624,22.93,0.00,0.00,0.99,0
43680,71499,22.93,-0.01,-0.02,1.02,0
43720,71465,22.97,-0.00,-0.02,0.98,0
43760,71460,22.97,-0.00,-0.01,0.99,0
43800,71407,22.95,-0.00,-0.01,1.01,0
43840,71346,23.02,-0.00,0.00,1.01,0
43880,0,23.03,0.01,0.00,0.99,0
43920,71487,23.07,-0.00,0.01,1.00,0
43960,71615,23.03,0.01,0.00,0.99,0
44000,71627,23.06,0.01,0.02,1.00,0
44040,71552,22.93,-0.02,0.02,0.99,0
44080,71480,22.92,-0.01,-0.02,1.01,0
44120,71460,23.07,0.01,-0.01,1.00,0
44160,71421,22.98,0.01,-0.01,1.00,0
44200,71325,22.98,0.00,0.00,1.01,0
44240,71227,23.01,0.01,-0.00,0.99,0
44280,71234,22.96,0.03,-0.01,1.00,0
44320,71347,23.06,-0.02,0.01,1.01,0
44360,71463,23.00,-0.00,-0.00,0.99,0
44400,71487,23.02,0.01,0.01,0.98,0
44440,71445,23.10,0.01,-0.00,0.98,0
44480,71429,23.00,-0.00,-0.01,1.01,0
44520,71446,22.95,-0.00,0.00,1.00,0
44560,71405,22.92,-0.00,-0.00,0.99,0
44600,71275,22.97,0.02,-0.01,0.99,0
44640,71143,22.97,-0.01,0.00,1.03,0
44680,71118,22.95,-0.03,-0.01,1.00,0
44720,71211,23.04,0.00,0.01,1.00,0
44760,71297,23.10,0.00,-0.00,0.98,0
44800,71327,22.97,0.02,-0.00,1.00,0
44840,71317,23.03,-0.00,-0.01,0.99,0
44880,71359,22.98,0.02,0.01,0.98,0
44920,71415,23.07,-0.00,-0.01,1.02,0
44960,71374,23.03,-0.01,-0.01,0.98,0
45000,71239,22.99,0.01,0.03,1.00,0
45040,71093,23.10,0.01,0.01,1.00,0
45080,71058,23.03,0.00,-0.01,1.00,0
45120,71105,22.96,0.00,-0.01,1.03,0
45160,71150,23.02,-0.00,-0.00,0.98,0
45200,71150,22.95,0.01,-0.01,0.99,0
45240,71166,22.98,0.01,-0.01,1.02,0
45280,71265,23.01,-0.00,-0.00,1.03,0
45320,71346,22.94,-0.01,0.01,1.01,0
45360,71330,23.02,-0.00,0.00,0.99,0
45400,71209,23.02,0.00,0.01,0.98,0
45440,71073,23.03,-0.01,-0.01,1.00,0
45480,71033,22.96,-0.02,-0.00,1.02,0
45520,71041,22.91,0.00,-0.01,1.01,0
45560,71034,23.07,-0.00,-0.01,1.00,0
45600,70989,22.96,0.00,0.03,1.01,0
45640,71017,23.02,0.01,0.01,1.02,0
45680,71130,23.06,-0.01,-0.00,0.99,0
45720,71255,22.98,-0.01,-0.01,1.00,0
45760,71258,23.04,0.01,-0.01,1.01,0
45800,71161,23.01,0.01,-0.02,0.99,0
45840,71059,23.04,0.01,0.00,1.00,0
45880,71031,23.04,-0.01,0.00,1.00,0
45920,71003,22.99,0.01,0.02,1.04,0
45960,70933,22.97,0.02,0.01,0.98,0
46000,70852,23.03,0.01,0.01,1.01,0
46040,70874,23.01,0.01,-0.01,0.99,0
46080,70994,22.92,-0.01,-0.01,1.00,0
46120,71117,23.00,-0.00,0.00,1.02,0
46160,71145,22.92,-0.02,-0.00,0.97,0
46200,71087,22.95,0.00,0.02,1.01,0
46240,71031,22.95,0.01,-0.00,1.00,0
46280,71027,23.08,0.01,0.01,0.98,0
46320,70981,22.97,0.02,-0.01,1.01,0
46360,70870,23.01,0.01,0.01,1.01,0
46400,70762,23.13,0.00,-0.01,1.01,0
46440,70755,22.94,0.01,-0.01,0.99,0
46480,70863,22.91,-0.00,0.01,1.00,0
46520,70975,23.06,-0.01,-0.00,0.98,0
46560,71001,22.95,0.01,-0.01,0.98,0
46600,70978,23.02,0.01,0.01,1.01,0
46640,70997,23.06,-0.01,0.00,1.00,0
46680,71015,23.00,0.00,-0.01,1.02,0
46720,70979,22.98,-0.00,0.00,1.03,0
46760,70841,23.14,-0.00,-0.02,1.00,0
46800,70711,22.97,0.01,-0.00,0.98,0
47240,70636,23.01,0.01,0.01,0.99,0
47280,70668,23.04,-0.01,-0.01,0.99,0
47320,70693,22.98,-0.01,-0.01,0.99,0
47360,70679,23.09,-0.01,-0.00,0.99,0
47400,70710,22.99,-0.02,0.01,0.99,0
47440,70816,23.03,-0.00,-0.01,0.99,0
47480,70920,22.99,0.01,0.00,0.99,0
47520,70903,23.04,-0.01,0.01,0.99,0
47560,70785,23.01,0.01,-0.01,1.00,0
47600,70665,22.95,-0.01,0.01,0.97,0
47640,70620,23.02,-0.00,-0.00,0.99,0
47680,70623,23.06,0.01,0.01,0.99,0
47720,70587,23.01,-0.01,0.01,1.01,0
47760,70526,23.03,-0.00,0.01,1.00,0
47800,70565,23.07,0.00,0.02,1.02,0
47840,70695,23.03,-0.00,0.02,0.97,0
47880,70806,23.04,0.02,-0.01,0.99,0
47920,70823,22.95,-0.01,0.01,1.00,0
47960,70745,23.01,0.01,-0.01,1.00,0
48000,70660,23.00,0.02,-0.00,0.99,0
48040,70632,22.94,-0.00,0.01,1.02,0
48080,70607,22.99,-0.01,-0.02,1.01,0
48120,70514,23.02,-0.01,-0.00,1.01,0
48160,70429,23.05,0.01,0.00,1.01,0
48200,70434,23.04,0.00,-0.01,1.00,0
48240,70561,23.01,0.00,-0.02,1.01,0
48280,70668,22.99,0.00,0.00,0.99,0
48320,70702,22.99,0.02,-0.01,1.01,0
48360,70663,22.97,0.00,0.01,0.98,0
48400,70635,23.04,0.01,0.01,1.01,0
48440,70647,22.98,-0.02,0.00,1.02,0
48480,70606,22.91,0.00,-0.01,1.02,0
48520,70471,23.04,0.02,0.01,1.01,0
48560,70354,23.04,-0.00,0.02,1.00,0
48600,70341,23.05,-0.01,-0.00,1.00,0
48640,70441,23.07,0.00,0.00,1.00,0
48680,70539,23.05,0.00,0.00,0.99,0
48720,70556,23.02,0.00,0.01,1.02,0
48760,70555,22.87,0.00,0.01,0.99,0
48800,70586,23.07,-0.01,0.01,0.99,0
48840,70635,22.91,-0.00,-0.02,0.99,0
48880,70596,22.99,0.01,0.00,0.97,0
48920,70456,22.95,-0.01,0.01,0.99,0
48960,70313,22.96,0.02,-0.02,1.01,0
49000,70287,23.00,0.02,-0.01,1.02,0
49040,70349,23.00,0.00,0.02,0.98,0
49080,70410,22.96,0.01,0.00,0.98,0
49120,70404,23.00,-0.00,-0.01,1.02,0
49160,70426,23.08,0.00,-0.00,0.99,0
49200,70506,22.94,-0.02,-0.01,1.01,0
49240,70594,23.12,-0.01,-0.01,0.99,0
49280,70575,23.02,-0.01,0.02,0.99,0
49320,70435,23.06,-0.01,0.01,1.01,0
49360,70302,23.07,-0.00,0.00,1.00,0
49400,70265,23.07,0.02,0.00,1.00,0
49440,70290,23.06,0.01,0.00,1.02,0
49480,70282,23.01,-0.00,0.01,1.02,0
49520,70252,23.02,-0.00,-0.00,0.98,0
49560,70289,22.98,-0.00,-0.01,1.00,0
49600,70404,23.07,-0.00,0.01,0.99,0
49640,70519,23.08,-0.00,-0.00,0.99,0
49680,70518,23.05,0.01,0.02,0.98,0
49720,70417,23.06,-0.01,0.00,1.00,0
49760,70306,23.02,0.01,-0.01,0.96,0
49800,70276,23.06,-0.01,-0.01,0.98,0
49840,70259,22.94,-0.00,0.01,1.00,0
49880,70207,23.00,-0.00,-0.00,1.01,0
49920,70136,23.06,0.00,0.01,0.99,0
49960,70150,22.99,-0.01,0.02,1.00,0
50000,70281,23.07,-0.00,-0.00,1.02,0
50040,70411,22.97,-0.01,-0.02,1.00,0
50080,70427,23.01,0.01,0.00,0.99,0
50120,70366,23.02,0.00,-0.00,0.99,0
50160,70302,22.95,-0.01,-0.00,0.98,0
50200,70286,23.03,0.01,-0.02,1.00,0
50240,70257,22.99,0.00,-0.01,0.98,0
50280,70153,23.03,-0.00,-0.01,1.00,0
50320,70049,23.02,0.01,0.01,1.03,0
50360,70050,22.97,-0.00,0.02,1.02,0
50400,70159,23.02,0.01,0.00,0.98,0
50440,70279,23.03,0.00,0.00,1.02,0
50480,70306,23.02,-0.00,-0.00,1.02,0
50520,70280,23.05,-0.00,0.00,1.01,0
50560,70276,23.11,0.02,0.00,1.00,0
50600,70304,23.08,-0.00,0.00,1.01,0
50640,70268,23.00,-0.00,0.01,0.98,0
50680,70133,23.04,0.01,-0.02,1.00,0
50720,69996,23.00,-0.01,0.01,0.99,0
50760,69975,22.93,0.01,0.01,0.99,0
50800,70059,23.07,-0.01,0.01,1.00,0
50840,70147,23.01,-0.01,-0.00,0.99,0
50880,70164,22.99,0.01,-0.01,0.99,0
50920,70167,23.03,0.00,0.01,1.02,0
50960,70222,23.02,-0.02,-0.00,1.01,0
51000,70286,23.02,-0.01,0.02,1.01,0
51040,70260,22.99,0.01,-0.02,1.00,0
51080,70119,23.00,-0.02,0.01,1.01,0
51120,69976,23.07,0.01,0.00,0.98,0
51160,69939,23.07,0.01,0.00,0.99,0
51200,69985,22.98,-0.04,0.00,1.01,0
51240,70026,22.94,-0.02,0.00,0.99,0
51280,70017,22.94,-0.00,-0.01,1.02,0
51320,70040,23.04,0.01,0.00,0.99,0
51360,70142,23.01,-0.00,-0.01,1.02,0
51400,70237,23.06,0.00,0.01,0.99,0
51440,70231,23.01,-0.00,-0.01,0.97,0
51480,70109,22.98,-0.01,-0.01,0.99,0
51520,69984,22.97,-0.01,0.00,1.00,0
51560,69938,23.01,-0.00,-0.02,1.00,0
51600,69952,22.92,0.00,-0.01,1.02,0
51640,69929,23.08,0.01,-0.01,1.01,0
51680,69880,22.88,0.00,0.01,1.01,0
51720,69910,22.99,-0.01,-0.01,1.01,0
51760,70036,23.02,-0.00,-0.01,1.01,0
51800,70157,23.00,0.00,-0.00,1.00,0
51840,70166,23.09,0.01,0.01,0.97,0
51880,70075,22.99,0.01,-0.01,1.02,0
51920,69994,23.12,-0.00,0.01,1.00,0
51960,69961,22.95,-0.00,0.01,1.00,0
52000,69941,23.08,-0.01,-0.01,1.00,0
52040,69859,22.99,-0.01,0.00,1.02,0
52080,69777,22.97,-0.00,-0.00,1.01,0
52120,69794,22.88,0.00,-0.01,1.00,0
52160,69922,23.06,-0.00,-0.00,0.98,0
52200,70048,23.08,-0.01,-0.01,1.05,0
52240,70073,22.98,0.00,-0.02,1.00,0
52280,70025,22.87,-0.00,-0.01,0.99,0
52320,69988,22.99,0.01,0.00,1.00,0
52360,69984,22.97,0.02,0.00,1.00,0
52400,69948,22.99,-0.01,0.00,1.00,0
52440,69834,23.03,-0.01,0.01,1.01,0
52480,69712,23.04,-0.01,-0.00,1.01,0
52520,69709,22.95,0.01,-0.00,1.01,0
52560,69811,22.94,0.01,-0.01,0.99,0
52600,69923,23.02,0.01,-0.01,0.99,0
52640,69949,22.97,0.01,-0.02,0.98,0
52680,69928,22.95,0.00,-0.01,1.01,0
52720,69954,22.90,0.01,0.01,1.02,0
52760,69995,23.13,-0.00,-0.01,1.01,0
52800,69962,23.01,-0.00,-0.00,1.02,0
52840,69817,23.03,0.01,-0.00,0.99,0
52880,69682,22.91,0.00,-0.01,1.00,0
52920,69660,22.95,-0.01,0.01,0.98,0
52960,69724,23.01,0.00,-0.01,0.99,0
53000,69796,23.06,-0.02,0.03,1.00,0
53040,69806,22.98,0.00,-0.01,0.99,0
53080,69816,23.05,-0.01,0.00,1.00,0
53120,69893,23.01,0.00,-0.01,1.01,0
53160,69974,23.07,-0.00,-0.01,0.99,0
53200,69955,23.03,0.01,0.00,1.01,0
53240,69819,23.00,0.00,0.01,1.00,0
53280,69686,22.95,0.02,0.01,1.03,0
53320,69640,23.09,-0.01,0.00,1.00,0
53360,69674,23.02,0.00,0.00,1.02,0
53400,69693,23.00,-0.00,-0.00,1.01,0
53440,69669,22.98,-0.00,-0.01,0.98,0
53480,69695,23.05,0.01,-0.02,0.98,0
53520,69802,22.93,-0.02,0.00,0.97,0
53560,69919,22.94,-0.01,0.00,1.02,0
53600,69919,23.00,-0.01,0.01,1.00,0
53640,69813,23.08,0.01,0.01,1.00,0
53680,69698,22.96,-0.00,-0.00,1.01,0
53720,69662,23.00,0.01,-0.01,0.99,0
53760,69656,23.09,0.01,0.01,1.01,0
53800,69607,23.00,0.01,0.01,0.99,0
53840,69551,23.05,0.01,0.00,1.00,0
53880,69577,23.05,0.02,-0.02,1.01,0
53920,69701,22.98,-0.01,0.01,1.02,0
53960,69828,22.95,-0.01,0.01,1.01,0
54000,69846,22.99,0.01,0.00,0.98,0
54040,69772,22.99,-0.01,-0.02,1.00,0
54080,69706,23.00,0.01,0.01,0.98,0
54120,69690,22.98,0.02,0.01,0.98,0
54160,69663,23.03,0.00,-0.01,1.02,0
54200,69562,22.97,0.01,0.02,1.01,0
54240,69470,22.99,-0.01,0.01,1.02,0
54280,69470,22.99,0.01,0.01,1.01,0
54320,69589,22.99,0.01,-0.00,1.02,0
54360,69713,23.02,-0.00,-0.02,1.01,0
54400,69746,23.03,0.00,0.02,1.00,0
54440,69718,23.05,0.02,0.01,1.00,0
54480,69704,22.95,-0.01,-0.01,1.02,0
54520,69713,23.06,0.02,-0.00,1.00,0
54560,69673,23.08,-0.00,0.00,1.00,0
54600,69544,23.04,-0.01,-0.02,0.98,0
54640,69422,23.02,0.01,0.01,0.99,0
54680,69402,23.06,0.00,-0.00,1.01,0
54720,69498,22.91,0.00,-0.00,1.00,0
54760,69598,23.03,0.01,0.01,1.00,0
54800,69622,22.99,0.01,-0.01,0.99,0
54840,69613,22.99,0.00,0.00,0.98,0
54880,69658,23.05,0.01,0.02,1.03,0
54920,69716,23.04,0.01,-0.01,0.99,0
54960,69687,22.91,0.01,0.00,1.01,0
55000,69541,22.96,-0.02,0.00,1.01,0
55040,69404,23.05,-0.01,-0.02,1.01,0
55080,69373,23.02,-0.00,0.01,0.98,0
55120,69434,23.06,0.01,0.02,1.01,0
55160,69482,23.02,0.00,-0.01,0.99,0
55200,69484,22.97,-0.01,0.01,0.99,0
55240,69505,22.93,-0.01,-0.00,1.01,0
55280,69595,23.02,-0.01,0.01,1.00,0
55320,69694,23.12,-0.01,0.00,1.00,0
55360,69686,23.05,-0.00,-0.00,0.99,0
55400,69550,23.12,-0.00,0.00,1.02,0
55440,69421,23.01,-0.01,0.02,1.00,0
55480,69388,22.95,-0.00,0.00,0.99,0
55520,69403,22.94,0.01,0.02,0.98,0
55560,69394,23.06,0.01,-0.00,0.98,0
55600,69354,23.09,-0.00,-0.00,1.00,0
55640,69377,22.88,-0.02,0.01,1.01,0
55680,69499,23.04,-0.00,-0.02,1.01,0
55720,69625,23.07,0.01,0.00,0.98,0
55760,69636,23.01,-0.00,0.01,0.98,0
55800,69535,22.90,0.00,-0.00,1.00,0
55840,69442,22.98,0.01,-0.00,1.00,0
55880,69415,22.94,0.00,0.01,0.99,0
55920,69400,23.01,0.01,-0.01,1.00,0
55960,69330,23.02,0.00,-0.00,0.98,0
56000,69258,23.07,-0.01,-0.02,1.01,0
56040,69279,23.06,0.01,0.01,1.01,0
56080,69397,23.02,-0.01,0.01,1.03,0
56080,69397,23.02,-0.01,0.01,1.03,0
56120,69533,23.00,-0.00,0.00,0.98,0
56680,69474,23.00,0.02,-0.01,0.99,0
56720,69436,22.95,0.01,-0.01,1.00,0
56760,69296,23.04,0.00,-0.01,0.98,0
56800,69167,22.99,0.00,-0.01,1.01,0
56840,69144,23.05,-0.01,-0.01,1.03,0
56880,69224,22.96,-0.01,0.01,1.00,0
56920,69303,22.94,-0.01,0.01,0.99,0
56960,69320,23.03,0.00,0.01,1.00,0
57000,69332,22.99,0.01,0.01,1.02,0
57040,69392,23.01,-0.02,0.00,0.98,0
57080,69472,22.94,-0.00,-0.01,0.99,0
57120,69444,22.94,-0.01,0.00,1.00,0
57160,69309,23.07,0.01,0.01,0.99,0
57200,69176,22.97,0.01,-0.01,1.00,0
57240,69132,23.03,-0.01,-0.03,0.99,0
57280,69178,23.04,0.00,-0.01,1.02,0
57320,69205,22.98,0.00,-0.00,1.01,0
57360,69189,23.02,0.00,-0.00,1.03,0
57400,69218,23.04,-0.00,-0.00,0.99,0
57440,69324,23.01,-0.01,-0.00,0.98,0
57480,69435,22.96,-0.01,0.02,0.99,0
57520,69426,23.03,-0.00,-0.00,1.00,0
57560,69307,22.96,0.01,-0.00,0.98,0
57600,69193,23.03,0.01,0.01,1.00,0
57640,69160,23.03,0.01,-0.02,0.97,0
57680,69159,22.97,0.01,0.02,1.00,0
57720,69132,23.03,0.01,-0.00,1.01,0
57760,69078,23.03,-0.00,-0.00,0.99,0
57800,69107,22.95,0.00,0.02,1.00,0
57840,69231,23.08,-0.01,0.02,0.98,0
57880,69359,23.03,-0.00,0.00,1.01,0
57920,69373,23.03,0.01,-0.01,1.00,0
57960,69294,23.02,-0.02,-0.01,1.00,0
58000,69217,23.02,0.00,0.00,1.03,0
58040,69198,22.91,0.01,0.01,0.97,0
58080,69173,22.98,0.01,-0.00,1.00,0
58120,69087,23.03,0.01,-0.01,1.01,0
58160,69001,23.00,-0.01,0.03,0.99,0
58200,69007,23.09,-0.01,0.00,1.01,0
58240,69142,23.10,-0.00,0.01,1.01,0
58280,69265,22.94,-0.00,0.01,0.99,0
58320,69286,22.99,0.00,0.01,1.01,0
58360,69243,23.01,0.00,0.02,1.00,0
58400,69222,22.99,0.00,0.03,0.98,0
58440,69242,22.97,0.02,0.00,1.00,0
58480,69196,23.02,0.02,-0.02,1.01,0
58520,69075,23.00,0.00,0.00,1.03,0
58560,68951,23.09,-0.00,0.00,0.99,0
58600,68942,22.96,-0.01,0.01,1.00,0
58640,69047,22.89,-0.00,0.01,1.01,0
58680,69148,23.05,0.00,-0.00,0.99,0
58720,69177,22.95,-0.00,-0.01,1.01,0
58760,69172,22.89,0.01,-0.01,1.00,0
58800,69207,23.04,0.01,0.00,0.97,0
58840,69254,23.05,0.01,0.01,1.00,0
58880,69216,22.86,-0.01,-0.01,0.98,0
58920,69081,23.09,0.00,-0.02,0.97,0
58960,68950,23.10,-0.01,-0.00,1.01,0
59000,68921,22.97,-0.00,-0.01,1.01,0
59040,68987,23.01,-0.01,0.02,0.99,0
59080,69038,23.05,-0.02,0.01,1.00,0
59120,69049,23.02,-0.01,0.01,0.99,0
59160,69068,22.98,0.00,-0.00,0.99,0
59200,69152,23.10,0.00,-0.00,1.00,0
59240,69249,23.09,0.00,0.00,1.02,0
59280,69226,22.92,-0.01,0.00,1.01,0
59320,69101,23.02,0.01,0.00,1.02,0
59360,68968,22.97,0.02,-0.01,1.01,0
59400,68933,22.97,-0.01,-0.01,1.04,0
59440,68955,23.01,0.01,-0.01,1.04,0
59480,68957,23.07,0.01,0.01,1.00,0
59520,68931,23.03,0.01,0.02,1.01,0
59560,68959,22.99,-0.00,-0.01,1.00,0
59600,69077,22.94,0.01,0.00,1.00,0
59640,69199,23.03,0.01,-0.00,0.99,0
59680,69197,22.98,-0.00,0.01,1.01,0
59720,69099,22.99,-0.02,-0.00,0.99,0
59760,69002,23.04,0.01,0.00,1.02,0
59800,68963,22.98,0.01,-0.00,1.03,0
59840,68957,23.05,-0.02,-0.01,1.03,0
59880,68897,23.02,-0.01,0.00,1.01,0
59920,68830,22.99,-0.01,0.01,0.97,0
59960,68855,22.97,-0.02,0.01,1.01,0
60000,68990,22.94,-0.01,0.01,1.02,0
60040,69108,23.02,0.00,-0.01,0.99,0
60080,69144,22.97,0.00,-0.00,1.02,0
60120,69078,23.00,-0.02,-0.02,0.99,0
60160,69021,23.05,0.01,-0.01,1.01,0
60200,69016,22.94,-0.01,0.02,1.01,0
60240,68979,23.06,-0.00,0.01,1.01,0
60280,68876,23.01,0.00,-0.01,0.98,0
60320,68771,23.01,0.00,-0.01,1.00,0
60360,68781,22.99,-0.00,-0.02,1.01,0
60400,68898,23.06,-0.01,-0.00,1.00,0
60440,69006,23.07,0.00,0.01,1.03,0
60480,69038,23.04,-0.02,0.01,1.04,0
60520,69019,23.03,-0.01,-0.01,1.00,0
60560,69019,23.02,0.01,-0.01,0.98,0
60600,69050,22.99,-0.01,-0.00,1.00,0
60640,69010,22.94,-0.00,-0.01,1.01,0
60680,68878,22.98,-0.00,-0.00,0.99,0
60720,68749,23.05,0.00,-0.00,0.99,0
60760,68724,22.95,0.01,0.00,1.00,0
60800,68823,22.94,-0.01,-0.00,0.99,0
60840,68904,23.03,-0.01,0.01,1.01,0
60880,68925,23.02,0.02,-0.02,1.01,0
60920,68936,23.04,0.01,0.00,0.98,0
60960,68992,23.02,-0.01,-0.02,1.01,0
61000,69055,23.00,-0.00,0.01,1.00,0
61040,69030,23.06,0.02,-0.01,0.99,0
61080,68891,23.04,-0.00,-0.00,1.00,0
61120,68757,23.04,0.00,0.01,0.98,0
61160,68723,23.01,0.00,0.01,0.99,0
61200,68773,22.97,-0.01,-0.01,1.01,0
61240,68810,23.03,-0.01,0.00,1.01,0
61280,68802,23.05,-0.00,-0.01,1.00,0
61320,68835,22.97,0.01,-0.02,0.99,0
61360,68935,23.02,-0.00,0.01,1.03,0
61400,69043,22.98,0.01,0.02,1.00,0
61440,69034,23.00,-0.01,0.01,1.01,0
61480,68907,22.92,0.01,-0.02,0.99,0
61520,68784,23.01,0.00,0.00,1.01,0
61560,68748,22.95,-0.02,-0.01,0.99,0
61600,68758,23.06,-0.00,0.01,1.00,0
61640,68738,23.02,-0.02,-0.01,0.98,0
61680,68701,23.12,-0.00,-0.01,0.99,0
61720,68724,23.07,-0.00,-0.00,1.01,0
61760,68855,23.00,-0.01,-0.00,0.99,0
61800,68981,23.00,-0.00,0.00,1.00,0
61840,68999,23.00,-0.01,-0.00,0.99,0
61880,68903,22.96,0.01,-0.02,0.99,0
61920,68827,22.95,-0.00,-0.00,0.99,0
61960,68794,22.97,-0.01,-0.02,1.02,0
62000,68777,23.03,-0.00,0.00,0.99,0
62040,68698,22.97,0.00,-0.02,0.98,0
62080,68614,22.91,-0.01,0.01,1.01,0
62120,68636,23.04,-0.00,0.00,1.00,0
62160,68762,23.03,-0.00,-0.02,1.02,0
62200,68897,23.02,0.01,0.01,0.99,0
62240,68920,22.95,-0.00,0.00,1.00,0
62280,68875,23.08,-0.00,-0.00,0.98,0
62320,68835,22.99,-0.01,0.02,0.96,0
62360,68843,22.87,0.00,-0.01,1.01,0
62400,68807,22.90,0.01,-0.00,1.04,0
62440,68692,22.99,-0.01,0.02,1.00,0
62480,68579,22.98,0.02,-0.02,1.02,0
62520,68575,22.95,-0.01,0.00,1.00,0
62560,68685,22.99,0.02,-0.00,0.98,0
62600,68794,23.04,0.00,0.01,0.99,0
62640,68814,22.99,0.00,0.00,1.00,0
62680,68810,23.01,0.00,-0.02,0.98,0
62720,68840,22.98,0.01,0.02,1.01,0
62760,68876,23.02,0.00,-0.01,0.95,0
62800,68842,23.06,0.02,0.01,1.00,0
62840,68708,22.88,0.01,-0.00,0.99,0
62880,68569,23.03,0.00,0.02,0.99,0
62920,68550,23.00,0.00,0.01,1.02,0
62960,68627,22.93,0.02,-0.01,1.01,0
63000,68685,22.89,-0.02,0.00,1.00,0
63040,68705,22.88,0.01,-0.00,1.01,0
63080,68722,22.93,-0.00,-0.01,1.01,0
63120,68800,23.04,0.01,0.01,1.02,0
63160,68878,22.97,-0.01,-0.00,1.04,0
63200,68860,23.06,0.02,0.01,1.00,0
63240,68733,23.02,0.01,0.01,1.01,0
63280,68588,23.03,-0.01,0.01,0.99,0
63320,68562,23.07,0.01,0.00,1.01,0
63360,68590,22.94,-0.01,0.00,0.99,0
63400,68606,22.99,-0.00,-0.00,0.98,0
63440,68591,22.95,-0.00,0.01,0.98,0
63480,68621,22.98,-0.00,-0.00,1.00,0
63520,68737,23.05,-0.02,0.01,1.00,0
63560,68848,23.02,0.03,0.01,1.02,0
63600,68853,23.03,0.01,0.00,0.99,0
63640,68737,22.99,0.00,-0.00,1.01,0
63680,68626,22.97,0.02,0.01,1.00,0
63720,68594,22.93,0.01,-0.00,0.98,0
63760,68599,23.02,-0.00,-0.01,1.01,0
63800,68550,23.00,0.00,0.00,1.00,0
63840,68493,23.01,-0.02,0.01,1.00,0
63880,68518,23.04,0.01,0.01,0.98,0
63920,68649,23.01,-0.00,-0.00,0.97,0
63960,68784,22.89,0.00,-0.00,1.00,0
64000,68805,22.99,-0.01,0.00,1.02,0
64040,68728,23.06,0.01,0.01,1.01,0
64080,68661,23.07,-0.01,-0.00,1.02,0
64120,68645,22.94,0.01,-0.01,1.02,0
64160,68621,22.93,-0.01,0.00,1.00,0
64200,68522,23.00,-0.01,-0.01,1.00,0
64240,68434,22.98,-0.00,0.01,1.02,0
64280,68443,22.97,0.01,0.00,1.01,0
64320,68562,23.04,0.01,-0.02,1.01,0
64360,68686,23.03,-0.01,0.00,1.00,0
64400,68717,23.05,-0.00,-0.02,1.00,0
64440,68683,23.02,-0.00,-0.00,1.03,0
64480,68673,23.07,-0.02,-0.01,1.02,0
64520,68701,22.97,-0.01,0.01,0.98,0
64560,68653,22.92,0.02,-0.00,1.03,0
64600,68536,23.06,0.01,0.01,0.97,0
64640,68411,22.95,-0.00,-0.00,0.99,0
64680,68396,23.03,0.01,-0.00,1.00,0
65000,68557,22.95,-0.01,-0.01,1.01,0
65040,68417,23.04,0.00,-0.01,0.99,0
65080,68386,23.02,-0.00,0.00,1.00,0
65120,68449,22.99,-0.01,0.00,0.98,0
65160,68498,22.98,-0.01,0.00,1.00,0
65200,68498,22.96,0.00,0.01,1.01,0
65240,68524,22.97,0.01,-0.01,0.99,0
65280,68619,23.09,0.01,0.00,0.98,0
65320,68715,23.05,0.02,-0.02,0.98,0
65360,68700,22.95,0.02,0.00,1.00,0
65400,68577,22.95,-0.00,-0.01,0.98,0
65440,68452,23.05,-0.01,-0.03,0.99,0
65480,68415,23.04,-0.00,-0.00,1.00,0
65520,68436,23.00,0.00,-0.01,1.00,0
65560,68430,23.01,0.00,0.02,0.99,0
65600,68407,22.99,-0.01,-0.01,0.99,0
65640,68442,22.99,-0.01,0.00,1.01,0
65680,68560,23.06,-0.01,-0.00,1.00,0
65720,68688,23.02,-0.00,0.00,1.00,0
65760,68698,23.02,-0.00,0.01,0.98,0
65800,68610,22.95,0.02,-0.00,0.99,0
65840,68520,23.04,-0.02,0.00,1.02,0
65880,68501,23.00,0.00,0.00,1.00,0
65920,68485,22.98,0.00,0.01,1.01,0
65960,68423,22.96,-0.01,-0.00,1.01,0
66000,68356,23.03,-0.00,-0.02,1.00,0
66040,68373,23.00,0.00,0.02,1.03,0
66080,68517,22.97,-0.02,-0.01,1.01,0
66120,68645,23.02,0.01,-0.01,0.99,0
66160,68667,22.99,-0.02,0.02,1.02,0
66200,68620,22.98,0.01,0.00,1.02,0
66240,68581,23.01,-0.01,0.00,1.00,0
66280,68578,22.95,-0.01,-0.01,1.01,0
66320,68548,22.91,0.02,0.01,1.01,0
66360,68445,22.98,-0.02,0.01,1.00,0
66400,68338,22.99,-0.01,-0.01,1.01,0
66440,68341,22.85,0.00,0.01,1.02,0
66480,68455,23.06,-0.00,-0.02,1.00,0
66520,68582,22.97,0.00,-0.01,0.99,0
66560,68612,22.95,-0.01,-0.01,0.99,0
66600,68591,22.86,-0.03,-0.01,0.99,0
66640,68614,23.00,0.01,0.00,0.99,0
66680,68658,23.01,-0.02,0.00,1.00,0
66720,68621,23.01,-0.00,-0.01,1.02,0
66760,68491,22.95,-0.01,0.01,0.99,0
66800,68359,22.95,0.01,0.01,0.99,0
66840,68341,22.96,-0.00,-0.00,1.00,0
66880,68430,22.99,0.01,0.00,1.02,0
66920,68511,23.06,0.02,0.00,0.99,0
66960,68527,22.94,0.01,-0.00,1.03,0
67000,68547,23.01,0.00,-0.01,1.01,0
67040,68618,23.02,-0.00,0.01,1.00,0
67080,68697,23.00,0.00,0.02,1.00,0
67120,68676,23.07,-0.00,0.01,0.99,0
67160,68539,22.97,-0.02,-0.00,1.03,0
67200,68418,23.03,-0.01,-0.02,0.99,0
67240,68376,22.97,-0.00,-0.02,1.02,0
67280,68420,23.02,0.02,0.00,1.03,0
67320,68444,22.95,-0.00,-0.01,0.99,0
67360,68446,22.98,-0.01,-0.01,1.01,0
67400,68487,23.03,-0.01,-0.00,0.97,0
67440,68590,23.01,-0.02,-0.00,0.98,0
67480,68697,23.11,0.01,0.01,0.99,0
67520,68704,23.02,0.00,0.01,1.00,0
67560,68592,23.04,0.01,0.01,0.98,0
67600,68482,23.07,0.01,0.01,1.01,0
67640,68446,23.03,0.01,0.00,0.97,0
67680,68454,22.96,-0.01,-0.01,1.00,0
67720,68432,23.03,0.00,0.02,1.03,0
67760,68379,23.00,0.01,-0.00,1.03,0
67800,68416,23.01,-0.01,-0.00,0.99,0
67840,68538,22.91,0.02,0.00,1.01,0
67880,68678,22.99,-0.00,-0.00,0.99,0
67920,68693,22.96,-0.01,-0.00,1.00,0
67960,68616,22.99,-0.02,0.01,1.00,0
68000,68549,22.96,0.00,0.01,0.99,0
68040,68529,23.01,0.00,-0.02,1.00,0
68080,68508,23.03,0.00,0.01,0.97,0
68120,68427,23.04,0.01,0.01,0.98,0
68160,68346,22.98,0.00,0.00,1.01,0
68200,68361,23.00,-0.01,0.01,1.00,0
68240,68492,23.02,0.00,0.00,0.99,0
68280,68623,22.92,0.01,0.02,1.02,0
68320,68653,23.04,0.00,0.01,1.00,0
68360,68618,22.94,-0.00,-0.01,0.97,0
68400,68598,23.05,-0.00,-0.01,1.01,0
68440,68616,22.97,-0.01,0.01,0.97,0
68480,68578,23.01,0.02,-0.00,0.97,0
68520,68456,23.02,0.00,-0.02,1.00,0
68560,68338,23.09,-0.00,0.01,0.99,0
68600,68336,23.01,-0.00,-0.02,1.00,0
68640,68447,23.01,-0.01,-0.01,0.99,0
68680,68552,23.03,-0.01,-0.01,1.01,0
68720,68582,22.98,0.00,0.00,1.00,0
68760,68583,23.02,0.01,0.02,0.98,0
68800,68617,23.08,-0.01,0.03,0.99,0
68840,68675,23.03,-0.01,0.01,0.99,0
68880,68647,22.94,0.01,0.03,0.99,0
68920,68512,22.94,-0.02,0.01,0.99,0
68960,68380,23.02,-0.01,-0.01,1.01,0
69000,68349,22.96,0.00,-0.01,1.01,0
69040,68427,23.04,0.00,-0.00,1.01,0
69080,68487,23.01,0.01,0.01,1.02,0
69120,68494,22.91,0.00,0.01,1.01,0
69160,68519,22.96,0.03,0.01,1.00,0
69200,68615,23.03,0.01,-0.00,0.98,0
69240,68703,22.97,0.01,0.00,1.03,0
69280,68691,22.97,0.00,-0.00,0.99,0
69320,68567,22.97,0.01,-0.03,1.00,0
69360,68435,23.05,0.00,0.02,1.00,0
69400,68409,22.98,-0.00,-0.00,0.98,0
69440,68434,23.03,0.01,-0.00,1.01,0
69480,68437,23.05,-0.00,0.01,1.02,0
69520,68425,22.96,0.01,0.01,0.98,0
69560,68455,22.90,0.00,0.01,0.98,0
69600,68572,23.04,0.00,0.01,1.00,0
69640,68692,22.99,0.00,-0.01,0.98,0
69680,68705,23.00,0.01,-0.03,1.00,0
69720,68606,23.01,0.01,-0.01,1.00,0
69760,68505,22.98,0.01,-0.00,0.98,0
69800,68483,22.93,0.01,0.01,0.96,0
69840,68468,23.02,-0.00,-0.00,0.98,0
69880,68420,22.99,0.00,-0.00,1.03,0
69920,68361,23.03,-0.01,0.01,1.00,0
69960,68395,22.94,0.02,0.01,0.96,0
70000,68521,22.88,-0.00,-0.01,0.99,0
70040,68655,23.02,-0.02,-0.01,1.03,0
70080,68687,23.01,-0.01,-0.01,1.01,0
70120,68618,22.96,0.00,-0.01,0.97,0
70160,68566,23.01,0.01,0.01,1.01,0
70200,68565,23.02,-0.01,0.00,1.00,0
70240,68533,22.90,0.00,0.00,0.99,0
70280,68436,22.98,-0.01,0.01,1.02,0
70320,68334,23.00,0.01,0.01,1.00,0
70360,68350,23.01,-0.01,0.00,0.99,0
70400,68472,22.95,-0.00,0.00,0.99,0
70440,68589,23.06,0.02,0.01,1.01,0
70480,68630,23.01,0.00,0.00,1.01,0
70520,68602,22.97,0.00,-0.00,1.03,0
70560,68612,22.98,0.01,0.00,1.01,0
70600,68642,23.09,-0.01,0.01,1.00,0
70640,68604,23.03,0.00,-0.01,1.00,0
70680,68473,23.05,0.02,-0.00,1.01,0
70720,68353,22.97,-0.00,0.01,1.00,0
70760,68332,23.00,-0.00,0.02,1.03,0
70800,68434,23.01,0.01,0.00,1.00,0
70840,68528,23.03,0.01,0.02,1.01,0
70880,68550,22.95,0.01,0.01,0.99,0
70920,68557,23.02,0.01,-0.00,1.02,0
70960,68620,23.05,0.01,-0.01,0.98,0
71000,68687,23.02,-0.00,0.00,1.00,0
71040,68670,23.05,0.01,-0.00,0.98,0
71080,68530,22.99,-0.01,0.02,1.01,0
71120,68400,22.87,-0.01,0.01,1.02,0
71160,68368,23.06,-0.01,-0.00,1.00,0
71200,68425,22.97,-0.01,0.00,0.99,0
71240,68460,23.01,0.01,-0.01,1.02,0
71280,68464,22.92,0.02,0.01,1.01,0
71320,68489,22.98,-0.00,0.01,0.98,0
71360,68573,23.03,0.02,0.00,0.99,0
71400,68684,23.02,0.01,-0.01,1.01,0
71440,68813,22.90,-0.01,0.01,1.00,0
71480,68925,23.04,-0.02,0.00,0.99,0
71520,69044,22.93,0.01,0.00,1.01,0
71560,69158,22.97,0.01,0.00,1.01,0
71600,69280,23.00,0.01,0.01,0.99,0
71640,69395,23.00,0.01,0.02,1.01,0
71680,69509,23.01,-0.01,-0.01,1.00,0
71680,69509,23.01,-0.01,-0.01,1.00,0
71720,69627,22.99,0.00,-0.02,1.01,0
71760,69736,22.97,0.00,-0.01,1.01,0
71800,69857,22.93,-0.00,-0.02,0.98,0
71840,69964,22.98,-0.02,-0.01,1.00,0
71880,70078,22.98,0.00,0.00,1.00,0
71920,70195,22.93,0.03,-0.01,0.99,0
71960,70307,23.05,0.01,-0.01,0.97,0
72000,70416,23.01,-0.01,-0.00,1.00,0
72040,70528,22.97,-0.01,0.00,1.00,0
72080,70641,23.03,-0.01,0.00,1.00,0
72120,70752,22.93,-0.01,-0.01,0.98,0
72160,70863,23.01,0.00,0.01,1.01,0
72200,70972,23.01,0.01,-0.00,0.99,0
72240,71087,23.08,-0.01,-0.01,0.99,0
72280,71194,22.99,-0.00,-0.01,0.98,0
72320,71301,22.95,-0.02,-0.00,1.02,0
72360,71410,23.05,-0.00,0.01,1.01,0
72400,71528,22.98,-0.01,0.01,1.01,0
72440,71626,22.97,-0.01,0.00,1.02,0
72480,71731,23.02,-0.01,0.02,1.01,0
72520,71839,23.00,-0.01,0.00,1.00,0
72560,71950,23.00,0.01,0.00,1.00,0
72600,72055,22.98,0.01,-0.01,1.00,0
72640,72155,22.94,-0.02,-0.00,1.02,0
72680,72264,22.92,0.01,-0.00,1.02,0
72720,72373,22.98,0.01,0.02,0.99,0
72760,72476,22.96,-0.01,-0.00,0.99,0
72800,72585,23.03,-0.02,-0.01,0.99,0
72840,72682,22.92,-0.01,0.00,1.00,0
72880,72792,22.95,-0.01,-0.01,1.02,0
72920,72895,23.01,-0.00,0.01,0.99,0
72960,72995,23.08,0.00,0.00,0.99,0
73000,73100,22.96,-0.00,-0.00,1.00,0
73040,73198,23.03,0.00,-0.01,0.98,0
73080,73295,22.90,0.02,-0.01,0.99,0
73120,73411,22.96,-0.01,0.01,1.00,0
73160,73502,22.97,0.00,0.01,0.98,0
73200,73609,23.03,-0.01,-0.00,1.00,0
73240,73707,22.94,-0.02,0.01,1.00,0
73280,73805,23.05,0.01,-0.01,0.98,0
73320,73907,23.07,-0.01,0.00,1.02,0
73360,74008,22.95,0.00,0.02,0.99,0
73400,74104,22.97,-0.00,-0.01,0.99,0
73440,74208,23.03,0.00,-0.01,0.98,0
73480,74299,23.06,0.01,0.01,0.99,0
73520,74398,22.94,-0.00,-0.00,1.01,0
73560,74491,23.04,-0.00,-0.01,1.00,0
73600,74595,22.97,-0.00,-0.01,1.04,0
73640,74688,23.03,0.00,-0.00,0.97,0
73680,74788,23.02,-0.02,-0.01,1.00,0
73720,74877,22.98,-0.01,-0.01,0.98,0
73760,74983,22.98,0.02,0.00,0.97,0
73800,75073,23.05,0.01,0.00,1.00,0
73840,75166,22.98,0.01,0.00,1.00,0
73880,75262,22.96,-0.00,-0.01,0.98,0
73920,75362,23.00,0.00,-0.01,1.01,0
73960,75450,23.00,-0.01,0.01,0.96,0
74000,75544,23.00,-0.01,0.01,1.00,0
74040,75642,22.94,0.01,-0.01,0.99,0
74080,75729,22.90,0.00,-0.01,1.00,0
74120,75828,22.96,0.00,-0.01,0.99,0
74160,75919,22.97,-0.01,-0.00,1.00,0
74200,76000,23.06,-0.01,0.00,0.97,0
74240,76101,23.03,-0.01,0.01,1.00,0
74280,76190,23.01,-0.01,-0.01,0.98,0
74320,76282,23.00,-0.00,-0.02,1.01,0
74360,76374,22.99,0.01,-0.00,1.00,0
74400,76462,22.98,-0.00,-0.00,0.98,0
74440,76554,22.99,0.00,0.00,1.00,0
74480,76643,23.01,0.00,0.01,0.99,0
74520,76730,23.00,-0.00,-0.01,1.03,0
74560,76822,22.99,0.00,-0.00,1.00,0
74600,76906,23.00,-0.01,-0.00,1.00,0
74640,76994,22.98,0.01,-0.00,0.99,0
74680,77090,23.01,-0.00,0.00,1.03,0
74720,77176,23.01,-0.01,-0.00,1.02,0
74760,77263,22.98,-0.00,0.02,0.99,0
74800,77346,22.97,0.00,0.00,1.01,0
74840,77434,22.93,-0.00,-0.00,1.00,0
74880,77531,22.97,-0.01,-0.00,1.01,0
74920,77602,22.93,-0.00,-0.01,1.01,0
74960,77698,22.98,-0.01,-0.00,1.00,0
75000,77779,22.95,0.01,0.00,0.97,0
75040,77856,22.99,-0.00,0.02,0.98,0
75080,77953,23.04,-0.00,0.01,1.01,0
75120,78033,23.06,0.00,0.02,1.00,0
75160,78120,23.03,0.00,-0.02,1.02,0
75200,78197,22.94,-0.01,0.00,0.98,0
75240,78285,23.09,-0.01,0.01,1.02,0
75280,78364,22.94,-0.00,-0.00,0.99,0
75320,78446,22.97,0.01,-0.00,0.99,0
75360,78534,23.07,-0.01,0.01,1.01,0
75400,78622,22.97,0.00,-0.00,1.00,0
75440,78699,22.95,-0.01,-0.01,0.99,0
75480,78783,23.04,-0.01,-0.01,1.02,0
75520,78867,22.91,-0.01,-0.00,1.03,0
75560,78940,22.98,0.02,-0.02,1.01,0
75600,79023,23.04,0.02,0.00,0.99,0
75640,79106,22.99,-0.02,0.00,1.00,0
75680,79184,22.99,0.01,-0.01,1.00,0
75720,79269,22.92,0.00,-0.02,1.01,0
75760,79345,23.04,-0.01,-0.01,0.99,0
75800,79426,23.07,-0.02,0.02,1.01,0
75840,79505,23.00,-0.01,0.01,0.99,0
75880,79580,23.04,0.02,0.00,1.00,0
75920,79661,23.01,-0.00,-0.01,1.01,0
75960,79744,23.03,-0.00,0.00,1.01,0
76000,79823,22.99,-0.00,0.01,0.99,0
76040,79895,23.04,-0.01,-0.00,1.01,0
76080,79970,22.98,-0.01,-0.00,1.00,0
76120,80050,23.05,0.01,0.00,1.02,0
76160,80123,22.99,-0.00,0.01,1.00,0
76200,80202,23.04,0.01,-0.01,1.01,0
76240,80279,23.01,-0.01,-0.01,0.99,0
76280,80354,22.96,-0.00,-0.01,0.99,0
76320,80436,22.98,0.00,-0.01,0.99,0
76360,80510,23.07,0.01,-0.00,0.99,0
76400,80584,22.90,0.00,-0.00,1.03,0
76440,80656,23.05,-0.01,0.02,1.01,0
76480,80733,23.02,0.00,0.00,1.00,0
76520,80807,23.02,0.00,0.01,1.01,0
76560,80881,23.04,-0.01,0.00,0.98,0
76600,80952,23.01,0.00,-0.00,1.01,0
76640,81029,22.95,-0.00,-0.00,1.03,0
76680,81103,22.92,0.01,0.00,0.99,0
76720,81173,23.00,-0.01,-0.00,0.99,0
76760,81252,22.89,0.00,0.00,1.02,0
76800,81319,23.06,-0.01,-0.01,1.00,0
76840,81396,22.95,-0.01,0.01,1.00,0
76880,81468,23.05,0.00,-0.03,1.02,0
76920,81537,23.01,-0.00,-0.00,1.01,0
76960,81604,23.02,-0.00,-0.01,1.02,0
77000,81678,23.05,-0.00,0.03,1.00,0
77040,81752,23.00,-0.01,-0.01,1.02,0
77080,81817,23.06,0.01,-0.01,1.01,0
77120,81893,22.92,0.02,-0.00,0.98,0
77160,81967,23.01,-0.00,0.00,1.00,0
77200,82033,22.97,0.00,-0.00,0.98,0
77240,82107,22.97,-0.02,-0.00,0.99,0
77280,82175,23.12,-0.01,-0.00,1.01,0
77320,82240,22.98,-0.01,0.02,1.01,0
77360,82315,22.96,0.01,0.02,0.99,0
77400,82381,23.02,-0.01,-0.01,1.00,0
77440,82446,22.97,-0.00,-0.01,1.01,0
77480,82517,23.09,-0.01,0.00,0.98,0
77520,82584,22.93,0.00,-0.00,1.01,0
77560,82653,22.98,0.00,-0.00,1.01,0
77600,82723,22.99,0.00,-0.00,0.96,0
77640,82783,23.00,-0.01,0.01,1.01,0
77680,82852,23.07,0.00,0.02,1.01,0
77720,82920,23.05,-0.02,0.01,0.98,0
77760,82988,23.01,0.01,-0.00,0.99,0
77800,83053,23.08,0.00,0.01,1.00,0
77840,83121,23.01,-0.02,-0.01,0.97,0
77880,83187,22.99,0.02,-0.02,0.98,0
77920,83248,22.94,0.00,-0.00,0.99,0
77960,83313,22.93,-0.01,-0.01,1.00,0
78000,83380,22.93,0.00,0.00,1.00,0
78040,83444,23.03,0.00,-0.00,1.01,0
78080,83508,22.95,0.01,0.02,1.01,0
78120,83577,22.97,-0.02,-0.00,1.00,0
78160,83642,22.96,-0.00,0.02,0.98,0
78200,83702,22.88,0.02,-0.00,1.01,0
78240,83766,22.89,0.00,0.01,1.00,0
78280,83821,22.95,-0.00,0.00,1.01,0
78320,83893,23.04,0.01,0.01,1.01,0
78360,83955,22.97,-0.01,-0.00,1.00,0
78400,84024,23.02,-0.01,0.01,0.99,0
78440,84083,23.08,-0.01,-0.00,1.00,0
78480,84143,22.99,-0.01,0.02,1.00,0
78520,84206,22.99,0.00,-0.01,0.98,0
78560,84266,22.95,-0.01,-0.01,0.99,0
78600,84329,23.13,-0.01,0.01,1.01,0
78640,84395,23.02,-0.01,0.00,1.03,0
78680,84450,22.97,0.01,-0.01,1.02,0
78720,84510,23.09,-0.03,-0.01,0.98,0
78760,84510,23.01,0.00,-0.01,0.97,0
78800,84510,22.99,0.00,0.01,1.02,0
78840,84510,23.04,0.02,0.02,1.01,0
78880,84510,23.14,0.02,-0.01,0.99,0
78920,84510,23.02,-0.01,0.00,1.01,0
78960,84510,23.02,-0.01,0.01,1.02,0
79000,84935,23.03,0.01,0.03,0.99,0
79040,84995,22.97,-0.03,-0.00,1.00,0
79080,85049,22.94,0.01,-0.00,1.01,0
79120,85114,23.06,-0.00,-0.00,1.01,0
79160,85164,22.92,-0.00,-0.01,0.99,0
79200,85234,22.91,0.01,0.00,0.97,0
79240,85288,23.02,-0.01,0.02,1.00,0
79280,85347,23.02,0.00,0.01,1.00,0
79320,85407,22.86,0.01,0.01,1.02,0
79360,85466,23.08,-0.01,-0.02,1.00,0
79400,85517,22.93,0.00,0.00,0.97,0
79440,85568,23.09,-0.01,-0.01,1.03,0
79480,85623,23.05,0.00,-0.02,1.00,0
79520,85686,22.95,-0.00,0.01,0.99,0
79560,85739,22.91,-0.01,-0.00,1.00,0
79600,85802,23.10,-0.00,0.01,1.01,0
79640,85852,22.99,-0.01,0.00,0.99,0
79680,85910,22.96,-0.01,-0.00,1.03,0
79720,85965,23.08,-0.00,0.01,1.03,0
79760,86029,23.08,0.00,0.00,0.98,0
79800,86074,23.02,-0.01,-0.00,1.02,0
79840,86133,22.97,-0.02,0.00,1.00,0
79880,86186,23.11,-0.02,-0.01,1.00,0
79920,86247,23.00,0.01,0.01,1.05,0
79960,86296,22.94,-0.00,-0.02,0.99,0
80000,86350,23.10,-0.00,0.01,1.01,0
80040,86402,22.98,-0.00,-0.00,1.00,0
80080,86460,22.97,0.00,0.01,1.00,0
80120,86517,22.94,-0.00,-0.01,0.99,0
80160,86573,23.02,-0.00,-0.00,1.05,0
80200,86618,22.96,-0.00,-0.01,0.97,0
80240,86675,23.00,-0.01,0.00,1.00,0
80280,86723,22.97,0.01,-0.01,0.99,0
80320,86777,23.00,0.00,0.00,1.01,0
80360,86831,22.93,-0.00,0.01,1.00,0
80400,86885,23.01,-0.00,0.00,1.00,0
80440,86940,22.92,-0.01,-0.00,0.99,0
80480,86985,23.03,-0.02,-0.01,0.97,0
80520,87038,23.00,0.01,-0.00,1.01,0
80560,87097,22.94,-0.01,0.00,0.99,0
80600,87145,23.03,-0.01,-0.00,1.00,0
80640,87193,22.91,0.01,-0.00,1.00,0
80680,87245,22.94,0.00,-0.01,1.00,0
80720,87296,22.93,0.03,0.00,1.03,0
80760,87343,23.05,-0.01,0.02,0.97,0
80800,87400,22.98,-0.01,-0.01,1.02,0
80840,87449,23.03,0.02,-0.00,1.00,0
80880,87499,22.96,-0.01,-0.00,1.00,0
80920,87542,23.01,0.02,0.00,1.01,0
80960,87601,23.04,0.00,-0.00,0.99,0
81000,87654,22.97,-0.01,-0.00,1.00,0
81040,87696,23.03,-0.00,-0.00,1.00,0
81080,87745,22.99,-0.02,-0.01,1.04,0
81120,87792,23.00,-0.01,-0.00,1.00,0
81160,87843,22.93,-0.01,-0.01,0.98,0
81200,87886,23.01,-0.02,-0.00,0.96,0
81240,87938,22.97,0.01,0.01,1.00,0
81280,87990,22.96,0.01,0.00,0.99,0
81320,88044,22.96,-0.01,0.00,1.01,0
81360,88083,23.02,0.02,-0.01,0.99,0
81400,88128,23.06,-0.01,0.02,0.97,0
81440,88175,22.92,0.02,-0.00,1.00,0
81480,88226,22.94,0.00,-0.01,0.98,0
81520,88272,23.01,-0.02,-0.01,1.01,0
81560,88317,23.02,0.00,-0.00,0.99,0
81600,88369,23.01,-0.01,-0.02,0.99,0
81640,88420,22.98,0.00,0.02,1.00,0
81680,88469,23.05,-0.02,-0.01,1.01,0
81720,88510,22.95,0.03,-0.01,1.00,0
81760,88552,23.07,-0.01,0.00,1.02,0
81800,88609,22.98,-0.00,-0.01,1.01,0
81840,88650,22.98,-0.00,-0.01,1.00,0
81880,88689,23.00,-0.01,-0.00,0.98,0
81920,88738,22.96,0.01,-0.00,1.00,0
81960,88781,22.93,-0.00,-0.01,1.02,0
82000,88823,23.01,0.02,0.00,0.99,0
82040,88880,22.98,0.01,0.01,1.01,0
82080,88918,23.04,0.01,0.00,1.01,0
82120,88956,23.01,0.01,-0.01,1.02,0
82160,89005,23.01,-0.01,0.02,0.98,0
82200,89052,23.00,0.02,-0.01,1.01,0
82240,89098,23.00,0.02,0.00,1.02,0
82280,89098,22.96,0.01,0.01,1.01,0
82320,89098,23.06,0.00,0.01,1.02,0
82360,89098,22.99,-0.01,0.00,1.00,0
82400,89098,22.90,-0.00,0.01,0.98,0
82440,89098,22.96,0.00,0.01,0.99,0
82480,89098,22.96,0.01,0.01,0.98,0
82520,89098,23.00,0.01,0.00,1.01,0
82560,89435,22.94,0.01,0.00,1.00,0
82600,89486,22.99,0.02,0.01,1.01,0
82640,89538,23.05,0.01,-0.01,0.99,0
82680,89573,23.01,-0.00,0.01,0.99,0
82720,89612,23.06,0.01,0.02,1.01,0
82760,89665,23.10,0.00,-0.01,1.01,0
82800,89698,23.05,0.00,-0.00,1.00,0
82840,89741,22.96,-0.01,0.01,1.01,0
82880,89790,22.99,-0.03,-0.02,0.99,0
82920,89829,22.96,-0.01,-0.01,1.00,0
82960,89872,22.92,0.01,-0.02,1.02,0
83000,89911,23.06,-0.00,-0.00,0.99,0
83040,89953,23.04,0.00,-0.00,1.01,0
83080,89986,22.97,-0.00,0.01,1.00,0
83120,90028,23.01,-0.00,-0.02,0.99,0
83160,90076,22.93,-0.01,0.01,1.02,0
83200,90114,23.09,-0.01,0.01,0.99,0
83240,90154,23.02,0.01,-0.01,0.99,0
83280,90192,23.02,0.01,-0.00,1.00,0
83320,90230,23.13,0.01,0.02,1.01,0
83360,90272,22.95,0.00,-0.00,0.98,0
83400,90314,23.04,0.01,0.02,1.03,0
83440,90347,23.02,-0.00,0.01,1.00,0
83480,90395,22.96,0.00,-0.01,1.04,0
83520,90431,23.04,0.01,0.02,1.01,0
83560,90463,23.01,-0.00,-0.00,1.01,0
83600,90511,23.01,-0.01,-0.01,1.02,0
83640,90550,23.04,-0.02,0.01,1.02,0
83680,90590,23.06,-0.01,0.00,1.00,0
83720,90635,22.98,0.02,-0.00,1.02,0
83760,90664,22.98,-0.00,-0.01,1.01,0
83800,90699,23.03,-0.00,-0.00,1.01,0
83840,90741,22.94,-0.01,-0.00,0.97,0
83880,90780,22.92,-0.02,0.00,1.02,0
83920,90823,23.00,0.00,-0.00,1.01,0
83960,90855,23.00,-0.00,0.00,1.00,0
84000,90892,23.03,-0.01,-0.01,1.01,0
84040,90935,22.97,0.01,0.01,0.99,0
84080,90963,23.01,0.01,-0.01,1.01,0
84120,91002,23.01,0.00,0.00,1.02,0
84160,91045,22.90,0.01,0.01,1.00,0
84200,91072,22.97,-0.01,0.00,1.01,0
84240,91114,22.99,0.01,0.01,0.98,0
84280,91157,22.90,-0.00,-0.00,1.00,0
84320,91192,22.93,0.01,0.02,1.01,0
84360,91228,23.04,0.00,-0.01,0.99,0
84400,91264,23.00,0.00,0.01,1.00,0
84440,91295,23.01,-0.00,-0.01,1.00,0
84480,91337,22.93,-0.00,-0.02,1.01,0
84520,91371,23.10,0.01,-0.01,1.01,0
84560,91409,22.96,0.01,-0.00,1.00,0
84600,91440,22.96,0.00,-0.01,1.01,0
84640,91479,22.99,-0.00,-0.00,0.99,0
84680,91519,22.94,0.00,-0.01,0.99,0
84720,91550,23.04,-0.01,0.01,1.00,0
84760,91581,22.95,0.01,0.01,1.00,0
84800,91621,22.93,-0.01,-0.01,0.99,0
84840,91654,22.96,0.01,-0.01,1.02,0
84880,91692,22.98,-0.01,0.01,1.02,0
84920,91726,22.97,0.01,0.02,0.97,0
84960,91764,23.10,0.01,-0.00,1.01,0
85000,91790,23.02,-0.01,-0.01,1.00,0
85040,91833,22.99,0.02,-0.01,1.00,0
85080,91865,23.03,-0.00,-0.00,1.00,0
85120,91898,22.96,0.01,0.01,1.00,0
85160,91933,23.02,-0.00,0.01,0.99,0
85200,91965,23.02,-0.01,0.01,1.01,0
85240,91997,23.01,-0.00,0.02,1.01,0
85280,92033,23.07,-0.01,0.01,1.01,0
85320,92070,22.99,-0.01,-0.01,1.00,0
85360,92096,23.03,0.00,-0.00,1.00,0
85400,92130,23.03,0.01,-0.02,1.00,0
85440,92160,22.94,-0.00,-0.00,1.02,0
85480,92198,23.02,0.01,-0.00,1.02,0
85520,92226,23.11,0.02,-0.01,1.00,0
85560,92262,22.91,-0.01,-0.02,1.00,0
85600,92298,22.92,-0.02,-0.02,1.00,0
85640,92333,22.99,-0.01,-0.01,1.01,0
85680,92366,22.95,0.00,-0.00,0.98,0
85720,92402,22.97,0.00,-0.00,1.01,0
85760,92421,23.03,-0.01,0.01,0.99,0
85800,92455,23.06,0.02,0.01,1.01,0
85840,92489,23.04,-0.00,0.01,0.98,0
85880,92518,23.02,0.02,0.00,1.01,0
85920,92547,23.08,-0.00,0.00,0.99,0
85960,92580,22.95,0.01,0.01,1.01,0
86000,92608,22.95,0.00,0.02,1.01,0
86040,92648,23.02,-0.02,-0.01,0.99,0
86080,92677,23.09,0.01,-0.02,0.98,0
86120,92708,23.04,0.00,0.00,1.01,0
86160,92738,22.91,0.00,-0.00,0.98,0
86200,92777,23.08,0.01,0.00,1.00,0
86240,92799,22.96,-0.01,-0.00,0.97,0
86280,92834,23.06,-0.02,0.00,0.99,0
86320,92860,23.06,0.01,-0.01,0.99,0
86360,92897,22.95,0.01,0.01,0.99,0
86400,92923,22.87,0.00,0.01,1.00,0
86440,92957,22.93,0.01,-0.02,1.00,0
86480,92987,23.01,0.00,0.02,1.02,0
86520,93011,22.92,-0.00,0.01,0.99,0
86560,93052,23.02,-0.02,-0.00,1.00,0
86600,93072,23.05,0.02,0.01,1.01,0
86640,93102,22.97,0.00,-0.01,0.99,0
86680,93129,23.09,0.00,0.00,1.00,0
86720,93163,23.01,0.00,0.00,0.99,0
86760,93191,23.04,0.01,0.00,1.03,0
86800,93219,22.93,0.01,0.00,1.01,0
86840,93253,22.99,-0.01,-0.02,1.00,0
86880,93284,22.92,0.01,0.00,1.00,0
86920,93315,23.06,-0.01,-0.01,1.00,0
86960,93336,22.97,0.01,0.00,1.01,0
87000,93365,23.03,-0.01,0.01,0.98,0
87040,93390,22.96,0.00,0.00,1.02,0
87080,93424,23.03,0.00,0.00,0.98,0
87120,93451,23.03,0.01,0.01,0.98,0
87160,93478,22.89,0.01,0.00,1.03,0
87200,93509,22.90,-0.01,-0.00,1.02,0
87240,93541,22.97,0.00,0.01,0.99,0
87280,93565,23.01,-0.01,-0.01,1.00,0
87320,93594,22.96,0.01,0.01,1.00,0
87360,93618,23.02,-0.00,-0.00,0.98,0
87400,93646,22.93,-0.01,-0.00,1.00,0
87440,93673,23.05,-0.01,0.01,0.98,0
87480,93699,23.06,-0.02,-0.01,0.99,0
87520,93731,23.02,-0.01,0.01,1.01,0
87560,93756,23.11,0.01,-0.00,1.01,0
87600,93778,23.00,-0.00,0.02,0.98,0
87640,93810,22.98,-0.00,0.00,1.00,0
87680,93843,23.04,-0.01,-0.02,0.99,0
87720,93868,23.07,-0.00,-0.00,1.01,0
87760,93891,22.92,0.01,0.01,0.99,0
87800,93913,23.00,0.01,-0.00,1.00,0
87840,93942,23.00,-0.01,0.03,1.02,0
87880,93963,23.05,0.01,0.02,1.01,0
87920,93992,23.02,-0.01,-0.01,1.00,0
87960,94027,22.91,-0.00,-0.01,1.00,0
88000,94049,23.02,0.01,0.00,1.01,0
88040,94078,23.09,0.00,-0.01,0.99,0
88080,94100,22.99,-0.01,-0.01,1.00,0
88120,94136,22.97,-0.01,-0.01,1.01,0
88160,94154,23.02,0.00,0.01,0.97,0
88200,94192,22.96,0.01,-0.01,1.01,0
88240,94206,23.07,-0.01,-0.00,0.99,0
88280,94229,22.98,-0.01,0.01,0.97,0
88320,94255,22.98,-0.00,0.02,0.99,0
88360,94283,22.96,0.01,0.01,1.02,0
88400,94308,22.96,0.02,-0.01,1.02,0
88440,94325,22.94,-0.02,-0.00,1.02,0
88480,94358,23.06,0.00,-0.00,0.98,0
88520,94381,22.97,0.02,-0.01,0.99,0
88560,94405,23.06,-0.00,0.02,0.99,0
88600,94436,23.01,-0.01,0.00,1.00,0
88640,94458,23.03,0.01,-0.00,1.00,0
88680,94483,22.99,-0.01,0.01,1.00,0
88720,94505,22.98,0.00,0.02,1.00,0
88760,94529,23.05,-0.00,0.02,0.99,0
88800,94562,22.95,-0.01,0.00,1.01,0
88840,94578,23.00,0.00,0.01,1.03,0
88880,94604,22.94,0.01,-0.00,1.00,0
88920,94632,23.02,0.01,-0.01,1.00,0
88960,94647,22.94,-0.01,-0.00,1.00,0
89000,94677,23.09,0.00,0.00,0.99,0
89040,94698,23.00,-0.01,0.01,0.98,0
89080,94725,22.99,0.01,-0.01,1.00,0
89120,94743,22.91,-0.01,0.01,1.01,0
89160,94768,23.05,-0.00,-0.01,1.00,0
89200,94793,23.01,-0.01,0.02,0.99,0
89240,94822,23.04,-0.01,-0.02,0.99,0
89280,94844,22.98,0.01,0.00,1.00,0
89320,94870,23.00,-0.01,-0.01,1.01,0
89360,94885,23.03,0.00,-0.00,0.97,0
89400,94905,22.98,-0.00,-0.01,0.99,0
89440,94937,23.02,0.00,0.01,0.96,0
89480,94961,22.99,-0.01,-0.00,0.97,0
89520,94980,23.08,-0.01,-0.01,1.01,0
89560,94999,23.01,-0.01,-0.01,0.98,0
89600,95024,23.00,-0.01,0.01,0.99,0
89640,95053,23.03,-0.01,0.00,0.99,0
89680,95070,23.05,-0.01,0.02,1.01,0
89720,95094,23.02,-0.00,0.01,0.97,0
89760,95112,23.06,0.02,-0.01,1.00,0
89800,95140,23.05,-0.02,-0.01,0.98,0
89840,95160,23.02,-0.01,-0.00,1.00,0
89880,95179,22.92,-0.01,0.01,1.00,0
89920,95203,23.07,0.00,0.00,0.98,0
89960,95225,23.07,0.02,-0.01,1.02,0
90000,95242,23.01,-0.01,0.01,1.04,0
90040,95267,22.99,-0.00,0.01,1.01,0
90080,95291,22.96,-0.00,0.01,0.99,0
90120,95309,23.09,0.01,0.00,1.01,0
90160,95331,22.93,0.00,0.01,1.03,0
90200,95358,22.99,-0.01,0.01,1.00,0
90240,95372,22.90,0.01,-0.01,1.02,0
90280,95405,22.98,-0.01,-0.02,1.01,0
90320,95416,22.94,-0.01,0.00,1.03,0
90360,95436,22.97,-0.00,-0.02,0.99,0
90400,95467,23.00,0.02,-0.00,1.02,0
90440,95480,22.99,0.02,-0.01,1.02,0
90480,95504,23.02,0.01,-0.01,1.00,0
90520,95529,22.99,-0.01,-0.00,1.00,0
90560,95548,22.97,0.02,-0.00,1.02,0
90600,95563,23.03,-0.01,-0.00,1.00,0
90640,95594,23.07,-0.00,0.01,0.98,0
90680,95603,23.00,-0.00,-0.02,0.98,0
90720,95624,23.08,-0.01,-0.01,1.00,0
90760,95645,23.06,0.01,-0.04,1.01,0
90800,95672,23.12,-0.00,-0.00,1.00,0
90840,95687,22.98,0.01,0.00,1.01,0
90880,95712,23.11,0.03,0.00,1.00,0
90920,95722,23.05,-0.02,0.01,1.01,0
90960,95739,23.03,0.00,-0.00,1.01,0
91000,95763,23.00,-0.01,0.01,0.98,0
91040,95790,23.02,-0.02,-0.01,1.01,0
91080,95809,22.97,0.01,0.00,1.01,0
91120,95830,22.97,-0.01,-0.00,1.00,0
91160,95846,22.99,-0.00,-0.01,1.01,0
91200,95871,23.00,-0.00,0.00,0.97,0
91240,95887,23.07,-0.01,0.00,1.00,0
91280,95909,22.97,0.02,0.01,0.99,0
91320,95924,23.00,0.00,0.00,1.00,0
91360,95949,23.05,0.01,0.02,0.99,0
91400,95971,22.98,0.01,-0.00,1.01,0
91440,95986,22.93,0.01,-0.01,1.04,0
91480,96004,22.98,0.00,-0.01,1.01,0
91520,96026,23.01,0.01,-0.02,1.02,0
91560,96043,23.03,-0.00,-0.01,0.98,0
91600,96056,22.97,-0.02,-0.01,0.99,0
91640,96086,22.98,-0.00,-0.01,0.99,0
91680,96101,22.95,-0.01,-0.01,1.00,0
91720,96120,23.00,-0.00,0.00,0.97,0
91760,96136,23.00,0.00,-0.00,0.98,0
91800,96155,22.94,-0.01,0.01,1.02,0
91840,96168,23.04,0.01,0.01,0.99,0
91880,96185,23.01,0.01,-0.00,1.01,0
91920,96212,23.01,0.01,-0.01,1.00,0
91960,96224,23.00,0.01,0.00,0.99,0
92000,96251,23.07,-0.01,-0.00,0.99,0
92040,96260,22.95,-0.01,0.00,0.99,0
92080,96278,23.05,0.01,-0.01,1.01,0
92120,96293,23.01,-0.00,0.00,0.98,0
92160,96320,23.06,-0.00,-0.01,1.00,0
92200,96326,23.03,-0.00,0.00,0.98,0
92240,96346,22.95,-0.01,-0.01,0.98,0
92280,96369,23.07,0.00,0.01,1.02,0
92320,96386,22.96,-0.00,0.01,1.01,0
92360,96403,23.07,0.01,0.00,0.97,0
92400,96432,23.01,0.02,0.01,0.98,0
92440,96444,23.01,0.01,0.01,1.00,0
92480,96463,23.07,-0.03,0.01,1.02,0
92520,96470,23.01,-0.01,0.00,0.99,0
92560,96499,23.02,-0.01,-0.01,0.99,0
92600,96508,22.96,0.00,-0.00,1.00,0
92640,96520,23.03,0.00,-0.01,1.00,0
92680,96542,23.04,0.00,0.01,0.98,0
92720,96566,23.02,-0.00,-0.00,1.00,0
92760,96578,23.03,0.00,-0.02,1.00,0
92800,96597,23.00,-0.02,-0.01,0.97,0
92840,96611,23.03,-0.01,0.02,0.99,0
92880,96628,23.01,-0.00,0.01,1.01,0
92920,96655,22.98,0.01,-0.00,0.99,0
92960,96661,22.99,-0.01,-0.00,1.01,0
93000,96679,23.03,-0.02,-0.00,0.98,0
93040,96696,23.03,0.02,-0.01,1.00,0
93080,96716,22.98,0.02,0.00,1.00,0
93120,96727,22.96,0.01,0.01,1.01,0
93160,96745,22.95,0.00,0.02,1.00,0
93200,96764,22.93,0.01,0.00,1.00,0
93240,96784,23.04,-0.02,-0.00,1.01,0
93280,96795,23.01,0.01,0.01,1.02,0
93320,96812,22.98,-0.00,-0.01,1.00,0
93360,96830,23.04,0.00,-0.01,0.99,0
93400,96844,22.98,-0.00,-0.01,0.99,0
93440,96864,22.96,-0.01,-0.00,1.01,0
93480,96879,23.07,0.00,-0.01,1.01,0
93520,96889,23.07,-0.00,-0.00,1.00,0
93560,96906,23.00,-0.01,-0.00,1.02,0
93600,96920,22.96,0.00,-0.00,1.00,0
93640,96940,22.99,0.01,-0.00,0.98,0
93680,96956,23.01,-0.01,0.01,0.99,0
93720,96974,23.00,0.02,0.00,1.00,0
93760,96986,22.93,0.01,-0.00,0.99,0
93800,97000,22.92,-0.01,0.01,0.96,0
93840,97012,22.98,-0.01,-0.01,0.99,0
93880,97033,23.01,-0.02,0.01,0.98,0
93920,97042,23.05,0.03,-0.01,1.00,0
93960,97062,22.97,-0.00,-0.01,1.00,0
94000,97079,23.09,0.01,0.00,1.00,0
94040,97092,22.98,-0.03,-0.00,1.00,0
94080,97110,23.03,0.01,-0.01,1.01,0
94120,97125,22.91,0.00,-0.01,1.03,0
94160,97139,22.99,-0.00,-0.00,0.99,0
94200,97149,23.00,-0.00,-0.00,1.02,0
94240,97168,23.01,-0.01,-0.00,0.99,0
94280,97177,23.06,-0.01,0.01,0.99,0
94320,97198,22.93,0.02,0.02,1.00,0
94360,97211,22.87,0.01,0.01,0.99,0
94400,97224,22.99,0.01,-0.01,1.01,0
94440,97241,22.97,-0.00,0.00,1.00,0
94480,97255,22.97,0.00,0.01,0.98,0
94520,97275,23.00,0.02,0.02,1.02,0
94560,97282,22.95,0.01,-0.00,0.99,0
94600,97302,22.90,0.00,-0.01,1.00,0
94640,97318,23.02,-0.01,0.00,1.01,0
94680,97325,23.02,-0.00,0.00,0.98,0
94720,97343,22.92,0.01,-0.01,0.99,0
94760,97359,23.00,-0.00,-0.01,0.98,0
94800,97370,22.92,-0.02,0.00,1.00,0
94840,97381,23.10,-0.01,-0.00,1.00,0
94880,97395,22.92,-0.01,0.01,0.99,0
94920,97412,23.00,0.01,0.00,0.98,0
94960,97431,23.03,0.00,-0.01,0.97,0
95000,97444,22.90,-0.01,0.00,1.01,0
95040,97456,23.04,0.01,0.01,0.97,0
95080,97468,23.00,0.00,0.01,1.00,0
95120,97485,23.04,0.01,0.00,1.02,0
95160,97493,22.93,-0.00,0.00,0.99,0
95200,97510,23.01,-0.01,-0.01,1.00,0
95240,97520,23.09,0.00,0.01,1.02,0
95280,97538,22.98,-0.00,-0.00,0.98,0
95320,97555,22.99,0.01,-0.01,0.98,0
95360,97560,22.95,-0.01,0.00,1.01,0
95880,97732,22.88,0.00,-0.00,0.97,0
95920,97740,23.00,0.01,-0.00,1.00,0
95960,97760,23.04,-0.02,-0.01,0.98,0
96000,97769,22.98,0.01,0.00,1.00,0
96040,97782,22.99,-0.00,-0.01,0.99,0
96080,97800,23.05,-0.01,0.00,0.99,0
96120,97806,23.06,-0.00,0.01,1.01,0
96160,97821,22.93,0.00,-0.00,1.01,0
96200,97836,22.96,-0.01,0.01,1.01,0
96240,97846,23.02,0.01,-0.02,0.98,0
96280,97865,22.93,-0.00,0.01,0.99,0
96320,97868,22.92,0.00,0.00,1.00,0
96360,97884,23.05,0.00,-0.00,0.98,0
96400,97894,22.96,0.01,-0.01,1.00,0
96440,97902,23.06,-0.02,-0.01,1.02,0
96480,97922,22.96,0.01,0.01,1.01,0
96520,97942,23.04,-0.00,-0.01,1.00,0
96560,97940,22.97,-0.02,-0.01,0.99,0
96600,97952,23.12,0.02,-0.00,0.98,0
96640,97974,23.02,-0.00,0.00,1.00,0
96680,97980,23.00,-0.00,0.00,1.00,0
96720,97993,23.05,-0.00,-0.00,0.99,0
96760,97999,23.03,-0.00,0.01,0.99,0
96800,98023,22.89,-0.01,-0.01,1.01,0
96840,98022,22.92,0.00,0.00,1.01,0
96880,98042,23.03,-0.00,0.00,1.00,0
96920,98053,23.04,-0.01,-0.01,1.01,0
96960,98056,23.00,-0.02,0.01,1.01,0
97000,98073,23.05,-0.01,-0.01,1.01,0
97040,98086,22.96,-0.01,0.01,1.00,0
97080,98096,23.01,-0.00,0.00,1.01,0
97120,98107,23.00,0.01,-0.02,1.02,0
97160,98123,23.09,-0.01,-0.03,1.03,0
97200,98127,23.03,0.01,0.02,0.98,0
97240,98144,23.06,-0.00,-0.01,1.01,0
97280,98154,22.97,0.00,-0.00,0.99,0
97320,98172,23.04,-0.00,0.00,0.97,0
97360,98185,23.03,0.01,0.01,1.01,0
97400,98189,22.98,-0.00,0.00,1.01,0
97440,98199,22.96,0.01,-0.01,1.01,0
97480,98205,23.03,0.02,0.00,0.99,0
97520,98222,23.00,-0.01,0.02,1.00,0
97560,98230,23.05,-0.01,0.00,1.00,0
97600,98243,22.95,0.01,0.01,1.00,0
97640,98257,23.00,0.03,-0.00,0.99,0
97680,98264,22.97,0.00,-0.01,0.99,0
97720,98269,23.02,-0.00,-0.01,1.00,0
97760,98287,22.99,0.01,-0.01,0.99,0
97800,98295,23.02,-0.01,-0.01,1.01,0
97840,98303,22.94,-0.01,-0.00,0.98,0
97880,98316,22.94,-0.01,0.00,1.00,0
97920,98332,22.93,-0.01,-0.00,1.02,0
97960,98339,23.00,-0.01,-0.03,1.00,0
98000,98352,23.01,0.01,-0.01,1.01,0
98040,98364,23.03,-0.00,-0.01,1.02,0
98080,98371,22.98,0.01,0.00,0.99,0
98120,98383,22.95,0.00,0.01,0.99,0
98160,98382,23.00,-0.00,0.00,0.98,0
98200,98399,23.06,0.00,0.01,0.99,0
98240,98413,22.93,0.01,0.00,1.01,0
98280,98416,23.04,-0.01,-0.00,1.02,0
98320,98431,23.01,-0.01,-0.02,1.01,0
98360,98441,23.03,-0.00,-0.00,1.02,0
98400,98450,22.99,-0.01,-0.01,1.01,0
98440,98462,22.98,0.01,-0.00,1.01,0
98480,98470,23.04,-0.00,0.01,1.02,0
98520,98483,22.98,-0.02,-0.00,0.98,0
98560,98491,23.02,0.01,-0.00,0.99,0
98600,98506,23.00,-0.00,0.01,1.01,0
98640,98513,23.00,-0.00,0.02,1.00,0
98680,98524,23.08,-0.02,-0.00,0.97,0
98720,98530,22.97,0.01,0.00,1.02,0
98760,98539,23.03,0.01,-0.00,1.03,0
98800,98550,23.00,0.00,0.01,0.99,0
98840,98562,23.05,-0.00,-0.00,0.97,0
98880,98569,23.05,-0.00,-0.00,1.02,0
98920,98585,23.02,0.00,0.01,1.02,0
98960,98589,22.95,0.01,0.01,1.02,0
99000,98600,23.04,-0.01,-0.00,1.01,0
99040,98611,22.88,0.01,-0.00,1.00,0
99080,98621,23.08,-0.00,0.00,1.00,0
99120,98635,22.96,0.00,-0.00,1.01,0
99160,98639,22.99,0.02,-0.01,0.98,0
99200,98651,22.98,-0.01,-0.01,0.99,0
99240,98655,22.94,-0.00,-0.01,0.98,0
99280,98667,22.97,0.01,0.00,1.02,0
99320,98679,22.90,0.00,-0.01,1.01,0
99360,98687,22.90,0.01,-0.02,1.03,0
99400,98692,22.97,-0.01,-0.01,1.01,0
99440,98709,23.00,-0.01,0.00,1.01,0
99480,98710,22.99,0.01,-0.01,1.00,0
99520,98719,23.03,-0.00,-0.00,1.00,0
99560,98732,22.95,0.01,-0.00,0.98,0
99600,98742,23.00,-0.00,-0.02,1.01,0
99640,98750,22.96,-0.00,0.00,1.00,0
99680,98757,23.02,-0.00,-0.00,1.01,0
99720,98763,22.98,-0.01,-0.01,1.00,0
99760,98780,23.10,0.00,-0.00,0.99,0
99800,98789,23.05,-0.00,-0.01,1.01,0
99840,98798,23.05,0.01,-0.01,0.99,0
99880,98804,22.99,0.01,0.01,1.04,0
99920,98812,22.92,0.01,0.02,1.00,0
99960,98820,23.09,-0.01,-0.00,1.00,0
100000,98830,23.01,0.01,-0.01,0.99,0
100040,98842,22.96,-0.01,-0.01,1.02,0
100080,98849,22.96,-0.00,-0.01,0.99,0
100120,98856,23.04,-0.01,0.00,1.00,0
100160,98866,23.04,0.02,0.00,1.00,0
100200,98876,23.01,0.00,0.01,1.00,0
100240,98889,23.00,-0.00,0.00,1.00,0
100280,98892,22.99,0.01,0.01,1.00,0
100320,98898,23.04,0.01,0.00,0.99,0
100360,98910,23.11,0.00,0.00,0.99,0
100400,98917,23.02,0.01,-0.01,1.01,0
100440,98928,23.00,0.01,0.00,0.99,0
100480,98937,23.09,0.01,-0.00,1.02,0
100520,98941,23.12,0.01,-0.00,1.01,0
100560,98952,22.88,-0.01,-0.01,1.02,0
100600,98965,23.07,-0.02,0.01,1.02,0
100640,98963,23.00,-0.01,0.00,0.99,0
100680,98975,22.98,0.02,0.01,1.00,0
100720,98985,23.02,-0.00,0.01,0.99,0
100760,98999,23.06,-0.00,-0.01,0.98,0
100800,99003,22.93,0.00,0.01,0.99,0
100840,99010,22.99,-0.00,0.00,1.03,0
100880,99019,22.96,-0.00,0.00,1.02,0
100920,99030,23.06,-0.01,-0.01,0.99,0
100960,99039,23.00,0.00,-0.01,1.00,0
101000,99040,22.96,-0.01,0.00,1.01,0
101040,99055,22.95,0.01,-0.00,1.02,0
101080,99062,23.06,-0.01,-0.01,0.98,0
101120,99067,23.10,-0.02,-0.00,1.01,0
101160,99078,23.05,-0.00,0.02,1.00,0
101200,99077,22.95,0.01,0.01,1.03,0
101240,99082,23.14,-0.01,0.00,1.00,0
101280,99102,23.07,-0.00,-0.02,0.99,0
101320,99104,22.97,-0.02,-0.01,1.00,0
101360,99107,23.00,-0.00,0.01,1.00,0
101400,99121,23.07,-0.01,0.00,1.01,0
101440,99127,22.93,0.01,0.01,1.00,0
101480,99138,22.94,-0.01,0.02,0.99,0
101520,99147,22.96,-0.01,-0.01,1.01,0
101560,99149,22.96,-0.02,0.02,1.01,0
101600,99160,23.07,0.01,-0.00,1.02,0
101640,99173,22.99,-0.01,-0.00,0.99,0
101680,99181,22.98,-0.00,0.01,1.00,0
101720,99176,23.02,-0.00,-0.02,0.99,0
101720,99176,23.02,-0.00,-0.02,0.99,0
101760,99186,23.02,-0.01,0.00,0.99,0
101800,99196,23.05,-0.00,0.01,1.00,0
101840,99210,22.98,0.01,0.01,1.03,0
101880,99212,23.01,0.00,-0.00,1.01,0
101920,99212,22.97,0.00,-0.01,0.99,0
101960,99233,22.96,-0.01,-0.00,1.00,0
102000,99242,23.01,-0.00,-0.01,1.00,0
102040,99241,23.02,-0.00,-0.00,1.01,0
102080,99249,23.00,-0.01,0.02,1.01,0
102120,99247,23.04,0.03,0.02,1.00,0
102160,99260,22.89,-0.00,-0.01,1.00,0
102200,99270,22.93,-0.01,-0.02,1.01,0
102240,99278,23.06,-0.01,-0.01,1.00,0
102280,99286,22.99,0.01,0.00,1.00,0
102320,99291,23.04,0.01,0.01,0.99,0
102360,99298,23.00,-0.00,-0.01,0.98,0
102400,99305,23.07,-0.01,0.01,1.03,0
102440,99314,22.96,-0.01,0.01,0.99,0
102480,99322,22.93,0.01,-0.00,0.99,0
102520,99329,23.04,-0.01,-0.01,1.00,0
102560,99335,23.05,0.00,-0.01,1.01,0
102600,99340,22.97,-0.00,-0.00,1.00,0
102640,99351,22.96,0.01,-0.00,1.00,0
102680,99361,23.02,-0.00,-0.01,0.99,0
102720,99361,22.96,0.01,0.03,1.00,0
102760,99373,23.09,0.01,-0.01,0.99,0
102800,99366,23.03,0.00,-0.00,1.00,0
102840,99380,23.05,0.01,0.01,0.99,0
102880,99390,22.98,-0.00,-0.00,1.02,0
102920,99395,23.02,0.00,-0.00,0.98,0
102960,99405,22.92,0.01,-0.01,1.00,0
103000,99411,22.98,-0.01,-0.00,0.99,0
103040,99416,23.06,0.01,0.01,0.99,0
103080,99426,22.98,-0.01,0.01,1.00,0
103120,99426,23.04,0.01,0.00,0.98,0
103160,99432,23.07,-0.01,-0.01,1.00,0
103200,99442,23.08,-0.00,0.00,0.98,0
103240,99447,23.01,-0.00,-0.00,1.02,0
103280,99454,22.99,-0.01,0.00,0.98,0
103320,99469,23.01,-0.00,0.00,1.00,0
103360,99470,22.98,-0.01,0.00,1.01,0
103400,99477,22.98,-0.00,0.01,1.01,0
103440,99478,22.97,0.01,0.01,1.01,0
103480,99489,22.97,0.01,-0.01,1.00,0
103520,99498,23.01,0.02,0.00,0.99,0
103560,99498,23.07,0.00,0.01,0.97,0
103600,99504,22.90,-0.00,-0.00,0.99,0
103640,99514,23.14,-0.02,0.02,1.03,0
103680,99513,22.97,-0.02,-0.01,0.98,0
103720,0,22.98,-0.01,0.00,1.00,0
103760,99535,23.03,-0.00,0.00,1.01,0
103800,99530,23.01,0.00,-0.02,0.99,0
103840,99541,23.04,-0.01,-0.01,1.00,0
103880,99542,22.97,-0.00,0.00,1.00,0
103920,99556,23.06,0.00,0.00,1.03,0
103960,99563,23.00,-0.00,-0.00,0.99,0
104000,99573,22.93,0.01,0.00,1.01,0
104040,99579,23.01,-0.02,0.02,1.00,0
104080,99576,22.99,-0.01,-0.01,1.02,0
104120,99591,23.09,-0.01,-0.01,0.98,0
104160,99586,23.05,0.01,0.01,0.97,0
104200,99600,23.07,-0.01,-0.00,1.00,0
104240,99605,23.04,-0.02,-0.01,1.01,0
104280,99613,22.98,-0.01,0.01,0.99,0
104320,99619,22.97,-0.00,0.01,0.99,0
104360,99619,22.95,0.01,0.00,1.01,0
104400,99630,22.98,-0.00,-0.01,1.00,0
104440,99631,22.94,-0.00,-0.01,1.02,0
104480,99647,23.03,0.02,0.01,0.99,0
104520,99648,23.04,0.01,0.00,1.00,0
104560,99650,22.99,0.00,-0.01,0.99,0
104600,99655,23.02,0.01,-0.01,1.02,0
104640,99669,22.91,0.00,0.00,1.02,0
104680,99670,23.03,0.00,0.01,0.99,0
104720,99680,23.00,-0.01,-0.01,1.00,0
104760,99685,23.05,0.01,-0.00,1.01,0
104800,99682,23.02,-0.01,-0.01,1.00,0
104840,99696,22.94,0.01,0.01,1.00,0
104880,99697,22.99,-0.01,-0.02,0.98,0
104920,99709,23.00,-0.00,0.01,0.98,0
104960,99705,23.03,-0.01,0.00,0.99,0
105000,99712,23.05,0.00,0.01,0.96,0
105040,99720,22.97,0.00,0.01,1.00,0
105080,99730,23.08,-0.00,-0.00,1.02,0
105120,99736,22.95,0.00,0.00,0.99,0
105160,99734,22.96,0.01,-0.01,0.96,0
105200,99745,23.01,0.00,0.00,0.97,0
105240,99747,23.04,-0.01,-0.00,0.99,0
105280,99756,23.03,0.01,0.01,0.98,0
105320,99762,22.96,0.01,0.02,0.97,0
105360,99768,22.93,0.01,-0.01,0.98,0
105400,99779,22.96,0.00,0.01,0.97,0
105440,99774,22.95,0.01,-0.00,1.03,0
105480,99785,22.99,-0.00,0.01,0.99,0
105520,99786,22.93,0.03,0.01,0.98,0
105560,99795,22.93,0.01,0.03,1.00,0
105600,99793,22.97,-0.00,0.01,0.97,0
105640,99801,22.94,-0.01,0.00,1.01,0
105680,99808,23.00,0.01,-0.01,1.00,0
105720,99812,22.99,0.00,0.02,1.01,0
105760,99819,23.06,0.01,0.00,1.00,0
105800,99818,22.97,0.01,-0.00,1.00,0
105840,99827,23.00,0.01,-0.01,0.98,0
105880,99836,23.04,0.01,0.00,0.97,0
105920,99837,22.96,-0.02,-0.01,1.02,0
105960,99846,22.95,-0.01,-0.01,0.98,0
106000,99854,22.95,0.00,-0.00,0.98,0
106040,99852,23.03,0.02,-0.02,1.00,0
106080,99863,22.98,0.01,-0.00,1.00,0
106120,99867,22.93,0.01,0.02,1.02,0
106160,99876,22.95,0.00,-0.00,0.99,0
106200,99874,22.98,-0.00,-0.00,1.00,0
106240,99881,22.98,-0.00,-0.00,1.04,0
106280,99885,23.02,0.00,0.01,1.00,0
106320,99888,22.98,0.00,0.01,1.01,0
106360,99899,22.96,0.01,0.00,1.01,0
106400,99895,23.02,-0.01,0.01,1.00,0
106440,99904,22.99,-0.01,0.02,1.00,0
106480,99908,23.05,0.01,0.01,1.01,0
106520,99909,22.99,0.00,0.01,1.00,0
106560,99924,23.06,-0.02,0.01,0.96,0
106600,99924,22.96,-0.01,-0.01,0.99,0
106640,99924,23.01,-0.01,0.01,1.02,0
106680,99936,22.95,-0.01,0.01,1.00,0
106720,99931,23.00,-0.01,-0.00,1.00,0
106760,99940,22.95,-0.01,0.01,0.99,0
106800,99944,23.08,0.00,-0.01,1.01,0
106840,99948,23.05,-0.00,0.01,1.00,0
106880,99955,22.97,-0.01,-0.01,1.00,0
106920,99963,23.08,-0.01,0.00,0.99,0
106960,99966,22.98,0.01,-0.01,1.00,0
107000,99971,22.95,-0.01,0.02,0.98,0
107040,99976,22.98,0.00,0.01,1.01,0
107080,99976,22.99,0.00,-0.01,1.01,0
107120,99985,22.98,-0.00,0.02,1.00,0
107160,99986,22.96,0.01,0.01,1.03,0
107200,99993,22.96,0.01,0.02,1.01,0
107240,99994,22.99,0.01,-0.01,1.01,0
107280,99997,22.98,-0.01,-0.00,1.02,0
107320,100010,22.97,0.01,0.01,1.00,0
107360,100014,23.05,0.00,-0.01,0.99,0
107400,100018,22.98,-0.00,-0.01,1.01,0
107440,100018,22.91,-0.01,0.01,1.00,0
107480,100023,22.98,0.01,0.00,1.00,0
107520,100028,23.03,0.01,0.00,1.01,0
107560,100035,23.05,0.00,-0.00,1.02,0
107600,100037,23.02,0.00,-0.00,0.99,0
107640,100044,22.99,-0.01,0.01,1.00,0
107680,100045,22.99,0.00,-0.01,1.04,0
107720,100046,22.96,-0.01,-0.00,0.98,0
107760,100050,23.03,0.01,-0.01,1.00,0
107800,100061,22.98,0.02,-0.00,1.01,0
107840,100058,23.07,-0.01,-0.00,1.01,0
107880,100066,22.98,0.00,-0.02,0.99,0
107920,100070,23.01,-0.00,-0.01,1.02,0
107960,100076,22.96,-0.01,-0.01,1.00,0
108000,100090,23.14,-0.02,0.00,1.01,0
108040,100092,22.96,-0.01,0.02,1.00,0
108080,100086,23.00,-0.00,0.00,1.01,0
108120,100090,23.06,-0.01,0.02,0.98,0
108160,100096,23.05,-0.01,0.00,1.02,0
108200,100103,22.95,0.01,0.00,1.01,0
108240,100110,22.95,0.00,-0.01,1.01,0
108280,100107,22.87,-0.01,0.00,1.00,0
108320,100112,23.02,-0.00,-0.01,1.02,0
108360,100123,23.00,-0.00,0.01,0.98,0
108400,100121,23.04,0.02,0.00,1.01,0
108440,100124,23.08,0.01,-0.00,1.02,0
108480,100127,23.00,0.01,0.01,1.03,0
108520,100129,23.10,-0.01,0.02,1.00,0
108560,100138,22.96,0.01,0.00,1.00,0
108600,100148,23.03,0.01,-0.00,1.01,0
108640,100146,22.99,0.01,-0.01,0.98,0
108680,100154,23.03,-0.00,-0.00,1.01,0
108720,100154,23.06,0.01,0.00,1.00,0
108760,100164,23.02,0.02,0.01,0.97,0
108800,100162,23.00,-0.02,0.02,1.02,0
108840,100173,22.95,0.01,0.01,1.01,0
108880,100167,23.04,-0.01,-0.01,0.98,0
108920,100172,22.98,0.00,-0.01,1.00,0
108960,100181,23.01,-0.01,-0.00,1.00,0
109000,100184,22.98,0.02,-0.00,0.99,0
109040,100190,22.92,0.02,-0.00,1.01,0
109080,100187,23.04,-0.01,0.02,1.00,0
109120,100190,23.03,0.01,0.00,0.97,0
109160,100202,22.96,-0.00,0.01,1.02,0
109200,100210,23.03,0.00,-0.02,1.02,0
109240,100208,23.02,-0.00,-0.00,1.01,0
109280,100201,22.96,-0.01,0.00,0.97,0
109320,100220,23.03,-0.00,0.01,0.99,0
109360,100219,22.97,-0.01,0.01,0.98,0
109400,100225,22.99,0.01,-0.01,0.96,0
109440,100220,22.99,-0.00,-0.01,1.00,0
109480,100229,22.91,-0.00,0.00,1.01,0
109520,100235,23.03,-0.02,-0.02,1.01,0
109560,100235,22.97,0.00,-0.00,1.01,0
109600,100237,23.04,-0.00,0.00,1.01,0
109640,100247,22.88,-0.01,-0.01,1.00,0
109680,100241,23.00,-0.01,-0.00,0.98,0
109720,100251,22.98,0.00,0.00,1.00,0
109760,100258,23.02,0.00,-0.01,1.02,0
109800,100252,23.02,-0.01,-0.01,0.99,0
109840,100264,23.03,-0.02,0.03,1.00,0
109880,100268,23.17,-0.00,0.00,1.00,0
109920,100265,22.96,-0.01,-0.00,1.01,0
109960,100269,22.94,-0.02,-0.00,1.01,0
110000,100272,23.02,-0.01,-0.01,1.00,0
110040,100276,22.92,-0.00,0.01,0.99,0
110080,100280,22.94,-0.01,0.00,1.00,0
110120,100285,23.04,0.01,0.01,1.02,0
110160,100288,23.02,0.01,0.01,1.02,0
110200,100298,23.00,0.01,-0.02,1.00,0
110240,100294,23.06,0.00,0.00,1.01,0
110280,100298,23.00,0.02,-0.01,1.00,0
110320,100300,23.02,0.01,-0.01,1.02,0
110360,100303,23.08,0.01,-0.01,1.00,0
110400,100309,22.97,-0.02,0.00,1.00,0
110440,100312,23.01,0.02,0.00,1.00,0
110480,100314,22.97,-0.00,0.00,0.99,0
110520,100320,23.06,0.01,0.00,1.01,0
110560,100326,22.99,-0.01,-0.01,1.01,0
110600,100326,23.04,-0.01,-0.01,1.01,0
110640,100331,23.01,-0.00,0.00,1.01,0
110680,100342,23.06,0.01,-0.01,1.00,0
110720,100342,22.99,0.02,-0.00,1.01,0
110760,100341,23.03,-0.01,0.02,0.99,0
110800,100344,22.95,-0.01,-0.01,1.00,0
110840,100343,22.98,-0.00,-0.01,1.00,0
110880,100354,22.90,-0.01,0.01,1.06,0
110920,100358,23.03,-0.00,-0.00,0.99,0
110960,100359,22.98,-0.00,0.01,1.01,0
111000,100355,23.01,0.01,-0.01,1.02,0
111040,100368,22.97,0.00,-0.00,1.00,0
111080,100367,22.94,0.01,-0.00,0.98,0
111120,100369,22.97,-0.01,-0.01,1.00,0
111160,100378,23.01,0.01,0.01,1.00,0
111200,100374,22.97,0.01,0.00,0.99,0
111240,100372,23.04,-0.01,-0.01,0.99,0
111280,100384,23.00,-0.02,0.01,0.99,0
111320,100384,22.99,0.00,-0.01,1.02,0
111360,100385,22.98,-0.01,-0.00,0.99,0
111400,100395,22.95,0.01,-0.03,1.00,0
111440,100392,23.10,-0.01,0.00,0.98,0
111480,100400,22.94,0.01,-0.01,1.01,0
111520,100402,22.98,0.01,-0.01,0.99,0
111560,100405,23.02,-0.02,0.00,1.01,0
111600,100401,23.00,-0.01,0.01,1.00,0
111640,100416,23.10,-0.00,0.00,0.99,0
111680,100414,23.00,0.01,0.00,0.98,0
111720,100422,23.03,-0.00,-0.00,0.99,0
111760,100425,22.94,-0.01,-0.01,0.99,0
111800,100421,23.03,-0.00,0.01,0.98,0
111840,100425,23.02,0.01,0.01,1.01,0
111880,100428,22.95,-0.01,0.00,0.99,0
111920,100431,22.95,-0.01,-0.02,1.02,0
111960,100434,23.02,-0.00,0.02,1.02,0
112000,100442,22.99,-0.00,-0.01,1.00,0
112040,100438,23.02,0.01,0.01,0.99,0
112080,100443,23.00,-0.01,-0.00,1.02,0
112120,100441,22.98,-0.01,0.01,1.00,0
112160,100447,23.01,-0.00,0.03,0.97,0
112200,100455,23.00,0.00,0.02,1.00,0
112240,100462,23.00,-0.00,-0.01,0.99,0
112280,100457,22.98,-0.02,-0.02,1.00,0
112320,100458,23.01,0.00,-0.00,1.00,0
112360,100468,22.95,-0.02,-0.01,1.01,0
112400,100468,22.97,-0.01,0.00,1.02,0
112440,100475,22.98,0.00,0.00,1.01,0
112480,100471,23.03,-0.02,0.01,0.99,0
112520,100470,22.95,-0.01,-0.01,0.98,0
112560,100474,23.02,-0.00,0.00,1.02,0
112600,100474,23.02,-0.02,-0.01,1.02,0
112640,100474,22.99,-0.01,-0.00,1.01,0
112680,100474,23.03,-0.01,-0.00,1.02,0
112720,100474,22.96,0.01,-0.01,1.01,0
112760,100474,23.01,-0.01,-0.03,1.03,0
112800,100474,22.97,0.01,0.01,1.01,0
112840,100474,22.96,0.00,-0.00,1.00,0
112880,100504,22.99,-0.01,0.01,0.99,0
112920,100506,23.03,0.00,-0.01,1.01,0
112960,100510,22.94,-0.01,-0.01,0.98,0
113000,100509,23.05,0.01,0.02,1.02,0
113040,100506,23.04,0.02,-0.00,1.00,0
113080,100511,22.98,0.01,0.02,1.01,0
113120,100518,23.00,0.00,0.01,1.01,0
113160,100519,22.89,0.01,-0.00,1.01,0
113200,100526,22.99,-0.02,0.00,1.01,0
113240,100527,23.01,0.00,0.00,1.02,0
113280,100529,23.01,-0.00,0.00,1.00,0
113320,100531,22.97,-0.01,0.01,1.00,0
113360,100535,22.98,0.01,-0.02,0.99,0
113400,100535,22.92,0.01,0.01,1.01,0
113440,100538,22.97,0.02,0.01,1.00,0
113480,100544,23.00,0.01,-0.00,1.00,0
113520,100543,22.97,-0.00,0.02,1.00,0
113560,100542,23.05,-0.00,0.01,0.99,0
113600,100556,22.97,-0.00,-0.02,1.01,0
113640,100545,23.02,-0.00,-0.02,0.98,0
113680,100555,22.99,0.01,0.00,1.01,0
113720,100556,22.94,-0.00,0.00,1.02,0
113760,100560,22.98,-0.01,0.00,1.02,0
113800,100557,23.03,-0.00,-0.01,0.98,0
113840,100562,23.04,0.00,0.01,1.01,0
113880,100567,23.04,0.01,-0.01,1.01,0
113920,100566,23.02,0.00,0.02,1.02,0
113960,100568,23.03,0.00,-0.01,0.98,0
114000,100578,23.02,-0.00,0.01,1.00,0
114040,100575,23.04,-0.00,0.02,1.02,0
114080,100569,22.96,-0.01,-0.02,1.00,0
114120,100583,22.95,0.01,0.01,1.00,0
114160,100585,23.00,0.01,0.00,0.99,0
114200,100584,23.03,-0.01,-0.02,0.98,0
114240,100580,22.97,0.00,-0.02,1.04,0
114280,100589,23.01,-0.01,0.01,1.00,0
114320,100586,23.04,0.01,-0.01,1.02,0
114360,100593,22.92,0.00,-0.01,1.02,0
114400,100598,22.95,0.00,0.00,0.99,0
114440,100604,23.02,-0.01,-0.01,0.98,0
114480,100604,23.03,-0.01,0.02,1.00,0
114520,100609,23.09,-0.01,0.00,1.01,0
114560,100602,22.97,0.01,-0.01,1.02,0
114600,100610,23.05,-0.00,0.00,1.00,0
114640,100615,22.95,-0.00,0.00,1.01,0
114680,100623,23.00,0.01,0.00,0.98,0
114720,100611,22.96,0.00,-0.01,0.98,0
114760,100616,22.93,-0.00,-0.00,1.01,0
114800,100617,23.03,-0.01,-0.01,0.98,0
114840,100621,22.94,0.00,-0.00,1.00,0
114880,100623,22.98,0.00,-0.00,0.98,0
114920,100623,23.01,0.00,-0.01,0.99,0
114960,100626,22.98,0.01,0.01,1.01,0
115000,100633,23.00,0.01,-0.01,1.01,0
115040,100637,23.02,0.01,0.01,0.98,0
115080,100625,23.08,0.00,0.01,0.98,0
115120,100636,22.87,-0.01,0.01,1.00,0
115160,100641,23.04,0.01,-0.02,1.00,0
115760,100671,22.88,0.01,-0.00,0.99,0
115800,0,22.92,-0.00,0.00,1.03,0
115840,100676,22.96,0.02,-0.01,1.00,0
115880,100679,22.92,0.00,-0.01,1.03,0
115920,100674,23.02,0.02,-0.01,1.01,0
115960,100683,22.95,0.02,-0.01,1.00,0
116000,100691,22.94,0.01,-0.00,1.01,0
116040,100683,22.91,-0.01,-0.01,1.00,0
116080,100689,22.92,0.00,-0.01,1.01,0
116120,100693,23.06,0.01,-0.01,0.99,0
116160,100694,23.00,0.00,0.02,1.00,0
116200,100702,22.96,0.01,0.02,1.02,0
116240,100697,23.13,0.00,-0.02,1.00,0
116280,100701,22.98,-0.00,0.01,0.99,0
116320,100696,23.12,-0.01,0.02,0.99,0
116360,100696,2