t_s,basinc_pa,ivme_g,ncsu_durum
0.0,101987.38,1.0023,S
0.02,101987.38,1.0017,S
0.04,101987.91,1.0013,S
0.06,101987.75,1.0022,S
0.08,101987.8,1.0041,S
0.1,101987.84,1.0031,S
0.12,101987.62,1.0028,S
0.14,101987.78,1.0011,S
0.16,101988.05,1.0022,S
0.18,101988.08,1.0038,S
0.2,101987.23,1.0021,S
0.22,101987.7,1.0038,S
0.24,101987.83,1.0022,S
0.26,101987.78,1.0022,S
0.28,101988.05,1.0021,S
0.3,101987.75,1.0032,S
0.32,101987.16,1.0036,S
0.34,101987.28,1.0016,S
0.36,101987.66,1.0026,S
0.38,101987.64,1.0026,S
0.4,101987.67,1.0008,S
0.42,101987.39,1.0025,S
0.44,101987.58,1.0025,S
0.46,101987.17,1.0018,S
0.48,101987.59,1.0023,S
0.5,101988.06,1.0006,S
0.52,101987.75,1.0037,S
0.54,101987.92,1.0019,S
0.56,101988.03,1.0008,S
0.58,101987.44,1.0031,S
0.6,101987.59,1.004,S
0.62,101988.27,1.0008,S
0.64,101988.53,1.001,S
0.66,101987.09,1.0015,S
0.68,101988.14,1.0024,S
0.7,101987.67,1.0028,S
0.72,101988.31,1.0024,S
0.74,101987.81,1.0015,S
0.76,101987.77,1.0018,S
0.78,101987.81,1.001,S
0.8,101987.83,1.0031,S
0.82,101987.81,1.0016,S
0.84,101988.05,1.0026,S
0.86,101988.08,1.0034,S
0.88,101987.42,1.0022,S
0.9,101987.47,1.0014,S
0.92,101987.97,1.0028,S
0.94,101988.31,1.0037,S
0.96,101987.58,1.0027,S
0.98,101987.78,1.0013,S
1.0,101988.28,1.0021,S
1.02,101987.55,1.0026,S
1.04,101988.41,1.0017,S
1.06,101987.58,1.0023,S
1.08,101987.98,1.0042,S
1.1,101987.69,1.0027,S
1.12,101988.22,1.0003,S
1.14,101988.0,1.0032,S
1.16,101987.97,1.003,S
1.18,101987.75,1.0032,S
1.2,101988.02,1.001,S
1.22,101987.73,1.0021,S
1.24,101987.78,1.0012,S
1.26,101988.12,1.001,S
1.28,101987.95,1.0013,S
1.3,101988.03,1.0027,S
1.32,101988.11,1.0027,S
1.34,101988.06,1.002,S
1.36,101987.97,1.0036,S
1.38,101987.69,1.0023,S
1.4,101987.61,1.0025,S
1.42,101987.48,1.0025,S
1.44,101987.5,1.0019,S
1.46,101987.89,1.0037,S
1.48,101987.66,1.0016,S
1.5,101987.98,1.0016,S
1.52,101987.31,1.0027,S
1.54,101986.97,1.0018,S
1.56,101987.12,1.0017,S
1.58,101987.55,1.0018,S
1.6,101987.55,1.0015,S
1.62,101987.77,1.0033,S
1.64,101987.33,1.0022,S
1.66,101987.8,1.0032,S
1.68,101987.47,1.0019,S
1.7,101987.38,1.0015,S
1.72,101987.98,0.9998,S
1.74,101988.2,1.0007,S
1.76,101987.86,1.0029,S
1.78,101987.48,1.0031,S
1.8,101986.42,1.0015,S
1.82,101987.28,1.0014,S
1.84,101987.17,1.0026,S
1.86,101987.64,1.0015,S
1.88,101987.44,1.0009,S
1.9,101987.73,1.0017,S
1.92,101987.33,1.002,S
1.94,101988.0,1.003,S
1.96,101987.48,1.0031,S
1.98,101987.66,1.0022,S
2.0,101987.7,1.0022,S
2.02,101987.86,1.0029,S
2.04,101987.17,1.0012,S
2.06,101987.88,1.003,S
2.08,101987.33,1.0005,S
2.1,101987.69,1.0028,S
2.12,101987.8,1.0018,S
2.14,101987.86,1.0002,S
2.16,101987.39,1.0019,S
2.18,101987.58,1.0024,S
2.2,101987.55,1.0033,S
2.22,101987.75,1.0016,S
2.24,101987.64,1.0027,S
2.26,101988.31,1.0025,S
2.28,101987.61,1.0021,S
2.3,101987.72,1.004,S
2.32,101987.7,1.0016,S
2.34,101987.02,1.0021,S
2.36,101987.34,1.0006,S
2.38,101987.56,1.0048,S
2.4,101987.8,1.0031,S
2.42,101987.73,1.002,S
2.44,101987.47,1.0016,S
2.46,101988.31,1.0026,S
2.48,101987.2,1.0021,S
2.5,101987.36,1.0016,S
2.52,101987.44,1.0025,S
2.54,101987.39,1.0024,S
2.56,101987.81,0.9999,S
2.58,101988.39,1.0027,S
2.6,101987.59,1.002,S
2.62,101987.2,1.0025,S
2.64,101986.64,1.0046,S
2.66,101987.47,1.0026,S
2.68,101986.72,1.0026,S
2.7,101987.11,1.0028,S
2.72,101987.67,1.0029,S
2.74,101987.97,1.0018,S
2.76,101987.27,1.0013,S
2.78,101987.81,1.0007,S
2.8,101988.2,1.0025,S
2.82,101987.81,1.0007,S
2.84,101987.92,1.003,S
2.86,101988.09,1.001,S
2.88,101986.8,1.0036,S
2.9,101986.97,1.0018,S
2.92,101987.2,1.0025,S
2.94,101987.34,1.0029,S
2.96,101987.86,1.0029,S
2.98,101987.77,1.0027,S
3.0,101988.0,1.0017,S
3.02,101987.61,1.0031,S
3.04,101987.5,1.0023,S
3.06,101987.66,1.0032,S
3.08,101987.45,1.0027,S
3.1,101988.05,1.0031,S
3.12,101988.12,1.0022,S
3.14,101987.55,1.0011,S
3.16,101987.55,1.0018,S
3.18,101987.84,0.9997,S
3.2,101987.98,1.0018,S
3.22,101987.84,1.0016,S
3.24,101988.0,1.0028,S
3.26,101988.09,1.0011,S
3.28,101987.8,1.0036,S
3.3,101987.77,1.0028,S
3.32,101987.69,1.0042,S
3.34,101988.11,1.0014,S
3.36,101987.73,1.0024,S
3.38,101988.0,1.0032,S
3.4,101987.7,1.0018,S
3.42,101987.94,1.0013,S
3.44,101988.08,1.0011,S
3.46,101987.66,1.003,S
3.48,101987.23,1.0017,S
3.5,101988.0,1.0023,S
3.52,101988.16,1.0005,S
3.54,101987.8,1.0016,S
3.56,101988.44,1.0027,S
3.58,101988.25,1.0021,S
3.6,101987.19,1.0017,S
3.62,101988.02,1.0012,S
3.64,101987.75,1.0025,S
3.66,101988.58,1.0013,S
3.68,101987.34,1.0019,S
3.7,101988.41,1.0015,S
3.72,101987.59,1.0018,S
3.74,101987.53,1.0022,S
3.76,101987.88,1.0034,S
3.78,101987.94,1.002,S
3.8,101987.8,1.0024,S
3.82,101987.41,1.0032,S
3.84,101988.2,1.0035,S
3.86,101987.69,1.0032,S
3.88,101987.52,1.0021,S
3.9,101987.2,1.0018,S
3.92,101987.45,1.0026,S
3.94,101987.47,1.002,S
3.96,101988.0,1.0026,S
3.98,101987.88,1.0012,S
4.0,101987.81,1.0016,S
4.02,101987.53,1.0004,S
4.04,101987.88,1.0031,S
4.06,101988.14,1.0036,S
4.08,101987.94,1.0022,S
4.1,101987.56,1.0017,S
4.12,101987.69,1.01,S
4.14,101988.41,0.9621,S
4.16,101988.34,1.0085,S
4.18,101988.0,1.0041,S
4.2,101987.55,1.0003,S
4.22,101987.41,1.0037,S
4.24,101988.17,0.9992,S
4.26,101987.25,1.0034,S
4.28,101988.09,1.0015,S
4.3,101987.58,1.0038,S
4.32,101987.47,1.0018,S
4.34,101987.66,1.0007,S
4.36,101988.06,1.0028,S
4.38,101987.23,1.0016,S
4.4,101987.97,1.0014,S
4.42,101987.33,1.0041,S
4.44,101988.0,1.0028,S
4.46,101987.41,1.0038,S
4.48,101988.11,0.9994,S
4.5,101987.77,1.0035,S
4.52,101987.83,1.0017,S
4.54,101988.03,0.9992,S
4.56,101987.88,1.002,S
4.58,101987.31,1.0003,S
4.6,101987.22,1.0013,S
4.62,101987.81,1.0029,S
4.64,101988.06,0.9995,S
4.66,101988.03,0.9997,S
4.68,101987.27,1.0004,S
4.7,101987.09,1.0016,S
4.72,101987.89,1.0004,S
4.74,101987.78,1.0008,S
4.76,101987.06,0.9985,S
4.78,101986.95,1.0086,S
4.8,101988.64,1.0071,S
4.82,101986.75,0.997,S
4.84,101987.31,0.9949,S
4.86,101987.2,1.0012,S
4.88,101987.97,1.0032,S
4.9,101987.0,1.0001,S
4.92,101988.0,1.0142,S
4.94,101987.48,1.006,S
4.96,101987.11,1.0003,S
4.98,102011.25,0.0042,S
5.0,101985.95,4.107,S
5.02,101968.39,7.0548,S
5.04,101968.27,6.5559,S
5.06,101959.08,7.131,S
5.08,101945.45,6.4469,S
5.1,101966.45,6.9904,S
5.12,101986.12,7.5045,S
5.14,101949.5,7.1241,S
5.16,101970.0,7.6371,S
5.18,101993.5,7.6616,S
5.2,101964.31,7.6199,M
5.22,101972.53,8.063,M
5.24,102015.16,7.6317,M
5.26,101941.5,7.5504,M
5.28,101955.5,7.7834,M
5.3,101942.34,7.6507,M
5.32,101947.7,7.9692,M
5.34,101950.86,7.9324,M
5.36,101913.03,7.9476,M
5.38,101937.75,8.2405,M
5.4,101929.17,8.1117,M
5.42,101917.39,8.18,M
5.44,101915.41,8.3139,M
5.46,101894.02,8.4465,M
5.48,101910.95,8.4157,M
5.5,101902.45,8.4288,M
5.52,101867.14,8.4199,M
5.54,101870.56,8.4596,M
5.56,101875.12,8.6172,M
5.58,101852.67,8.5819,M
5.6,101835.23,8.6579,M
5.62,101831.16,8.6019,M
5.64,101814.33,8.6625,M
5.66,101824.5,8.8429,M
5.68,101787.34,8.8886,M
5.7,101796.02,8.7726,M
5.72,101790.14,8.8258,M
5.74,101764.55,8.8686,M
5.76,101753.38,8.8748,M
5.78,101754.62,8.8566,M
5.8,101747.64,8.8078,M
5.82,101720.38,8.9447,M
5.84,101707.45,8.8967,M
5.86,101698.25,9.0293,M
5.88,101688.33,9.0495,M
5.9,101675.91,8.9387,M
5.92,101662.44,8.9628,M
5.94,101643.61,8.9105,M
5.96,101627.61,8.9733,M
5.98,101621.73,9.0016,M
6.0,101598.27,9.0077,M
6.02,101588.02,8.8992,M
6.04,101574.66,8.9456,M
6.06,101557.22,9.0054,M
6.08,101533.56,9.0109,M
6.1,101501.38,9.0269,M
6.12,101490.73,9.0085,M
6.14,101473.91,8.9908,M
6.16,101460.55,8.9301,M
6.18,101438.08,8.8244,M
6.2,101417.75,8.8425,M
6.22,101413.5,8.9236,M
6.24,101400.33,9.1384,M
6.26,101364.58,8.7763,M
6.28,101348.92,8.8726,M
6.3,101322.91,8.8502,M
6.32,101305.95,8.8347,M
6.34,101299.09,8.9319,M
6.36,101271.09,8.8244,M
6.38,101241.86,8.8182,M
6.4,101229.44,8.7821,M
6.42,101199.39,8.7107,M
6.44,101184.27,8.7733,M
6.46,101162.88,8.7309,M
6.48,101121.77,8.6336,M
6.5,101101.95,8.7612,M
6.52,101085.59,8.6663,M
6.54,101056.53,8.7498,M
6.56,101029.56,8.605,M
6.58,101005.2,8.602,M
6.6,100987.59,8.5326,M
6.62,100950.78,8.6235,M
6.64,100930.36,8.4856,M
6.66,100890.31,8.3954,M
6.68,100888.78,8.4075,M
6.7,100854.98,8.3931,M
6.72,100821.77,8.2296,M
6.74,100794.33,8.2695,M
6.76,100769.94,8.178,M
6.78,100733.42,8.115,M
6.8,100725.56,8.0821,M
6.82,100678.45,7.9758,M
6.84,100659.36,7.9608,M
6.86,100620.7,7.8882,M
6.88,100596.8,7.788,M
6.9,100555.27,7.8467,M
6.92,100535.84,7.7221,M
6.94,100507.02,7.6922,M
6.96,100474.52,7.6255,M
6.98,100430.27,7.5845,M
7.0,100435.52,7.6235,M
7.02,100392.91,7.4779,M
7.04,100343.58,7.449,M
7.06,100307.88,7.4413,M
7.08,100280.31,7.323,M
7.1,100247.98,7.3241,M
7.12,100222.59,7.2379,M
7.14,100178.02,7.1959,M
7.16,100148.88,7.1272,M
7.18,100118.89,7.1134,M
7.2,100066.03,7.0233,M
7.22,100039.17,7.0294,M
7.24,100019.17,6.977,M
7.26,99989.92,6.8975,M
7.28,99937.67,6.8704,M
7.3,99910.36,6.9171,M
7.32,99860.58,6.7899,M
7.34,99844.75,6.7519,M
7.36,99814.16,6.6708,M
7.38,99769.73,6.6544,M
7.4,99716.34,6.6111,M
7.42,99693.31,6.5571,M
7.44,99673.59,6.4948,M
7.46,99621.84,6.4061,M
7.48,99575.3,6.3888,M
7.5,99546.56,6.3105,M
7.52,99498.53,6.2973,M
7.54,99465.39,6.1536,M
7.56,99427.14,6.2,M
7.58,99405.66,6.1397,M
7.6,99353.03,6.1647,M
7.62,99307.84,6.0197,M
7.64,99266.3,6.0804,M
7.66,99245.16,5.9758,M
7.68,99189.33,5.9567,M
7.7,99156.09,5.8543,M
7.72,99089.34,5.3273,M
7.74,99069.47,4.6671,M
7.76,99017.88,3.8787,M
7.78,99006.02,3.6148,M
7.8,98957.58,2.7418,M
7.82,98884.62,1.8009,M
7.84,98852.7,1.1758,M
7.86,98806.47,0.7867,C
7.88,98778.3,0.5001,C
7.9,98744.94,0.2661,C
7.92,98705.94,-0.1992,C
7.94,98814.92,-0.4608,C
7.96,104457.89,-1.7012,C
7.98,104789.39,-2.18,C
8.0,104744.02,-2.5479,C
8.02,104807.72,-2.2098,C
8.04,104778.19,-2.0902,C
8.06,104883.98,-2.0419,C
8.08,104665.45,-2.3253,C
8.1,104824.38,-1.118,C
8.12,104535.0,-2.2256,C
8.14,104393.73,-2.3026,C
8.16,104294.11,-1.9975,C
8.18,104212.59,-1.53,C
8.2,104189.89,-2.4188,C
8.22,103977.95,-1.8814,C
8.24,104003.72,-1.3904,C
8.26,103833.14,-2.2773,C
8.28,103772.45,-2.6477,C
8.3,103605.91,-1.411,C
8.32,103479.12,-2.4336,C
8.34,103513.27,-1.8679,C
8.36,103425.06,-1.157,C
8.38,103380.94,-1.4826,C
8.4,103353.66,-1.2139,C
8.42,103174.5,-2.3264,C
8.44,103085.53,-1.7901,C
8.46,102998.83,-1.2813,C
8.48,102950.12,-2.5495,C
8.5,102788.3,-2.3523,C
8.52,102874.69,-0.9848,C
8.54,102922.16,-1.8028,C
8.56,102743.84,-1.5918,C
8.58,102661.92,-1.908,C
8.6,102537.45,-1.7615,C
8.62,102462.66,-1.5376,C
8.64,102315.28,-1.0094,C
8.66,102199.03,-1.6463,C
8.68,102308.5,-1.9144,C
8.7,102195.14,-2.0496,C
8.72,102103.39,-1.3293,C
8.74,102087.66,-1.7909,C
8.76,101838.14,-1.1552,C
8.78,101882.8,-1.919,C
8.8,101819.56,-0.7239,C
8.82,101534.16,-1.511,C
8.84,101630.16,-1.276,C
8.86,101489.69,-1.6629,C
8.88,101371.86,-1.6438,C
8.9,101462.05,-1.0817,C
8.92,101450.92,-1.5016,C
8.94,101291.81,-1.4049,C
8.96,101304.84,-1.5283,C
8.98,101152.2,-1.2382,C
9.0,101059.22,-1.6411,C
9.02,101034.12,-1.43,C
9.04,100880.19,-2.1235,C
9.06,100845.53,-1.3514,C
9.08,100727.69,-1.0003,C
9.1,100759.45,-1.0202,C
9.12,100618.95,-2.104,C
9.14,100572.92,-1.4417,C
9.16,100533.78,-1.4889,C
9.18,100482.7,-1.2441,C
9.2,100525.55,-1.3248,C
9.22,100436.72,-0.8638,C
9.24,100398.86,-2.0914,C
9.26,100290.55,-1.2187,C
9.28,100235.73,-1.3611,C
9.3,100157.88,-1.8,C
9.32,100035.59,-1.5564,C
9.34,99941.81,-1.7335,C
9.36,99933.34,-0.8763,C
9.38,99797.38,-1.3526,C
9.4,99609.55,-1.3954,C
9.42,99653.05,-1.3226,C
9.44,99519.19,-1.6802,C
9.46,99579.5,-1.7027,C
9.48,99509.77,-1.1922,C
9.5,99394.67,-1.4648,C
9.52,99218.89,-1.8341,C
9.54,99322.14,-1.5696,C
9.56,99222.62,-1.1272,C
9.58,99307.0,-1.263,C
9.6,99142.39,-1.5529,C
9.62,99083.53,-1.3402,C
9.64,99124.17,-0.6057,C
9.66,98940.91,-1.7224,C
9.68,98944.33,-1.8632,C
9.7,98762.02,-1.4783,C
9.72,98770.11,-0.9285,C
9.74,98858.11,-1.5226,C
9.76,98788.69,-1.2625,C
9.78,98619.12,-1.2694,C
9.8,98585.06,-1.3287,C
9.82,98563.12,-1.0222,C
9.84,98464.06,-1.3138,C
9.86,98280.08,-1.2729,C
9.88,98385.22,-1.2646,C
9.9,98322.84,-1.2343,C
9.92,98310.8,-1.0134,C
9.94,98127.3,-1.25,C
9.96,98200.3,-1.0629,C
9.98,98145.23,-1.1382,C
10.0,98039.42,-1.1452,C
10.02,98030.83,-1.4998,C
10.04,97935.06,-0.8941,C
10.06,97896.02,-0.6995,C
10.08,97846.98,-1.4295,C
10.1,97884.92,-0.9537,C
10.12,97754.11,-1.3144,C
10.14,97687.34,-0.8954,C
10.16,97586.78,-1.3103,C
10.18,97580.28,-0.9939,C
10.2,97563.36,-1.4391,C
10.22,97515.95,-1.333,C
10.24,97413.95,-0.5842,C
10.26,97374.86,-1.2933,C
10.28,97307.2,-1.6804,C
10.3,97287.52,-1.3216,C
10.32,97158.5,-1.1542,C
10.34,97212.23,-1.1336,C
10.36,97156.45,-1.5774,C
10.38,97031.44,-0.7164,C
10.4,97049.59,-0.7651,C
10.42,97092.45,-0.571,C
10.44,96824.64,-1.0998,C
10.46,96914.08,-1.1272,C
10.48,96805.84,-1.1254,C
10.5,96762.5,-1.2657,C
10.52,96739.14,-0.9121,C
10.54,96680.05,-1.2009,C
10.56,96620.05,-1.0333,C
10.58,96576.28,-1.2269,C
10.6,96422.75,-0.7134,C
10.62,96382.73,-0.8007,C
10.64,96431.45,-1.0234,C
10.66,96291.33,-1.1613,C
10.68,96430.48,-1.0226,C
10.7,96250.84,-0.8684,C
10.72,96175.42,-0.993,C
10.74,96218.78,-1.2682,C
10.76,96099.23,-1.0169,C
10.78,95946.45,-0.9711,C
10.8,95767.44,-0.8895,C
10.82,95533.09,-1.3804,C
10.84,95592.03,-1.2821,C
10.86,95614.7,-1.4376,C
10.88,95623.97,-1.1355,C
10.9,95563.69,-1.3728,C
10.92,95525.97,-1.3353,C
10.94,95427.8,-0.9326,C
10.96,95417.89,-1.4099,C
10.98,95355.17,-1.0198,C
11.0,95320.81,-1.1275,C
11.02,95290.22,-1.2676,C
11.04,95268.11,-1.0562,C
11.06,95271.97,-1.1349,C
11.08,95171.81,-0.9644,C
11.1,95189.3,-0.8211,C
11.12,95096.88,-0.9915,C
11.14,94997.44,-1.2179,C
11.16,94986.42,-1.2564,C
11.18,94937.94,-1.225,C
11.2,94858.56,-0.8895,C
11.22,94897.5,-1.1299,C
11.24,94738.81,-1.2039,C
11.26,94807.52,-1.203,C
11.28,94798.48,-0.8906,C
11.3,94742.66,-0.7275,C
11.32,94677.0,-1.2776,C
11.34,94663.39,-0.8787,C
11.36,94628.56,-0.7706,C
11.38,94447.47,-1.1985,C
11.4,94648.72,-1.1831,C
11.42,94455.89,-1.1731,C
11.44,94408.97,-0.9762,C
11.46,94431.84,-1.082,C
11.48,94376.09,-0.9234,C
11.5,94365.3,-0.8981,C
11.52,94276.8,-1.0033,C
11.54,94216.7,-0.8527,C
11.56,94149.3,-0.9732,C
11.58,94173.44,-0.5386,C
11.6,94162.02,-0.6284,C
11.62,93992.64,-0.8571,C
11.64,94063.73,-0.9337,C
11.66,94063.67,-1.0255,C
11.68,94007.67,-0.6262,C
11.7,93922.33,-0.6733,C
11.72,93916.86,-0.7021,C
11.74,93887.62,-0.7619,C
11.76,93876.84,-0.8148,C
11.78,93847.16,-0.8451,C
11.8,93824.42,-0.9666,C
11.82,93808.5,-0.9118,C
11.84,93794.23,-1.0785,C
11.86,93768.98,-0.7651,C
11.88,93716.08,-0.7918,C
11.9,93694.28,-1.001,C
11.92,93717.38,-0.8576,C
11.94,93644.27,-0.9894,C
11.96,93618.14,-1.0811,C
11.98,93588.2,-0.6557,C
12.0,93539.38,-1.0531,C
12.02,93517.06,-0.8481,C
12.04,93552.0,-0.7835,C
12.06,93419.97,-0.5552,C
12.08,93395.7,-0.7618,C
12.1,93386.05,-0.7924,C
12.12,93339.27,-0.7346,C
12.14,93274.78,-0.8098,C
12.16,93239.91,-0.9119,C
12.18,93268.11,-0.7823,C
12.2,93166.88,-0.8663,C
12.22,93079.55,-0.5914,C
12.24,93165.69,-0.6958,C
12.26,93142.61,-0.7277,C
12.28,93020.42,-0.6426,C
12.3,93039.05,-0.4539,C
12.32,93044.5,-0.7309,C
12.34,92980.84,-0.7207,C
12.36,92929.39,-0.4775,C
12.38,92910.62,-1.0629,C
12.4,92948.69,-0.8114,C
12.42,92883.55,-0.6657,C
12.44,92876.47,-0.8844,C
12.46,92847.25,-0.572,C
12.48,92841.58,-0.8611,C
12.5,92747.95,-0.6948,C
12.52,92731.88,-0.8335,C
12.54,92738.02,-0.6019,C
12.56,92720.55,-0.5553,C
12.58,92652.78,-0.4078,C
12.6,92681.2,-0.6333,C
12.62,92586.02,-0.7791,C
12.64,92670.23,-0.5334,C
12.66,92591.73,-0.4523,C
12.68,92546.86,-0.5931,C
12.7,92513.28,-0.8145,C
12.72,92555.53,-0.6106,C
12.74,92470.42,-0.575,C
12.76,92455.61,-0.7702,C
12.78,92383.89,-0.4504,C
12.8,92380.41,-0.5336,C
12.82,92385.42,-0.5177,C
12.84,92371.03,-0.6762,C
12.86,92370.58,-0.5634,C
12.88,92328.55,-0.5314,C
12.9,92266.88,-0.5808,C
12.92,92316.75,-0.4891,C
12.94,92289.05,-0.4894,C
12.96,92256.88,-0.7346,C
12.98,92216.41,-0.6169,C
13.0,92250.8,-0.4513,C
13.02,92181.17,-0.403,C
13.04,92155.0,-0.698,C
13.06,92116.06,-0.438,C
13.08,92098.02,-0.5662,C
13.1,92072.22,-0.329,C
13.12,92055.45,-0.6514,C
13.14,92046.05,-0.528,C
13.16,92034.19,-0.5185,C
13.18,91981.59,-0.4497,C
13.2,91963.53,-0.5155,C
13.22,91967.16,-0.4978,C
13.24,91938.5,-0.3331,C
13.26,91903.39,-0.3998,C
13.28,91949.84,-0.4954,C
13.3,91922.53,-0.4946,C
13.32,91845.48,-0.416,C
13.34,91815.78,-0.4889,C
13.36,91799.77,-0.5339,C
13.38,91710.61,-0.3572,C
13.4,91715.78,-0.5433,C
13.42,91691.42,-0.2974,C
13.44,91637.73,-0.393,C
13.46,91664.36,-0.3294,C
13.48,91647.12,-0.4969,C
13.5,91635.81,-0.3551,C
13.52,91572.78,-0.4937,C
13.54,91580.44,-0.4166,C
13.56,91551.38,-0.3672,C
13.58,91532.81,-0.5691,C
13.6,91495.84,-0.2703,C
13.62,91527.05,-0.4374,C
13.64,91509.91,-0.3498,C
13.66,91462.64,-0.5205,C
13.68,91453.22,-0.333,C
13.7,91428.66,-0.5938,C
13.72,91377.09,-0.4608,C
13.74,91409.59,-0.461,C
13.76,91381.92,-0.463,C
13.78,91359.55,-0.4423,C
13.8,91340.88,-0.476,C
13.82,91321.12,-0.3932,C
13.84,91292.98,-0.4565,C
13.86,91224.59,-0.356,C
13.88,91239.72,-0.3599,C
13.9,91252.83,-0.3397,C
13.92,91261.28,-0.3681,C
13.94,91183.38,-0.4328,C
13.96,91178.2,-0.3354,C
13.98,91162.88,-0.3961,C
14.0,91142.66,-0.4835,C
14.02,91134.5,-0.4936,C
14.04,91098.42,-0.2971,C
14.06,91093.39,-0.4641,C
14.08,91040.8,-0.32,C
14.1,91052.91,-0.3345,C
14.12,91023.95,-0.4178,C
14.14,91013.0,-0.4012,C
14.16,91043.33,-0.3665,C
14.18,90994.09,-0.3673,C
14.2,90964.84,-0.3766,C
14.22,90938.91,-0.2727,C
14.24,90925.34,-0.3507,C
14.26,90908.28,-0.3358,C
14.28,90928.38,-0.3522,C
14.3,90889.81,-0.3129,C
14.32,90875.86,-0.33,C
14.34,90828.03,-0.3891,C
14.36,90853.81,-0.3687,C
14.38,90840.83,-0.3012,C
14.4,90808.34,-0.3188,C
14.42,90815.39,-0.3163,C
14.44,90794.47,-0.316,C
14.46,90740.11,-0.2567,C
14.48,90756.25,-0.2284,C
14.5,90775.05,-0.2409,C
14.52,90734.84,-0.2892,C
14.54,90695.95,-0.3443,C
14.56,90698.03,-0.2932,C
14.58,90689.22,-0.2494,C
14.6,90695.59,-0.2057,C
14.62,90658.89,-0.2074,C
14.64,90633.98,-0.3051,C
14.66,90595.97,-0.2315,C
14.68,90605.67,-0.1652,C
14.7,90583.17,-0.24,C
14.72,90584.16,-0.2364,C
14.74,90550.58,-0.2938,C
14.76,90542.09,-0.2084,C
14.78,90547.48,-0.2998,C
14.8,90505.52,-0.2674,C
14.82,90501.2,-0.2428,C
14.84,90493.2,-0.2713,C
14.86,90469.88,-0.2,C
14.88,90433.73,-0.213,C
14.9,90434.61,-0.2529,C
14.92,90403.56,-0.2022,C
14.94,90370.39,-0.3134,C
14.96,90410.75,-0.2609,C
14.98,90374.23,-0.2069,C
15.0,90346.53,-0.2369,C
15.02,90312.98,-0.2268,C
15.04,90350.58,-0.1928,C
15.06,90325.28,-0.251,C
15.08,90306.16,-0.231,C
15.1,90278.64,-0.2409,C
15.12,90280.48,-0.2092,C
15.14,90266.19,-0.2324,C
15.16,90262.97,-0.2167,C
15.18,90245.0,-0.1908,C
15.2,90230.69,-0.2588,C
15.22,90236.83,-0.2331,C
15.24,90192.14,-0.2458,C
15.26,90221.61,-0.2176,C
15.28,90178.17,-0.211,C
15.3,90160.38,-0.1996,C
15.32,90153.44,-0.2272,C
15.34,90178.62,-0.22,C
15.36,90148.94,-0.2215,C
15.38,90135.05,-0.1685,C
15.4,90137.7,-0.1518,C
15.42,90095.83,-0.1661,C
15.44,90078.69,-0.2119,C
15.46,90072.12,-0.1279,C
15.48,90076.25,-0.1785,C
15.5,90050.64,-0.1716,C
15.52,90045.92,-0.131,C
15.54,90042.78,-0.1971,C
15.56,90005.83,-0.1668,C
15.58,89998.11,-0.1969,C
15.6,90006.84,-0.1846,C
15.62,89982.17,-0.1517,C
15.64,89989.75,-0.2211,C
15.66,89976.81,-0.1619,C
15.68,89937.94,-0.1822,C
15.7,89949.28,-0.1437,C
15.72,89930.45,-0.1469,C
15.74,89932.41,-0.1416,C
15.76,89902.75,-0.1127,C
15.78,89900.69,-0.1471,C
15.8,89866.08,-0.1476,C
15.82,89886.17,-0.1441,C
15.84,89851.72,-0.1321,C
15.86,89839.89,-0.1338,C
15.88,89839.25,-0.1521,C
15.9,89829.75,-0.1723,C
15.92,89830.97,-0.1933,C
15.94,89804.28,-0.1307,C
15.96,89793.28,-0.1263,C
15.98,89785.19,-0.1265,C
16.0,89793.27,-0.1231,C
16.02,89760.22,-0.1226,C
16.04,89762.39,-0.1583,C
16.06,89758.28,-0.1238,C
16.08,89752.73,-0.1439,C
16.1,89730.02,-0.1156,C
16.12,89721.94,-0.1434,C
16.14,89711.89,-0.1318,C
16.16,89705.64,-0.1444,C
16.18,89691.91,-0.1466,C
16.2,89679.8,-0.1225,C
16.22,89673.42,-0.1289,C
16.24,89666.42,-0.1143,C
16.26,89659.41,-0.1512,C
16.28,89649.86,-0.1107,C
16.3,89644.94,-0.1049,C
16.32,89633.42,-0.1312,C
16.34,89610.25,-0.0911,C
16.36,89600.0,-0.0993,C
16.38,89594.86,-0.1165,C
16.4,89577.91,-0.1207,C
16.42,89585.31,-0.1179,C
16.44,89571.33,-0.1199,C
16.46,89547.59,-0.0952,C
16.48,89563.69,-0.1168,C
16.5,89540.97,-0.1034,C
16.52,89535.31,-0.1081,C
16.54,89518.67,-0.0881,C
16.56,89515.56,-0.0919,C
16.58,89510.19,-0.0853,C
16.6,89498.31,-0.1047,C
16.62,89486.78,-0.0841,C
16.64,89488.28,-0.078,C
16.66,89469.19,-0.0991,C
16.68,89456.33,-0.0841,C
16.7,89459.16,-0.098,C
16.72,89447.58,-0.082,C
16.74,89441.59,-0.0822,C
16.76,89437.25,-0.0677,C
16.78,89428.8,-0.0918,C
16.8,89423.28,-0.0857,C
16.82,89397.72,-0.0827,C
16.84,89403.34,-0.0842,C
16.86,89403.8,-0.0857,C
16.88,89373.12,-0.0757,C
16.9,89379.56,-0.0764,C
16.92,89369.7,-0.0782,C
16.94,89358.7,-0.0917,C
16.96,89347.91,-0.0756,C
16.98,89345.56,-0.0806,C
17.0,89330.88,-0.0693,C
17.02,89326.94,-0.0755,C
17.04,89314.19,-0.0591,C
17.06,89314.7,-0.0675,C
17.08,89303.09,-0.0719,C
17.1,89294.98,-0.0605,C
17.12,89292.05,-0.0699,C
17.14,89301.81,-0.0726,C
17.16,89278.27,-0.0623,C
17.18,89271.44,-0.0622,C
17.2,89262.2,-0.0511,C
17.22,89260.88,-0.078,C
17.24,89253.67,-0.058,C
17.26,89246.19,-0.0521,C
17.28,89235.86,-0.0528,C
17.3,89234.78,-0.0555,C
17.32,89221.66,-0.0525,C
17.34,89221.42,-0.0549,C
17.36,89209.03,-0.0604,C
17.38,89211.8,-0.0415,C
17.4,89203.36,-0.0405,C
17.42,89200.83,-0.051,C
17.44,89191.41,-0.0548,C
17.46,89189.27,-0.0529,C
17.48,89183.11,-0.0501,C
17.5,89174.19,-0.0469,C
17.52,89168.27,-0.0334,C
17.54,89160.33,-0.0511,C
17.56,89154.28,-0.0511,C
17.58,89152.34,-0.0558,C
17.6,89148.28,-0.0456,C
17.62,89144.94,-0.0365,C
17.64,89135.78,-0.0342,C
17.66,89128.06,-0.0482,C
17.68,89127.5,-0.0407,C
17.7,89119.08,-0.0392,C
17.72,89108.11,-0.0344,C
17.74,89107.75,-0.0405,C
17.76,89095.73,-0.041,C
17.78,89091.83,-0.0387,C
17.8,89097.56,-0.0372,C
17.82,89085.77,-0.0369,C
17.84,89085.31,-0.026,C
17.86,89082.02,-0.0337,C
17.88,89069.64,-0.0333,C
17.9,89065.92,-0.0339,C
17.92,89062.2,-0.0339,C
17.94,89050.94,-0.0319,C
17.96,89047.36,-0.0281,C
17.98,89042.36,-0.0334,C
18.0,89041.83,-0.0293,C
18.02,89039.36,-0.0273,C
18.04,89037.78,-0.0329,C
18.06,89031.41,-0.0256,C
18.08,89025.58,-0.0237,C
18.1,89020.73,-0.0263,C
18.12,89019.8,-0.0254,C
18.14,89013.16,-0.0262,C
18.16,89008.16,-0.0251,C
18.18,89003.64,-0.0167,C
18.2,88999.02,-0.0258,C
18.22,88994.86,-0.0221,C
18.24,88991.67,-0.0207,C
18.26,88988.61,-0.0176,C
18.28,88982.39,-0.02,C
18.3,88980.83,-0.0184,C
18.32,88976.5,-0.0196,C
18.34,88972.27,-0.0175,C
18.36,88967.86,-0.019,C
18.38,88969.73,-0.014,C
18.4,88964.95,-0.0201,C
18.42,88957.95,-0.014,C
18.44,88958.67,-0.0165,C
18.46,88954.28,-0.011,C
18.48,88950.86,-0.0137,C
18.5,88944.28,-0.0141,C
18.52,88943.05,-0.0106,C
18.54,88940.73,-0.0142,C
18.56,88939.27,-0.013,C
18.58,88935.61,-0.0125,C
18.6,88933.62,-0.0098,C
18.62,88929.83,-0.0113,C
18.64,88926.89,-0.0108,C
18.66,88924.75,-0.0117,C
18.68,88921.3,-0.0083,C
18.7,88919.73,-0.0096,C
18.72,88916.3,-0.0086,C
18.74,88914.25,-0.0087,C
18.76,88909.81,-0.0087,C
18.78,88908.45,-0.0095,C
18.8,88907.17,-0.0062,C
18.82,88904.02,-0.0068,C
18.84,88902.12,-0.0062,C
18.86,88898.33,-0.0067,C
18.88,88896.61,-0.0061,C
18.9,88895.72,-0.0035,C
18.92,88893.17,-0.0026,C
18.94,88889.61,-0.0051,C
18.96,88887.78,-0.0045,C
18.98,88885.61,-0.0031,C
19.0,88884.62,-0.0025,C
19.02,88882.09,-0.0025,C
19.04,88879.47,-0.0017,C
19.06,88877.94,-0.0015,C
19.08,88874.69,-0.0023,C
19.1,88872.8,0.0005,C
19.12,88871.69,-0.001,C
19.14,88869.59,-0.0022,C
19.16,88868.62,0.0005,C
19.18,88866.3,-0.0002,C
19.2,88864.72,-0.0005,C
19.22,88863.88,0.0002,C
19.24,88863.11,0.0022,C
19.26,88860.05,0.0031,C
19.28,88858.23,0.0016,C
19.3,88856.08,0.0032,C
19.32,88855.62,0.0012,C
19.34,88854.77,0.002,C
19.36,88852.64,0.0047,C
19.38,88852.0,0.0016,C
19.4,88850.06,0.0014,C
19.42,88849.42,0.0035,C
19.44,88848.94,0.0029,C
19.46,88847.34,0.003,C
19.48,88847.64,0.0056,C
19.5,88845.16,0.0051,C
19.52,88843.64,0.0059,C
19.54,88844.14,0.0057,C
19.56,88841.67,0.0048,C
19.58,88840.2,0.0041,C
19.6,88839.58,0.0053,C
19.62,88839.2,0.0064,C
19.64,88837.36,0.0062,C
19.66,88838.47,0.0074,C
19.68,88836.42,0.0069,C
19.7,88835.84,0.0084,C
19.72,88834.17,0.0043,C
19.74,88832.59,0.0064,C
19.76,88833.53,0.0095,C
19.78,88833.8,0.0059,C
19.8,88833.03,0.006,C
19.82,88833.03,0.0066,C
19.84,88832.09,0.0084,C
19.86,88833.42,0.0067,C
19.88,88832.89,0.0086,C
19.9,88833.05,0.0076,C
19.92,88832.42,0.0087,C
19.94,88832.09,0.0074,C
19.96,88832.05,0.0086,C
19.98,88832.42,0.0094,C
20.0,88831.78,0.0105,C
20.02,88831.92,0.0097,C
20.04,88833.77,0.0094,C
20.06,88831.98,0.0104,C
20.08,88834.73,0.0092,C
20.1,88833.94,0.0119,C
20.12,88834.27,0.0108,C
20.14,88834.27,0.0117,C
20.16,88833.86,0.0128,C
20.18,88835.44,0.0139,C
20.2,88836.09,0.0114,C
20.22,88836.28,0.0122,C
20.24,88837.64,0.0134,C
20.26,88835.36,0.0114,C
20.28,88836.42,0.0141,C
20.3,88835.92,0.0145,C
20.32,88836.23,0.0111,C
20.34,88837.53,0.0076,C
20.36,88837.17,0.0125,C
20.38,88837.39,0.0149,C
20.4,88839.84,0.0147,C
20.42,88840.98,0.0166,C
20.44,88841.8,0.0149,C
20.46,88843.16,0.0129,C
20.48,88844.06,0.0171,C
20.5,88844.94,0.0155,C
20.52,88844.97,0.0149,C
20.54,88846.5,0.0164,C
20.56,88846.88,0.0169,C
20.58,88847.02,0.0207,C
20.6,88850.56,0.0128,C
20.62,88850.45,0.0162,C
20.64,88850.84,0.0203,C
20.66,88850.33,0.0179,C
20.68,88852.02,0.0168,C
20.7,88853.8,0.0197,C
20.72,88853.73,0.0173,C
20.74,88854.95,0.0161,C
20.76,88856.11,0.0165,C
20.78,88857.23,0.0223,C
20.8,88859.09,0.019,C
20.82,88861.27,0.0195,C
20.84,88862.19,0.0157,C
20.86,88864.39,0.0183,C
20.88,89021.38,-0.7874,C
20.9,89076.39,-1.213,C
20.92,89280.81,-23.2408,C
20.94,88845.48,0.8405,C
20.96,88867.25,0.1807,C
20.98,88869.78,0.0883,C
21.0,88869.2,0.0024,C
21.02,88867.09,0.0327,C
21.04,88864.38,0.0183,C
21.06,88866.33,0.0276,C
21.08,88871.36,0.0399,C
21.1,88867.59,0.016,C
21.12,88869.53,0.0175,C
21.14,88868.0,0.0074,C
21.16,88869.14,0.008,C
21.18,88877.61,0.0151,C
21.2,88870.72,0.0292,C
21.22,88877.12,0.012,C
21.24,88880.06,-0.0006,C
21.26,88882.34,-0.0061,C
21.28,88893.7,0.0065,C
21.3,88892.94,0.0099,C
21.32,88900.36,-0.0019,C
21.34,88898.44,0.0128,C
21.36,88902.0,0.018,C
21.38,88902.45,0.0055,C
21.4,88910.45,0.0087,C
21.42,88913.23,0.0003,C
21.44,88917.77,0.0105,C
21.46,88917.22,0.015,C
21.48,88924.73,0.0193,C
21.5,88927.02,0.0307,C
21.52,88932.62,0.0186,C
21.54,88935.66,0.0258,C
21.56,88940.08,0.0203,C
21.58,88943.5,0.028,C
21.6,88943.66,0.0305,C
21.62,88954.0,0.034,C
21.64,88952.42,0.2065,C
21.66,88952.11,0.4524,C
21.68,88949.33,0.7485,C
21.7,88955.7,0.2255,C
21.72,88949.38,0.3212,C
21.74,88954.42,0.2378,C
21.76,88954.58,1.0907,C
21.78,88961.02,1.9127,C
21.8,88946.53,3.7093,C
21.82,88937.58,6.5258,C
21.84,88939.78,9.9396,C
21.86,88931.14,6.7673,C
21.88,88950.0,1.258,C
21.9,88972.7,0.1483,C
21.92,88991.09,-0.2394,C
21.94,88985.09,-0.3259,C
21.96,88994.91,-0.0976,C
21.98,89001.88,0.246,C
22.0,89011.55,0.55,C
22.02,89030.91,0.5821,C
22.04,89037.62,0.1869,C
22.06,89025.19,0.3491,C
22.08,89023.7,0.1598,C
22.1,89041.81,0.033,C
22.12,89032.25,0.0495,C
22.14,89025.5,0.0868,C
22.16,89048.27,0.0776,C
22.18,89047.33,-0.0028,C
22.2,89030.23,-0.0188,C
22.22,89040.08,0.0081,C
22.24,89063.05,-0.0472,C
22.26,89056.61,-0.0601,C
22.28,89060.8,-0.072,C
22.3,89053.42,-0.0809,C
22.32,89060.14,-0.1087,C
22.34,89054.23,-0.0994,C
22.36,89061.28,-0.1191,C
22.38,89062.8,-0.0909,C
22.4,89067.38,-0.1179,C
22.42,89071.67,-0.1475,C
22.44,89083.38,-0.1528,C
22.46,89072.66,-0.1841,C
22.48,89076.02,-0.1816,C
22.5,89080.77,-0.1988,C
22.52,89075.78,-0.2194,C
22.54,89070.58,-0.2192,C
22.56,89063.58,-0.2212,C
22.58,89058.59,-0.2285,C
22.6,89053.39,-0.1951,C
22.62,89047.44,-0.1738,C
22.64,89051.91,-0.1215,C
22.66,89067.27,-0.0571,C
22.68,89066.72,-0.0498,C
22.7,89070.58,-0.001,C
22.72,89060.44,0.0454,C
22.74,89074.22,0.0379,C
22.76,89072.45,0.0765,C
22.78,89079.72,0.1244,C
22.8,89088.59,0.0811,C
22.82,89106.66,0.1002,C
22.84,89115.59,0.1345,C
22.86,89128.06,0.1327,C
22.88,89150.02,0.1687,C
22.9,89151.3,0.1478,C
22.92,89161.98,0.158,C
22.94,89172.72,0.1629,C
22.96,89160.8,0.203,C
22.98,89181.75,0.2164,C
23.0,89178.41,0.229,C
23.02,89178.47,0.2345,C
23.04,89178.23,0.2359,C
23.06,89171.61,0.2277,C
23.08,89177.28,0.2588,C
23.1,89190.72,0.2517,C
23.12,89178.7,0.2538,C
23.14,89182.98,0.2243,C
23.16,89204.75,0.2043,C
23.18,89187.31,0.2157,C
23.2,89205.09,0.2106,C
23.22,89206.95,0.21,C
23.24,89212.39,0.1931,C
23.26,89206.77,0.1824,C
23.28,89217.8,0.1551,C
23.3,89210.12,0.152,C
23.32,89215.36,0.1273,C
23.34,89221.95,0.1088,C
23.36,89199.81,0.0614,C
23.38,89206.52,0.02,C
23.4,89220.31,0.0167,C
23.42,89215.48,0.0011,C
23.44,89217.16,-0.0409,C
23.46,89223.56,-0.0471,C
23.48,89237.84,-0.0992,C
23.5,89234.86,-0.2003,C
23.52,89220.33,-0.1732,C
23.54,89245.73,-0.1849,C
23.56,89209.2,-0.2174,C
23.58,89241.91,-0.2554,C
23.6,89244.2,-0.3422,C
23.62,89233.89,-0.3711,C
23.64,89222.78,-0.3821,C
23.66,89216.95,-0.4023,C
23.68,89223.62,-0.3927,C
23.7,89225.34,-0.3952,C
23.72,89239.58,-0.3964,C
23.74,89235.44,-0.3572,C
23.76,89255.98,-0.3221,C
23.78,89271.03,-0.29,C
23.8,89283.94,-0.2671,C
23.82,89309.5,-0.2611,C
23.84,89316.42,-0.2438,C
23.86,89313.5,-0.2048,C
23.88,89326.27,-0.1975,C
23.9,89336.97,-0.2137,C
23.92,89335.44,-0.1736,C
23.94,89348.78,-0.1626,C
23.96,89352.75,-0.1489,C
23.98,89377.89,-0.139,C
24.0,89400.28,-0.1404,C
24.02,89412.72,-0.15,C
24.04,89428.98,-0.1737,C
24.06,89437.72,-0.1545,C
24.08,89430.89,-0.1624,C
24.1,89421.08,-0.1693,C
24.12,89427.92,-0.2537,C
24.14,89474.09,-0.2318,C
24.16,89459.48,-0.2182,C
24.18,89459.42,-0.2112,C
24.2,89458.8,-0.195,C
24.22,89444.97,-0.2196,C
24.24,89472.08,-0.1986,C
24.26,89486.83,-0.1786,C
24.28,89487.28,-0.2129,C
24.3,89485.97,-0.1629,C
24.32,89493.42,-0.2077,C
24.34,89473.42,-0.1755,C
24.36,89485.14,-0.2095,C
24.38,89490.33,-0.1941,C
24.4,89488.91,-0.2326,C
24.42,89510.12,-0.2457,C
24.44,89497.61,-0.2689,C
24.46,89515.09,-0.3521,C
24.48,89521.64,-0.2473,C
24.5,89532.78,-0.2511,C
24.52,89568.69,-0.2839,C
24.54,89581.55,-0.3203,C
24.56,89534.69,-0.3038,C
24.58,89560.69,-0.3754,C
24.6,89563.06,-0.4428,C
24.62,89552.45,-0.376,C
24.64,89576.11,-0.3633,C
24.66,89580.8,-0.3565,C
24.68,89568.77,-0.4151,C
24.7,89584.39,-0.4503,C
24.72,89615.03,-0.396,C
24.74,89610.52,-0.3634,C
24.76,89595.97,-0.3866,C
24.78,89616.61,-0.3689,C
24.8,89633.05,-0.293,C
24.82,89644.33,-0.3455,C
24.84,89659.19,-0.4035,C
24.86,89641.81,-0.3402,C
24.88,89671.2,-0.3436,C
24.9,89676.83,-0.3967,C
24.92,89726.12,-0.4088,C
24.94,89733.69,-0.4874,C
24.96,89742.16,-0.4225,C
24.98,89734.05,-0.6618,C
25.0,89730.72,-0.9907,C
25.02,89731.75,-1.1209,C
25.04,89738.02,-1.0239,C
25.06,89708.94,-0.7555,C
25.08,89700.73,-0.2476,C
25.1,89688.53,-0.076,C
25.12,89634.2,2.7901,C
25.14,89655.52,6.1694,C
25.16,89665.48,6.9903,C
25.18,89696.23,4.2693,C
25.2,89664.19,0.724,C
25.22,89707.64,-0.2422,C
25.24,89735.62,-0.1966,C
25.26,89716.66,-0.3507,C
25.28,89719.03,-0.3072,C
25.3,89717.25,-0.3351,C
25.32,89741.17,-0.0805,C
25.34,89770.23,-0.1749,C
25.36,89806.59,-0.1552,C
25.38,89822.69,-0.2079,C
25.4,89826.67,-0.096,C
25.42,89836.03,-0.21,C
25.44,89863.03,-0.2123,C
25.46,89863.52,-0.3372,C
25.48,89871.97,-0.2886,C
25.5,89878.83,-0.3524,C
25.52,89905.88,-0.2491,C
25.54,89910.5,-0.2786,C
25.56,89934.89,-0.4863,C
25.58,89969.3,-0.4864,C
25.6,89975.02,-0.5427,C
25.62,89959.31,-0.551,C
25.64,90003.3,-0.523,C
25.66,89993.09,-0.5017,C
25.68,89996.12,-0.5292,C
25.7,90006.03,-0.5084,C
25.72,89995.91,-0.4807,C
25.74,89995.36,-0.4759,C
25.76,89993.91,-0.4639,C
25.78,90004.33,-0.4539,C
25.8,90010.19,-0.4503,C
25.82,90014.39,-0.4306,C
25.84,90042.02,-0.4354,C
25.86,90011.47,-0.4126,C
25.88,90026.83,-0.4624,C
25.9,90033.97,-0.4539,C
25.92,90030.44,-0.4016,C
25.94,90025.73,-0.3073,C
25.96,90035.7,-0.4044,C
25.98,90033.2,-0.3898,C
26.0,90043.83,-0.4107,C
26.02,90037.61,-0.3959,C
26.04,90058.11,-0.4099,C
26.06,90071.28,-0.4516,C
26.08,90063.94,-0.4205,C
26.1,90079.88,-0.3831,C
26.12,90100.11,-0.4627,C
26.14,90073.27,-0.4559,C
26.16,90101.16,-0.4751,C
26.18,90068.36,-0.3805,C
26.2,90130.69,-0.4348,C
26.22,90129.91,-0.465,C
26.24,90145.11,-0.4778,C
26.26,90178.12,-0.4529,C
26.28,90180.27,-0.4987,C
26.3,90186.91,-0.5036,C
26.32,90173.48,-0.4186,C
26.34,90193.72,-0.3977,C
26.36,90238.23,-0.424,C
26.38,90206.97,-0.4239,C
26.4,90235.67,-0.4102,C
26.42,90263.77,-0.3992,C
26.44,90267.97,-0.3914,C
26.46,90239.48,-0.3539,C
26.48,90265.41,-0.4116,C
26.5,90333.72,-0.414,C
26.52,90306.39,-0.366,C
26.54,90309.03,-0.3864,C
26.56,90305.11,-0.3849,C
26.58,90339.7,-0.4373,C
26.6,90350.5,-0.3609,F
26.62,90374.94,-0.3802,F
26.64,90358.67,-0.3861,F
26.66,90365.66,-0.3604,F
26.68,90411.42,-0.0939,F
26.7,90421.42,-0.1915,F
26.72,90392.12,-0.2072,F
26.74,90293.39,-0.3343,F
26.76,90298.78,-0.3441,F
26.78,90304.66,-0.1341,F
26.8,90314.33,-0.1572,F
26.82,90325.75,-0.2381,F
26.84,90335.08,-0.2417,F
26.86,90308.41,-0.3017,F
26.88,90338.2,-0.151,F
26.9,90336.05,-0.2391,F
26.92,90357.22,-0.1406,F
26.94,90357.91,-0.2408,F
26.96,90364.31,-0.2777,F
26.98,90373.34,-0.232,F
27.0,90387.45,-0.346,F
27.02,90398.09,-0.3792,F
27.04,90407.09,-0.385,F
27.06,90427.56,-0.3134,F
27.08,90437.28,-0.3257,F
27.1,90454.28,-0.2429,F
27.12,90455.45,-0.6551,F
27.14,90445.89,-0.3702,F
27.16,90455.48,-0.4716,F
27.18,90478.56,-0.7654,F
27.2,90498.12,-0.4591,F
27.22,90491.22,-0.4761,F
27.24,90493.11,-0.5133,F
27.26,90488.2,-0.5215,F
27.28,90517.95,-0.6329,F
27.3,90524.52,-0.6698,F
27.32,90515.22,-0.7155,F
27.34,90523.34,-0.6766,F
27.36,90551.22,-0.6317,F
27.38,90549.45,-0.6778,F
27.4,90536.86,-0.6276,F
27.42,90527.19,-0.6153,F
27.44,90524.52,-0.5337,F
27.46,90507.14,-0.5471,F
27.48,90487.81,-0.5209,F
27.5,90470.36,-0.5057,F
27.52,90468.47,-0.4387,F
27.54,90455.0,-0.393,F
27.56,90423.5,-0.4217,F
27.58,90433.27,-0.3897,F
27.6,90407.47,-0.3862,F
27.62,90433.47,-0.3834,F
27.64,90421.05,-0.3295,F
27.66,90405.28,-0.3709,F
27.68,90424.89,-0.3594,F
27.7,90437.27,-0.3039,F
27.72,90476.61,-0.3444,F
27.74,90490.02,-0.3534,F
27.76,90460.64,-0.3385,F
27.78,90450.11,-0.3876,F
27.8,90480.36,-0.3682,F
27.82,90412.0,-0.4368,F
27.84,90438.08,-0.3445,F
27.86,90431.0,-0.3836,F
27.88,90433.95,-0.3691,F
27.9,90330.12,-0.3801,F
27.92,90379.69,-0.3495,F
27.94,90370.23,-0.4534,F
27.96,90433.5,-0.4926,F
27.98,90457.25,-0.3633,F
28.0,90540.2,-0.4326,F
28.02,90500.17,-0.379,F
28.04,90554.05,-0.3677,F
28.06,90542.5,-0.4676,F
28.08,90548.62,-0.4557,F
28.1,90530.72,-0.3991,F
28.12,90531.81,-0.2545,F
28.14,90538.69,-0.3573,F
28.16,90538.75,-0.1908,F
28.18,90538.12,-0.0618,F
28.2,90529.12,-0.0546,F
28.22,90558.17,0.09,F
28.24,90607.2,0.1371,F
28.26,90622.84,0.1694,F
28.28,90684.75,0.1668,F
28.3,90616.69,-0.0655,F
28.32,90648.34,-0.0906,F
28.34,90663.22,-0.2267,F
28.36,90674.34,-0.3581,F
28.38,90664.27,-0.4838,F
28.4,90657.83,-0.5414,F
28.42,90677.38,-0.4886,F
28.44,90745.55,-0.4332,F
28.46,90772.33,-0.2736,F
28.48,90706.78,-0.0611,F
28.5,90749.27,-0.0197,F
28.52,90834.61,0.1461,F
28.54,90772.16,0.067,F
28.56,90750.58,0.1999,F
28.58,90839.84,-0.3708,F
28.6,90862.59,-0.9343,F
28.62,90742.53,-2.0808,F
28.64,90690.58,-3.1542,F
28.66,90667.16,-3.4753,F
28.68,90692.48,-3.0064,F
28.7,90775.92,-2.7837,F
28.72,90915.55,-2.3863,F
28.74,91006.64,-1.6705,F
28.76,91036.48,2.3089,F
28.78,91045.91,6.1933,F
28.8,90993.31,13.1207,F
28.82,90889.33,1.9583,F
28.84,90868.97,0.2264,F
28.86,90867.94,0.038,F
28.88,90810.78,-0.4992,F
28.9,90898.7,-0.3554,F
28.92,90831.09,-0.4426,F
28.94,90892.5,-0.2804,F
28.96,90933.5,-0.2729,F
28.98,90912.91,-0.2397,F
29.0,90905.67,-0.2358,F
29.02,90919.7,-0.2153,F
29.04,90965.58,-0.1975,F
29.06,91001.34,-0.17,F
29.08,91068.39,-0.2362,F
29.1,91082.09,-0.2058,F
29.12,91100.73,-0.2486,F
29.14,91142.56,-0.2747,F
29.16,91158.44,-0.2933,F
29.18,91189.3,-0.2797,F
29.2,91225.95,-0.0595,F
29.22,91218.98,-0.2603,F
29.24,91243.66,-0.5325,F
29.26,91266.62,-0.415,F
29.28,91274.05,-0.4001,F
29.3,91291.27,-0.4102,F
29.32,91274.23,-0.3984,F
29.34,91270.52,-0.4205,F
29.36,91274.03,-0.4352,F
29.38,91269.78,-1.0931,F
29.4,91278.28,-0.4647,F
29.42,91302.27,-0.4257,F
29.44,91299.66,-0.3826,F
29.46,91301.0,-0.3401,F
29.48,91313.59,-0.3299,F
29.5,91320.41,-0.3231,F
29.52,91320.44,-0.3507,F
29.54,91345.5,-0.3975,F
29.56,91340.48,-0.3861,F
29.58,91371.83,-0.3918,F
29.6,91369.88,-0.3917,F
29.62,91379.88,-0.3027,F
29.64,91396.41,-0.4032,F
29.66,91396.47,-0.4917,F
29.68,91389.78,-0.3525,F
29.7,91421.0,-0.4146,F
29.72,91436.89,-0.4415,F
29.74,91433.8,-0.4794,F
29.76,91461.11,-0.4552,F
29.78,91468.69,-0.369,F
29.8,91484.22,-0.3973,F
29.82,91508.44,-0.4152,F
29.84,91515.59,-0.5261,F
29.86,91544.23,-0.4873,F
29.88,91534.19,-0.4436,F
29.9,91527.84,-0.4373,F
29.92,91548.03,-0.4643,F
29.94,91565.98,-0.4873,F
29.96,91552.2,-0.4628,F
29.98,91568.05,-0.502,F
30.0,91578.78,-0.558,F
30.02,91593.92,-0.4438,F
30.04,91604.59,-0.4139,F
30.06,91608.89,-0.4587,F
30.08,91619.44,-0.4755,F
30.1,91649.98,-0.5389,F
30.12,91636.05,-0.4393,F
30.14,91629.67,-0.3722,F
30.16,91653.84,-0.4403,F
30.18,91660.39,-0.4238,F
30.2,91664.62,-0.5439,F
30.22,91678.59,-0.5038,F
30.24,91694.95,-0.6046,F
30.26,91722.38,-0.5954,F
30.28,91735.45,-0.4276,F
30.3,91746.67,-0.392,F
30.32,91742.22,-0.4222,F
30.34,91755.25,-0.5165,F
30.36,91769.19,-1.7538,F
30.38,91759.64,-1.3717,F
30.4,91786.75,-1.1761,F
30.42,91793.55,-0.8935,F
30.44,91805.53,-1.107,F
30.46,91791.61,-1.0059,F
30.48,91804.28,-0.9073,F
30.5,91794.31,-0.8478,F
30.52,91804.67,-1.0482,F
30.54,91826.0,-1.0058,F
30.56,91821.95,-1.4032,F
30.58,91831.47,-0.8426,F
30.6,91827.91,-1.3462,F
30.62,91829.58,-0.9108,F
30.64,91833.08,-1.2293,F
30.66,91860.36,-1.6186,F
30.68,91858.48,-2.1749,F
30.7,91869.73,-3.5963,F
30.72,91879.11,-3.5793,F
30.74,91885.83,-2.3392,F
30.76,91854.92,-1.9564,F
30.78,91869.5,-1.7943,F
30.8,91856.23,-3.6868,F
30.82,91849.73,-5.7439,F
30.84,91826.5,-3.6756,F
30.86,91780.88,-4.2929,F
30.88,91700.83,-3.5076,F
30.9,91710.41,-3.5873,F
30.92,91599.97,-3.3696,F
30.94,91551.05,-3.9584,F
30.96,91457.3,-7.6262,F
30.98,91451.92,-8.971,F
31.0,91642.75,-8.0544,F
31.02,91842.16,-6.3273,F
31.04,91797.11,-4.3797,F
31.06,91972.78,-3.0651,F
31.08,92025.8,10.659,F
31.1,92049.22,9.0316,F
31.12,92049.41,1.5674,F
31.14,92004.44,11.2532,F
31.16,92054.97,13.1141,F
31.18,92045.27,15.2641,F
31.2,92067.16,0.5765,F
31.22,92061.56,0.5092,F
31.24,92027.86,4.1879,F
31.26,92051.17,7.347,F
31.28,92072.38,2.0535,F
31.3,92090.83,0.3646,F
31.32,92088.75,0.7085,F
31.34,92081.19,0.0913,F
31.36,92079.84,1.4891,F
31.38,92088.7,0.5436,F
31.4,92093.8,-0.501,F
31.42,92088.77,-0.1828,F
31.44,92090.12,-0.4366,F
31.46,92095.81,-0.6798,F
31.48,92098.02,-0.6825,F
31.5,92092.59,-0.4632,F
31.52,92099.55,0.3249,F
31.54,92100.5,1.0777,F
31.56,92102.73,0.8046,F
31.58,92114.16,0.8289,F
31.6,92126.67,1.1935,F
31.62,92132.23,0.5889,F
31.64,92135.45,0.1086,F
31.66,92135.53,0.538,F
31.68,92130.75,0.4489,F
31.7,92119.17,0.7213,F
31.72,92130.36,-0.063,F
31.74,92135.25,0.2162,F
31.76,92136.89,1.08,F
31.78,92136.78,1.7897,F
31.8,92136.45,1.2494,F
31.82,92140.3,1.7818,F
31.84,92148.75,0.7533,F
31.86,92150.05,0.5244,F
31.88,92152.98,0.3422,F
31.9,92156.73,0.3204,F
31.92,92159.73,0.2204,F
31.94,92162.36,0.2303,F
31.96,92165.7,0.2831,F
31.98,92165.75,0.4952,F
32.0,92167.81,0.7918,F
32.02,92171.06,0.8116,F
32.04,92171.94,0.7374,F
32.06,92175.62,0.4069,F
32.08,92176.2,0.3202,F
32.1,92178.56,0.3744,F
32.12,92180.56,0.5932,F
32.14,92184.83,0.8196,F
32.16,92185.34,0.8893,F
32.18,92187.97,0.8088,F
32.2,92188.38,0.8037,F
32.22,92190.03,0.8764,F
32.24,92192.69,0.8357,F
32.26,92193.58,0.7805,F
32.28,92195.77,1.0174,F
32.3,92197.38,1.3314,F
32.32,92197.09,1.534,F
32.34,92199.73,0.9884,F
32.36,92202.34,0.5866,F
32.38,92204.48,0.4134,F
32.4,92205.55,0.5326,F
32.42,92207.14,0.6751,F
32.44,92206.89,0.7357,F
32.46,92209.42,0.5318,F
32.48,92210.31,0.3786,F
32.5,92210.27,0.282,F
32.52,92212.61,0.2501,F
32.54,92218.25,0.2235,F
32.56,92216.17,0.3294,F
32.58,92218.58,0.6206,F
32.6,92219.91,0.634,F
32.62,92227.2,0.3236,F
32.64,92227.05,0.2603,F
32.66,92230.88,0.3255,F
32.68,92232.95,0.5576,F
32.7,92229.55,0.6499,F
32.72,92236.11,0.5728,F
32.74,92236.06,0.6184,F
32.76,92239.05,0.6923,F
32.78,92243.83,0.6643,F
32.8,92247.25,0.7008,F
32.82,92250.03,0.6903,F
32.84,92252.36,0.5615,F
32.86,92255.25,0.5229,F
32.88,92255.83,0.6531,F
32.9,92258.25,0.7742,F
32.92,92260.2,0.7366,F
32.94,92263.28,0.8171,F
32.96,92263.64,0.9654,F
32.98,92265.28,0.9562,F
33.0,92267.67,1.0225,F
33.02,92271.23,0.771,F
33.04,92273.22,0.6562,F
33.06,92275.5,0.5816,F
33.08,92276.91,0.5077,F
33.1,92279.11,0.4681,F
33.12,92280.61,0.4083,F
33.14,92283.5,0.3818,F
33.16,92285.61,0.3883,F
33.18,92285.97,0.4049,F
33.2,92287.08,0.4581,F
33.22,92287.0,0.5067,F
33.24,92291.3,0.6343,F
33.26,92292.77,0.7774,F
33.28,92295.12,0.6475,F
33.3,92295.05,0.6063,F
33.32,92298.3,0.7399,F
33.34,92303.33,0.7491,F
33.36,92305.33,0.9859,F
33.38,92307.72,1.1554,F
33.4,92313.05,1.5307,F
33.42,92311.16,1.4962,F
33.44,92312.45,1.2964,F
33.46,92316.25,0.6351,F
33.48,92317.12,0.3192,F
33.5,92318.5,0.1682,F
33.52,92321.88,0.1555,F
33.54,92323.39,0.1727,F
33.56,92323.59,0.2048,F
33.58,92326.72,0.2287,F
33.6,92328.48,0.2484,F
33.62,92328.72,0.2393,F
33.64,92331.3,0.2372,F
33.66,92333.31,0.2932,F
33.68,92335.91,0.3437,F
33.7,92338.08,0.3792,F
33.72,92339.11,0.4347,F
33.74,92340.5,0.5998,F
33.76,92341.92,0.7441,F
33.78,92346.05,1.0594,F
33.8,92344.53,1.0841,F
33.82,92347.72,0.9446,F
33.84,92345.36,0.9118,F
33.86,92351.8,0.9383,F
33.88,92353.8,1.1671,F
33.9,92354.39,1.4661,F
33.92,92357.52,1.7929,F
33.94,92358.94,1.9947,F
33.96,92359.67,1.9606,F
33.98,92362.52,1.4581,F
34.0,92367.92,0.8061,F
34.02,92369.47,0.4752,F
34.04,92373.02,0.3629,F
34.06,92375.45,0.4882,F
34.08,92376.47,0.5501,F
34.1,92376.31,0.4435,F
34.12,92378.69,0.3441,F
34.14,92380.12,0.2601,F
34.16,92383.12,0.2739,F
34.18,92382.42,0.296,F
34.2,92385.47,0.3355,F
34.22,92388.77,0.3096,F
34.24,92389.42,0.3103,F
34.26,92390.11,0.2728,F
34.28,92393.72,0.2727,F
34.3,92397.11,0.272,F
34.32,92400.77,0.3628,F
34.34,92399.25,0.4436,F
34.36,92402.5,0.4786,F
34.38,92403.89,0.473,F
34.4,92404.61,0.4613,F
34.42,92409.86,0.5494,F
34.44,92409.33,0.72,F
34.46,92410.73,0.9588,F
34.48,92412.25,1.2542,F
34.5,92415.83,1.468,F
34.52,92418.12,1.449,F
34.54,92417.06,1.4228,F
34.56,92420.45,1.5205,F
34.58,92420.5,1.4223,F
34.6,92423.61,0.9897,F
34.62,92426.38,0.8218,F
34.64,92427.89,0.7541,F
34.66,92429.31,0.892,F
34.68,92430.69,1.0041,F
34.7,92433.75,0.8458,F
34.72,92435.02,0.7145,F
34.74,92437.91,0.5312,F
34.76,92440.59,0.4915,F
34.78,92442.67,0.6425,F
34.8,92443.22,0.8108,F
34.82,92446.5,0.7751,F
34.84,92447.27,0.6207,F
34.86,92446.86,0.5307,F
34.88,92450.53,0.5059,F
34.9,92452.53,0.6436,F
34.92,92455.28,0.894,F
34.94,92458.12,1.0344,F
34.96,92460.25,1.1356,F
34.98,92462.67,0.9361,F
35.0,92462.95,0.663,F
35.02,92465.53,0.6292,F
35.04,92468.62,0.6918,F
35.06,92469.48,0.7248,F
35.08,92472.08,0.8271,F
35.1,92473.56,0.9131,F
35.12,92476.72,0.9657,F
35.14,92479.78,0.8345,F
35.16,92481.81,0.6186,F
35.18,92482.64,0.5536,F
35.2,92484.2,0.5221,F
35.22,92486.86,0.5594,F
35.24,92489.73,0.6077,F
35.26,92491.23,0.5899,F
35.28,92494.45,0.5122,F
35.3,92495.83,0.4861,F
35.32,92497.91,0.4828,F
35.34,92499.83,0.4772,F
35.36,92503.59,0.472,F
35.38,92504.48,0.4718,F
35.4,92506.81,0.4678,F
35.42,92507.95,0.4655,F
35.44,92511.42,0.4976,F
35.46,92513.39,0.5304,F
35.48,92515.36,0.6585,F
35.5,92516.14,0.7042,F
35.52,92518.61,0.7579,F
35.54,92522.64,0.7152,F
35.56,92523.47,0.7015,F
35.58,92526.75,0.7261,F
35.6,92528.86,0.9472,F
35.62,92531.44,1.045,F
35.64,92531.83,1.2916,F
35.66,92534.77,1.4823,F
35.68,92536.08,1.3478,F
35.7,92538.28,0.9665,F
35.72,92541.86,0.8077,F
35.74,92542.48,0.738,F
35.76,92544.98,0.8054,F
35.78,92550.44,0.9847,F
35.8,92552.77,0.7141,F
35.82,92553.58,0.6712,F
35.84,92554.58,0.7039,F
35.86,92557.5,0.6721,F
35.88,92559.41,0.6191,F
35.9,92562.59,0.6061,F
35.92,92565.16,0.6851,F
35.94,92566.06,0.7415,F
35.96,92567.5,0.7563,F
35.98,92571.78,0.7045,F
36.0,92572.36,0.6738,F
36.02,92573.44,0.6156,F
36.04,92576.53,0.5717,F
36.06,92578.66,0.4724,F
36.08,92581.75,0.4133,F
36.1,92585.36,0.4215,F
36.12,92587.59,0.4906,F
36.14,92587.41,0.6464,F
36.16,92588.44,0.7297,F
36.18,92592.2,0.8376,F
36.2,92596.8,0.8397,F
36.22,92598.55,0.5684,F
36.24,92602.36,0.8517,F
36.26,92604.84,1.2638,F
36.28,92607.08,1.4666,F
36.3,92609.27,1.6335,F
36.32,92608.53,1.6423,F
36.34,92614.12,1.6001,F
36.36,92616.7,1.7444,F
36.38,92619.56,1.914,F
36.4,92618.92,2.0397,F
36.42,92620.75,2.1262,F
36.44,92624.52,1.8443,F
36.46,92626.88,1.392,F
36.48,92627.92,1.2434,F
36.5,92628.92,1.119,F
36.52,92632.05,1.1823,F
36.54,92635.7,1.3335,F
36.56,92636.89,1.3528,F
36.58,92639.33,1.1807,F
36.6,92639.69,1.0915,F
36.62,92642.25,0.9185,F
36.64,92643.89,0.9045,F
36.66,92646.47,1.0241,F
36.68,92648.14,1.3051,F
36.7,92649.16,1.5304,F
36.72,92651.91,1.6023,F
36.74,92654.0,1.7073,F
36.76,92654.45,1.6828,F
36.78,92658.28,1.3645,F
36.8,92660.52,1.0839,F
36.82,92660.5,0.9848,F
36.84,92662.33,0.986,F
36.86,92665.52,1.04,F
36.88,92665.58,1.2413,F
36.9,92667.42,1.0038,F
36.92,92671.22,0.81,F
36.94,92671.2,0.7238,F
36.96,92672.11,0.6,F
36.98,92674.75,0.5102,F
37.0,92675.97,0.4597,F
37.02,92677.78,0.4246,F
37.04,92680.05,0.392,F
37.06,92682.11,0.372,F
37.08,92683.31,0.3518,F
37.1,92685.77,0.3497,F
37.12,92686.91,0.3865,F
37.14,92689.73,0.4244,F
37.16,92691.66,0.548,F
37.18,92693.86,0.6443,F
37.2,92695.08,0.6277,F
37.22,92698.34,0.563,F
37.24,92702.02,0.542,F
37.26,92701.45,0.5737,F
37.28,92702.94,0.6745,F
37.3,92704.88,0.7028,F
37.32,92707.98,0.6811,F
37.34,92709.19,0.6709,F
37.36,92712.75,0.6846,F
37.38,92714.95,0.7095,F
37.4,92716.28,0.7674,F
37.42,92718.14,0.659,F
37.44,92721.8,0.6011,F
37.46,92723.8,0.6859,F
37.48,92725.52,0.7002,F
37.5,92726.48,0.7016,F
37.52,92728.53,0.6594,F
37.54,92731.81,0.6337,F
37.56,92733.75,0.6859,F
37.58,92734.84,0.6907,F
37.6,92737.08,0.6784,F
37.62,92739.91,0.6548,F
37.64,92743.47,0.7711,F
37.66,92745.92,0.7717,F
37.68,92746.17,0.6535,F
37.7,92747.98,0.6285,F
37.72,92751.53,0.6891,F
37.74,92753.28,0.7847,F
37.76,92756.91,0.8563,F
37.78,92759.17,0.8609,F
37.8,92761.55,0.8751,F
37.82,92762.02,0.8502,F
37.84,92763.5,0.7291,F
37.86,92769.7,0.6239,F
37.88,92771.7,0.6567,F
37.9,92773.55,0.7713,F
37.92,92775.2,0.8237,F
37.94,92778.73,0.8197,F
37.96,92781.09,0.8025,F
37.98,92783.25,1.1105,F
38.0,92784.97,1.6097,F
38.02,92787.39,1.6769,F
38.04,92788.0,1.4274,F
38.06,92790.48,1.0868,F
38.08,92793.08,1.2624,F
38.1,92795.45,1.8795,F
38.12,92798.59,2.1939,F
38.14,92799.08,2.2343,F
38.16,92802.75,1.8646,F
38.18,92804.81,1.3463,F
38.2,92808.0,1.1807,F
38.22,92810.12,1.1397,F
38.24,92811.53,1.2546,F
38.26,92811.75,1.2823,F
38.28,92814.89,1.097,F
38.3,92817.38,0.8829,F
38.32,92820.19,0.7253,F
38.34,92821.75,0.5626,F
38.36,92824.78,0.5258,F
38.38,92825.66,0.3974,F
38.4,92827.72,0.6309,F
38.42,92833.08,0.55,F
38.44,92833.44,0.6103,F
38.46,92835.02,0.6472,F
38.48,92836.64,0.7496,F
38.5,92838.5,1.0081,F
38.52,92841.0,1.0559,F
38.54,92842.12,1.1555,F
38.56,92844.72,1.1348,F
38.58,92847.23,1.0347,F
38.6,92850.25,0.9902,F
38.62,92851.89,0.9923,F
38.64,92853.5,1.029,F
38.66,92856.36,0.8719,F
38.68,92857.27,0.8719,F
38.7,92859.5,0.8,F
38.72,92863.62,0.7065,F
38.74,92864.2,0.7971,F
38.76,92866.52,0.9932,F
38.78,92870.83,1.0568,F
38.8,92871.97,1.0139,F
38.82,92875.47,0.8772,F
38.84,92875.95,0.789,F
38.86,92878.06,0.7018,F
38.88,92882.23,0.6784,F
38.9,92883.88,0.6757,F
38.92,92885.61,0.7077,F
38.94,92888.05,0.7986,F
38.96,92890.2,0.8954,F
38.98,92893.8,0.9394,F
39.0,92894.41,1.0601,F
39.02,92895.88,1.1628,F
39.04,92898.55,1.2525,F
39.06,92900.84,1.3072,F
39.08,92905.5,1.201,F
39.1,92904.78,0.9801,F
39.12,92908.88,1.0696,F
39.14,92909.7,1.1414,F
39.16,92912.72,1.3081,F
39.18,92914.33,1.3599,F
39.2,92917.23,1.1703,F
39.22,92920.23,1.0247,F
39.24,92921.12,0.9894,F
39.26,92922.97,0.9855,F
39.28,92925.39,1.1012,F
39.3,92928.14,0.5589,F
39.32,92928.78,1.4724,F
39.34,92931.67,1.7405,F
39.36,92932.92,2.1272,F
39.38,92935.03,1.9884,F
39.4,92938.02,1.4199,F
39.42,92940.2,1.0828,F
39.44,92942.81,0.9989,F
39.46,92943.7,0.9933,F
39.48,92945.89,1.259,F
39.5,92947.98,1.2426,F
39.52,92949.09,0.9237,F
39.54,92952.36,0.8297,F
39.56,92953.78,0.8409,F
39.58,92955.16,0.8614,F
39.6,92958.66,0.8996,F
39.62,92960.12,0.8166,F
39.64,92961.86,0.6794,F
39.66,92965.42,0.6381,F
39.68,92966.34,0.6115,F
39.7,92968.86,0.6267,F
39.72,92970.42,0.742,F
39.74,92972.28,0.6595,F
39.76,92974.69,0.5789,F
39.78,92976.7,0.5457,F
39.8,92977.23,0.5024,F
39.82,92981.03,0.5004,F
39.84,92983.83,0.5003,F
39.86,92984.45,0.5109,F
39.88,92989.27,0.6699,F
39.9,92988.19,0.7092,F
39.92,92991.92,0.8783,F
39.94,92994.75,0.9196,F
39.96,92997.47,0.7461,F
39.98,92999.66,0.6344,F
40.0,93001.58,0.639,F
40.02,93003.91,0.6763,F
40.04,93005.86,0.6639,F
40.06,93009.66,0.8048,F
40.08,93011.77,0.927,F
40.1,93012.73,1.0848,F
40.12,93014.73,1.0766,F
40.14,93016.81,0.9278,F
40.16,93020.61,0.7001,F
40.18,93022.2,0.6454,F
40.2,93024.83,0.7933,F
40.22,93026.88,0.8846,F
40.24,93029.92,0.9257,F
40.26,93033.31,0.8624,F
40.28,93034.81,0.7873,F
40.3,93037.69,0.7725,F
40.32,93041.03,0.8715,F
40.34,93041.31,0.9693,F
40.36,93044.89,1.1211,F
40.38,93046.75,1.084,F
40.4,93050.73,0.8989,F
40.42,93052.41,0.9478,F
40.44,93053.03,1.1088,F
40.46,93056.16,1.2944,F
40.48,93058.64,1.3706,F
40.5,93060.83,1.1879,F
40.52,93063.56,0.963,F
40.54,93067.53,0.6885,F
40.56,93068.77,0.6188,F
40.58,93070.55,0.6142,F
40.6,93073.06,0.853,F
40.62,93075.81,0.962,F
40.64,93078.31,0.9446,F
40.66,93081.22,0.8724,F
40.68,93082.77,0.792,F
40.7,93085.2,0.6302,F
40.72,93087.55,0.5045,F
40.74,93091.05,0.474,F
40.76,93093.36,0.5424,F
40.78,93095.56,0.6816,F
40.8,93097.55,0.7342,F
40.82,93099.91,0.753,F
40.84,93100.98,0.6636,F
40.86,93106.5,0.59,F
40.88,93107.06,0.5782,F
40.9,93110.11,0.6627,F
40.92,93113.16,0.6806,F
40.94,93115.02,0.5773,F
40.96,93119.03,0.4238,F
40.98,93122.28,0.3901,F
41.0,93123.34,0.3785,F
41.02,93127.55,0.38,F
41.04,93131.25,0.3918,F
41.06,93133.19,0.4527,F
41.08,93134.66,0.4979,F
41.1,93138.8,0.591,F
41.12,93141.61,0.6654,F
41.14,93143.72,0.8346,F
41.16,93146.72,1.0016,F
41.18,93149.02,1.2606,F
41.2,93153.83,1.4834,F
41.22,93154.39,1.5196,F
41.24,93156.81,1.6005,F
41.26,93158.64,1.7362,F
41.28,93163.33,2.0115,F
41.3,93163.53,2.3248,F
41.32,93168.25,2.354,F
41.34,93170.14,2.1051,F
41.36,93172.81,1.5483,F
41.38,93174.69,1.1948,F
41.4,93178.62,0.9951,F
41.42,93180.94,0.9328,F
41.44,93182.77,0.9057,F
41.46,93184.47,0.958,F
41.48,93188.53,1.2265,F
41.5,93190.73,1.3192,F
41.52,93192.56,1.101,F
41.54,93196.17,0.8968,F
41.56,93196.75,0.8769,F
41.58,93199.88,0.8699,F
41.6,93199.19,0.8336,F
41.62,93204.7,0.7679,F
41.64,93206.75,0.7378,F
41.66,93210.25,0.7969,F
41.68,93213.16,0.6828,F
41.7,93215.94,0.64,F
41.72,93219.58,0.6631,F
41.74,93222.03,0.5907,F
41.76,93223.8,0.529,F
41.78,93226.58,0.5065,F
41.8,93228.12,0.5005,F
41.82,93232.06,0.573,F
41.84,93233.77,0.8137,F
41.86,93237.91,1.1024,F
41.88,93241.28,1.1924,F
41.9,93240.52,1.152,F
41.92,93244.92,0.9745,F
41.94,93245.27,0.6637,F
41.96,93250.81,0.5025,F
41.98,93251.23,0.4953,F
42.0,93255.75,0.5765,F
42.02,93258.17,0.7907,F
42.04,93261.36,1.1376,F
42.06,93262.05,1.6007,F
42.08,93266.23,2.0146,F
42.1,93266.53,2.0889,F
42.12,93270.88,1.9965,F
42.14,93272.83,1.8211,F
42.16,93275.73,2.1452,F
42.18,93276.53,2.3881,F
42.2,93279.78,2.4565,F
42.22,93281.38,2.39,F
42.24,93283.92,1.9991,F
42.26,93286.81,1.6938,F
42.28,93288.64,1.8036,F
42.3,93291.55,1.7959,F
42.32,93292.47,1.5593,F
42.34,93294.7,1.2773,F
42.36,93296.45,1.1536,F
42.38,93299.33,1.1389,F
42.4,93301.22,1.1042,F
42.42,93304.62,1.0823,F
42.44,93305.56,1.0854,F
42.46,93309.09,1.0834,F
42.48,93309.28,1.2296,F
42.5,93312.41,1.4511,F
42.52,93313.66,1.5134,F
42.54,93315.61,1.4759,F
42.56,93317.67,1.4206,F
42.58,93319.14,1.3618,F
42.6,93321.17,1.0583,F
42.62,93324.59,0.8051,F
42.64,93327.12,0.6872,F
42.66,93327.45,0.6595,F
42.68,93329.64,0.6797,F
42.7,93332.75,0.8089,F
42.72,93334.66,0.8785,F
42.74,93336.53,0.9351,F
42.76,93337.95,0.9623,F
42.78,93340.11,1.0279,F
42.8,93342.36,1.1585,F
42.82,93344.5,1.3007,F
42.84,93346.81,1.2915,F
42.86,93348.83,1.1975,F
42.88,93349.48,1.1494,F
42.9,93352.48,1.1093,F
42.92,93354.3,1.1553,F
42.94,93355.95,1.1552,F
42.96,93359.41,1.1188,F
42.98,93360.69,1.0963,F
43.0,93363.55,1.1054,F
43.02,93363.86,1.2059,F
43.04,93366.38,1.3832,F
43.06,93368.09,1.4973,F
43.08,93369.5,1.5348,F
43.1,93370.22,1.4797,F
43.12,93373.05,1.2579,F
43.14,93375.98,1.1084,F
43.16,93377.53,1.0885,F
43.18,93379.42,1.2022,F
43.2,93381.3,1.1927,F
43.22,93381.8,1.0585,F
43.24,93385.03,0.8743,F
43.26,93387.03,0.7606,F
43.28,93389.12,0.7037,F
43.3,93391.33,0.666,F
43.32,93391.97,0.66,F
43.34,93393.7,0.647,F
43.36,93395.42,0.6182,F
43.38,93399.38,0.5684,F
43.4,93400.31,0.5354,F
43.42,93401.77,0.5392,F
43.44,93404.17,0.6075,F
43.46,93405.67,0.6808,F
43.48,93408.2,0.6317,F
43.5,93410.36,0.5958,F
43.52,93413.17,0.6191,F
43.54,93414.58,0.6768,F
43.56,93415.78,0.9099,F
43.58,93418.0,1.1222,F
43.6,93420.62,1.2916,F
43.62,93421.61,1.5796,F
43.64,93424.03,2.0989,F
43.66,93424.7,2.3352,F
43.68,93427.61,2.4185,F
43.7,93428.02,1.7028,F
43.72,93430.16,1.1232,F
43.74,93434.5,0.8586,F
43.76,93434.81,0.8279,F
43.78,93436.41,1.0619,F
43.8,93437.38,1.3608,F
43.82,93439.72,1.4507,F
43.84,93442.34,1.1767,F
43.86,93443.56,1.0093,F
43.88,93445.67,0.7697,F
43.9,93447.48,0.7785,F
43.92,93449.77,0.8808,F
43.94,93451.36,1.0447,F
43.96,93455.23,1.1133,F
43.98,93455.56,1.0486,F
44.0,93457.75,0.8778,F
44.02,93458.66,0.7638,F
44.04,93459.92,0.9549,F
44.06,93462.91,1.2623,F
44.08,93463.5,1.2343,F
44.1,93464.61,0.8746,F
44.12,93468.47,0.6529,F
44.14,93471.41,0.6715,F
44.16,93471.02,0.7556,F
44.18,93472.8,0.8048,F
44.2,93473.67,0.8279,F
44.22,93476.59,0.7424,F
44.24,93479.75,0.6468,F
44.26,93480.58,0.6067,F
44.28,93483.3,0.6961,F
44.3,93484.83,0.8403,F
44.32,93485.08,1.221,F
44.34,93487.62,1.4571,F
44.36,93490.0,1.1169,F
44.38,93493.08,0.7254,F
44.4,93493.78,0.5993,F
44.42,93495.92,0.7881,F
44.44,93498.89,1.3988,F
44.46,93499.58,1.6912,F
44.48,93501.31,1.097,F
44.5,93503.19,0.6136,F
44.52,93505.23,0.4929,F
44.54,93507.0,0.4841,F
44.56,93508.98,0.3351,F
44.58,93510.27,1.0961,F
44.6,93512.42,1.6031,F
44.62,93515.16,1.5363,F
44.64,93514.75,1.3085,F
44.66,93517.95,0.9227,F
44.68,93520.44,0.8173,F
44.7,93522.59,0.7491,F
44.72,93525.7,0.7193,F
44.74,93526.81,0.6621,F
44.76,93529.14,0.6018,F
44.78,93530.62,0.6211,F
44.8,93532.95,0.8964,F
44.82,93534.33,1.1339,F
44.84,93534.7,1.1465,F
44.86,93535.77,1.1239,F
44.88,93539.52,1.0789,F
44.9,93542.2,1.0214,F
44.92,93545.36,0.8877,F
44.94,93546.59,0.7521,F
44.96,93547.66,0.7377,F
44.98,93549.14,0.8056,F
45.0,93552.8,0.9106,F
45.02,93554.23,0.9658,F
45.04,93555.8,0.9161,F
45.06,93560.92,0.7986,F
45.08,93560.67,0.7421,F
45.1,93561.44,0.6495,F
45.12,93565.27,0.5341,F
45.14,93567.61,0.5,F
45.16,93568.95,0.4847,F
45.18,93570.55,0.4708,F
45.2,93573.19,0.4528,F
45.22,93574.22,0.6616,F
45.24,93576.27,1.1402,F
45.26,93578.39,1.7039,F
45.28,93578.83,1.8384,F
45.3,93581.34,2.0908,F
45.32,93583.59,1.761,F
45.34,93586.17,1.2925,F
45.36,93588.28,1.0993,F
45.38,93591.17,1.3251,F
45.4,93592.06,1.4118,F
45.42,93592.72,1.4468,F
45.44,93595.69,1.141,F
45.46,93597.83,0.8996,F
45.48,93599.62,0.8375,F
45.5,93600.8,0.8455,F
45.52,93603.17,0.9524,F
45.54,93604.77,1.0552,F
45.56,93606.45,1.0396,F
45.58,93609.11,0.8034,F
45.6,93612.14,0.7748,F
45.62,93613.59,0.7767,F
45.64,93615.02,0.8706,F
45.66,93616.62,0.8184,F
45.68,93618.14,0.722,F
45.7,93621.14,0.6937,F
45.72,93623.5,0.7625,F
45.74,93624.78,0.8608,F
45.76,93627.28,0.9314,F
45.78,93627.66,0.9646,F
45.8,93631.02,1.0832,F
45.82,93633.16,1.1108,F
45.84,93634.61,1.0247,F
45.86,93635.84,0.7009,F
45.88,93638.34,0.5431,F
45.9,93641.97,0.5635,F
45.92,93643.66,0.9384,F
45.94,93644.08,1.908,F
45.96,93646.7,2.3503,F
45.98,93647.62,2.8612,F
46.0,93649.16,2.2043,F
46.02,93652.7,1.3604,F
46.04,93655.12,1.0007,F
46.06,93656.41,1.0812,F
46.08,93658.64,1.4888,F
46.1,93660.06,1.635,F
46.12,93660.45,1.285,F
46.14,93664.28,1.0577,F
46.16,93664.27,0.9616,F
46.18,93664.89,0.9245,F
46.2,93667.73,0.8579,F
46.22,93669.98,0.9022,F
46.24,93670.83,0.9999,F
46.26,93672.39,1.2155,F
46.28,93674.55,1.072,F
46.3,93676.14,0.9864,F
46.32,93679.06,1.1573,F
46.34,93680.62,0.9979,F
46.36,93681.47,0.8073,F
46.38,93683.42,0.7705,F
46.4,93685.81,0.9452,F
46.42,93687.03,1.0498,F
46.44,93688.62,0.793,F
46.46,93689.94,0.5927,F
46.48,93692.97,0.4935,F
46.5,93693.47,0.467,F
46.52,93696.33,0.4665,F
46.54,93697.25,0.59,F
46.56,93699.45,0.7658,F
46.58,93700.62,0.8011,F
46.6,93702.55,0.7863,F
46.62,93704.72,0.8201,F
46.64,93705.53,0.9185,F
46.66,93707.97,0.8695,F
46.68,93710.09,0.862,F
46.7,93712.84,1.2829,F
46.72,93712.95,1.5683,F
46.74,93713.95,1.9484,F
46.76,93716.27,1.808,F
46.78,93718.2,1.2249,F
46.8,93721.19,0.9823,F
46.82,93721.17,1.0196,F
46.84,93723.3,1.3387,F
46.86,93725.02,1.3917,F
46.88,93726.67,1.2172,F
46.9,93729.78,1.0564,F
46.92,93730.73,0.9779,F
46.94,93732.69,0.9393,F
46.96,93734.31,0.8912,F
46.98,93736.02,0.8804,F
47.0,93738.69,0.911,F
47.02,93739.77,1.0555,F
47.04,93741.69,1.0688,F
47.06,93742.88,0.9631,F
47.08,93744.69,0.6991,F
47.1,93746.47,0.6468,F
47.12,93748.62,1.0225,F
47.14,93749.14,1.3231,F
47.16,93751.16,1.3754,F
47.18,93752.72,1.1338,F
47.2,93754.7,0.769,F
47.22,93756.66,0.6492,F
47.24,93759.38,0.7251,F
47.26,93760.02,0.801,F
47.28,93761.84,0.8856,F
47.3,93763.89,0.8887,F
47.32,93764.97,0.8068,F
47.34,93767.67,0.6614,F
47.36,93769.58,0.7287,F
47.38,93770.0,0.7866,F
47.4,93771.86,0.772,F
47.42,93774.44,0.6435,F
47.44,93776.31,0.5575,F
47.46,93778.62,0.6788,F
47.48,93779.27,0.7692,F
47.5,93780.98,0.8804,F
47.52,93782.67,0.8705,F
47.54,93785.25,0.8582,F
47.56,93786.42,0.8931,F
47.58,93788.94,0.9637,F
47.6,93790.62,0.9681,F
47.62,93794.03,0.8471,F
47.64,93794.83,0.6131,F
47.66,93797.41,0.4752,F
47.68,93799.16,0.4596,F
47.7,93800.05,0.4586,F
47.72,93801.08,0.4721,F
47.74,93803.59,0.4774,F
47.76,93807.22,0.5964,F
47.78,93809.12,1.01,F
47.8,93811.22,1.4149,F
47.82,93811.66,1.6296,F
47.84,93813.38,1.856,F
47.86,93816.02,1.7876,F
47.88,93818.92,1.3766,F
47.9,93819.97,1.012,F
47.92,93822.3,0.9757,F
47.94,93822.48,1.0817,F
47.96,93825.73,0.9048,F
47.98,93826.7,0.8308,F
48.0,93828.86,1.0181,F
48.02,93832.34,1.3823,F
48.04,93833.86,1.4684,F
48.06,93835.44,1.3474,F
48.08,93836.92,0.9738,F
48.1,93839.58,0.7707,F
48.12,93841.52,0.7132,F
48.14,93843.03,0.7009,F
48.16,93843.77,0.6572,F
48.18,93846.66,0.8061,F
48.2,93847.89,0.672,F
48.22,93851.53,0.5258,F
48.24,93852.16,0.43,F
48.26,93854.09,0.4741,F
48.28,93857.86,0.626,F
48.3,93856.92,0.7856,F
48.32,93860.25,0.9006,F
48.34,93863.69,0.836,F
48.36,93863.0,0.7693,F
48.38,93866.36,0.7132,F
48.4,93867.97,0.8786,F
48.42,93869.92,1.0527,F
48.44,93872.36,0.8877,F
48.46,93875.17,0.8367,F
48.48,93875.97,0.808,F
48.5,93878.52,0.7767,F
48.52,93880.64,0.7762,F
48.54,93882.11,0.7773,F
48.56,93885.47,0.6407,F
48.58,93885.03,0.5721,F
48.6,93890.38,0.5932,F
48.62,93890.69,0.7595,F
48.64,93894.28,1.1626,F
48.66,93896.47,1.9317,F
48.68,93897.64,2.8597,F
48.7,93899.14,3.1394,F
48.72,93898.83,2.679,F
48.74,93902.48,1.4409,F
48.76,93905.84,0.9426,F
48.78,93909.95,0.8253,F
48.8,93909.52,0.9671,F
48.82,93910.92,1.1818,F
48.84,93911.02,1.6003,F
48.86,93914.73,1.5704,F
48.88,93915.81,1.1857,F
48.9,93918.05,0.9428,F
48.92,93920.8,0.8795,F
48.94,93921.2,0.9712,F
48.96,93924.17,1.0681,F
48.98,93924.95,1.0202,F
49.0,93928.5,0.7984,F
49.02,93929.36,0.7549,F
49.04,93931.17,0.7585,F
49.06,93933.55,0.8613,F
49.08,93934.55,0.9278,F
49.1,93936.33,1.0243,F
49.12,93939.5,1.0609,F
49.14,93940.95,1.0568,F
49.16,93941.7,1.1285,F
49.18,93944.16,1.0617,F
49.2,93945.34,0.8384,F
49.22,93948.64,0.7038,F
49.24,93950.28,0.68,F
49.26,93950.67,0.6931,F
49.28,93953.72,1.0081,F
49.3,93954.86,1.3213,F
49.32,93957.05,1.3561,F
49.34,93958.14,1.9029,F
49.36,93959.91,2.3057,F
49.38,93961.34,2.4151,F
49.4,93963.16,1.5646,F
49.42,93964.64,0.9848,F
49.44,93968.03,0.8416,F
49.46,93969.28,1.0033,F
49.48,93970.39,1.1355,F
49.5,93972.44,1.2705,F
49.52,93974.33,1.159,F
49.54,93975.88,1.067,F
49.56,93977.61,1.0424,F
49.58,93979.72,1.0919,F
49.6,93981.11,1.0805,F
49.62,93982.28,0.9496,F
49.64,93984.39,0.762,F
49.66,93986.52,0.591,F
49.68,93986.97,0.5576,F
49.7,93989.36,0.5193,F
49.72,93990.89,0.8237,F
49.74,93992.25,1.111,F
49.76,93994.78,1.0646,F
49.78,93996.36,0.7758,F
49.8,93996.89,0.8001,F
49.82,93999.06,0.9338,F
49.84,94001.42,0.9376,F
49.86,94002.11,0.8863,F
49.88,94004.97,0.8189,F
49.9,94007.47,0.7018,F
49.92,94007.78,0.6845,F
49.94,94009.41,0.6662,F
49.96,94011.83,0.7218,F
49.98,94012.47,0.8083,F
50.0,94015.12,0.874,F
50.02,94017.06,0.8971,F
50.04,94018.86,0.897,F
50.06,94020.25,0.9057,F
50.08,94023.2,0.805,F
50.1,94024.47,0.6794,F
50.12,94027.47,0.6396,F
50.14,94028.52,0.6508,F
50.16,94029.97,0.7428,F
50.18,94032.44,0.7919,F
50.2,94034.11,0.738,F
50.22,94036.22,0.7128,F
50.24,94038.59,1.1166,F
50.26,94039.8,1.3865,F
50.28,94040.83,1.7288,F
50.3,94042.52,1.922,F
50.32,94044.31,1.9224,F
50.34,94045.97,1.7761,F
50.36,94048.3,1.3316,F
50.38,94050.09,1.0198,F
50.4,94052.67,0.922,F
50.42,94054.39,1.0787,F
50.44,94056.86,1.1811,F
50.46,94056.19,1.2973,F
50.48,94057.95,1.2622,F
50.5,94060.48,1.1488,F
50.52,94062.83,1.0521,F
50.54,94064.69,0.8897,F
50.56,94066.17,0.7162,F
50.58,94067.88,0.6181,F
50.6,94069.69,0.4963,F
50.62,94071.39,0.4071,F
50.64,94073.0,0.3154,F
50.66,94075.44,0.2299,F
50.68,94077.78,0.4936,F
50.7,94078.53,0.6622,F
50.72,94080.0,0.8147,F
50.74,94081.66,1.0696,F
50.76,94084.03,1.2218,F
50.78,94083.92,1.3193,F
50.8,94086.45,1.4058,F
50.82,94089.14,1.9059,F
50.84,94090.95,2.1944,F
50.86,94091.17,2.1694,F
50.88,94094.91,1.4042,F
50.9,94095.48,1.0667,F
50.92,94097.06,0.6437,F
50.94,94099.17,0.5372,F
50.96,94101.48,0.8047,F
50.98,94103.25,1.3429,F
51.0,94105.0,1.7259,F
51.02,94104.95,1.7938,F
51.04,94107.22,1.5853,F
51.06,94108.19,1.1955,F
51.08,94111.97,0.9634,F
51.1,94112.17,0.992,F
51.12,94114.72,1.0,F
51.14,94115.36,0.9908,F
51.16,94117.8,0.8817,F
51.18,94119.59,0.9422,F
51.2,94121.39,0.9416,F
51.22,94122.11,0.9563,F
51.24,94124.7,0.9343,F
51.26,94125.61,0.7339,F
51.28,94127.92,0.5599,F
51.3,94131.17,0.49,F
51.32,94132.36,0.5137,F
51.34,94133.58,0.5245,F
51.36,94134.0,0.5605,F
51.38,94136.2,0.6178,F
51.4,94138.47,0.7355,F
51.42,94140.3,0.9759,F
51.44,94141.7,1.1065,F
51.46,94143.59,1.1585,F
51.48,94145.23,0.8374,F
51.5,94147.0,0.7347,F
51.52,94150.09,1.213,F
51.54,94150.84,2.1115,F
51.56,94151.38,2.46,F
51.58,94153.0,2.2478,F
51.6,94154.86,1.3206,F
51.62,94157.27,0.9395,F
51.64,94159.28,0.9532,F
51.66,94161.22,1.1641,F
51.68,94163.14,1.2269,F
51.7,94164.11,1.1833,F
51.72,94163.83,1.113,F
51.74,94166.09,1.0359,F
51.76,94169.58,0.9433,F
51.78,94170.7,0.8276,F
51.8,94171.36,0.7658,F
51.82,94172.53,0.6996,F
51.84,94175.72,0.7678,F
51.86,94176.91,1.0817,F
51.88,94177.8,1.2147,F
51.9,94179.7,1.2307,F
51.92,94180.42,0.8011,F
51.94,94183.44,0.4642,F
51.96,94184.81,0.8802,F
51.98,94186.98,1.1037,F
52.0,94187.39,1.0876,F
52.02,94189.59,0.8106,F
52.04,94191.81,0.6302,F
52.06,94194.14,0.701,F
52.08,94194.48,0.89,F
52.1,94197.95,1.0471,F
52.12,94196.95,1.1527,F
52.14,94198.84,1.2078,F
52.16,94200.91,0.872,F
52.18,94203.94,0.6087,F
52.2,94205.52,0.8833,F
52.22,94206.03,1.1643,F
52.24,94208.03,1.8242,F
52.26,94208.17,2.3863,F
52.28,94210.12,1.3083,F
52.3,94212.89,0.7828,F
52.32,94214.72,0.9538,F
52.34,94215.83,1.2765,F
52.36,94216.0,1.5494,F
52.38,94218.47,1.3087,F
52.4,94220.08,1.0379,F
52.42,94221.53,0.94,F
52.44,94221.89,0.9399,F
52.46,94223.83,0.861,F
52.48,94225.53,0.8545,F
52.5,94228.17,0.8306,F
52.52,94228.92,0.7672,F
52.54,94231.28,0.7564,F
52.56,94231.78,0.7113,F
52.58,94233.95,0.7151,F
52.6,94236.22,0.864,F
52.62,94236.62,1.1166,F
52.64,94238.55,1.2857,F
52.66,94239.41,1.2588,F
52.68,94241.86,0.9859,F
52.7,94243.47,0.6633,F
52.72,94245.28,0.53,F
52.74,94248.25,0.4615,F
52.76,94248.97,0.4015,F
52.78,94249.94,0.3992,F
52.8,94252.62,0.5284,F
52.82,94253.78,0.8194,F
52.84,94255.19,0.9129,F
52.86,94257.12,0.6313,F
52.88,94259.03,0.4501,F
52.9,94260.73,0.4312,F
52.92,94263.34,0.5384,F
52.94,94263.66,0.7293,F
52.96,94267.33,0.7828,F
52.98,94267.77,0.7934,F
53.0,94269.39,0.899,F
53.02,94271.69,0.9155,F
53.04,94273.19,0.7566,F
53.06,94275.64,0.6002,F
53.08,94276.33,0.6379,F
53.1,94278.73,0.6836,F
53.12,94280.09,0.7116,F
53.14,94282.52,0.7656,F
53.16,94283.55,1.0968,F
53.18,94286.78,1.4935,F
53.2,94287.52,1.9156,F
53.22,94288.56,1.909,F
53.24,94290.39,1.3003,F
53.26,94292.22,0.7526,F
53.28,94294.91,0.5525,F
53.3,94297.91,0.6202,F
53.32,94299.19,0.7755,F
53.34,94300.53,1.0021,F
53.36,94302.34,1.0778,F
53.38,94304.89,0.8638,F
53.4,94306.77,0.6638,F
53.42,94309.08,0.6618,F
53.44,94309.62,0.6995,F
53.46,94311.75,0.7643,F
53.48,94313.8,0.8284,F
53.5,94316.47,0.8798,F
53.52,94317.62,0.9978,F
53.54,94318.88,1.0678,F
53.56,94320.44,1.2003,F
53.58,94322.55,1.2147,F
53.6,94324.5,1.1574,F
53.62,94326.44,0.9486,F
53.64,94328.94,0.7799,F
53.66,94330.47,0.7706,F
53.68,94332.27,0.856,F
53.7,94334.7,0.9087,F
53.72,94334.83,1.1252,F
53.74,94338.86,1.3958,F
53.76,94338.09,1.6217,F
53.78,94340.58,2.2458,F
53.8,94342.77,2.2967,F
53.82,94344.91,1.5627,F
53.84,94347.16,0.9932,F
53.86,94346.81,0.7679,F
53.88,94350.83,0.6432,F
53.9,94352.05,0.7856,F
53.92,94353.66,1.1143,F
53.94,94355.09,1.2646,F
53.96,94357.33,1.2789,F
53.98,94358.3,1.2218,F
54.0,94359.61,1.0154,F
54.02,94362.94,0.8613,F
54.04,94362.89,0.8213,F
54.06,94365.02,0.8731,F
54.08,94366.92,0.8919,F
54.1,94368.8,0.8428,F
54.12,94371.52,0.8259,F
54.14,94372.11,0.7647,F
54.16,94374.41,0.6773,F
54.18,94376.42,0.6455,F
54.2,94377.92,0.6583,F
54.22,94378.0,0.7532,F
54.24,94380.62,0.8147,F
54.26,94383.11,0.7452,F
54.28,94384.31,0.6913,F
54.3,94386.7,0.8779,F
54.32,94387.27,1.0098,F
54.34,94389.33,1.0009,F
54.36,94391.36,0.6748,F
54.38,94393.88,0.5971,F
54.4,94395.8,0.6427,F
54.42,94396.73,0.685,F
54.44,94399.75,0.7177,F
54.46,94401.81,0.7709,F
54.48,94403.25,0.75,F
54.5,94405.98,0.5903,F
54.52,94408.08,0.8584,F
54.54,94408.34,1.0558,F
54.56,94410.11,1.0682,F
54.58,94411.33,0.7556,F
54.6,94415.2,0.633,F
54.62,94416.69,0.7422,F
54.64,94419.48,0.7985,F
54.66,94421.89,1.0333,F
54.68,94421.73,1.2511,F
54.7,94426.19,1.1014,F
54.72,94427.27,0.8424,F
54.74,94429.0,0.841,F
54.76,94431.2,0.8635,F
54.78,94432.7,0.8825,F
54.8,94434.52,0.8831,F
54.82,94436.8,0.8342,F
54.84,94439.41,0.92,F
54.86,94440.14,1.0097,F
54.88,94441.55,1.2303,F
54.9,94443.89,1.3393,F
54.92,94445.89,1.357,F
54.94,94448.62,1.1317,F
54.96,94450.05,0.9995,F
54.98,94451.55,0.8025,F
55.0,94454.92,0.6108,F
55.02,94456.56,0.4543,F
55.04,94458.83,0.5281,F
55.06,94460.84,0.6941,F
55.08,94461.81,0.7683,F
55.1,94463.47,0.8957,F
55.12,94465.98,0.9182,F
55.14,94468.62,0.8521,F
55.16,94470.53,0.8187,F
55.18,94471.59,0.7961,F
55.2,94472.84,0.7693,F
55.22,94476.3,0.7737,F
55.24,94478.41,0.78,F
55.26,94479.17,0.8162,F
55.28,94483.28,0.8103,F
55.3,94484.16,0.7675,F
55.32,94484.19,0.7089,F
55.34,94488.36,0.6879,F
55.36,94490.28,0.7877,F
55.38,94492.22,0.9826,F
55.4,94492.31,1.0591,F
55.42,94495.52,1.2405,F
55.44,94498.56,1.6908,F
55.46,94499.88,2.0712,F
55.48,94503.23,1.9628,F
55.5,94505.11,1.3546,F
55.52,94506.38,1.054,F
55.54,94508.58,0.8893,F
55.56,94509.81,1.1779,F
55.58,94511.3,1.6392,F
55.6,94513.77,1.8394,F
55.62,94514.84,1.7968,F
55.64,94517.78,1.45,F
55.66,94519.22,1.0809,F
55.68,94522.58,0.8442,F
55.7,94524.89,0.7152,F
55.72,94527.03,0.6931,F
55.74,94528.55,0.7307,F
55.76,94530.59,0.9094,F
55.78,94533.09,1.0146,F
55.8,94533.14,0.8787,F
55.82,94535.23,0.7014,F
55.84,94536.02,0.6659,F
55.86,94539.44,0.7065,F
55.88,94539.97,0.7359,F
55.9,94543.23,0.8148,F
55.92,94545.25,0.7721,F
55.94,94548.42,0.6657,F
55.96,94549.92,0.6333,F
55.98,94551.58,0.6317,F
56.0,94553.97,0.6994,F
56.02,94555.7,0.8248,F
56.04,94557.09,0.8894,F
56.06,94558.64,0.8798,F
56.08,94560.67,0.8895,F
56.1,94562.84,1.0124,F
56.12,94565.52,1.1305,F
56.14,94566.66,1.0545,F
56.16,94569.8,0.9476,F
56.18,94570.44,0.9043,F
56.2,94572.17,0.8126,F
56.22,94575.41,0.8838,F
56.24,94575.98,0.9851,F
56.26,94579.19,0.9217,F
56.28,94581.0,0.8928,F
56.3,94583.31,0.8395,F
56.32,94584.42,0.9633,F
56.34,94586.3,1.2315,F
56.36,94589.03,1.2605,F
56.38,94592.12,0.9273,F
56.4,94593.31,0.7954,F
56.42,94595.94,0.8161,F
56.44,94596.97,1.4997,F
56.46,94598.77,1.9155,F
56.48,94600.89,2.0443,F
56.5,94600.73,1.9659,F
56.52,94604.14,1.588,F
56.54,94607.33,1.1253,F
56.56,94608.03,1.0596,F
56.58,94610.84,1.3277,F
56.6,94613.14,1.4513,F
56.62,94612.98,1.3411,F
56.64,94615.66,0.9548,F
56.66,94618.22,0.7895,F
56.68,94619.09,0.8099,F
56.7,94622.28,0.9874,F
56.72,94623.17,1.2395,F
56.74,94624.77,1.3142,F
56.76,94625.67,1.2411,F
56.78,94628.31,1.0574,F
56.8,94630.88,0.8942,F
56.82,94631.34,0.8431,F
56.84,94633.58,0.8401,F
56.86,94635.14,0.8251,F
56.88,94636.55,0.7369,F
56.9,94638.98,0.6771,F
56.92,94640.91,0.6053,F
56.94,94643.33,0.5679,F
56.96,94644.66,0.5616,F
56.98,94646.62,0.5588,F
57.0,94649.34,0.5693,F
57.02,94650.25,0.6098,F
57.04,94652.11,0.6758,F
57.06,94655.61,0.7131,F
57.08,94655.03,0.7731,F
57.1,94657.64,0.7932,F
57.12,94660.56,0.7039,F
57.14,94662.88,0.5769,F
57.16,94664.5,0.5583,F
57.18,94665.75,0.6406,F
57.2,94667.58,0.8067,F
57.22,94671.3,0.8664,F
57.24,94672.84,0.871,F
57.26,94675.52,0.8509,F
57.28,94678.34,0.89,F
57.3,94678.88,0.9213,F
57.32,94680.09,0.9679,F
57.34,94682.23,0.9663,F
57.36,94685.39,0.9251,F
57.38,94686.73,0.889,F
57.4,94689.64,0.7437,F
57.42,94692.08,0.6089,F
57.44,94694.95,0.5812,F
57.46,94696.22,0.6554,F
57.48,94698.31,0.7128,F
57.5,94700.27,0.7136,F
57.52,94701.91,0.6546,F
57.54,94703.31,0.5949,F
57.56,94707.11,0.6211,F
57.58,94709.73,0.6684,F
57.6,94711.81,0.6752,F
57.62,94712.7,0.6403,F
57.64,94715.19,0.5571,F
57.66,94719.0,0.6733,F
57.68,94721.0,1.13,F
57.7,94722.41,1.4654,F
57.72,94723.97,1.6291,F
57.74,94725.31,1.5665,F
57.76,94728.39,1.5385,F
57.78,94731.34,1.8395,F
57.8,94733.25,1.9068,F
57.82,94735.75,1.6575,F
57.84,94737.2,1.438,F
57.86,94739.3,1.3633,F
57.88,94741.16,1.6758,F
57.9,94742.91,1.8469,F
57.92,94744.64,1.4191,F
57.94,94746.3,1.1574,F
57.96,94750.22,0.8196,F
57.98,94750.45,0.7416,F
58.0,94753.09,0.8225,F
58.02,94755.86,0.9915,F
58.04,94757.06,1.0333,F
58.06,94758.42,0.9576,F
58.08,94760.97,0.7719,F
58.1,94762.92,0.7066,F
58.12,94765.17,0.7303,F
58.14,94766.25,0.7682,F
58.16,94768.88,0.7599,F
58.18,94770.14,0.7423,F
58.2,94771.88,0.7632,F
58.22,94775.34,0.7646,F
58.24,94777.98,0.7529,F
58.26,94778.67,0.7455,F
58.28,94779.72,0.6626,F
58.3,94783.16,0.6112,F
58.32,94785.39,0.5733,F
58.34,94788.89,0.6511,F
58.36,94791.05,0.83,F
58.38,94792.58,0.852,F
58.4,94793.22,0.7876,F
58.42,94797.84,0.6964,F
58.44,94799.17,0.6883,F
58.46,94802.77,0.7783,F
58.48,94802.7,0.7922,F
58.5,94806.64,0.7703,F
58.52,94809.11,0.71,F
58.54,94810.05,0.6283,F
58.56,94812.14,0.5792,F
58.58,94816.97,0.7362,F
58.6,94818.25,0.8134,F
58.62,94818.75,0.9348,F
58.64,94822.84,0.9324,F
58.66,94824.23,0.8139,F
58.68,94828.36,0.6661,F
58.7,94830.12,0.5659,F
58.72,94830.17,0.5527,F
58.74,94834.23,0.5583,F
58.76,94836.69,0.5421,F
58.78,94837.42,0.528,F
58.8,94841.33,0.5467,F
58.82,94843.03,0.5741,F
58.84,94845.92,0.5608,F
58.86,94848.8,0.637,F
58.88,94850.42,0.9251,F
58.9,94853.14,1.2701,F
58.92,94855.81,1.4906,F
58.94,94857.08,1.5448,F
58.96,94859.78,1.6052,F
58.98,94862.98,1.796,F
59.0,94865.77,1.9907,F
59.02,94867.42,1.7864,F
59.04,94869.66,1.621,F
59.06,94871.45,1.3123,F
59.08,94874.44,1.4196,F
59.1,94877.92,2.004,F
59.12,94877.05,2.1541,F
59.14,94880.75,1.5626,F
59.16,94881.52,1.2547,F
59.18,94882.97,0.8537,F
59.2,94886.61,0.8315,F
59.22,94888.03,1.1214,F
59.24,94890.73,1.4562,F
59.26,94891.41,1.468,F
59.28,94894.66,1.2603,F
59.3,94896.42,1.0473,F
59.32,94899.14,1.0704,F
59.34,94900.75,1.3368,F
59.36,94902.67,1.4708,F
59.38,94905.05,1.6084,F
59.4,94906.33,1.4337,F
59.42,94909.36,1.1088,F
59.44,94911.53,0.9093,F
59.46,94914.03,0.9474,F
59.48,94915.17,1.0785,F
59.5,94916.53,1.1534,F
59.52,94918.62,1.1508,F
59.54,94921.05,1.0545,F
59.56,94922.34,0.9111,F
59.58,94924.11,0.8368,F
59.6,94925.94,0.7112,F
59.62,94928.45,0.6554,F
59.64,94929.12,0.6825,F
59.66,94932.0,0.7932,F
59.68,94934.38,0.8854,F
59.7,94935.3,0.8241,F
59.72,94937.53,0.7299,F
59.74,94940.19,0.6129,F
59.76,94941.52,0.7262,F
59.78,94944.75,0.8603,F
59.8,94946.3,0.9391,F
59.82,94947.88,0.8957,F
59.84,94950.17,0.7687,F
59.86,94952.94,0.9209,F
59.88,94955.92,1.1545,F
59.9,94956.86,1.3345,F
59.92,94958.28,1.3452,F
59.94,94961.14,1.2861,F
59.96,94963.23,1.8312,F
59.98,94964.61,2.0704,F
60.0,94967.66,1.6516,F
60.02,94969.25,1.2181,F
60.04,94970.44,1.0109,F
60.06,94971.88,0.7738,F
60.08,94976.16,0.7253,F
60.1,94976.73,0.8936,F
60.12,94977.86,1.2179,F
60.14,94978.19,1.3707,F
60.16,94981.34,1.6099,F
60.18,94981.2,1.5555,F
60.2,94983.84,1.2845,F
60.22,94986.72,1.0754,F
60.24,94988.92,0.9784,F
60.26,94989.72,0.9731,F
60.28,94991.44,0.8902,F
60.3,94994.23,0.7118,F
60.32,94997.14,0.6654,F
60.34,94997.98,0.7718,F
60.36,94999.12,0.8606,F
60.38,95000.38,1.0155,F
60.4,95002.89,0.993,F
60.42,95005.59,0.6841,F
60.44,95007.81,0.5466,F
60.46,95009.91,0.5412,F
60.48,95010.2,0.5642,F
60.5,95013.02,0.6113,F
60.52,95015.36,0.7985,F
60.54,95016.55,0.9977,F
60.56,95020.31,0.6985,F
60.58,95022.69,0.4812,F
60.6,95023.81,0.443,F
60.62,95025.19,0.4813,F
60.64,95027.42,0.6815,F
60.66,95028.73,0.8694,F
60.68,95031.73,0.9817,F
60.7,95033.05,1.0332,F
60.72,95033.94,1.0647,F
60.74,95036.64,1.5556,F
60.76,95038.3,2.2615,F
60.78,95041.16,2.1733,F
60.8,95041.05,1.7135,F
60.82,95043.97,0.9681,F
60.84,95046.67,0.7322,F
60.86,95048.59,0.9319,F
60.88,95050.48,1.1294,F
60.9,95050.94,1.0722,F
60.92,95053.02,0.9834,F
60.94,95054.8,0.7529,F
60.96,95056.98,0.6384,F
60.98,95059.03,0.5829,F
61.0,95060.11,0.531,F
61.02,95060.44,0.5219,F
61.04,95064.09,0.5143,F
61.06,95066.3,0.5214,F
61.08,95069.02,0.4514,F
61.1,95069.89,0.3791,F
61.12,95072.22,0.3461,F
61.14,95074.0,0.3461,F
61.16,95075.89,0.4355,F
61.18,95076.58,0.5863,F
61.2,95079.53,0.7736,F
61.22,95081.53,1.1125,F
61.24,95082.89,1.1753,F
61.26,95086.3,1.1649,F
61.28,95088.36,0.9072,F
61.3,95090.14,0.7564,F
61.32,95093.44,0.7743,F
61.34,95095.23,0.6934,F
61.36,95097.61,0.6926,F
61.38,95099.19,0.7762,F
61.4,95101.83,1.082,F
61.42,95103.55,1.3777,F
61.44,95105.66,1.424,F
61.46,95105.98,1.3859,F
61.48,95108.62,1.5686,F
61.5,95112.2,2.0045,F
61.52,95113.7,1.93,F
61.54,95114.08,1.3905,F
61.56,95118.83,1.0695,F
61.58,95120.16,1.0034,F
61.6,95121.59,1.047,F
61.62,95122.94,1.1833,F
61.64,95124.28,1.3548,F
61.66,95125.89,1.1948,F
61.68,95126.61,1.0764,F
61.7,95130.0,0.914,F
61.72,95133.36,0.8774,F
61.74,95135.28,0.9309,F
61.76,95136.31,0.9523,F
61.78,95137.97,0.8823,F
61.8,95140.02,0.6892,F
61.82,95142.36,0.5065,F
61.84,95143.81,0.644,F
61.86,95146.02,0.8245,F
61.88,95148.91,1.0546,F
61.9,95148.89,1.0962,F
61.92,95151.16,0.8561,F
61.94,95153.09,0.4638,F
61.96,95156.78,0.4174,F
61.98,95158.59,0.4479,F
62.0,95160.33,0.4696,F
62.02,95161.98,0.4659,F
62.04,95163.95,0.4634,F
62.06,95166.72,0.4617,F
62.08,95167.95,0.5127,F
62.1,95169.73,0.5794,F
62.12,95171.03,0.577,F
62.14,95174.56,0.4697,F
62.16,95176.91,0.4459,F
62.18,95178.2,0.4773,F
62.2,95180.34,0.6709,F
62.22,95183.36,1.0362,F
62.24,95183.75,1.172,F
62.26,95188.52,1.1805,F
62.28,95190.02,0.8348,F
62.3,95192.06,1.2415,F
62.32,95192.89,1.5708,F
62.34,95194.84,1.9125,F
62.36,95196.38,2.1539,F
62.38,95199.48,1.8907,F
62.4,95202.34,1.4682,F
62.42,95204.33,1.0662,F
62.44,95206.28,0.8671,F
62.46,95207.83,0.8401,F
62.48,95209.58,0.8292,F
62.5,95213.0,1.035,F
62.52,95212.55,1.062,F
62.54,95215.83,1.0756,F
62.56,95217.09,0.9783,F
62.58,95220.05,0.8978,F
62.6,95220.55,0.8206,F
62.62,95223.86,0.8591,F
62.64,95223.77,0.8217,F
62.66,95227.28,0.7886,F
62.68,95229.23,0.7682,F
62.7,95230.39,0.7317,F
62.72,95233.62,0.7582,F
62.74,95236.06,0.6566,F
62.76,95238.22,0.5945,F
62.78,95240.11,0.5619,F
62.8,95241.69,0.597,F
62.82,95244.28,0.7225,F
62.84,95247.16,0.8457,F
62.86,95248.75,0.9107,F
62.88,95250.31,0.9091,F
62.9,95252.33,0.8302,F
62.92,95255.34,0.8599,F
62.94,95257.44,0.9766,F
62.96,95258.22,1.0548,F
62.98,95261.8,0.9912,F
63.0,95262.12,0.9093,F
63.02,95263.31,0.8084,F
63.04,95267.89,0.7286,F
63.06,95268.86,0.7218,F
63.08,95270.39,0.7966,F
63.1,95273.8,0.8545,F
63.12,95273.77,0.8955,F
63.14,95276.95,0.9004,F
63.16,95279.33,0.7385,F
63.18,95281.0,0.5451,F
63.2,95283.88,0.4807,F
63.22,95284.97,0.4861,F
63.24,95287.72,0.8117,F
63.26,95289.83,1.275,F
63.28,95292.2,1.6218,F
63.3,95295.16,1.8463,F
63.32,95296.42,1.7019,F
63.34,95299.33,1.5206,F
63.36,95299.86,1.4259,F
63.38,95303.03,1.5733,F
63.4,95305.67,1.6815,F
63.42,95305.31,1.3671,F
63.44,95306.66,1.1695,F
63.46,95310.72,0.9196,F
63.48,95312.97,0.9502,F
63.5,95313.89,1.0687,F
63.52,95317.23,1.1582,F
63.54,95320.06,1.033,F
63.56,95320.8,0.9196,F
63.58,95323.98,0.7196,F
63.6,95325.22,0.6419,F
63.62,95327.95,0.6624,F
63.64,95328.48,0.7247,F
63.66,95328.81,0.7189,F
63.68,95330.56,0.8242,F
63.7,95334.64,0.8745,F
63.72,95337.23,0.8445,F
63.74,95338.39,0.9208,F
63.76,95339.91,0.9948,F
63.78,95342.41,1.0809,F
63.8,95345.22,0.7844,F
63.82,95348.28,0.529,F
63.84,95348.09,0.4747,F
63.86,95351.41,0.5042,F
63.88,95352.98,0.568,F
63.9,95353.8,0.7126,F
63.92,95356.52,0.7389,F
63.94,95358.66,0.7819,F
63.96,95360.81,0.983,F
63.98,95361.88,1.0504,F
64.0,95362.97,1.0341,F
64.02,95366.22,0.6907,F
64.04,95368.95,0.4843,F
64.06,95370.88,0.4297,F
64.08,95373.48,0.4747,F
64.1,95374.45,0.5468,F
64.12,95377.02,0.7927,F
64.14,95378.83,1.0579,F
64.16,95380.16,1.0577,F
64.18,95383.59,0.8862,F
64.2,95385.92,0.767,F
64.22,95388.44,0.6841,F
64.24,95391.84,0.7754,F
64.26,95391.8,1.0873,F
64.28,95394.38,1.3299,F
64.3,95397.48,1.3095,F
64.32,95397.36,1.1956,F
64.34,95402.38,1.0419,F
64.36,95402.94,1.0794,F
64.38,95404.83,1.176,F
64.4,95408.81,1.1227,F
64.42,95408.09,1.1151,F
64.44,95409.42,1.0486,F
64.46,95413.42,0.9745,F
64.48,95417.38,0.8147,F
64.5,95417.55,0.6009,F
64.52,95421.52,0.4775,F
64.54,95425.08,0.4577,F
64.56,95426.53,0.4851,F
64.58,95427.3,0.5863,F
64.6,95428.52,0.6923,F
64.62,95431.12,0.668,F
64.64,95433.2,0.6338,F
64.66,95435.95,0.5564,F
64.68,95437.45,0.534,F
64.7,95439.44,0.5709,F
64.72,95443.09,0.5071,F
64.74,95444.91,0.4735,F
64.76,95445.56,0.4368,F
64.78,95449.38,0.3905,F
64.8,95450.38,0.3753,F
64.82,95454.28,0.386,F
64.84,95456.41,0.4653,F
64.86,95458.86,0.4873,F
64.88,95462.27,0.5449,F
64.9,95465.0,0.5192,F
64.92,95469.14,0.4553,F
64.94,95467.86,0.4763,F
64.96,95473.11,0.6705,F
64.98,95472.52,0.7853,F
65.0,95475.39,1.0664,F
65.02,95480.42,1.2535,F
65.04,95484.73,1.1319,F
65.06,95487.44,0.9516,F
65.08,95486.25,0.9421,F
65.1,95492.25,0.9968,F
65.12,95491.91,0.9146,F
65.14,95495.81,1.1736,F
65.16,95498.16,1.7807,F
65.18,95500.81,2.3616,F
65.2,95502.27,2.3586,F
65.22,95504.09,1.5601,F
65.24,95507.72,0.9179,F
65.26,95509.25,0.6632,F
65.28,95511.72,0.6418,F
65.3,95513.67,0.6961,F
65.32,95516.8,0.8135,F
65.34,95520.33,0.8397,F
65.36,95524.23,0.6992,F
65.38,95525.7,0.6357,F
65.4,95528.27,0.6917,F
65.42,95529.38,0.7277,F
65.44,95530.25,0.7629,F
65.46,95536.8,0.7289,F
65.48,95538.47,0.7176,F
65.5,95540.09,0.7529,F
65.52,95542.09,0.7562,F
65.54,95544.39,0.7803,F
65.56,95546.58,0.9791,F
65.58,95549.36,1.1911,F
65.6,95551.98,1.6676,F
65.62,95553.69,2.2725,F
65.64,95555.75,2.3491,F
65.66,95557.83,1.6987,F
65.68,95560.58,0.9665,F
65.7,95564.25,0.6124,F
65.72,95566.59,0.574,F
65.74,95569.36,0.9047,F
65.76,95570.83,1.0634,F
65.78,95571.75,1.2626,F
65.8,95574.5,1.085,F
65.82,95576.7,0.8356,F
65.84,95578.8,0.6569,F
65.86,95581.39,0.6418,F
65.88,95583.19,0.8241,F
65.9,95587.45,1.0916,F
65.92,95588.55,1.1094,F
65.94,95591.33,0.8084,F
65.96,95594.7,0.5752,F
65.98,95596.92,0.5101,F
66.0,95598.89,0.4931,F
66.02,95601.2,0.6163,F
66.04,95604.11,0.9038,F
66.06,95606.62,1.0429,F
66.08,95608.88,1.0113,F
66.1,95611.11,0.7977,F
66.12,95615.36,0.6002,F
66.14,95619.31,0.5535,F
66.16,95618.44,0.8328,F
66.18,95622.39,0.9718,F
66.2,95625.52,1.1606,F
66.22,95628.97,1.1547,F
66.24,95629.66,1.0296,F
66.26,95633.92,0.8585,F
66.28,95634.75,0.7358,F
66.3,95635.56,0.7393,F
66.32,95638.33,0.8986,F
66.34,95641.95,1.1213,F
66.36,95643.86,1.2635,F
66.38,95646.0,1.2234,F
66.4,95647.75,1.317,F
66.42,95650.09,1.6127,F
66.44,95653.81,1.6578,F
66.46,95657.19,1.2251,F
66.48,95659.7,0.8474,F
66.5,95661.67,0.7437,F
66.52,95663.78,0.7696,F
66.54,95664.44,0.84,F
66.56,95669.25,0.8448,F
66.58,95670.89,0.8544,F
66.6,95673.89,0.8865,F
66.62,95675.92,1.0548,F
66.64,95678.03,1.0982,F
66.66,95680.16,1.0035,F
66.68,95682.66,0.8685,F
66.7,95685.69,0.7266,F
66.72,95689.77,0.6922,F
66.74,95689.17,0.7218,F
66.76,95690.78,0.788,F
66.78,95694.7,0.8118,F
66.8,95696.62,0.9336,F
66.82,95701.33,1.0258,F
66.84,95702.89,0.976,F
66.86,95704.59,0.8807,F
66.88,95706.62,0.6634,F
66.9,95709.64,0.8647,F
66.92,95712.53,1.4551,F
66.94,95714.31,1.8148,F
66.96,95715.81,1.6928,F
66.98,95718.23,1.0919,F
67.0,95721.38,0.5876,F
67.02,95724.89,0.4704,F
67.04,95728.33,0.7315,F
67.06,95730.5,1.0308,F
67.08,95731.55,1.179,F
67.1,95733.39,1.3739,F
67.12,95735.78,1.5086,F
67.14,95739.92,1.3449,F
67.16,95741.81,0.9372,F
67.18,95744.3,0.7847,F
67.2,95748.8,0.6489,F
67.22,95750.83,0.7875,F
67.24,95751.58,1.0704,F
67.26,95755.06,1.2037,F
67.28,95755.77,1.1142,F
67.3,95759.39,0.7976,F
67.32,95762.66,0.5802,F
67.34,95764.59,0.5336,F
67.36,95766.58,0.6424,F
67.38,95769.58,0.7647,F
67.4,95770.61,0.7852,F
67.42,95773.33,0.7154,F
67.44,95777.56,0.5809,F
67.46,95777.62,0.5303,F
67.48,95781.34,0.5413,F
67.5,95784.59,0.5351,F
67.52,95785.7,0.5832,F
67.54,95789.88,0.6597,F
67.56,95792.14,0.7111,F
67.58,95794.69,0.638,F
67.6,95797.73,0.4996,F
67.62,95799.09,0.4597,F
67.64,95802.25,0.4377,F
67.66,95806.69,0.572,F
67.68,95808.25,0.7122,F
67.7,95811.89,0.7963,F
67.72,95813.48,0.7889,F
67.74,95816.34,0.7992,F
67.76,95820.03,0.9306,F
67.78,95820.33,1.035,F
67.8,95826.48,1.1444,F
67.82,95827.02,1.2451,F
67.84,95828.14,1.277,F
67.86,95832.58,1.276,F
67.88,95836.23,1.1522,F
67.9,95840.44,1.1314,F
67.92,95843.7,1.2224,F
67.94,95844.41,1.3059,F
67.96,95846.67,1.2916,F
67.98,95849.44,1.0008,F
68.0,95852.02,0.7213,F
68.02,95853.72,0.7664,F
68.04,95857.72,0.8166,F
68.06,95857.89,0.8121,F
68.08,95863.39,0.762,F
68.1,95864.69,0.676,F
68.12,95867.3,0.6149,F
68.14,95870.75,0.635,F
68.16,95872.97,0.6553,F
68.18,95876.27,0.7082,F
68.2,95877.81,0.7149,F
68.22,95881.31,0.7306,F
68.24,95885.56,0.8159,F
68.26,95887.64,0.836,F
68.28,95889.27,0.805,F
68.3,95892.95,0.658,F
68.32,95896.31,0.544,F
68.34,95900.16,0.4939,F
68.36,95901.91,0.5215,F
68.38,95905.31,0.566,F
68.4,95907.23,0.6965,F
68.42,95912.06,0.7774,F
68.44,95914.02,0.8127,F
68.46,95916.45,0.7976,F
68.48,95921.69,0.7686,F
68.5,95923.17,0.7683,F
68.52,95925.09,0.7409,F
68.54,95929.23,0.6999,F
68.56,95934.8,0.7095,F
68.58,95934.09,0.7802,F
68.6,95938.0,0.9373,F
68.62,95938.12,1.0049,F
68.64,95943.83,1.1874,F
68.66,95947.5,1.4214,F
68.68,95949.84,1.5196,F
68.7,95951.94,1.3351,F
68.72,95954.16,1.2503,F
68.74,95957.44,1.1102,F
68.76,95959.69,1.0807,F
68.78,95963.33,1.1496,F
68.8,95966.19,1.3909,F
68.82,95969.33,1.4325,F
68.84,95972.41,1.3866,F
68.86,95974.55,1.3006,F
68.88,95978.98,1.2285,F
68.9,95980.12,1.084,F
68.92,95983.83,0.9417,F
68.94,95985.23,0.8952,F
68.96,95990.17,0.9135,F
68.98,95993.02,1.1604,F
69.0,95995.38,1.3306,F
69.02,95998.97,1.4504,F
69.04,96002.56,1.2645,F
69.06,96002.73,1.0911,F
69.08,96006.02,0.7891,F
69.1,96010.94,0.7309,F
69.12,96013.19,0.8809,F
69.14,96014.41,1.0911,F
69.16,96016.38,1.1641,F
69.18,96017.91,1.1456,F
69.2,96021.75,0.9922,F
69.22,96024.88,0.7247,F
69.24,96029.3,0.5938,F
69.26,96030.09,0.5914,F
69.28,96033.42,0.6177,F
69.3,96036.5,0.6563,F
69.32,96039.12,0.8011,F
69.34,96042.36,0.9358,F
69.36,96045.3,0.99,F
69.38,96047.75,0.9824,F
69.4,96050.73,0.9035,F
69.42,96053.27,0.9545,F
69.44,96055.3,1.2038,F
69.46,96059.61,1.2749,F
69.48,96060.81,1.1703,F
69.5,96065.83,0.8163,F
69.52,96067.27,0.6294,F
69.54,96071.78,0.6618,F
69.56,96074.88,0.7032,F
69.58,96075.97,0.8318,F
69.6,96079.83,0.904,F
69.62,96082.75,0.9525,F
69.64,96086.53,0.8742,F
69.66,96089.92,0.8583,F
69.68,96090.64,0.8389,F
69.7,96095.38,0.7744,F
69.72,96095.94,0.7147,F
69.74,96101.64,0.6345,F
69.76,96104.02,0.7674,F
69.78,96106.14,1.0566,F
69.8,96108.59,1.4262,F
69.82,96110.92,1.6294,F
69.84,96113.11,1.8551,F
69.86,96117.34,1.9857,F
69.88,96119.95,1.9801,F
69.9,96122.09,1.7242,F
69.92,96124.5,1.5527,F
69.94,96128.39,1.2322,F
69.96,96130.81,1.2115,F
69.98,96133.56,1.3784,F
70.0,96136.33,1.3288,F
70.02,96140.28,0.9991,F
70.04,96140.83,0.887,F
70.06,96144.61,0.7448,F
70.08,96147.39,0.7052,F
70.1,96149.97,0.7784,F
70.12,96153.44,0.9504,F
70.14,96156.03,1.1821,F
70.16,96158.14,1.3934,F
70.18,96161.27,2.0116,F
70.2,96163.03,1.7592,F
70.22,96165.5,1.7056,F
70.24,96169.05,1.507,F
70.26,96168.75,1.433,F
70.28,96172.23,2.3614,F
70.3,96174.44,3.012,F
70.32,96175.7,3.0456,F
70.34,96178.86,2.1597,F
70.36,96181.14,1.3214,F
70.38,96184.39,1.0514,F
70.4,96185.75,0.8953,F
70.42,96188.5,1.0917,F
70.44,96191.31,1.4177,F
70.46,96192.31,1.5289,F
70.48,96194.61,1.4662,F
70.5,96197.22,1.1471,F
70.52,96198.66,0.9643,F
70.54,96202.09,0.8816,F
70.56,96203.55,0.93,F
70.58,96205.2,0.9667,F
70.6,96207.95,0.9484,F
70.62,96209.2,0.8217,F
70.64,96212.47,0.7665,F
70.66,96215.42,0.7397,F
70.68,96218.11,0.8662,F
70.7,96220.12,0.9129,F
70.72,96220.48,0.9232,F
70.74,96223.75,0.6905,F
70.76,96227.05,0.603,F
70.78,96229.17,0.5398,F
70.8,96230.55,0.5138,F
70.82,96232.7,0.519,F
70.84,96235.75,0.5724,F
70.86,96237.05,0.8017,F
70.88,96240.53,1.1011,F
70.9,96241.73,1.2594,F
70.92,96243.5,1.3233,F
70.94,96245.42,1.3644,F
70.96,96247.44,1.3015,F
70.98,96249.78,1.2319,F
71.0,96253.31,1.3565,F
71.02,96254.27,1.61,F
71.04,96255.34,2.1716,F
71.06,96258.67,2.2321,F
71.08,96261.8,1.661,F
71.1,96262.66,1.0561,F
71.12,96266.08,0.7681,F
71.14,96267.3,0.8405,F
71.16,96269.83,0.7153,F
71.18,96272.92,1.0705,F
71.2,96272.89,1.2536,F
71.22,96276.09,1.2208,F
71.24,96278.12,0.8183,F
71.26,96278.83,0.6553,F
71.28,96281.62,0.6308,F
71.3,96284.48,0.7143,F
71.32,96285.95,0.8322,F
71.34,96288.81,0.827,F
71.36,96289.7,0.8583,F
71.38,96291.78,0.8636,F
71.4,96294.41,1.0534,F
71.42,96296.89,1.0969,F
71.44,96298.97,1.0676,F
71.46,96300.86,1.032,F
71.48,96302.78,0.9857,F
71.5,96305.89,0.8661,F
71.52,96307.52,0.7766,F
71.54,96309.59,0.7012,F
71.56,96311.02,0.7012,F
71.58,96313.7,0.7534,F
71.6,96316.83,0.9038,F
71.62,96317.59,0.9105,F
71.64,96320.16,0.7881,F
71.66,96322.31,0.6758,F
71.68,96323.86,0.7659,F
71.7,96326.75,1.0442,F
71.72,96328.8,1.1434,F
71.74,96330.17,0.8279,F
71.76,96334.27,0.6324,F
71.78,96335.33,0.7024,F
71.8,96337.06,0.7997,F
71.82,96339.86,0.9947,F
71.84,96341.45,0.7968,F
71.86,96344.08,0.6208,F
71.88,96345.67,0.7576,F
71.9,96349.52,0.8373,F
71.92,96350.42,0.7863,F
71.94,96353.3,0.5236,F
71.96,96354.36,0.495,F
71.98,96358.14,0.4779,F
72.0,96360.86,0.4455,F
72.02,96362.09,0.4071,F
72.04,96364.3,0.4302,F
72.06,96367.27,0.5802,F
72.08,96370.59,0.8254,F
72.1,96371.77,1.0171,F
72.12,96372.8,0.9485,F
72.14,96376.06,0.5716,F
72.16,96378.58,0.3971,F
72.18,96382.0,0.5046,F
72.2,96383.59,0.8253,F
72.22,96385.59,1.055,F
72.24,96388.38,1.1865,F
72.26,96391.8,1.3137,F
72.28,96393.41,1.2895,F
72.3,96396.23,1.113,F
72.32,96399.69,1.1742,F
72.34,96400.64,1.2058,F
72.36,96402.22,1.1834,F
72.38,96404.89,1.1136,F
72.4,96408.08,1.0125,F
72.42,96410.94,0.9358,F
72.44,96412.83,1.1665,F
72.46,96414.55,1.3695,F
72.48,96416.72,1.4752,F
72.5,96420.09,1.7361,F
72.52,96421.2,2.4357,F
72.54,96423.95,2.2364,F
72.56,96423.27,1.7563,F
72.58,96429.38,0.7804,F
72.6,96430.83,0.4585,F
72.62,96435.67,0.3982,F
72.64,96435.56,0.6186,F
72.66,96438.09,1.0082,F
72.68,96440.2,1.1422,F
72.7,96441.5,1.2688,F
72.72,96443.73,1.1061,F
72.74,96448.12,0.8438,F
72.76,96451.5,0.7107,F
72.78,96453.38,0.7126,F
72.8,96455.58,0.8743,F
72.82,96456.72,0.9976,F
72.84,96460.16,0.8333,F
72.86,96462.11,0.712,F
72.88,96464.52,0.576,F
72.9,96467.05,0.5466,F
72.92,96469.92,0.7142,F
72.94,96472.39,0.6813,F
72.96,96474.81,0.9123,F
72.98,96475.66,1.2676,F
73.0,96478.09,1.3351,F
73.02,96479.73,1.1447,F
73.04,96483.91,1.054,F
73.06,96485.25,1.3091,F
73.08,96486.77,1.5992,F
73.1,96488.34,2.1692,F
73.12,96491.06,2.4306,F
73.14,96492.67,2.094,F
73.16,96495.84,1.2204,F
73.18,96498.75,0.8125,F
73.2,96501.22,0.7588,F
73.22,96502.58,0.8493,F
73.24,96504.25,1.2544,F
73.26,96506.78,1.6147,F
73.28,96507.78,1.5032,F
73.3,96510.69,0.9891,F
73.32,96513.75,0.689,F
73.34,96514.61,0.6463,F
73.36,96517.83,0.6138,F
73.38,96519.08,0.7591,F
73.4,96521.52,0.9465,F
73.42,96522.84,1.1551,F
73.44,96524.05,1.1673,F
73.46,96528.31,0.9619,F
73.48,96529.67,0.7152,F
73.5,96531.95,0.5926,F
73.52,96536.12,0.6976,F
73.54,96537.03,0.8616,F
73.56,96536.59,0.9762,F
73.58,96539.09,1.0633,F
73.6,96542.62,0.8597,F
73.62,96546.23,0.5832,F
73.64,96548.09,0.5339,F
73.66,96549.38,0.7666,F
73.68,96549.7,0.964,F
73.7,96554.44,1.1538,F
73.72,96557.34,1.0742,F
73.74,96559.95,0.9203,F
73.76,96561.59,1.2709,F
73.78,96564.23,1.6233,F
73.8,96564.97,1.8398,F
73.82,96566.95,2.0048,F
73.84,96569.64,1.3932,F
73.86,96572.48,0.924,F
73.88,96573.27,0.8194,F
73.9,96575.61,0.7353,F
73.92,96578.91,1.0488,F
73.94,96579.53,1.4855,F
73.96,96579.84,1.3439,F
73.98,96584.69,1.0747,F
74.0,96585.88,0.932,F
74.02,96588.88,0.7803,F
74.04,96590.0,0.7529,F
74.06,96592.31,0.9354,F
74.08,96594.67,1.082,F
74.1,96596.98,0.9755,F
74.12,96598.53,0.9003,F
74.14,96599.62,0.7315,F
74.16,96603.28,0.6425,F
74.18,96604.86,0.7248,F
74.2,96606.33,0.8173,F
74.22,96608.7,0.84,F
74.24,96611.64,1.0359,F
74.26,96613.17,1.0796,F
74.28,96615.7,0.7128,F
74.3,96617.95,0.596,F
74.32,96620.38,0.7625,F
74.34,96621.56,0.9335,F
74.36,96623.16,1.2969,F
74.38,96625.67,1.3157,F
74.4,96628.25,1.0668,F
74.42,96630.44,1.2761,F
74.44,96632.12,1.643,F
74.46,96633.31,2.4116,F
74.48,96635.28,2.1625,F
74.5,96637.94,1.2831,F
74.52,96639.58,0.9532,F
74.54,96641.39,0.9252,F
74.56,96643.8,0.8837,F
74.58,96646.28,0.8588,F
74.6,96647.3,0.8397,F
74.62,96650.69,0.8313,F
74.64,96652.05,1.2538,F
74.66,96653.0,1.4876,F
74.68,96654.55,1.5925,F
74.7,96658.92,1.211,F
74.72,96659.91,0.7316,F
74.74,96662.31,0.6062,F
74.76,96664.8,0.6854,F
74.78,96664.8,0.8152,F
74.8,96666.52,0.9544,F
74.82,96669.16,0.8293,F
74.84,96671.88,0.551,F
74.86,96674.98,0.4762,F
74.88,96677.39,0.4531,F
74.9,96677.81,0.4555,F
74.92,96681.2,0.2806,F
74.94,96682.73,0.5386,F
74.96,96684.73,0.9374,F
74.98,96686.08,1.0659,F
75.0,96687.47,1.0158,F
75.02,96690.58,0.7803,F
75.04,96693.45,0.5807,F
75.06,96695.38,0.4543,F
75.08,96697.8,0.4636,F
75.1,96699.53,0.5606,F
75.12,96700.78,0.8534,F
75.14,96703.08,1.1622,F
75.16,96705.83,1.2968,F
75.18,96708.34,1.0523,F
75.2,96711.14,0.8751,F
75.22,96712.28,0.8716,F
75.24,96714.23,1.4573,F
75.26,96716.58,1.8216,F
75.28,96719.0,1.7172,F
75.3,96721.36,1.162,F
75.32,96722.73,0.9032,F
75.34,96725.05,0.7158,F
75.36,96727.06,0.8454,F
75.38,96729.06,1.1813,F
75.4,96730.08,1.3045,F
75.42,96733.17,1.0699,F
75.44,96734.41,0.9242,F
75.46,96737.3,0.7067,F
75.48,96738.73,0.6703,F
75.5,96740.83,0.7662,F
75.52,96743.66,0.8801,F
75.54,96743.94,0.8906,F
75.56,96747.17,0.7992,F
75.58,96749.59,0.7122,F
75.6,96752.33,0.7187,F
75.62,96753.83,0.8129,F
75.64,96754.78,0.8307,F
75.66,96757.59,0.9394,F
75.68,96760.55,0.8666,F
75.7,96763.64,0.636,F
75.72,96765.14,0.5517,F
75.74,96768.7,0.5433,F
75.76,96770.05,0.5875,F
75.78,96772.3,0.7161,F
75.8,96774.69,0.7363,F
75.82,96776.78,0.6927,F
75.84,96778.62,0.6791,F
75.86,96781.78,0.7554,F
75.88,96783.23,0.8296,F
75.9,96785.2,0.878,F
75.92,96788.3,0.8587,F
75.94,96791.56,0.7797,F
75.96,96793.25,0.8251,F
75.98,96795.53,0.9232,F
76.0,96797.03,0.941,F
76.02,96800.34,0.9019,F
76.04,96801.97,0.8398,F
76.06,96805.28,0.853,F
76.08,96805.77,0.8248,F
76.1,96808.53,0.7992,F
76.12,96811.45,0.8164,F
76.14,96814.06,0.7017,F
76.16,96816.14,0.5328,F
76.18,96818.2,0.4702,F
76.2,96821.23,0.4628,F
76.22,96823.12,0.4609,F
76.24,96825.5,0.4726,F
76.26,96828.73,0.4887,F
76.28,96830.94,0.5654,F
76.3,96833.22,0.6071,F
76.32,96836.41,0.6177,F
76.34,96837.5,0.6048,F
76.36,96841.64,0.5685,F
76.38,96844.55,0.603,F
76.4,96846.3,0.7239,F
76.42,96848.06,0.8325,F
76.44,96851.22,0.935,F
76.46,96855.44,1.0352,F
76.48,96858.06,0.9625,F
76.5,96860.38,0.9893,F
76.52,96863.2,1.0285,F
76.54,96864.73,1.0512,F
76.56,96866.69,1.0935,F
76.58,96872.22,1.1121,F
76.6,96873.34,1.0885,F
76.62,96875.84,0.8704,F
76.64,96879.3,0.747,F
76.66,96882.16,0.5385,F
76.68,96883.97,0.5745,F
76.7,96886.75,0.9078,F
76.72,96890.8,1.3142,F
76.74,96893.78,1.638,F
76.76,96893.14,1.7421,F
76.78,96897.39,1.5279,F
76.8,96899.25,1.0628,F
76.82,96901.73,0.878,F
76.84,96905.12,1.3887,F
76.86,96903.16,1.8074,F
76.88,96907.92,2.0391,F
76.9,96910.67,1.7713,F
76.92,96913.98,1.1097,F
76.94,96917.2,0.8309,F
76.96,96919.06,0.8196,F
76.98,96921.38,0.8933,F
77.0,96923.94,1.024,F
77.02,96926.83,0.9577,F
77.04,96929.0,0.8476,F
77.06,96933.3,0.7799,F
77.08,96935.47,0.7378,F
77.1,96936.66,0.7408,F
77.12,96939.94,0.7575,F
77.14,96942.09,0.7825,F
77.16,96943.64,0.9333,F
77.18,96944.33,1.0579,F
77.2,96947.72,1.4215,F
77.22,96951.56,1.3576,F
77.24,96953.16,0.8922,F
77.26,96955.8,0.6348,F
77.28,96958.91,0.5975,F
77.3,96960.81,0.6473,F
77.32,96963.03,0.8912,F
77.34,96966.14,1.2629,F
77.36,96968.62,1.9389,F
77.38,96972.83,2.7375,F
77.4,96972.81,3.0942,F
77.42,96973.84,2.8498,F
77.44,96976.14,1.7057,F
77.46,96980.08,1.0127,F
77.48,96983.36,0.7897,F
77.5,96985.22,0.8978,F
77.52,96986.08,1.1735,F
77.54,96988.94,1.6612,F
77.56,96989.47,1.8402,F
77.58,96993.19,1.4058,F
77.6,96995.0,0.9843,F
77.62,96997.83,0.9135,F
77.64,96999.17,0.9564,F
77.66,97000.67,1.157,F
77.68,97002.66,1.2869,F
77.7,97005.72,1.0744,F
77.72,97007.98,0.8533,F
77.74,97010.02,0.7569,F
77.76,97010.88,0.7545,F
77.78,97014.28,0.8103,F
77.8,97015.86,0.7897,F
77.82,97017.58,0.7773,F
77.84,97020.62,0.7313,F
77.86,97022.83,0.7083,F
77.88,97023.45,0.7034,F
77.9,97026.56,0.7402,F
77.92,97028.44,0.7671,F
77.94,97032.09,0.6764,F
77.96,97033.27,0.6545,F
77.98,97035.05,0.6579,F
78.0,97038.11,0.6961,F
78.02,97040.8,0.7669,F
78.04,97042.75,0.8037,F
78.06,97044.09,0.7985,F
78.08,97045.56,0.8061,F
78.1,97048.97,0.9197,F
78.12,97051.3,1.0391,F
78.14,97054.16,1.0095,F
78.16,97056.25,0.8258,F
78.18,97056.09,0.7236,F
78.2,97060.17,0.5901,F
78.22,97062.38,0.6117,F
78.24,97065.23,0.7107,F
78.26,97069.08,0.8017,F
78.28,97069.42,0.8055,F
78.3,97071.8,0.7185,F
78.32,97073.19,0.5805,F
78.34,97077.02,0.5329,F
78.36,97080.61,0.5247,F
78.38,97082.92,0.5726,F
78.4,97085.75,0.6151,F
78.42,97088.11,0.9368,F
78.44,97087.8,1.3566,F
78.46,97091.17,2.5324,F
78.48,97094.17,3.2881,F
78.5,97095.34,2.3829,F
78.52,97097.53,1.7188,F
78.54,97100.45,0.853,F
78.56,97103.8,0.4902,F
78.58,97105.55,0.5695,F
78.6,97107.8,1.1862,F
78.62,97109.14,1.5466,F
78.64,97111.31,1.9299,F
78.66,97112.84,1.5699,F
78.68,97115.64,0.878,F
78.7,97117.8,0.542,F
78.72,97121.72,0.4144,F
78.74,97121.47,0.3997,F
78.76,97124.14,0.5545,F
78.78,97125.52,0.7002,F
78.8,97129.3,0.7477,F
78.82,97131.8,0.6696,F
78.84,97132.88,0.6629,F
78.86,97135.47,0.7428,F
78.88,97138.33,0.8321,F
78.9,97139.38,0.7901,F
78.92,97141.03,0.6771,F
78.94,97146.36,0.512,F
78.96,97147.23,0.472,F
78.98,97148.88,0.5053,F
79.0,97152.55,0.5543,F
79.02,97153.36,0.5571,F
79.04,97156.56,0.5169,F
79.06,97159.45,0.5336,F
79.08,97161.8,0.6823,F
79.1,97162.66,0.9595,F
79.12,97166.45,1.161,F
79.14,97169.09,1.1688,F
79.16,97172.31,1.1019,F
79.18,97174.48,0.9349,F
79.2,97175.8,1.0027,F
79.22,97178.83,1.2337,F
79.24,97180.86,1.275,F
79.26,97184.38,1.2522,F
79.28,97187.77,1.2584,F
79.3,97188.38,1.0368,F
79.32,97191.97,0.789,F
79.34,97195.11,0.8737,F
79.36,97196.62,1.3337,F
79.38,97197.14,1.5031,F
79.4,97199.34,1.5136,F
79.42,97202.2,1.5483,F
79.44,97204.64,1.8652,F
79.46,97207.3,2.1316,F
79.48,97211.38,1.8935,F
79.5,97211.88,1.7239,F
79.52,97214.73,1.5036,F
79.54,97215.98,1.5445,F
79.56,97218.84,1.6252,F
79.58,97220.88,1.4211,F
79.6,97222.47,1.2389,F
79.62,97224.11,1.1675,F
79.64,97227.41,1.0503,F
79.66,97228.77,0.9821,F
79.68,97232.02,0.9497,F
79.7,97232.89,0.8748,F
79.72,97234.58,0.815,F
79.74,97236.41,0.827,F
79.76,97240.42,0.8417,F
79.78,97239.84,0.9067,F
79.8,97243.5,1.0169,F
79.82,97245.94,1.0627,F
79.84,97246.06,1.0734,F
79.86,97248.41,1.0569,F
79.88,97251.95,0.9033,F
79.9,97255.17,0.6719,F
79.92,97256.31,0.5574,F
79.94,97258.16,0.5316,F
79.96,97260.28,0.5124,F
79.98,97261.95,0.5869,F
80.0,97264.36,0.704,F
80.02,97267.53,0.7968,F
80.04,97268.95,0.8413,F
80.06,97270.17,0.8288,F
80.08,97272.75,0.6612,F
80.1,97276.09,0.4994,F
80.12,97278.42,0.5623,F
80.14,97280.41,1.1034,F
80.16,97281.53,1.3677,F
80.18,97283.78,1.4558,F
80.2,97285.78,1.3716,F
80.22,97288.73,1.5634,F
80.24,97289.73,1.6875,F
80.26,97293.08,1.3661,F
80.28,97293.7,1.0967,F
80.3,97295.78,0.8074,F
80.32,97299.23,0.7121,F
80.34,97301.64,0.7456,F
80.36,97304.5,0.8324,F
80.38,97305.52,0.8203,F
80.4,97307.22,0.7139,F
80.42,97310.53,0.5943,F
80.44,97312.52,0.8737,F
80.46,97312.95,1.159,F
80.48,97314.48,1.0124,F
80.5,97318.98,0.5644,F
80.52,97320.23,0.3529,F
80.54,97324.62,0.3184,F
80.56,97325.45,0.3471,F
80.58,97328.25,0.4238,F
80.6,97329.41,0.4655,F
80.62,97332.64,0.5502,F
80.64,97335.61,0.5594,F
80.66,97338.3,0.5729,F
80.68,97338.69,0.6571,F
80.7,97342.5,0.7338,F
80.72,97346.0,0.8202,F
80.74,97346.55,1.1003,F
80.76,97349.33,1.1112,F
80.78,97353.44,0.7636,F
80.8,97354.23,0.6208,F
80.82,97356.83,0.608,F
80.84,97358.94,0.6169,F
80.86,97361.22,0.6862,F
80.88,97366.34,0.734,F
80.9,97368.09,0.8854,F
80.92,97370.08,0.9799,F
80.94,97372.44,1.0012,F
80.96,97373.16,1.0254,F
80.98,97377.17,0.8949,F
81.0,97379.2,0.6936,F
81.02,97383.05,0.5311,F
81.04,97385.16,0.5102,F
81.06,97387.19,0.5921,F
81.08,97389.33,0.6875,F
81.1,97392.17,0.6858,F
81.12,97394.73,0.6059,F
81.14,97397.41,0.6308,F
81.16,97398.58,0.7777,F
81.18,97402.66,0.8845,F
81.2,97405.97,0.8796,F
81.22,97408.23,0.8207,F
81.24,97412.19,0.7816,F
81.26,97412.41,0.7378,F
81.28,97415.89,0.7818,F
81.3,97417.84,0.6999,F
81.32,97421.75,0.5656,F
81.34,97424.36,0.475,F
81.36,97424.44,0.4446,F
81.38,97427.88,0.4179,F
81.4,97434.3,0.4127,F
81.42,97436.08,0.5519,F
81.44,97438.11,0.7535,F
81.46,97441.23,0.9007,F
81.48,97445.23,0.9053,F
81.5,97446.2,0.8328,F
81.52,97450.33,0.6633,F
81.54,97454.03,0.6173,F
81.56,97457.86,0.7123,F
81.58,97456.14,0.7821,F
81.6,97461.17,0.954,F
81.62,97463.12,1.0185,F
81.64,97468.58,0.9533,F
81.66,97472.27,0.735,F
81.68,97477.17,0.5486,F
81.7,97476.91,0.5181,F
81.72,97479.72,0.6762,F
81.74,97484.09,1.0748,F
81.76,97483.34,1.6327,F
81.78,97487.88,2.2321,F
81.8,97490.27,2.7166,F
81.82,97491.75,2.7269,F
81.84,97494.52,2.5884,F
81.86,97497.03,2.2841,F
81.88,97502.0,2.0934,F
81.9,97503.31,2.2787,F
81.92,97503.69,2.2163,F
81.94,97508.03,1.8533,F
81.96,97511.8,1.3984,F
81.98,97512.08,1.008,F
82.0,97515.86,0.7441,F
82.02,97519.22,0.64,F
82.04,97520.83,0.5629,F
82.06,97523.95,0.467,F
82.08,97526.44,0.4809,F
82.1,97528.98,0.7118,F
82.12,97530.3,0.9032,F
82.14,97532.77,1.0133,F
82.16,97535.67,1.0621,F
82.18,97537.81,0.9642,F
82.2,97540.7,0.9768,F
82.22,97544.03,1.1823,F
82.24,97545.92,1.3156,F
82.26,97547.61,1.3326,F
82.28,97551.33,1.1817,F
82.3,97553.77,1.0323,F
82.32,97555.72,0.9706,F
82.34,97558.0,1.0541,F
82.36,97558.89,1.1651,F
82.38,97562.34,1.1527,F
82.4,97564.19,1.0071,F
82.42,97568.38,0.9638,F
82.44,97570.5,1.1303,F
82.46,97573.05,1.1086,F
82.48,97574.67,1.018,F
82.5,97578.05,0.942,F
82.52,97580.14,0.9826,F
82.54,97582.23,0.9443,F
82.56,97586.5,0.8223,F
82.58,97587.22,0.7971,F
82.6,97590.0,0.8201,F
82.62,97591.45,0.9476,F
82.64,97595.58,1.0963,F
82.66,97596.27,1.1562,F
82.68,97598.53,1.1409,F
82.7,97600.97,0.9614,F
82.72,97605.12,0.6942,F
82.74,97607.53,0.5777,F
82.76,97609.06,0.5878,F
82.78,97611.98,0.7017,F
82.8,97615.28,0.7579,F
82.82,97616.47,0.7525,F
82.84,97619.62,0.6977,F
82.86,97622.77,0.5804,F
82.88,97624.78,0.5535,F
82.9,97627.58,0.5871,F
82.92,97630.48,0.5834,F
82.94,97632.52,0.5518,F
82.96,97636.53,0.4714,F
82.98,97639.19,0.407,F
83.0,97641.97,0.4018,F
83.02,97641.41,0.4852,F
83.04,97645.97,0.7723,F
83.06,97649.12,1.0381,F
83.08,97652.11,1.0195,F
83.1,97656.09,0.9048,F
83.12,97657.61,1.0198,F
83.14,97659.03,1.178,F
83.16,97662.16,1.6642,F
83.18,97664.7,2.1699,F
83.2,97665.2,2.3415,F
83.22,97669.66,1.6473,F
83.24,97672.42,1.3765,F
83.26,97675.25,1.25,F
83.28,97677.06,1.3208,F
83.3,97679.94,1.4915,F
83.32,97682.28,1.5986,F
83.34,97686.03,1.6501,F
83.36,97688.28,1.7022,F
83.38,97689.59,1.8407,F
83.4,97692.84,1.6237,F
83.42,97694.98,1.2402,F
83.44,97698.14,0.964,F
83.46,97699.25,0.8816,F
83.48,97702.34,0.843,F
83.5,97704.75,0.8162,F
83.52,97708.09,0.7535,F
83.54,97709.69,0.7483,F
83.56,97712.17,0.7432,F
83.58,97714.64,0.7591,F
83.6,97715.45,0.8899,F
83.62,97719.36,0.9687,F
83.64,97722.19,0.9503,F
83.66,97724.11,0.7937,F
83.68,97725.56,0.7503,F
83.7,97727.78,0.7126,F
83.72,97731.58,0.7031,F
83.74,97734.73,0.7539,F
83.76,97735.67,0.7827,F
83.78,97738.86,0.7771,F
83.8,97741.38,0.7425,F
83.82,97742.89,0.678,F
83.84,97745.91,0.6606,F
83.86,97748.73,0.6338,F
83.88,97751.03,0.6219,F
83.9,97753.89,0.6577,F
83.92,97756.45,0.8048,F
83.94,97757.91,1.0085,F
83.96,97761.33,1.2205,F
83.98,97762.95,1.3007,F
84.0,97764.27,1.2857,F
84.02,97767.56,1.1318,F
84.04,97771.62,0.9131,F
84.06,97772.78,0.8179,F
84.08,97777.73,0.8922,F
84.1,97780.62,1.0037,F
84.12,97780.06,1.0655,F
84.14,97783.88,1.1565,F
84.16,97788.25,1.1628,F
84.18,97789.06,0.937,F
84.2,97793.16,0.7865,F
84.22,97795.23,0.8047,F
84.24,97797.19,0.8651,F
84.26,97799.59,0.9769,F
84.28,97802.48,1.1024,F
84.3,97803.59,1.0347,F
84.32,97809.31,0.8962,F
84.34,97811.19,0.8385,F
84.36,97812.92,0.8017,F
84.38,97814.12,0.8583,F
84.4,97818.56,1.026,F
84.42,97822.58,1.2458,F
84.44,97824.25,1.2924,F
84.46,97825.59,1.2531,F
84.48,97827.44,1.2283,F
84.5,97830.58,1.3242,F
84.52,97833.34,1.2893,F
84.54,97836.31,1.194,F
84.56,97838.11,1.1058,F
84.58,97840.62,0.9986,F
84.6,97842.42,0.9902,F
84.62,97846.45,0.9984,F
84.64,97849.52,0.9821,F
84.66,97850.97,0.8158,F
84.68,97853.88,0.7047,F
84.7,97855.52,0.5719,F
84.72,97859.0,0.5164,F
84.74,97861.55,0.48,F
84.76,97865.08,0.4377,F
84.78,97864.12,0.4271,F
84.8,97869.09,0.4238,F
84.82,97870.95,0.5858,F
84.84,97874.44,0.7796,F
84.86,97877.08,0.8293,F
84.88,97876.94,0.8706,F
84.9,97882.02,0.8352,F
84.92,97884.11,0.8679,F
84.94,97886.28,0.8969,F
84.96,97889.25,0.986,F
84.98,97892.59,1.0128,F
85.0,97895.61,1.0166,F
85.02,97897.12,1.0794,F
85.04,97899.5,1.1346,F
85.06,97903.88,1.0011,F
85.08,97906.06,0.8859,F
85.1,97907.88,0.9523,F
85.12,97911.0,1.157,F
85.14,97915.16,1.3021,F
85.16,97916.06,1.3138,F
85.18,97921.41,1.2639,F
85.2,97924.73,1.1988,F
85.22,97924.62,1.1518,F
85.24,97929.14,1.0504,F
85.26,97930.48,1.0422,F
85.28,97932.19,1.0438,F
85.3,97937.31,0.9975,F
85.32,97941.55,0.9566,F
85.34,97943.22,0.9293,F
85.36,97943.42,0.9689,F
85.38,97945.38,1.114,F
85.4,97951.08,1.2308,F
85.42,97952.92,1.1284,F
85.44,97954.58,1.0031,F
85.46,97958.14,0.7184,F
85.48,97960.11,0.5644,F
85.5,97963.66,0.5194,F
85.52,97965.67,0.4572,F
85.54,97969.28,0.498,F
85.56,97970.56,0.5048,F
85.58,97973.56,0.596,F
85.6,97975.3,0.8364,F
85.62,97978.92,1.3263,F
85.64,97979.94,2.135,F
85.66,97983.14,2.467,F
85.68,97985.39,2.3383,F
85.7,97988.72,1.59,F
85.72,97992.38,1.2271,F
85.74,97995.91,1.5304,F
85.76,97997.06,1.5178,F
85.78,97998.3,1.3941,F
85.8,98001.5,1.1608,F
85.82,98005.36,1.0126,F
85.84,98007.31,0.9977,F
85.86,98009.58,1.2603,F
85.88,98011.48,1.3356,F
85.9,98013.91,1.3228,F
85.92,98016.58,1.3375,F
85.94,98018.69,1.3801,F
85.96,98019.84,1.3312,F
85.98,98022.69,1.3029,F
86.0,98026.31,1.2883,F
86.02,98027.61,1.3618,F
86.04,98030.88,1.3919,F
86.06,98033.16,1.3739,F
86.08,98035.81,1.3675,F
86.1,98037.06,1.3411,F
86.12,98039.69,1.2994,F
86.14,98040.69,1.2583,F
86.16,98044.67,0.988,F
86.18,98047.12,0.7868,F
86.2,98049.41,0.9043,F
86.22,98051.92,1.0035,F
86.24,98053.11,1.2928,F
86.26,98053.53,1.4053,F
86.28,98058.61,1.3753,F
86.3,98060.73,1.1536,F
86.32,98062.17,0.9959,F
86.34,98063.45,0.8364,F
86.36,98067.62,0.7403,F
86.38,98069.55,0.8297,F
86.4,98070.2,1.1581,F
86.42,98072.45,1.3015,F
86.44,98074.86,1.6361,F
86.46,98076.34,2.4978,F
86.48,98079.17,2.7546,F
86.5,98078.75,1.9173,F
86.52,98083.02,1.1763,F
86.54,98085.28,0.986,F
86.56,98087.44,0.8551,F
86.58,98089.78,1.0059,F
86.6,98092.33,1.2879,F
86.62,98092.89,1.446,F
86.64,98095.31,1.2143,F
86.66,98096.28,1.1327,F
86.68,98098.55,1.051,F
86.7,98101.2,1.1709,F
86.72,98102.78,1.3173,F
86.74,98105.59,1.2568,F
86.76,98106.58,1.0978,F
86.78,98108.17,0.8622,F
86.8,98110.34,0.8192,F
86.82,98112.16,0.8667,F
86.84,98113.06,0.8999,F
86.86,98116.62,0.9756,F
86.88,98117.14,0.9569,F
86.9,98119.77,0.9096,F
86.92,98121.95,0.9046,F
86.94,98124.44,0.7962,F
86.96,98125.98,0.7367,F
86.98,98127.61,0.7328,F
87.0,98129.62,0.7386,F
87.02,98131.38,0.803,F
87.04,98133.64,0.6681,F
87.06,98136.53,0.7185,F
87.08,98136.45,0.7908,F
87.1,98139.25,0.9596,F
87.12,98140.56,1.1259,F
87.14,98143.33,1.5227,F
87.16,98145.52,2.6371,F
87.18,98146.64,2.9867,F
87.2,98147.34,2.5255,F
87.22,98151.22,1.3176,F
87.24,98152.12,0.7124,F
87.26,98155.25,0.5228,F
87.28,98156.72,0.5214,F
87.3,98159.36,0.7607,F
87.32,98159.52,0.9297,F
87.34,98160.92,1.2196,F
87.36,98163.53,1.2496,F
87.38,98165.75,1.034,F
87.4,98167.33,0.859,F
87.42,98168.78,0.7979,F
87.44,98170.42,0.8878,F
87.46,98173.3,1.1326,F
87.48,98173.36,1.156,F
87.5,98177.53,0.9608,F
87.52,98177.53,0.8868,F
87.54,98180.14,0.8144,F
87.56,98181.95,0.83,F
87.58,98183.56,0.796,F
87.6,98185.89,0.8186,F
87.62,98188.03,1.1464,F
87.64,98187.84,1.2404,F
87.66,98191.22,1.031,F
87.68,98193.36,0.6414,F
87.7,98195.19,0.4876,F
87.72,98197.42,0.5471,F
87.74,98198.88,0.7193,F
87.76,98200.22,0.7402,F
87.78,98201.92,0.6969,F
87.8,98204.31,0.7382,F
87.82,98206.16,0.8574,F
87.84,98208.14,0.9652,F
87.86,98208.39,0.9264,F
87.88,98210.62,0.6718,F
87.9,98213.66,0.5824,F
87.92,98216.22,0.6419,F
87.94,98217.73,0.715,F
87.96,98220.27,1.1494,F
87.98,98220.38,1.3307,F
88.0,98223.27,1.4666,F
88.02,98225.22,1.3655,F
88.04,98227.17,1.1125,F
88.06,98229.56,1.1813,F
88.08,98230.02,1.2376,F
88.1,98232.52,1.3593,F
88.12,98234.0,1.3401,F
88.14,98236.52,1.1419,F
88.16,98238.78,0.9491,F
88.18,98239.3,0.9133,F
88.2,98240.83,0.9724,F
88.22,98243.06,1.0795,F
88.24,98246.84,1.0861,F
88.26,98247.78,0.9812,F
88.28,98250.91,0.8649,F
88.3,98251.36,0.8097,F
88.32,98253.95,0.7505,F
88.34,98255.86,0.782,F
88.36,98257.3,0.8882,F
88.38,98258.62,0.8447,F
88.4,98262.25,0.6705,F
88.42,98261.88,0.6971,F
88.44,98265.66,0.7064,F
88.46,98267.56,0.8063,F
88.48,98268.75,0.881,F
88.5,98272.05,0.8866,F
88.52,98273.27,0.7919,F
88.54,98275.84,0.7233,F
88.56,98277.86,0.6685,F
88.58,98280.48,0.6022,F
88.6,98281.72,0.5558,F
88.62,98284.73,0.5839,F
88.64,98283.52,0.5798,F
88.66,98288.69,0.5318,F
88.68,98290.09,0.4989,F
88.7,98293.38,0.49,F
88.72,98295.62,0.5478,F
88.74,98297.56,0.5932,F
88.76,98298.14,0.7119,F
88.78,98299.95,0.7713,F
88.8,98303.66,0.7392,F
88.82,98306.14,0.7497,F
88.84,98308.55,0.7993,F
88.86,98309.45,0.8693,F
88.88,98312.69,0.8317,F
88.9,98314.55,0.8216,F
88.92,98317.59,0.8215,F
88.94,98320.02,0.7819,F
88.96,98321.5,0.7709,F
88.98,98323.17,0.8496,F
89.0,98326.05,0.979,F
89.02,98327.92,1.0852,F
89.04,98330.73,1.1224,F
89.06,98331.7,1.0772,F
89.08,98334.86,1.0714,F
89.1,98337.55,1.1742,F
89.12,98339.69,1.3267,F
89.14,98342.34,1.3582,F
89.16,98345.2,1.1869,F
89.18,98345.39,1.0854,F
89.2,98346.95,1.0306,F
89.22,98350.38,1.3004,F
89.24,98351.88,1.6922,F
89.26,98355.86,1.8605,F
89.28,98355.83,1.8819,F
89.3,98357.86,1.9838,F
89.32,98360.45,2.0404,F
89.34,98363.09,1.8733,F
89.36,98365.56,1.5634,F
89.38,98367.0,1.2981,F
89.4,98369.03,1.2159,F
89.42,98371.48,1.083,F
89.44,98373.55,1.1297,F
89.46,98375.58,1.1668,F
89.48,98376.77,1.0495,F
89.5,98377.56,0.9949,F
89.52,98380.2,0.9043,F
89.54,98383.16,0.8293,F
89.56,98384.48,0.7749,F
89.58,98387.3,0.7846,F
89.6,98389.05,0.8156,F
89.62,98389.69,0.8693,F
89.64,98392.09,0.9323,F
89.66,98394.98,0.9204,F
89.68,98397.39,0.8131,F
89.7,98397.98,0.7617,F
89.72,98398.56,0.8023,F
89.74,98402.27,0.9108,F
89.76,98404.28,0.8019,F
89.78,98405.05,0.6397,F
89.8,98408.25,0.5522,F
89.82,98411.3,0.5515,F
89.84,98412.59,0.5983,F
89.86,98415.34,0.7747,F
89.88,98415.84,0.8928,F
89.9,98418.06,0.8336,F
89.92,98421.17,0.8865,F
89.94,98421.27,0.9539,F
89.96,98423.42,0.9881,F
89.98,98427.64,0.9904,F
90.0,98428.56,0.9611,F
90.02,98430.81,0.8784,F
90.04,98434.53,0.806,F
90.06,98435.44,0.7367,F
90.08,98437.56,0.6244,F
90.1,98439.25,0.7115,F
90.12,98441.77,0.991,F
90.14,98444.41,1.1122,F
90.16,98443.94,1.1096,F
90.18,98448.05,1.0266,F
90.2,98450.73,0.966,F
90.22,98451.62,1.0679,F
90.24,98456.19,1.2365,F
90.26,98458.98,1.167,F
90.28,98460.67,0.951,F
90.3,98461.38,0.9309,F
90.32,98463.77,1.7448,F
90.34,98465.8,2.3086,F
90.36,98466.55,2.0209,F
90.38,98467.77,1.6375,F
90.4,98472.03,0.9894,F
90.42,98473.69,0.8573,F
90.44,98475.77,1.3034,F
90.46,98475.58,1.5739,F
90.48,98480.23,1.3339,F
90.5,98480.83,1.1104,F
90.52,98483.62,0.8701,F
90.54,98484.56,0.9234,F
90.56,98486.92,1.0603,F
90.58,98489.34,1.1841,F
90.6,98491.17,1.508,F
90.62,98492.53,1.6345,F
90.64,98494.3,1.5249,F
90.66,98497.34,1.0252,F
90.68,98499.38,0.7998,F
90.7,98501.41,0.9339,F
90.72,98501.98,1.0918,F
90.74,98503.78,1.1998,F
90.76,98505.2,1.0286,F
90.78,98507.62,0.8095,F
90.8,98510.16,0.7357,F
90.82,98512.09,0.7272,F
90.84,98513.83,0.725,F
90.86,98514.66,0.7047,F
90.88,98517.12,0.6387,F
90.9,98519.59,0.5761,F
90.92,98521.34,0.5351,F
90.94,98523.36,0.5365,F
90.96,98524.81,0.5482,F
90.98,98526.95,0.5427,F
91.0,98529.22,0.6152,F
91.02,98531.83,0.7773,F
91.04,98533.81,0.9312,F
91.06,98534.56,0.9342,F
91.08,98535.81,0.8689,F
91.1,98538.5,0.7541,F
91.12,98541.03,0.7404,F
91.14,98543.22,0.7825,F
91.16,98544.09,0.855,F
91.18,98545.5,0.8994,F
91.2,98549.41,0.8563,F
91.22,98551.14,0.8622,F
91.24,98552.72,0.8056,F
91.26,98554.59,0.7685,F
91.28,98556.45,0.7682,F
91.3,98558.38,0.817,F
91.32,98560.19,0.8509,F
91.34,98563.39,0.9014,F
91.36,98565.42,0.8428,F
91.38,98568.03,0.8243,F
91.4,98568.86,0.816,F
91.42,98571.7,0.7953,F
91.44,98573.77,0.8413,F
91.46,98574.8,0.7436,F
91.48,98577.27,0.6864,F
91.5,98580.2,0.8125,F
91.52,98580.95,1.1502,F
91.54,98584.58,1.4317,F
91.56,98586.72,1.5665,F
91.58,98588.14,1.3976,F
91.6,98589.09,1.2943,F
91.62,98592.92,1.0496,F
91.64,98595.52,0.9194,F
91.66,98597.05,1.1885,F
91.68,98600.3,1.6567,F
91.7,98602.58,1.9143,F
91.72,98603.28,1.881,F
91.74,98606.23,1.4436,F
91.76,98608.83,1.0402,F
91.78,98611.08,0.8274,F
91.8,98613.84,0.8079,F
91.82,98613.22,0.808,F
91.84,98615.98,0.8018,F
91.86,98617.73,0.7818,F
91.88,98620.8,0.7778,F
91.9,98622.31,0.8305,F
91.92,98624.89,1.0455,F
91.94,98625.73,1.1887,F
91.96,98629.33,1.1888,F
91.98,98630.36,0.9872,F
92.0,98633.41,0.764,F
92.02,98634.3,0.7597,F
92.04,98635.34,0.8163,F
92.06,98637.94,0.9418,F
92.08,98640.55,0.8967,F
92.1,98643.91,0.754,F
92.12,98646.28,0.632,F
92.14,98647.16,0.7174,F
92.16,98648.77,0.8559,F
92.18,98650.44,1.5504,F
92.2,98652.39,2.4749,F
92.22,98654.33,2.8351,F
92.24,98657.17,2.0278,F
92.26,98658.67,1.4721,F
92.28,98660.08,0.938,F
92.3,98662.62,0.6914,F
92.32,98666.06,0.7443,F
92.34,98665.5,1.0679,F
92.36,98668.05,1.2636,F
92.38,98668.62,1.2925,F
92.4,98670.95,1.0359,F
92.42,98672.78,0.8498,F
92.44,98676.97,0.8233,F
92.46,98679.28,0.9454,F
92.48,98680.66,1.1549,F
92.5,98680.67,1.2863,F
92.52,98682.08,1.3456,F
92.54,98685.0,1.0615,F
92.56,98688.16,0.7851,F
92.58,98689.73,0.7233,F
92.6,98691.69,0.6882,F
92.62,98693.91,0.6767,F
92.64,98694.64,0.7373,F
92.66,98697.05,1.0022,F
92.68,98701.05,1.2231,F
92.7,98702.3,1.1368,F
92.72,98703.5,0.7046,F
92.74,98706.56,0.57,F
92.76,98708.25,0.7431,F
92.78,98710.75,1.0432,F
92.8,98712.42,1.208,F
92.82,98713.73,1.1968,F
92.84,98715.81,1.4778,F
92.86,98717.95,2.0079,F
92.88,98720.86,1.9694,F
92.9,98721.72,1.3983,F
92.92,98724.25,1.1427,F
92.94,98725.64,0.8104,F
92.96,98727.98,0.6873,F
92.98,98730.73,0.7175,F
93.0,98731.73,0.7507,F
93.02,98734.0,1.1577,F
93.04,98733.88,1.2925,F
93.06,98736.3,1.3375,F
93.08,98737.62,1.038,F
93.1,98740.86,0.8145,F
93.12,98743.14,0.8937,F
93.14,98743.3,0.9973,F
93.16,98745.3,1.1141,F
93.18,98747.31,1.0895,F
93.2,98749.2,1.058,F
93.22,98751.45,0.8239,F
93.24,98754.19,0.7132,F
93.26,98755.25,0.7448,F
93.28,98757.27,0.9399,F
93.3,98758.98,0.9687,F
93.32,98759.58,0.9759,F
93.34,98762.98,1.0936,F
93.36,98763.84,0.9273,F
93.38,98766.58,0.659,F
93.4,98768.48,0.7017,F
93.42,98769.73,0.9999,F
93.44,98772.3,1.0773,F
93.46,98774.72,0.9475,F
93.48,98775.75,0.8437,F
93.5,98777.34,0.8399,F
93.52,98778.91,1.0452,F
93.54,98781.88,1.2069,F
93.56,98782.3,1.1973,F
93.58,98784.44,1.7302,F
93.6,98785.88,2.0635,F
93.62,98788.33,1.8511,F
93.64,98789.25,1.0034,F
93.66,98792.88,0.6827,F
93.68,98793.23,0.7077,F
93.7,98794.47,0.8135,F
93.72,98798.22,0.8132,F
93.74,98799.25,0.7899,F
93.76,98800.44,0.9102,F
93.78,98803.09,0.8198,F
93.8,98804.45,0.7554,F
93.82,98806.66,0.622,F
93.84,98808.45,0.5972,F
93.86,98809.44,0.632,F
93.88,98813.02,0.6721,F
93.9,98814.36,0.6817,F
93.92,98815.3,0.7017,F
93.94,98817.03,0.7062,F
93.96,98818.98,0.6837,F
93.98,98820.95,0.9268,F
94.0,98823.28,0.7703,F
94.02,98824.36,0.6029,F
94.04,98827.03,0.5822,F
94.06,98830.12,0.7603,F
94.08,98830.98,0.8801,F
94.1,98833.38,0.913,F
94.12,98834.95,0.8614,F
94.14,98837.52,0.7008,F
94.16,98839.89,0.5228,F
94.18,98842.03,0.5197,F
94.2,98843.66,0.5958,F
94.22,98845.67,0.6517,F
94.24,98848.27,0.7126,F
94.26,98849.72,0.8532,F
94.28,98851.67,0.8842,F
94.3,98854.11,0.9374,F
94.32,98855.61,1.1014,F
94.34,98859.25,1.1778,F
94.36,98860.61,1.1194,F
94.38,98862.3,1.0059,F
94.4,98863.81,0.903,F
94.42,98867.48,0.8938,F
94.44,98870.08,0.8563,F
94.46,98871.02,0.7699,F
94.48,98873.72,0.6381,F
94.5,98874.95,0.5085,F
94.52,98878.23,0.4513,F
94.54,98883.0,0.4421,F
94.56,98885.28,0.4071,F
94.58,98885.75,0.4394,F
94.6,98888.72,0.612,F
94.62,98890.92,1.0998,F
94.64,98893.03,1.7594,F
94.66,98895.77,2.0932,F
94.68,98896.58,2.0527,F
94.7,98898.28,1.7333,F
94.72,98901.47,1.6401,F
94.74,98904.42,1.2486,F
94.76,98904.88,1.0193,F
94.78,98906.81,0.9505,F
94.8,98909.97,0.6566,F
94.82,98911.55,0.5225,F
94.84,98913.41,0.5011,F
94.86,98917.09,0.5833,F
94.88,98918.2,0.7061,F
94.9,98919.62,0.7174,F
94.92,98921.88,0.6364,F
94.94,98924.47,0.639,F
94.96,98928.0,0.8621,F
94.98,98928.62,1.2795,F
95.0,98929.72,1.4857,F
95.02,98930.64,1.3032,F
95.04,98934.44,0.7508,F
95.06,98936.77,0.4165,F
95.08,98939.88,0.3403,F
95.1,98942.77,0.3543,F
95.12,98944.25,0.4193,F
95.14,98947.52,0.5548,F
95.16,98949.55,0.6997,F
95.18,98951.02,0.8497,F
95.2,98954.23,1.0263,F
95.22,98956.55,1.0542,F
95.24,98961.09,0.9445,F
95.26,98962.45,0.6762,F
95.28,98964.7,0.5885,F
95.3,98969.33,0.7466,F
95.32,98968.92,0.9021,F
95.34,98973.84,0.9046,F
95.36,98974.89,0.7208,F
95.38,98976.28,0.5854,F
95.4,98979.22,0.538,F
95.42,98983.89,0.5162,F
95.44,98984.25,0.5011,F
95.46,98986.88,0.4656,F
95.48,98989.94,0.4747,F
95.5,98991.45,0.4775,F
95.52,98995.42,0.5136,F
95.54,98995.67,0.5772,F
95.56,98999.05,0.6052,F
95.58,99001.16,0.7001,F
95.6,99004.55,0.9631,F
95.62,99007.17,1.2385,F
95.64,99010.36,1.4944,F
95.66,99012.81,1.9577,F
95.68,99013.77,2.1484,F
95.7,99017.3,2.1251,F
95.72,99020.55,1.8761,F
95.74,99023.56,1.5716,F
95.76,99024.7,1.7419,F
95.78,99025.83,2.0113,F
95.8,99027.48,2.181,F
95.82,99029.5,1.974,F
95.84,99032.81,1.5327,F
95.86,99035.28,1.426,F
95.88,99033.67,1.4953,F
95.9,99038.55,1.61,F
95.92,99039.3,1.3363,F
95.94,99041.75,1.018,F
95.96,99045.12,0.9608,F
95.98,99046.95,1.1532,F
96.0,99048.02,1.242,F
96.02,99050.27,1.3151,F
96.04,99053.12,1.0115,F
96.06,99055.77,0.7817,F
96.08,99057.8,0.7266,F
96.1,99058.47,0.7442,F
96.12,99061.22,0.9015,F
96.14,99063.42,1.0722,F
96.16,99066.36,1.0292,F
96.18,99067.64,0.8498,F
96.2,99070.34,0.8389,F
96.22,99071.62,0.8891,F
96.24,99073.78,0.9583,F
96.26,99075.22,1.0525,F
96.28,99077.91,0.9901,F
96.3,99081.25,0.8894,F
96.32,99081.95,0.7698,F
96.34,99081.88,0.8132,F
96.36,99086.45,0.7066,F
96.38,99088.09,0.6986,F
96.4,99090.56,0.721,F
96.42,99091.12,0.6959,F
96.44,99093.69,0.725,F
96.46,99094.98,0.8363,F
96.48,99097.55,0.7884,F
96.5,99100.12,0.9522,F
96.52,99101.47,1.0538,F
96.54,99103.45,1.1439,F
96.56,99105.23,1.1118,F
96.58,99107.7,0.9898,F
96.6,99108.58,1.0445,F
96.62,99112.33,1.3663,F
96.64,99112.09,2.0332,F
96.66,99114.72,2.1182,F
96.68,99116.72,1.6634,F
96.7,99118.81,0.8476,F
96.72,99120.94,0.5639,F
96.74,99123.42,0.6604,F
96.76,99125.55,1.061,F
96.78,99124.81,1.2974,F
96.8,99128.08,0.9477,F
96.82,99130.36,1.0954,F
96.84,99130.44,1.4224,F
96.86,99134.16,1.4192,F
96.88,99135.94,1.2597,F
96.9,99138.22,0.9034,F
96.92,99139.75,0.8854,F
96.94,99140.91,1.1239,F
96.96,99142.75,0.95,F
96.98,99144.67,0.7781,F
97.0,99146.2,0.8427,F
97.02,99147.94,1.1191,F
97.04,99150.83,1.0492,F
97.06,99154.12,0.885,F
97.08,99158.17,0.7742,F
97.1,99158.59,0.7063,F
97.12,99159.81,0.6114,F
97.14,99162.12,0.6599,F
97.16,99162.88,0.7031,F
97.18,99167.53,0.7056,F
97.2,99166.77,0.6733,F
97.22,99168.34,0.6979,F
97.24,99169.61,0.8504,F
97.26,99173.44,1.0256,F
97.28,99176.5,0.9626,F
97.3,99176.88,0.8533,F
97.32,99177.58,0.8006,F
97.34,99181.09,1.1111,F
97.36,99181.77,1.6367,F
97.38,99184.0,1.634,F
97.4,99186.81,1.1069,F
97.42,99190.39,0.763,F
97.44,99191.22,0.7248,F
97.46,99192.17,0.921,F
97.48,99195.17,1.1315,F
97.5,99195.53,1.2059,F
97.52,99197.73,1.0134,F
97.54,99200.05,0.9089,F
97.56,99201.84,0.8426,F
97.58,99203.66,0.9964,F
97.6,99204.61,1.1615,F
97.62,99207.39,1.2262,F
97.64,99209.02,1.1186,F
97.66,99209.78,1.0531,F
97.68,99211.55,0.9237,F
97.7,99215.19,0.947,F
97.72,99216.8,0.9702,F
97.74,99218.64,1.0241,F
97.76,99218.25,1.039,F
97.78,99220.98,1.0288,F
97.8,99223.64,1.0064,F
97.82,99225.45,0.9697,F
97.84,99226.88,0.9299,F
97.86,99229.33,0.8251,F
97.88,99229.61,0.739,F
97.9,99232.12,0.6538,F
97.92,99235.52,0.6021,F
97.94,99237.25,0.573,F
97.96,99241.42,0.5701,F
97.98,99241.55,0.5661,F
98.0,99243.22,0.5707,F
98.02,99245.92,0.673,F
98.04,99246.86,0.6816,F
98.06,99249.64,0.6217,F
98.08,99251.89,0.6238,F
98.1,99254.27,0.7188,F
98.12,99257.23,0.8909,F
98.14,99259.22,0.9836,F
98.16,99259.86,1.0603,F
98.18,99262.55,1.037,F
98.2,99263.41,0.9793,F
98.22,99267.62,0.8669,F
98.24,99269.53,0.7692,F
98.26,99272.42,0.675,F
98.28,99273.28,0.6068,F
98.3,99274.92,0.6086,F
98.32,99276.39,0.6849,F
98.34,99279.55,0.7758,F
98.36,99280.78,0.7305,F
98.38,99283.92,0.599,F
98.4,99286.0,0.5617,F
98.42,99286.72,0.5957,F
98.44,99288.91,0.6409,F
98.46,99291.75,0.6339,F
98.48,99293.42,0.7073,F
98.5,99295.31,0.5978,F
98.52,99297.89,0.4584,F
98.54,99300.61,0.266,F
98.56,99303.91,0.2866,F
98.58,99306.11,0.2878,F
98.6,99307.86,0.4757,F
98.62,99310.31,0.8961,F
98.64,99311.53,1.158,F
98.66,99313.53,1.8549,F
98.68,99314.05,1.2072,F
98.7,99319.98,2.1787,F
98.72,99323.14,2.5476,F
98.74,99323.17,2.4482,F
98.76,99325.27,1.7785,F
98.78,99328.53,1.8055,F
98.8,99330.92,1.671,F
98.82,99333.02,1.488,F
98.84,99334.78,1.0142,F
98.86,99336.14,0.8888,F
98.88,99336.52,0.638,F
98.9,99339.38,0.6166,F
98.92,99342.66,0.7041,F
98.94,99343.8,0.9675,F
98.96,99343.94,1.026,F
98.98,99346.66,0.9913,F
99.0,99348.61,0.9809,F
99.02,99350.72,0.9212,F
99.04,99353.5,1.0175,F
99.06,99354.19,1.0564,F
99.08,99356.25,1.0104,F
99.1,99359.05,0.9322,F
99.12,99359.91,0.9935,F
99.14,99363.61,0.9654,F
99.16,99364.02,0.5914,F
99.18,99364.16,0.5131,F
99.2,99368.75,0.4852,F
99.22,99371.34,0.6622,F
99.24,99372.12,0.8608,F
99.26,99375.39,0.9272,F
99.28,99377.42,0.7708,F
99.3,99379.58,0.7531,F
99.32,99382.0,0.7446,F
99.34,99385.27,0.858,F
99.36,99388.03,0.9868,F
99.38,99389.34,1.0406,F
99.4,99388.5,0.9878,F
99.42,99391.7,0.9967,F
99.44,99393.0,0.9387,F
99.46,99397.62,0.9058,F
99.48,99398.47,1.0778,F
99.5,99399.22,1.043,F
99.52,99402.84,0.9787,F
99.54,99403.72,0.9125,F
99.56,99407.02,0.9578,F
99.58,99408.31,1.1383,F
99.6,99412.16,2.093,F
99.62,99411.53,2.3371,F
99.64,99413.02,2.104,F
99.66,99416.14,1.4849,F
99.68,99419.16,0.8122,F
99.7,99422.61,0.5444,F
99.72,99423.64,0.6099,F
99.74,99427.67,0.7524,F
99.76,99425.91,0.847,F
99.78,99426.81,0.9814,F
99.8,99429.28,1.3932,F
99.82,99428.67,1.5907,F
99.84,99432.58,1.4848,F
99.86,99434.5,1.3242,F
99.88,99436.94,0.7816,F
99.9,99438.64,0.6476,F
99.92,99439.98,0.7145,F
99.94,99442.06,0.9085,F
99.96,99444.17,0.943,F
99.98,99445.34,0.7542,F
100.0,99448.2,0.6416,F
100.02,99449.72,0.6551,F
100.04,99452.88,0.7237,F
100.06,99453.84,1.2222,F
100.08,99455.36,1.2613,F
100.1,99456.17,1.0937,F
100.12,99458.98,0.8173,F
100.14,99462.64,0.7686,F
100.16,99464.62,0.7555,F
100.18,99464.36,0.7723,F
100.2,99467.98,1.1678,F
100.22,99468.66,1.234,F
100.24,99470.36,1.0044,F
100.26,99471.27,0.6563,F
100.28,99473.34,0.6546,F
100.3,99475.5,0.7194,F
100.32,99477.61,0.7161,F
100.34,99479.56,0.6561,F
100.36,99481.94,0.634,F
100.38,99483.83,0.8656,F
100.4,99484.2,1.002,F
100.42,99487.42,1.1518,F
100.44,99488.59,1.1381,F
100.46,99491.28,1.1989,F
100.48,99493.59,1.1956,F
100.5,99495.61,0.9581,F
100.52,99496.23,0.8904,F
100.54,99498.95,0.8102,F
100.56,99500.83,0.7906,F
100.58,99502.41,0.9617,F
100.6,99503.53,1.2069,F
100.62,99505.53,1.3377,F
100.64,99506.72,1.4776,F
100.66,99507.59,1.5184,F
100.68,99511.28,1.1559,F
100.7,99512.69,0.7663,F
100.72,99513.27,0.6657,F
100.74,99515.42,0.6037,F
100.76,99517.45,0.8846,F
100.78,99518.89,0.7808,F
100.8,99522.27,0.4385,F
100.82,99521.86,0.4917,F
100.84,99524.41,0.6275,F
100.86,99523.55,0.6913,F
100.88,99525.53,0.6242,F
100.9,99528.67,0.5448,F
100.92,99532.98,0.6226,F
100.94,99534.3,0.7202,F
100.96,99534.64,0.7309,F
100.98,99538.12,0.6539,F
101.0,99539.77,0.6955,F
101.02,99542.25,0.7756,F
101.04,99545.05,0.6752,F
101.06,99545.17,0.6138,F
101.08,99548.33,0.6378,F
101.1,99549.5,0.7525,F
101.12,99554.56,0.8919,F
101.14,99555.41,0.8079,F
101.16,99558.22,0.7239,F
101.18,99560.58,0.6323,F
101.2,99564.77,0.5785,F
101.22,99565.59,0.5899,F
101.24,99569.42,0.7094,F
101.26,99571.0,0.7989,F
101.28,99575.0,0.7404,F
101.3,99575.88,0.6814,F
101.32,99576.55,0.7072,F
101.34,99580.94,0.7865,F
101.36,99582.53,1.0812,F
101.38,99582.97,1.19,F
101.4,99585.78,1.1116,F
101.42,99586.61,0.9228,F
101.44,99589.95,0.8125,F
101.46,99591.19,0.8754,F
101.48,99594.5,1.0031,F
101.5,99596.33,0.9973,F
101.52,99599.44,0.7954,F
101.54,99600.27,0.7673,F
101.56,99603.61,0.9947,F
101.58,99605.94,1.3244,F
101.6,99607.17,1.4007,F
101.62,99610.11,1.3494,F
101.64,99611.03,1.1147,F
101.66,99614.08,0.9365,F
101.68,99615.11,1.0613,F
101.7,99617.45,1.0831,F
101.72,99619.12,0.9145,F
101.74,99621.42,0.6127,F
101.76,99623.19,0.4037,F
101.78,99625.53,0.533,F
101.8,99627.5,0.8458,F
101.82,99628.64,0.961,F
101.84,99629.7,0.8901,F
101.86,99633.19,0.6425,F
101.88,99635.77,0.4375,F
101.9,99637.23,0.4315,F
101.92,99639.84,0.6177,F
101.94,99640.94,0.789,F
101.96,99641.88,0.8118,F
101.98,99646.25,0.6127,F
102.0,99647.45,0.4416,F
102.02,99654.48,0.4225,F
102.04,99653.0,0.5131,F
102.06,99657.62,0.6663,F
102.08,99657.92,0.9982,F
102.1,99659.69,1.1,F
102.12,99666.23,0.9631,F
102.14,99669.67,0.8905,F
102.16,99664.7,0.9227,F
102.18,99669.8,1.0112,F
102.2,99679.0,1.0437,F
102.22,99678.52,1.0776,F
102.24,99682.61,0.9424,F
102.26,99685.39,0.677,F
102.28,99683.27,0.5806,F
102.3,99688.22,0.5817,F
102.32,99688.27,0.8091,F
102.34,99691.42,1.0354,F
102.36,99694.25,1.162,F
102.38,99694.86,1.0328,F
102.4,99695.59,0.922,F
102.42,99698.52,0.9903,F
102.44,99701.92,0.9558,F
102.46,99705.2,0.9642,F
102.48,99706.36,0.9979,F
102.5,99709.47,1.193,F
102.52,99712.25,1.2825,F
102.54,99714.41,1.4747,F
102.56,99716.83,1.3173,F
102.58,99720.09,0.9043,F
102.6,99721.27,0.7672,F
102.62,99724.89,0.6244,F
102.64,99725.59,0.7095,F
102.66,99728.33,0.924,F
102.68,99729.31,1.0994,F
102.7,99732.92,1.1888,F
102.72,99734.61,1.1885,F
102.74,99737.22,1.1741,F
102.76,99739.44,1.0534,F
102.78,99743.17,0.8405,F
102.8,99743.5,0.8741,F
102.82,99747.06,0.9004,F
102.84,99749.48,0.9959,F
102.86,99751.41,1.1094,F
102.88,99753.33,1.1723,F
102.9,99756.3,1.1133,F
102.92,99759.38,0.9397,F
102.94,99759.89,0.8648,F
102.96,99761.75,0.9543,F
102.98,99764.31,1.3081,F
103.0,99766.73,1.592,F
103.02,99769.62,1.5603,F
103.04,99771.77,2.0824,F
103.06,99772.75,2.1866,F
103.08,99775.69,1.8855,F
103.1,99776.03,1.476,F
103.12,99779.12,1.3387,F
103.14,99780.83,1.4184,F
103.16,99781.16,1.661,F
103.18,99783.28,1.6092,F
103.2,99784.59,1.1658,F
103.22,99787.84,0.9197,F
103.24,99789.72,0.7822,F
103.26,99788.92,0.826,F
103.28,99791.81,0.8359,F
103.3,99793.66,0.7175,F
103.32,99794.94,0.5518,F
103.34,99798.31,0.7556,F
103.36,99798.97,0.8828,F
103.38,99800.3,1.0233,F
103.4,99802.28,1.1946,F
103.42,99804.12,1.1965,F
103.44,99806.97,0.8175,F
103.46,99809.89,0.6094,F
103.48,99812.67,0.5826,F
103.5,99812.86,0.643,F
103.52,99816.19,0.7063,F
103.54,99820.09,0.6903,F
103.56,99821.42,0.6389,F
103.58,99822.7,0.649,F
103.6,99823.45,0.7583,F
103.62,99825.19,0.8947,F
103.64,99828.47,0.837,F
103.66,99831.81,0.7503,F
103.68,99833.81,0.6076,F
103.7,99834.94,0.5998,F
103.72,99837.31,0.6668,F
103.74,99841.02,0.7944,F
103.76,99842.42,0.9155,F
103.78,99843.84,0.8974,F
103.8,99846.97,0.6984,F
103.82,99847.91,0.7112,F
103.84,99850.48,0.8576,F
103.86,99852.02,1.0248,F
103.88,99853.3,0.8122,F
103.9,99856.41,0.7264,F
103.92,99858.86,0.7339,F
103.94,99860.14,0.8626,F
103.96,99861.98,1.1092,F
103.98,99865.05,1.2799,F
104.0,99866.89,1.3908,F
104.02,99869.27,1.4554,F
104.04,99871.5,1.3975,F
104.06,99873.45,1.2054,F
104.08,99876.36,1.083,F
104.1,99878.38,1.0772,F
104.12,99879.72,1.2708,F
104.14,99881.0,1.3514,F
104.16,99883.0,1.2768,F
104.18,99885.83,0.8692,F
104.2,99887.39,0.6346,F
104.22,99890.06,0.6907,F
104.24,99890.75,0.8177,F
104.26,99892.38,0.9834,F
104.28,99895.16,0.9722,F
104.3,99896.98,0.7167,F
104.32,99898.19,0.6062,F
104.34,99901.0,0.57,F
104.36,99901.16,0.5586,F
104.38,99904.72,0.565,F
104.4,99907.39,0.6076,F
104.42,99908.36,0.6043,F
104.44,99910.28,0.5747,F
104.46,99911.56,0.6588,F
104.48,99912.77,0.7738,F
104.5,99916.3,1.0075,F
104.52,99919.16,1.1842,F
104.54,99921.97,1.0815,F
104.56,99924.69,0.8365,F
104.58,99927.22,0.7647,F
104.6,99926.97,0.8374,F
104.62,99927.66,1.019,F
104.64,99930.86,1.1499,F
104.66,99937.02,1.1291,F
104.68,99934.86,1.0422,F
104.7,99940.03,0.887,F
104.72,99945.48,0.9659,F
104.74,99944.81,1.0889,F
104.76,99946.95,1.0005,F
104.78,99947.23,0.7743,F
104.8,99950.14,0.6842,F
104.82,99953.11,0.6754,F
104.84,99956.36,0.7383,F
104.86,99956.66,0.7983,F
104.88,99956.28,0.9318,F
104.9,99962.8,1.3655,F
104.92,99962.56,1.5622,F
104.94,99964.59,2.0409,F
104.96,99965.84,2.0203,F
104.98,99971.5,1.4839,F
105.0,99972.89,1.2062,F
105.02,99974.83,1.1698,F
105.04,99976.78,1.3157,F
105.06,99977.77,1.3532,F
105.08,99980.72,1.1625,F
105.1,99983.36,1.0022,F
105.12,99985.09,0.9827,F
105.14,99986.08,0.9796,F
105.16,99986.31,1.1617,F
105.18,99989.61,1.3354,F
105.2,99990.95,1.211,F
105.22,99994.05,1.14,F
105.24,99993.72,1.1062,F
105.26,99997.55,0.8599,F
105.28,99998.78,0.8405,F
105.3,100000.91,0.7933,F
105.32,100002.28,0.7671,F
105.34,100004.0,0.7361,F
105.36,100005.12,0.6228,F
105.38,100008.34,0.5837,F
105.4,100010.77,0.5741,F
105.42,100011.95,0.5796,F
105.44,100014.09,0.6397,F
105.46,100014.88,0.6869,F
105.48,100017.02,0.7139,F
105.5,100020.64,0.7151,F
105.52,100023.0,0.6058,F
105.54,100026.05,0.6267,F
105.56,100027.14,0.697,F
105.58,100029.34,0.764,F
105.6,100030.89,0.8695,F
105.62,100033.11,0.875,F
105.64,100037.73,0.764,F
105.66,100038.86,0.724,F
105.68,100039.59,0.7472,F
105.7,100043.05,0.814,F
105.72,100045.41,0.8216,F
105.74,100047.16,0.7731,F
105.76,100048.2,0.7245,F
105.78,100050.64,0.7729,F
105.8,100051.72,0.9468,F
105.82,100055.58,1.0287,F
105.84,100056.64,0.9562,F
105.86,100060.05,0.847,F
105.88,100061.73,0.7253,F
105.9,100061.03,0.7077,F
105.92,100065.8,0.6855,F
105.94,100067.3,0.6365,F
105.96,100070.64,0.6484,F
105.98,100071.92,0.7625,F
106.0,100074.34,1.065,F
106.02,100077.11,1.1308,F
106.04,100078.83,1.0061,F
106.06,100081.19,0.7685,F
106.08,100083.77,0.7249,F
106.1,100085.81,0.9775,F
106.12,100088.06,1.1477,F
106.14,100089.83,1.1882,F
106.16,100091.62,1.0378,F
106.18,100094.92,0.7472,F
106.2,100097.84,0.699,F
106.22,100099.59,0.9372,F
106.24,100101.45,1.1387,F
106.26,100104.31,1.2552,F
106.28,100104.8,1.0883,F
106.3,100106.86,0.9541,F
106.32,100111.86,1.0188,F
106.34,100112.11,1.1079,F
106.36,100114.08,1.2976,F
106.38,100117.25,1.097,F
106.4,100120.23,0.9724,F
106.42,100124.06,0.8723,F
106.44,100123.73,0.933,F
106.46,100127.73,0.9914,F
106.48,100127.33,0.9185,F
106.5,100130.81,0.8793,F
106.52,100132.58,0.8328,F
106.54,100135.7,0.7307,F
106.56,100136.66,0.7103,F
106.58,100139.48,0.6508,F
106.6,100142.33,0.655,F
106.62,100142.56,0.9307,F
106.64,100144.48,1.3682,F
106.66,100146.61,1.4866,F
106.68,100149.69,1.3587,F
106.7,100151.97,0.9387,F
106.72,100155.62,0.6223,F
106.74,100157.22,0.5149,F
106.76,100160.78,0.6123,F
106.78,100160.83,0.8183,F
106.8,100163.98,1.1011,F
106.82,100166.12,1.1022,F
106.84,100169.47,0.9169,F
106.86,100172.42,0.7096,F
106.88,100173.69,0.6479,F
106.9,100175.36,0.6434,F
106.92,100178.67,0.7457,F
106.94,100179.95,0.8158,F
106.96,100183.05,0.8145,F
106.98,100186.33,0.8363,F
107.0,100187.39,0.9032,F
107.02,100189.12,1.0638,F
107.04,100191.66,1.0659,F
107.06,100195.19,0.8688,F
107.08,100198.02,0.669,F
107.1,100199.39,0.6954,F
107.12,100200.55,0.7734,F
107.14,100203.0,1.1525,F
107.16,100206.33,1.4052,F
107.18,100209.23,1.3158,F
107.2,100211.83,1.2956,F
107.22,100213.92,1.4341,F
107.24,100215.52,1.6625,F
107.26,100219.19,2.038,F
107.28,100220.14,2.2865,F
107.3,100222.16,2.4907,F
107.32,100224.83,2.4525,F
107.34,100225.98,2.18,F
107.36,100227.69,1.9998,F
107.38,100231.47,1.8484,F
107.4,100232.72,1.6675,F
107.42,100234.02,1.3114,F
107.44,100236.02,1.2215,F
107.46,100237.78,1.1952,F
107.48,100238.47,1.2787,F
107.5,100240.77,1.2693,F
107.52,100243.17,1.1146,F
107.54,100243.5,1.0688,F
107.56,100246.55,0.9255,F
107.58,100248.22,0.9037,F
107.6,100249.91,1.1213,F
107.62,100251.47,1.1615,F
107.64,100253.56,0.9229,F
107.66,100254.53,0.8309,F
107.68,100256.75,0.7717,F
107.7,100268.34,0.7524,F
107.72,100263.2,0.738,F
107.74,100262.61,0.7402,F
107.76,100263.95,0.7779,F
107.78,100267.02,0.8307,F
107.8,100268.84,0.7006,F
107.82,100271.42,0.652,F
107.84,100272.84,0.6793,F
107.86,100274.16,0.6588,F
107.88,100275.95,0.6263,F
107.9,100278.92,0.6117,F
107.92,100280.77,0.7043,F
107.94,100283.17,0.7726,F
107.96,100283.0,0.7442,F
107.98,100286.11,0.7238,F
108.0,100286.62,0.7948,F
108.02,100288.95,0.8516,F
108.04,100290.48,0.819,F
108.06,100291.8,0.8285,F
108.08,100294.91,1.0007,F
108.1,100295.08,1.0891,F
108.12,100298.64,1.3083,F
108.14,100299.12,1.4628,F
108.16,100301.69,1.2517,F
108.18,100303.56,1.2094,F
108.2,100304.23,1.3484,F
108.22,100306.89,1.8327,F
108.24,100309.7,2.1276,F
108.26,100310.31,1.4108,F
108.28,100315.0,0.7309,F
108.3,100315.95,0.4134,F
108.32,100318.94,0.3224,F
108.34,100320.41,0.2424,F
108.36,100322.53,0.307,F
108.38,100324.66,0.591,F
108.4,100325.89,0.8728,F
108.42,100325.84,0.9623,F
108.44,100328.72,1.2259,F
108.46,100330.86,1.2129,F
108.48,100332.92,1.1337,F
108.5,100336.48,1.1411,F
108.52,100337.83,1.3996,F
108.54,100339.42,1.488,F
108.56,100340.92,1.2737,F
108.58,100342.64,0.8103,F
108.6,100344.41,0.672,F
108.62,100344.92,0.6192,F
108.64,100346.66,0.6492,F
108.66,100350.25,0.7075,F
108.68,100350.78,0.8598,F
108.7,100354.12,0.8603,F
108.72,100357.2,0.7308,F
108.74,100358.81,0.7519,F
108.76,100360.66,0.7933,F
108.78,100361.73,0.7966,F
108.8,100362.27,0.6016,F
108.82,100366.2,0.4714,F
108.84,100368.48,0.421,F
108.86,100369.42,0.4941,F
108.88,100371.09,0.8908,F
108.9,100372.86,1.089,F
108.92,100375.48,1.4001,F
108.94,100376.56,1.4726,F
108.96,100378.64,1.3617,F
108.98,100381.67,1.0888,F
109.0,100381.95,0.9474,F
109.02,100384.56,0.8535,F
109.04,100387.69,0.9773,F
109.06,100388.61,1.1708,F
109.08,100388.39,1.214,F
109.1,100390.45,1.1588,F
109.12,100392.95,1.0526,F
109.14,100395.23,1.1294,F
109.16,100398.2,1.0201,F
109.18,100401.5,0.9743,F
109.2,100401.22,0.9116,F
109.22,100403.56,0.5974,F
109.24,100406.14,0.1909,F
109.26,100408.38,0.1353,F
109.28,100409.44,0.1368,F
109.3,100412.52,0.1442,F
109.32,100415.36,0.1343,F
109.34,100417.69,0.2309,F
109.36,100417.97,0.2294,F
109.38,100418.77,0.6255,F
109.4,100423.72,0.7989,F
109.42,100424.5,0.931,F
109.44,100426.34,1.0927,F
109.46,100426.94,0.89,F
109.48,100431.36,0.5979,F
109.5,100433.19,0.5769,F
109.52,100435.47,0.7085,F
109.54,100437.42,0.8466,F
109.56,100439.77,0.8187,F
109.58,100442.55,0.6471,F
109.6,100446.48,0.5904,F
109.62,100448.61,0.5777,F
109.64,100450.34,0.5806,F
109.66,100454.48,0.5523,F
109.68,100455.2,0.5971,F
109.7,100457.89,0.7415,F
109.72,100458.78,0.8588,F
109.74,100460.36,0.9067,F
109.76,100463.86,0.9322,F
109.78,100469.08,0.7969,F
109.8,100469.98,0.7354,F
109.82,100471.8,0.7957,F
109.84,100475.84,0.8964,F
109.86,100478.42,0.9365,F
109.88,100479.14,0.9375,F
109.9,100482.19,1.0899,F
109.92,100485.31,1.1031,F
109.94,100485.92,1.106,F
109.96,100489.31,1.3212,F
109.98,100490.16,1.4289,F
110.0,100493.42,1.6072,F
110.02,100495.64,1.6632,F
110.04,100496.59,1.3288,F
110.06,100501.98,1.0632,F
110.08,100503.81,0.8329,F
110.1,100505.52,0.8089,F
110.12,100507.66,0.831,F
110.14,100510.66,1.0921,F
110.16,100512.83,1.3646,F
110.18,100514.53,1.4468,F
110.2,100516.11,1.391,F
110.22,100518.45,1.2697,F
110.24,100520.86,1.1979,F
110.26,100523.83,1.2281,F
110.28,100526.88,1.1653,F
110.3,100528.14,1.0984,F
110.32,100530.56,0.9904,F
110.34,100532.75,0.8072,F
110.36,100536.02,0.6751,F
110.38,100538.03,0.5952,F
110.4,100541.36,0.6212,F
110.42,100541.83,0.6656,F
110.44,100544.89,0.803,F
110.46,100545.77,0.9432,F
110.48,100549.0,0.9847,F
110.5,100552.47,0.9496,F
110.52,100554.16,0.8605,F
110.54,100556.3,0.7706,F
110.56,100558.94,1.033,F
110.58,100558.91,1.4804,F
110.6,100563.48,1.8201,F
110.62,100565.28,1.9591,F
110.64,100565.22,1.9599,F
110.66,100568.52,1.7216,F
110.68,100571.5,1.4344,F
110.7,100573.78,1.5051,F
110.72,100575.41,1.8814,F
110.74,100575.98,1.9827,F
110.76,100578.42,1.8675,F
110.78,100580.08,1.4892,F
110.8,100584.28,1.1973,F
110.82,100584.62,0.9461,F
110.84,100586.47,0.9209,F
110.86,100588.3,0.7981,F
110.88,100589.41,0.7883,F
110.9,100592.55,0.8982,F
110.92,100593.81,1.2454,F
110.94,100595.42,1.8506,F
110.96,100596.34,2.0381,F
110.98,100597.08,2.2349,F
111.0,100600.0,2.1077,F
111.02,100603.77,1.4983,F
111.04,100604.8,1.1295,F
111.06,100606.69,1.0972,F
111.08,100608.0,1.1647,F
111.1,100609.44,1.3789,F
111.12,100612.39,1.3079,F
111.14,100613.69,0.9793,F
111.16,100617.05,0.8786,F
111.18,100617.66,0.8442,F
111.2,100618.89,0.8726,F
111.22,100622.45,0.9937,F
111.24,100624.48,1.0306,F
111.26,100625.89,0.9193,F
111.28,100627.09,0.8697,F
111.3,100627.86,1.0318,F
111.32,100630.16,0.9725,F
111.34,100631.69,0.7764,F
111.36,100634.2,0.7377,F
111.38,100636.0,0.7657,F
111.4,100636.33,0.799,F
111.42,100639.06,0.7211,F
111.44,100639.38,0.646,F
111.46,100640.8,0.603,F
111.48,100643.97,0.5559,F
111.5,100646.31,0.5065,F
111.52,100646.86,0.4977,F
111.54,100649.55,0.5385,F
111.56,100650.75,0.6685,F
111.58,100653.52,0.8685,F
111.6,100654.7,0.9734,F
111.62,100656.89,0.9521,F
111.64,100657.81,0.7572,F
111.66,100659.38,0.484,F
111.68,100663.05,0.4125,F
111.7,100664.28,0.3861,F
111.72,100666.09,0.4376,F
111.74,100666.52,0.6499,F
111.76,100669.56,0.9924,F
111.78,100671.52,1.2125,F
111.8,100673.33,0.9781,F
111.82,100675.67,0.7,F
111.84,100677.08,0.641,F
111.86,100680.75,0.6794,F
111.88,100680.31,0.8588,F
111.9,100682.62,0.9181,F
111.92,100684.47,0.8899,F
111.94,100685.66,0.8806,F
111.96,100688.47,0.9224,F
111.98,100690.62,0.9955,F
112.0,100691.12,0.9702,F
112.02,100695.92,0.909,F
112.04,100698.38,0.8722,F
112.06,100698.27,0.918,F
112.08,100701.78,1.0241,F
112.1,100701.78,0.927,F
112.12,100705.98,0.7382,F
112.14,100707.81,0.6861,F
112.16,100710.89,0.7283,F
112.18,100711.16,0.7713,F
112.2,100713.55,0.8449,F
112.22,100714.69,0.9768,F
112.24,100717.83,1.1304,F
112.26,100719.67,1.1146,F
112.28,100720.58,0.997,F
112.3,100724.84,0.8118,F
112.32,100727.7,0.7463,F
112.34,100730.98,0.855,F
112.36,100731.58,1.0296,F
112.38,100731.8,1.1211,F
112.4,100735.22,1.2644,F
112.42,100735.98,1.7327,F
112.44,100741.11,2.1474,F
112.46,100742.86,2.0123,F
112.48,100745.31,1.2751,F
112.5,100747.92,1.0494,F
112.52,100748.8,0.7767,F
112.54,100750.97,0.7562,F
112.56,100751.66,0.9427,F
112.58,100751.94,1.0922,F
112.6,100755.52,1.0436,F
112.62,100755.89,0.9418,F
112.64,100757.88,0.7383,F
112.66,100760.45,0.7279,F
112.68,100762.8,0.9487,F
112.7,100765.66,1.1224,F
112.72,100765.75,1.1232,F
112.74,100768.44,0.9361,F
112.76,100771.34,0.7129,F
112.78,100772.97,0.7565,F
112.8,100774.08,1.0646,F
112.82,100774.62,1.1917,F
112.84,100779.56,1.2045,F
112.86,100778.25,0.9928,F
112.88,100783.5,1.206,F
112.9,100783.59,1.6022,F
112.92,100786.83,1.6699,F
112.94,100789.16,2.1291,F
112.96,100788.45,2.3556,F
112.98,100790.09,2.3693,F
113.0,100793.83,1.6069,F
113.02,100794.92,0.9724,F
113.04,100797.55,0.835,F
113.06,100800.44,0.7322,F
113.08,100800.0,0.8798,F
113.1,100802.14,1.1152,F
113.12,100804.48,1.2687,F
113.14,100805.89,1.2955,F
113.16,100807.03,1.2805,F
113.18,100809.3,1.1718,F
113.2,100810.61,1.1112,F
113.22,100814.02,1.1294,F
113.24,100816.02,1.2144,F
113.26,100818.2,1.4809,F
113.28,100817.59,1.5618,F
113.3,100818.47,1.5158,F
113.32,100821.62,1.1942,F
113.34,100823.61,0.8998,F
113.36,100826.41,0.7917,F
113.38,100826.8,0.7738,F
113.4,100827.92,0.828,F
113.42,100830.38,0.819,F
113.44,100833.02,0.7435,F
113.46,100833.3,0.7129,F
113.48,100835.91,0.7157,F
113.5,100836.66,0.716,F
113.52,100839.53,0.9628,F
113.54,100839.84,1.2055,F
113.56,100841.78,1.1711,F
113.58,100843.92,1.0336,F
113.6,100845.19,0.9928,F
113.62,100846.38,1.1125,F
113.64,100848.34,1.8587,F
113.66,100848.78,1.7939,F
113.68,100851.22,1.1015,F
113.7,100852.17,0.9238,F
113.72,100854.56,0.8736,F
113.74,100855.45,1.1114,F
113.76,100858.53,1.3913,F
113.78,100859.14,1.4145,F
113.8,100860.2,1.3056,F
113.82,100860.92,1.2445,F
113.84,100863.16,1.065,F
113.86,100865.28,1.026,F
113.88,100867.44,1.1312,F
113.9,100867.84,1.1326,F
113.92,100870.28,1.0819,F
113.94,100870.02,1.0355,F
113.96,100872.34,1.039,F
113.98,100874.53,1.1108,F
114.0,100875.91,1.2039,F
114.02,100876.97,1.0717,F
114.04,100879.77,0.8368,F
114.06,100880.34,0.7349,F
114.08,100881.72,0.6234,F
114.1,100882.52,0.5696,F
114.12,100885.59,0.5153,F
114.14,100885.89,0.5007,F
114.16,100887.09,0.4642,F
114.18,100889.84,0.4526,F
114.2,100891.67,0.4935,F
114.22,100892.97,0.579,F
114.24,100894.2,0.755,F
114.26,100895.58,0.8587,F
114.28,100898.09,1.0241,F
114.3,100901.25,1.0459,F
114.32,100901.53,0.932,F
114.34,100903.14,0.9688,F
114.36,100904.73,1.1884,F
114.38,100906.58,1.2263,F
114.4,100906.88,1.0973,F
114.42,100909.31,1.4055,F
114.44,100911.62,1.7758,F
114.46,100913.02,1.6413,F
114.48,100913.88,1.3519,F
114.5,100917.62,0.8663,F
114.52,100917.44,0.7289,F
114.54,100921.7,0.8439,F
114.56,100921.5,1.0923,F
114.58,100922.62,1.0668,F
114.6,100923.14,0.9442,F
114.62,100925.52,0.8409,F
114.64,100928.23,0.8569,F
114.66,100928.92,0.8821,F
114.68,100931.86,1.1047,F
114.7,100932.44,1.1155,F
114.72,100933.8,1.3739,F
114.74,100935.0,1.4688,F
114.76,100936.42,1.4642,F
114.78,100938.48,1.3785,F
114.8,100939.66,1.1839,F
114.82,100940.7,0.9326,F
114.84,100943.19,0.7102,F
114.86,100943.94,0.5492,F
114.88,100947.66,0.4824,F
114.9,100947.78,0.4353,F
114.92,100949.42,0.424,F
114.94,100951.14,0.4763,F
114.96,100953.28,0.5847,F
114.98,100954.3,0.7568,F
115.0,100956.31,0.9406,F
115.02,100958.02,0.9388,F
115.04,100958.92,0.8325,F
115.06,100961.27,0.5991,F
115.08,100962.66,0.4336,F
115.1,100964.36,0.4396,F
115.12,100965.92,0.6528,F
115.14,100967.59,0.7839,F
115.16,100968.38,1.0725,F
115.18,100970.64,1.239,F
115.2,100973.09,1.3056,F
115.22,100973.7,1.0448,F
115.24,100975.23,0.9598,F
115.26,100978.03,0.9167,F
115.28,100979.75,1.4087,F
115.3,100982.34,1.5681,F
115.32,100983.83,1.4081,F
115.34,100984.39,1.1147,F
115.36,100986.33,1.0317,F
115.38,100989.06,0.9645,F
115.4,100989.02,1.1248,F
115.42,100991.77,1.2365,F
115.44,100993.69,1.1441,F
115.46,100995.3,0.9018,F
115.48,100996.72,0.8531,F
115.5,100997.75,0.8983,F
115.52,101001.78,1.0717,F
115.54,101002.17,1.1612,F
115.56,101004.34,1.1029,F
115.58,101005.77,1.0263,F
115.6,101007.31,0.938,F
115.62,101009.03,0.9363,F
115.64,101011.89,0.926,F
115.66,101012.56,0.868,F
115.68,101015.28,0.7955,F
115.7,101014.92,0.7703,F
115.72,101017.41,0.7397,F
115.74,101019.23,0.7279,F
115.76,101021.47,0.7941,F
115.78,101024.67,0.7444,F
115.8,101024.91,0.6661,F
115.82,101025.52,0.6669,F
115.84,101029.03,0.9624,F
115.86,101030.11,0.9702,F
115.88,101033.17,0.755,F
115.9,101033.38,0.5993,F
115.92,101034.06,0.5484,F
115.94,101037.38,0.57,F
115.96,101040.03,0.5868,F
115.98,101041.27,0.5781,F
116.0,101043.14,0.5732,F
116.02,101044.47,0.5863,F
116.04,101048.0,0.6808,F
116.06,101048.08,0.889,F
116.08,101050.38,1.1089,F
116.1,101051.58,1.217,F
116.12,101055.14,0.9899,F
116.14,101055.7,0.784,F
116.16,101058.08,0.533,F
116.18,101060.12,0.4985,F
116.2,101062.95,0.6032,F
116.22,101065.23,0.7563,F
116.24,101065.69,0.7999,F
116.26,101068.36,0.7856,F
116.28,101070.53,0.726,F
116.3,101072.81,0.6671,F
116.32,101074.39,0.69,F
116.34,101075.55,0.6755,F
116.36,101076.98,0.6364,F
116.38,101082.17,0.5996,F
116.4,101083.97,0.6686,F
116.42,101085.33,0.7547,F
116.44,101087.28,0.7646,F
116.46,101088.45,0.7585,F
116.48,101090.3,0.7015,F
116.5,101093.0,0.6543,F
116.52,101096.61,0.5806,F
116.54,101097.77,0.6081,F
116.56,101100.61,0.7405,F
116.58,101102.89,0.8137,F
116.6,101104.19,0.9217,F
116.62,101106.72,0.9456,F
116.64,101110.42,1.0479,F
116.66,101112.64,1.1515,F
116.68,101114.06,1.2359,F
116.7,101115.25,1.2891,F
116.72,101117.31,1.1169,F
116.74,101119.84,0.856,F
116.76,101123.53,0.6645,F
116.78,101125.08,0.624,F
116.8,101127.34,0.6578,F
116.82,101129.38,0.7963,F
116.84,101131.86,0.8862,F
116.86,101133.81,0.9043,F
116.88,101136.75,0.9189,F
116.9,101137.62,0.9448,F
116.92,101139.73,1.125,F
116.94,101143.14,1.3775,F
116.96,101144.56,1.5942,F
116.98,101147.56,1.6506,F
117.0,101149.5,1.5737,F
117.02,101151.2,1.5231,F
117.04,101152.64,1.7718,F
117.06,101155.12,1.9444,F
117.08,101157.91,1.8532,F
117.1,101159.58,1.9211,F
117.12,101160.47,2.0128,F
117.14,101162.89,2.1496,F
117.16,101165.75,2.2079,F
117.18,101166.05,2.0308,F
117.2,101169.23,1.6304,F
117.22,101170.55,1.6414,F
117.24,101171.48,1.6178,F
117.26,101173.72,1.6473,F
117.28,101174.12,1.5651,F
117.3,101177.34,1.4443,F
117.32,101178.84,1.4293,F
117.34,101180.34,1.4334,F
117.36,101182.03,1.2906,F
117.38,101184.11,1.0932,F
117.4,101185.89,0.9906,F
117.42,101187.73,0.8201,F
117.44,101187.44,0.7574,F
117.46,101190.88,0.6404,F
117.48,101193.0,0.5473,F
117.5,101195.09,0.5079,F
117.52,101196.06,0.5244,F
117.54,101197.92,0.5372,F
117.56,101198.8,0.5551,F
117.58,101201.36,0.6553,F
117.6,101202.11,0.6936,F
117.62,101205.45,0.6013,F
117.64,101207.03,0.4743,F
117.66,101207.5,0.461,F
117.68,101210.02,0.5077,F
117.7,101211.94,0.5262,F
117.72,101213.45,0.464,F
117.74,101216.34,0.4478,F
117.76,101218.36,0.4141,F
117.78,101219.62,0.3783,F
117.8,101222.2,0.6072,F
117.82,101224.09,0.816,F
117.84,101225.22,0.8902,F
117.86,101227.28,0.9682,F
117.88,101229.86,0.966,F
117.9,101231.94,0.812,F
117.92,101233.27,0.6941,F
117.94,101235.78,0.7096,F
117.96,101238.25,0.7778,F
117.98,101240.61,0.7804,F
118.0,101241.59,0.7375,F
118.02,101242.03,0.6141,F
118.04,101244.94,0.5581,F
118.06,101248.2,0.502,F
118.08,101249.89,0.517,F
118.1,101251.19,0.5004,F
118.12,101252.61,0.4706,F
118.14,101255.25,0.4348,F
118.16,101257.48,0.3851,F
118.18,101259.31,0.3072,F
118.2,101264.02,0.2889,F
118.22,101263.39,0.2748,F
118.24,101266.62,0.253,F
118.26,101270.34,0.2744,F
118.28,101270.91,0.3186,F
118.3,101275.53,0.4164,F
118.32,101276.69,0.4948,F
118.34,101277.23,0.6967,F
118.36,101281.69,0.9036,F
118.38,101284.22,1.0742,F
118.4,101287.78,1.0841,F
118.42,101289.7,0.9336,F
118.44,101293.2,0.762,F
118.46,101294.22,0.719,F
118.48,101293.88,0.6265,F
118.5,101299.89,0.6425,F
118.52,101301.05,0.6524,F
118.54,101300.73,0.6863,F
118.56,101307.06,0.8537,F
118.58,101309.88,1.0649,F
118.6,101308.69,1.0463,F
118.62,101313.69,0.8634,F
118.64,101314.38,0.8067,F
118.66,101317.55,0.8598,F
118.68,101321.11,0.9136,F
118.7,101320.17,1.0007,F
118.72,101323.7,0.9994,F
118.74,101327.73,0.8542,F
118.76,101330.42,0.8878,F
118.78,101331.77,0.9462,F
118.8,101333.91,1.2474,F
118.82,101338.14,1.3718,F
118.84,101339.58,1.1737,F
118.86,101342.78,0.8713,F
118.88,101346.38,0.6712,F
118.9,101348.88,0.5038,F
118.92,101351.69,0.473,F
118.94,101355.12,0.5891,F
118.96,101357.3,0.7541,F
118.98,101359.53,0.7877,F
119.0,101361.38,0.7528,F
119.02,101364.66,0.6677,F
119.04,101367.62,0.7935,F
119.06,101369.61,0.8692,F
119.08,101372.77,0.9842,F
119.1,101375.45,1.0298,F
119.12,101375.73,1.1078,F
119.14,101379.47,1.0408,F
119.16,101383.45,0.922,F
119.18,101384.17,0.7163,F
119.2,101388.8,0.6016,F
119.22,101388.25,0.5847,F
119.24,101391.16,0.6987,F
119.26,101394.36,0.8828,F
119.28,101397.44,0.8657,F
119.3,101400.72,0.6781,F
119.32,101401.91,0.71,F
119.34,101402.33,0.9983,F
119.36,101406.81,1.2874,F
119.38,101407.59,1.5413,F
119.4,101412.56,1.8261,F
119.42,101414.56,1.9662,F
119.44,101416.09,1.9176,F
119.46,101421.2,1.5533,F
119.48,101422.92,1.2637,F
119.5,101425.36,1.5067,F
119.52,101428.34,2.0046,F
119.54,101428.92,2.0107,F
119.56,101429.25,1.8867,F
119.58,101433.27,1.5306,F
119.6,101436.36,1.2981,F
119.62,101437.55,1.1481,F
119.64,101437.36,1.1338,F
119.66,101441.27,1.12,F
119.68,101441.58,1.2174,F
119.7,101444.34,1.1135,F
119.72,101448.0,0.9667,F
119.74,101450.52,0.8379,F
119.76,101451.27,0.7876,F
119.78,101454.52,0.724,F
119.8,101456.05,0.8116,F
119.82,101457.86,0.9908,F
119.84,101460.5,1.001,F
119.86,101463.14,0.8581,F
119.88,101465.16,0.8312,F
119.9,101468.09,0.8411,F
119.92,101468.92,1.0083,F
119.94,101472.12,1.3712,F
119.96,101474.31,1.6224,F
119.98,101475.41,1.5618,F
120.0,101478.48,1.2156,F
120.02,101481.16,0.8866,F
120.04,101484.34,0.7957,F
120.06,101486.16,0.864,F
120.08,101487.53,1.0693,F
120.1,101489.98,1.0426,F
120.12,101492.64,0.8876,F
120.14,101494.09,0.7249,F
120.16,101496.48,0.6952,F
120.18,101496.72,0.8312,F
120.2,101498.19,0.8811,F
120.22,101498.75,1.0312,F
120.24,101502.0,1.1478,F
120.26,101505.53,1.2207,F
120.28,101508.62,1.4645,F
120.3,101510.97,1.5506,F
120.32,101512.77,1.5031,F
120.34,101513.56,1.3055,F
120.36,101516.78,1.9931,F
120.38,101517.09,2.2339,F
120.4,101519.56,1.772,F
120.42,101520.58,1.3046,F
120.44,101523.8,0.9814,F
120.46,101524.58,1.0964,F
120.48,101525.02,1.5192,F
120.5,101527.84,1.5067,F
120.52,101529.0,1.4291,F
120.54,101530.62,1.172,F
120.56,101530.0,1.0428,F
120.58,101533.19,1.038,F
120.6,101536.02,1.1221,F
120.62,101537.8,1.0993,F
120.64,101539.2,0.9817,F
120.66,101540.72,0.9196,F
120.68,101542.98,0.92,F
120.7,101545.64,0.9873,F
120.72,101546.47,1.0332,F
120.74,101547.39,1.0259,F
120.76,101549.52,0.9793,F
120.78,101550.56,0.959,F
120.8,101553.61,0.9128,F
120.82,101555.22,0.8812,F
120.84,101556.72,0.8608,F
120.86,101558.86,0.8627,F
120.88,101560.3,0.8006,F
120.9,101562.31,0.7767,F
120.92,101563.84,0.7706,F
120.94,101567.89,0.7527,F
120.96,101569.97,0.8419,F
120.98,101572.14,0.8329,F
121.0,101570.73,0.7718,F
121.02,101573.17,0.6811,F
121.04,101574.5,0.6693,F
121.06,101576.95,0.6761,F
121.08,101578.16,0.7101,F
121.1,101578.62,0.7533,F
121.12,101580.44,0.7021,F
121.14,101584.56,0.6332,F
121.16,101585.78,0.6032,F
121.18,101588.88,0.6206,F
121.2,101588.94,0.6466,F
121.22,101590.42,0.7389,F
121.24,101594.0,0.6829,F
121.26,101594.89,0.5963,F
121.28,101597.36,0.5756,F
121.3,101599.02,0.595,F
121.32,101600.89,0.6463,F
121.34,101602.69,0.7365,F
121.36,101603.42,0.7837,F
121.38,101607.44,0.7726,F
121.4,101608.22,0.6527,F
121.42,101608.53,0.6078,F
121.44,101611.67,0.6006,F
121.46,101612.39,0.7659,F
121.48,101615.17,0.8728,F
121.5,101617.38,0.7184,F
121.52,101618.33,0.6053,F
121.54,101620.59,0.4641,F
121.56,101622.39,0.6233,F
121.58,101625.19,0.6368,F
121.6,101626.58,0.7701,F
121.62,101627.53,0.8609,F
121.64,101629.16,0.9853,F
121.66,101632.16,1.1866,F
121.68,101634.44,1.687,F
121.7,101636.12,1.9939,F
121.72,101639.81,1.3897,F
121.74,101642.19,0.8979,F
121.76,101644.5,0.7557,F
121.78,101646.72,0.8359,F
121.8,101648.89,1.413,F
121.82,101651.3,1.6317,F
121.84,101650.88,1.5406,F
121.86,101652.69,1.0863,F
121.88,101655.33,0.7685,F
121.9,101657.95,0.7985,F
121.92,101659.45,0.8378,F
121.94,101660.98,0.8113,F
121.96,101663.38,0.7077,F
121.98,101662.78,0.6356,F
122.0,101667.94,0.5837,F
122.02,101670.55,0.5784,F
122.04,101671.28,0.5513,F
122.06,101674.05,0.5635,F
122.08,101676.91,0.5517,F
122.1,101678.31,0.5368,F
122.12,101680.17,0.5675,F
122.14,101681.53,0.6189,F
122.16,101684.41,0.7154,F
122.18,101685.7,0.8353,F
122.2,101688.16,1.0061,F
122.22,101691.17,1.0318,F
122.24,101693.0,0.8114,F
122.26,101695.62,0.7455,F
122.28,101697.53,0.9213,F
122.3,101699.17,1.0607,F
122.32,101700.94,1.3284,F
122.34,101703.28,1.4137,F
122.36,101705.56,1.2895,F
122.38,101708.06,1.2089,F
122.4,101709.03,1.206,F
122.42,101709.73,1.2488,F
122.44,101711.95,1.2051,F
122.46,101713.66,1.0943,F
122.48,101715.62,0.9763,F
122.5,101717.66,0.8764,F
122.52,101718.44,0.8353,F
122.54,101720.97,0.9004,F
122.56,101723.11,0.7973,F
122.58,101725.14,0.6353,F
122.6,101727.69,0.5019,F
122.62,101728.8,0.4687,F
122.64,101731.06,0.4601,F
122.66,101733.33,0.4705,F
122.68,101734.66,0.4863,F
122.7,101737.33,0.5082,F
122.72,101738.59,0.5189,F
122.74,101740.41,0.5756,F
122.76,101742.8,0.7069,F
122.78,101745.36,0.9931,F
122.8,101747.2,1.3447,F
122.82,101751.58,1.7528,F
122.84,101754.45,1.9556,F
122.86,101755.72,1.7639,F
122.88,101757.41,1.5577,F
122.9,101758.56,1.7207,F
122.92,101762.31,2.0121,F
122.94,101763.47,1.9961,F
122.96,101763.5,1.8022,F
122.98,101768.28,1.5065,F
123.0,101768.23,1.1993,F
123.02,101769.05,1.2089,F
123.04,101772.14,1.3084,F
123.06,101774.08,1.1888,F
123.08,101774.05,1.0497,F
123.1,101777.05,0.9319,F
123.12,101779.11,0.827,F
123.14,101782.05,0.7467,F
123.16,101782.98,0.7066,F
123.18,101783.77,0.7178,F
123.2,101786.52,0.8916,F
123.22,101788.39,1.1515,F
123.24,101789.02,1.3158,F
123.26,101790.47,1.3271,F
123.28,101792.52,1.2786,F
123.3,101792.62,1.1803,F
123.32,101796.25,0.9775,F
123.34,101798.7,0.7872,F
123.36,101799.56,0.7282,F
123.38,101800.73,0.7469,F
123.4,101801.11,0.7992,F
123.42,101802.31,0.8181,F
123.44,101804.61,0.7946,F
123.46,101806.5,0.777,F
123.48,101808.33,0.716,F
123.5,101809.45,0.6738,F
123.52,101811.2,0.683,F
123.54,101814.19,0.6096,F
123.56,101815.7,0.52,F
123.58,101817.92,0.4407,F
123.6,101818.48,0.3749,F
123.62,101820.92,0.3629,F
123.64,101822.2,0.3915,F
123.66,101823.88,0.5423,F
123.68,101825.62,0.6651,F
123.7,101826.52,0.7114,F
123.72,101828.33,0.6916,F
123.74,101830.97,0.6302,F
123.76,101832.86,0.6279,F
123.78,101834.0,0.7118,F
123.8,101836.48,0.7632,F
123.82,101840.28,0.8055,F
123.84,101841.48,0.8289,F
123.86,101843.12,0.7915,F
123.88,101844.2,0.7036,F
123.9,101847.41,0.7276,F
123.92,101849.17,0.8263,F
123.94,101850.03,0.7883,F
123.96,101852.19,0.7714,F
123.98,101855.95,0.6463,F
124.0,101856.27,0.6845,F
124.02,101858.22,0.8229,F
124.04,101861.34,0.8296,F
124.06,101860.31,0.7187,F
124.08,101863.19,0.6511,F
124.1,101866.03,0.7014,F
124.12,101867.66,0.7246,F
124.14,101868.36,0.6102,F
124.16,101871.31,0.547,F
124.18,101872.2,0.4303,F
124.2,101876.64,0.4879,F
124.22,101876.75,0.6345,F
124.24,101880.44,0.6211,F
124.26,101881.83,0.4551,F
124.28,101883.2,0.3753,F
124.3,101887.8,0.3276,F
124.32,101887.22,0.3438,F
124.34,101894.39,0.4117,F
124.36,101892.45,0.4661,F
124.38,101898.34,0.4905,F
124.4,101900.31,0.5397,F
124.42,101902.27,0.5549,F
124.44,101905.69,0.5933,F
124.46,101906.48,0.7811,F
124.48,101913.83,1.0635,F
124.5,101912.98,1.2727,F
124.52,101916.34,1.7594,F
124.54,101915.56,2.1952,F
124.56,101917.95,2.1936,F
124.58,101920.34,2.0251,F
124.6,101920.39,2.1292,F
124.62,101925.14,2.1043,F
124.64,101926.72,1.9556,F
124.66,101930.86,1.7723,F
124.68,101932.83,1.6631,F
124.7,101933.0,1.3957,F
124.72,101935.38,1.2799,F
124.74,101938.52,1.0671,F
124.76,101940.19,0.952,F
124.78,101943.27,0.9684,F
124.8,101944.61,1.1087,F
124.82,101944.88,1.2151,F
124.84,101947.81,1.3469,F
124.86,101948.3,1.3823,F
124.88,101951.52,1.2549,F
124.9,101952.77,1.1536,F
124.92,101955.81,1.2817,F
124.94,101956.16,1.413,F
124.96,101958.47,1.5051,F
124.98,101960.05,1.3603,F
