t_s,basinc_pa,ivme_g,ncsu_durum
0.0,98386.23,1.0002,S
0.02,98386.89,1.0017,S
0.04,98387.7,1.0005,S
0.06,98387.52,0.9997,S
0.08,98387.36,1.0005,S
0.1,98387.16,0.9995,S
0.12,98386.56,1.0024,S
0.14,98387.61,1.0022,S
0.16,98386.84,1.0021,S
0.18,98386.39,1.0034,S
0.2,98388.22,1.0023,S
0.22,98388.36,1.0018,S
0.24,98388.19,1.0013,S
0.26,98387.48,1.0012,S
0.28,98387.06,1.0016,S
0.3,98386.03,1.0021,S
0.32,98386.55,1.0025,S
0.34,98387.12,1.0017,S
0.36,98386.81,1.002,S
0.38,98387.19,1.0005,S
0.4,98386.58,1.0016,S
0.42,98386.73,1.0004,S
0.44,98386.86,1.0003,S
0.46,98386.02,1.0002,S
0.48,98386.05,1.0026,S
0.5,98385.39,1.0036,S
0.52,98386.38,1.0029,S
0.54,98385.92,1.0038,S
0.56,98386.36,1.0025,S
0.58,98385.66,1.0029,S
0.6,98386.0,1.0035,S
0.62,98386.28,1.0022,S
0.64,98386.12,1.0022,S
0.66,98385.69,1.0029,S
0.68,98386.25,1.0024,S
0.7,98385.89,1.0029,S
0.72,98386.11,1.0002,S
0.74,98386.19,1.0,S
0.76,98386.77,1.0012,S
0.78,98386.16,1.0014,S
0.8,98385.84,1.0014,S
0.82,98385.62,1.0004,S
0.84,98386.39,1.0023,S
0.86,98386.09,0.9989,S
0.88,98385.73,1.0033,S
0.9,98385.39,1.0017,S
0.92,98385.92,1.0037,S
0.94,98385.86,1.0007,S
0.96,98385.81,1.0007,S
0.98,98385.58,1.0029,S
1.0,98385.38,1.0017,S
1.02,98386.44,1.0007,S
1.04,98386.34,1.0011,S
1.06,98385.7,1.0008,S
1.08,98385.92,1.0025,S
1.1,98385.52,1.0016,S
1.12,98385.33,1.0001,S
1.14,98385.38,1.0017,S
1.16,98384.84,1.0017,S
1.18,98385.39,1.002,S
1.2,98385.08,1.0014,S
1.22,98385.0,1.001,S
1.24,98385.67,1.0025,S
1.26,98385.78,1.0006,S
1.28,98385.39,1.002,S
1.3,98385.33,1.002,S
1.32,98385.14,1.0034,S
1.34,98384.91,1.0025,S
1.36,98384.64,1.0031,S
1.38,98386.12,1.0022,S
1.4,98385.38,1.0018,S
1.42,98385.11,1.0022,S
1.44,98385.56,1.002,S
1.46,98385.44,1.0021,S
1.48,98385.31,1.0003,S
1.5,98384.86,1.0018,S
1.52,98385.42,1.003,S
1.54,98385.11,1.0015,S
1.56,98385.38,1.0019,S
1.58,98385.03,0.9984,S
1.6,98383.84,0.9999,S
1.62,98384.25,1.0,S
1.64,98384.42,1.0026,S
1.66,98384.72,1.002,S
1.68,98385.38,1.0026,S
1.7,98384.91,1.002,S
1.72,98385.02,1.0026,S
1.74,98384.89,1.0008,S
1.76,98384.52,1.0028,S
1.78,98383.88,1.0034,S
1.8,98385.33,1.0035,S
1.82,98385.75,1.002,S
1.84,98385.38,0.9998,S
1.86,98385.2,1.0013,S
1.88,98385.66,1.0001,S
1.9,98385.03,1.0034,S
1.92,98385.06,1.0027,S
1.94,98384.62,1.0047,S
1.96,98383.95,1.0018,S
1.98,98385.27,1.0037,S
2.0,98384.45,1.0034,S
2.02,98384.19,1.002,S
2.04,98384.34,1.0027,S
2.06,98384.62,1.0013,S
2.08,98384.69,1.0004,S
2.1,98384.97,1.0024,S
2.12,98385.3,1.0025,S
2.14,98384.53,1.002,S
2.16,98384.2,1.0016,S
2.18,98385.08,1.0022,S
2.2,98385.17,1.0012,S
2.22,98384.05,1.0016,S
2.24,98384.58,1.0016,S
2.26,98383.88,1.001,S
2.28,98384.27,1.0004,S
2.3,98383.72,1.0043,S
2.32,98384.02,1.002,S
2.34,98384.05,1.002,S
2.36,98383.31,1.0024,S
2.38,98383.7,1.0012,S
2.4,98383.78,1.0026,S
2.42,98383.47,1.002,S
2.44,98383.3,1.0007,S
2.46,98384.39,1.0022,S
2.48,98383.8,1.0022,S
2.5,98384.36,1.0016,S
2.52,98384.78,1.0028,S
2.54,98385.16,1.0033,S
2.56,98385.84,1.0033,S
2.58,98386.55,1.0023,S
2.6,98385.0,1.0022,S
2.62,98384.34,1.0022,S
2.64,98385.44,1.0018,S
2.66,98385.72,1.0029,S
2.68,98386.86,1.0011,S
2.7,98386.17,1.0037,S
2.72,98386.73,1.0011,S
2.74,98386.33,1.0028,S
2.76,98386.33,1.0,S
2.78,98386.75,1.0003,S
2.8,98386.23,1.0008,S
2.82,98385.94,1.0034,S
2.84,98385.55,1.002,S
2.86,98386.05,1.0013,S
2.88,98385.81,1.0013,S
2.9,98386.42,1.0011,S
2.92,98387.41,1.0015,S
2.94,98387.19,1.0008,S
2.96,98386.73,1.0,S
2.98,98386.44,1.0033,S
3.0,98385.91,1.0023,S
3.02,98386.09,1.003,S
3.04,98386.16,1.0026,S
3.06,98386.64,1.0006,S
3.08,98386.3,0.9992,S
3.1,98385.73,1.0007,S
3.12,98386.17,1.0014,S
3.14,98386.67,1.0024,S
3.16,98385.89,1.0011,S
3.18,98385.41,1.0031,S
3.2,98385.48,1.0038,S
3.22,98385.64,1.0017,S
3.24,98385.77,1.0012,S
3.26,98386.45,1.0008,S
3.28,98385.98,1.0021,S
3.3,98385.0,1.0019,S
3.32,98386.61,1.0012,S
3.34,98385.34,1.0027,S
3.36,98385.53,1.0028,S
3.38,98385.39,1.0015,S
3.4,98385.62,1.0011,S
3.42,98386.64,1.0028,S
3.44,98385.36,1.0014,S
3.46,98386.45,1.0023,S
3.48,98386.48,1.0007,S
3.5,98385.02,1.0013,S
3.52,98385.8,1.0025,S
3.54,98386.2,1.0015,S
3.56,98385.3,1.0026,S
3.58,98384.88,1.0013,S
3.6,98385.27,1.0006,S
3.62,98386.06,0.9997,S
3.64,98386.16,1.0021,S
3.66,98386.39,1.0026,S
3.68,98385.33,1.0006,S
3.7,98386.31,1.0014,S
3.72,98387.12,1.0005,S
3.74,98385.84,0.9995,S
3.76,98386.14,1.0028,S
3.78,98386.53,1.005,S
3.8,98385.75,0.9997,S
3.82,98385.05,1.0015,S
3.84,98385.55,1.0026,S
3.86,98385.91,1.0017,S
3.88,98385.84,1.0025,S
3.9,98386.56,0.9997,S
3.92,98386.28,1.001,S
3.94,98386.98,1.0032,S
3.96,98386.38,1.0016,S
3.98,98386.73,1.0022,S
4.0,98385.61,1.0031,S
4.02,98385.28,1.0004,S
4.04,98384.53,1.002,S
4.06,98384.58,1.0026,S
4.08,98385.77,1.0045,S
4.1,98386.33,1.0015,S
4.12,98386.58,1.002,S
4.14,98386.67,1.0025,S
4.16,98386.55,1.003,S
4.18,98385.92,1.0036,S
4.2,98384.66,1.0008,S
4.22,98385.42,1.001,S
4.24,98385.23,1.0007,S
4.26,98384.83,1.0027,S
4.28,98384.66,1.0011,S
4.3,98385.25,1.0028,S
4.32,98385.31,1.0012,S
4.34,98384.5,1.0,S
4.36,98384.23,1.0031,S
4.38,98384.53,1.0011,S
4.4,98383.11,1.0011,S
4.42,98384.2,1.0059,S
4.44,98385.34,0.9932,S
4.46,98386.69,1.011,S
4.48,98386.83,1.0019,S
4.5,98385.69,1.0131,S
4.52,98384.59,1.0072,S
4.54,98385.41,0.9974,S
4.56,98385.36,0.9935,S
4.58,98385.0,1.0033,S
4.6,98384.83,1.0001,S
4.62,98383.08,1.0094,S
4.64,98382.56,1.0017,S
4.66,98382.48,0.9965,S
4.68,98381.11,0.9933,S
4.7,98381.03,0.9985,S
4.72,98380.72,1.0063,S
4.74,98381.06,1.0002,S
4.76,98380.12,1.0018,S
4.78,98381.3,1.0042,S
4.8,98381.61,0.9997,S
4.82,98378.27,0.9905,S
4.84,98380.12,0.9945,S
4.86,98380.0,1.0062,S
4.88,98378.77,1.0145,S
4.9,98380.06,1.0087,S
4.92,98378.45,0.9992,S
4.94,98381.22,1.0181,S
4.96,98456.16,2.7949,S
4.98,98378.61,1.2476,S
5.0,98365.69,4.6762,S
5.02,98373.91,6.0872,S
5.04,98364.2,6.5088,S
5.06,98372.5,6.1921,S
5.08,98376.66,6.4691,S
5.1,98368.55,6.5722,S
5.12,98374.69,6.5546,S
5.14,98371.41,6.7546,S
5.16,98373.77,6.9263,M
5.18,98385.48,7.0002,M
5.2,98363.62,6.8263,M
5.22,98367.61,6.7147,M
5.24,98383.95,6.8282,M
5.26,98378.23,7.3293,M
5.28,98357.38,7.2208,M
5.3,98365.8,7.5122,M
5.32,98348.02,7.2513,M
5.34,98368.06,7.2513,M
5.36,98333.27,7.563,M
5.38,98335.56,7.6588,M
5.4,98338.11,7.7265,M
5.42,98328.77,7.7883,M
5.44,98324.81,7.8046,M
5.46,98313.05,7.7914,M
5.48,98305.86,7.8892,M
5.5,98297.7,7.9825,M
5.52,98297.03,8.043,M
5.54,98288.5,8.092,M
5.56,98277.23,8.075,M
5.58,98267.67,8.1971,M
5.6,98256.89,8.2013,M
5.62,98249.69,8.3079,M
5.64,98245.39,8.3468,M
5.66,98230.91,8.3506,M
5.68,98226.86,8.456,M
5.7,98212.77,8.5095,M
5.72,98208.75,8.4886,M
5.74,98197.55,8.5085,M
5.76,98181.31,8.5848,M
5.78,98169.91,8.7028,M
5.8,98158.14,8.758,M
5.82,98147.53,8.7031,M
5.84,98132.55,8.8272,M
5.86,98123.75,8.8185,M
5.88,98107.56,8.6599,M
5.9,98092.44,8.7071,M
5.92,98074.55,8.6186,M
5.94,98059.38,8.6895,M
5.96,98051.11,8.6802,M
5.98,98032.52,8.7024,M
6.0,98012.23,8.6972,M
6.02,98000.61,8.6454,M
6.04,97983.34,8.6981,M
6.06,97964.72,8.6664,M
6.08,97958.25,8.6434,M
6.1,97942.05,8.7353,M
6.12,97924.97,8.6664,M
6.14,97913.94,8.6854,M
6.16,97897.55,8.6879,M
6.18,97891.17,8.6289,M
6.2,97872.03,8.637,M
6.22,97852.53,8.6379,M
6.24,97842.94,8.6449,M
6.26,97818.8,8.7857,M
6.28,97813.94,8.7451,M
6.3,97795.03,8.7243,M
6.32,97766.31,8.7309,M
6.34,97746.28,8.6507,M
6.36,97730.36,8.677,M
6.38,97698.91,8.6834,M
6.4,97689.05,8.6733,M
6.42,97665.78,8.6742,M
6.44,97642.39,8.6426,M
6.46,97618.77,8.6185,M
6.48,97596.59,8.6336,M
6.5,97581.98,8.6701,M
6.52,97562.59,8.6143,M
6.54,97538.5,8.5107,M
6.56,97518.42,8.4832,M
6.58,97491.67,8.6243,M
6.6,97476.03,8.5346,M
6.62,97456.64,8.3747,M
6.64,97429.14,8.4051,M
6.66,97401.77,8.2969,M
6.68,97383.61,8.2919,M
6.7,97347.03,8.2778,M
6.72,97332.25,8.2799,M
6.74,97306.56,8.136,M
6.76,97275.75,8.1933,M
6.78,97250.06,8.2972,M
6.8,97231.41,8.1996,M
6.82,97213.23,8.0936,M
6.84,97177.55,8.0781,M
6.86,97150.78,8.0369,M
6.88,97125.36,8.0939,M
6.9,97090.67,7.9322,M
6.92,97066.2,7.9039,M
6.94,97049.06,7.9839,M
6.96,97011.66,7.8611,M
6.98,96988.77,7.7754,M
7.0,96951.16,7.8439,M
7.02,96914.08,7.7252,M
7.04,96889.23,7.6801,M
7.06,96866.45,7.6478,M
7.08,96837.59,7.651,M
7.1,96804.69,7.6336,M
7.12,96774.45,7.5623,M
7.14,96740.69,7.5533,M
7.16,96716.34,7.5467,M
7.18,96685.28,7.5314,M
7.2,96655.23,7.4009,M
7.22,96620.98,7.3892,M
7.24,96583.05,7.3495,M
7.26,96552.92,7.3099,M
7.28,96524.69,7.3223,M
7.3,96495.42,7.2926,M
7.32,96462.2,7.2748,M
7.34,96430.72,7.1547,M
7.36,96385.69,7.1777,M
7.38,96367.25,7.1278,M
7.4,96335.77,7.0733,M
7.42,96297.09,7.1209,M
7.44,96262.53,7.0491,M
7.46,96228.61,7.0493,M
7.48,96178.77,7.0198,M
7.5,96160.23,7.0841,M
7.52,96125.94,6.9417,M
7.54,96087.67,7.0344,M
7.56,96049.08,6.9831,M
7.58,96012.02,6.9173,M
7.6,95989.34,6.902,M
7.62,95952.98,6.9484,M
7.64,95905.14,7.0417,M
7.66,95869.09,7.0741,M
7.68,95833.31,6.9183,M
7.7,95782.45,6.1768,M
7.72,95765.55,5.6501,M
7.74,95721.61,4.2359,M
7.76,95671.83,2.8643,M
7.78,95627.3,1.5154,M
7.8,95581.72,0.609,C
7.82,95567.34,0.2653,C
7.84,95529.41,-0.1304,C
7.86,95491.09,-0.3374,C
7.88,95430.8,-0.6833,C
7.9,95347.42,-0.6636,C
7.92,95303.23,-0.8029,C
7.94,95277.14,-0.8208,C
7.96,95231.05,-0.792,C
7.98,95190.22,-0.8577,C
8.0,95146.14,-0.7823,C
8.02,95110.25,-0.8732,C
8.04,95086.66,-0.8371,C
8.06,95042.39,-0.8181,C
8.08,95006.17,-0.8521,C
8.1,94956.94,-0.8447,C
8.12,94913.84,-0.8017,C
8.14,94873.67,-0.7749,C
8.16,94850.39,-0.7887,C
8.18,94802.52,-0.8819,C
8.2,94766.25,-0.7687,C
8.22,94722.78,-0.7465,C
8.24,94683.33,-0.8815,C
8.26,94664.53,-0.8921,C
8.28,94618.09,-0.8395,C
8.3,94581.47,-0.852,C
8.32,94534.59,-0.8062,C
8.34,94497.67,-0.7979,C
8.36,94454.72,-0.8029,C
8.38,94431.28,-0.8763,C
8.4,94390.98,-0.7738,C
8.42,94347.83,-0.8345,C
8.44,94302.47,-0.7606,C
8.46,94268.25,-0.8252,C
8.48,94246.12,-0.7758,C
8.5,94205.97,-0.7032,C
8.52,94166.89,-0.7938,C
8.54,94124.06,-0.7655,C
8.56,94088.61,-0.8059,C
8.58,94066.16,-0.7262,C
8.6,94009.3,-0.8213,C
8.62,93987.25,-0.798,C
8.64,93945.27,-0.6963,C
8.66,93914.03,-0.7735,C
8.68,93867.55,-0.7693,C
8.7,93844.3,-0.7582,C
8.72,93810.2,-0.7909,C
8.74,93765.25,-0.6385,C
8.76,93728.59,-0.6895,C
8.78,93687.09,-0.7617,C
8.8,93645.39,-0.7313,C
8.82,93632.56,-0.7435,C
8.84,93592.75,-0.7615,C
8.86,93551.02,-0.7616,C
8.88,93517.31,-0.7404,C
8.9,93480.17,-0.7553,C
8.92,93469.42,-0.7729,C
8.94,93455.78,-0.7987,C
8.96,93420.78,-0.6967,C
8.98,93387.72,-0.6789,C
9.0,93347.56,-0.6418,C
9.02,93312.44,-0.6915,C
9.04,93290.59,-0.7342,C
9.06,93252.98,-0.6424,C
9.08,93216.58,-0.6559,C
9.1,93174.05,-0.7224,C
9.12,93136.19,-0.737,C
9.14,93121.02,-0.6043,C
9.16,93079.08,-0.6747,C
9.18,93046.64,-0.7091,C
9.2,93005.09,-0.6508,C
9.22,92965.0,-0.6543,C
9.24,92934.89,-0.7409,C
9.26,92915.02,-0.712,C
9.28,92874.31,-0.6571,C
9.3,92839.67,-0.5917,C
9.32,92798.55,-0.7193,C
9.34,92766.2,-0.6566,C
9.36,92747.97,-0.6608,C
9.38,92707.3,-0.6617,C
9.4,92675.17,-0.6648,C
9.42,92634.94,-0.6868,C
9.44,92603.67,-0.6269,C
9.46,92564.64,-0.6567,C
9.48,92545.17,-0.6756,C
9.5,92510.69,-0.5899,C
9.52,92473.47,-0.6565,C
9.54,92430.62,-0.5894,C
9.56,92398.39,-0.5856,C
9.58,92378.83,-0.5293,C
9.6,92341.14,-0.6041,C
9.62,92309.52,-0.5781,C
9.64,92272.77,-0.6069,C
9.66,92241.89,-0.5792,C
9.68,92207.44,-0.6204,C
9.7,92173.53,-0.605,C
9.72,92154.81,-0.5924,C
9.74,92116.7,-0.5816,C
9.76,92083.95,-0.5534,C
9.78,92049.02,-0.6048,C
9.8,92029.25,-0.5513,C
9.82,91996.94,-0.5436,C
9.84,91960.89,-0.5874,C
9.86,91924.0,-0.5499,C
9.88,91892.02,-0.5434,C
9.9,91856.97,-0.5603,C
9.92,91843.69,-0.584,C
9.94,91808.67,-0.6264,C
9.96,91769.59,-0.5675,C
9.98,91739.72,-0.5638,C
10.0,91699.44,-0.5055,C
10.02,91669.89,-0.5394,C
10.04,91649.5,-0.5362,C
10.06,91614.06,-0.4814,C
10.08,91581.08,-0.5017,C
10.1,91551.2,-0.5863,C
10.12,91517.91,-0.509,C
10.14,91500.5,-0.5744,C
10.16,91467.75,-0.5084,C
10.18,91438.09,-0.511,C
10.2,91401.81,-0.549,C
10.22,91365.31,-0.5465,C
10.24,91354.02,-0.5347,C
10.26,91319.02,-0.5209,C
10.28,91280.77,-0.5246,C
10.3,91251.64,-0.5032,C
10.32,91217.62,-0.5325,C
10.34,91185.61,-0.5212,C
10.36,91167.58,-0.5371,C
10.38,91132.91,-0.4762,C
10.4,91105.69,-0.4867,C
10.42,91070.78,-0.4913,C
10.44,91041.98,-0.5494,C
10.46,91024.81,-0.5016,C
10.48,90990.59,-0.5005,C
10.5,90962.88,-0.4885,C
10.52,90929.09,-0.4747,C
10.54,90894.97,-0.5072,C
10.56,90867.56,-0.5508,C
10.58,90850.66,-0.4851,C
10.6,90820.84,-0.4372,C
10.62,90787.03,-0.4524,C
10.64,90751.58,-0.4182,C
10.66,90723.16,-0.4859,C
10.68,90689.03,-0.4813,C
10.7,90674.02,-0.4297,C
10.72,90642.64,-0.4475,C
10.74,90611.25,-0.4922,C
10.76,90583.72,-0.4473,C
10.78,90550.95,-0.4087,C
10.8,90521.73,-0.4802,C
10.82,90505.06,-0.4382,C
10.84,90478.55,-0.4264,C
10.86,90449.94,-0.4298,C
10.88,90416.81,-0.392,C
10.9,90400.34,-0.4164,C
10.92,90372.36,-0.3867,C
10.94,90340.75,-0.3692,C
10.96,90305.83,-0.3826,C
10.98,90279.48,-0.4249,C
11.0,90246.17,-0.3995,C
11.02,90237.2,-0.3629,C
11.04,90200.25,-0.3602,C
11.06,90166.47,-0.3584,C
11.08,90138.41,-0.3831,C
11.1,90101.73,-0.3789,C
11.12,90078.95,-0.3709,C
11.14,90059.94,-0.3828,C
11.16,90036.42,-0.3963,C
11.18,90006.48,-0.4233,C
11.2,89972.64,-0.3941,C
11.22,89957.27,-0.3814,C
11.24,89930.8,-0.4236,C
11.26,89899.59,-0.4287,C
11.28,89872.98,-0.446,C
11.3,89841.66,-0.384,C
11.32,89809.95,-0.4386,C
11.34,89782.91,-0.4121,C
11.36,89766.77,-0.4403,C
11.38,89735.47,-0.4445,C
11.4,89709.64,-0.4064,C
11.42,89680.28,-0.3922,C
11.44,89653.44,-0.4088,C
11.46,89636.23,-0.466,C
11.48,89606.36,-0.4178,C
11.5,89582.69,-0.4213,C
11.52,89551.34,-0.4068,C
11.54,89527.44,-0.421,C
11.56,89511.95,-0.4158,C
11.58,89482.94,-0.405,C
11.6,89456.69,-0.4291,C
11.62,89427.44,-0.3738,C
11.64,89396.72,-0.4166,C
11.66,89370.61,-0.3999,C
11.68,89354.06,-0.4393,C
11.7,89331.33,-0.404,C
11.72,89301.2,-0.3934,C
11.74,89270.45,-0.356,C
11.76,89245.42,-0.3654,C
11.78,89216.92,-0.4179,C
11.8,89202.8,-0.3958,C
11.82,89178.28,-0.3659,C
11.84,89147.23,-0.3986,C
11.86,89124.94,-0.4118,C
11.88,89094.73,-0.3897,C
11.9,89079.8,-0.377,C
11.92,89055.67,-0.3894,C
11.94,89027.33,-0.3646,C
11.96,89003.23,-0.3591,C
11.98,88973.09,-0.3982,C
12.0,88960.2,-0.3486,C
12.02,88935.92,-0.3925,C
12.04,88906.42,-0.369,C
12.06,88877.06,-0.3757,C
12.08,88853.92,-0.3111,C
12.1,88826.11,-0.3473,C
12.12,88813.41,-0.3543,C
12.14,88789.78,-0.3286,C
12.16,88758.45,-0.3465,C
12.18,88736.36,-0.3575,C
12.2,88707.11,-0.3516,C
12.22,88683.59,-0.3619,C
12.24,88671.73,-0.3359,C
12.26,88643.5,-0.3568,C
12.28,88619.78,-0.3727,C
12.3,88593.67,-0.366,C
12.32,88578.88,-0.3481,C
12.34,88555.66,-0.3425,C
12.36,88531.59,-0.379,C
12.38,88505.72,-0.347,C
12.4,88481.12,-0.3406,C
12.42,88451.48,-0.3714,C
12.44,88427.14,-0.3272,C
12.46,88414.8,-0.3128,C
12.48,88386.86,-0.337,C
12.5,88364.72,-0.3348,C
12.52,88339.38,-0.3152,C
12.54,88314.48,-0.3016,C
12.56,88300.42,-0.2894,C
12.58,88273.17,-0.3163,C
12.6,88251.0,-0.3033,C
12.62,88224.28,-0.3054,C
12.64,88201.45,-0.2997,C
12.66,88189.31,-0.3485,C
12.68,88163.91,-0.3115,C
12.7,88141.59,-0.3279,C
12.72,88114.92,-0.3151,C
12.74,88090.0,-0.3629,C
12.76,88069.0,-0.3395,C
12.78,88056.06,-0.3553,C
12.8,88035.41,-0.3381,C
12.82,88009.64,-0.3182,C
12.84,87982.47,-0.3249,C
12.86,87961.31,-0.3114,C
12.88,87936.97,-0.3151,C
12.9,87923.59,-0.3249,C
12.92,87901.98,-0.2788,C
12.94,87874.14,-0.3143,C
12.96,87854.03,-0.299,C
12.98,87828.61,-0.2769,C
13.0,87815.25,-0.2668,C
13.02,87793.52,-0.2851,C
13.04,87771.14,-0.2723,C
13.06,87749.45,-0.3205,C
13.08,87724.2,-0.3046,C
13.1,87711.17,-0.296,C
13.12,87691.28,-0.3243,C
13.14,87665.77,-0.2886,C
13.16,87640.89,-0.3113,C
13.18,87619.83,-0.2897,C
13.2,87595.17,-0.2288,C
13.22,87587.58,-0.2868,C
13.24,87564.06,-0.2852,C
13.26,87539.8,-0.3131,C
13.28,87518.55,-0.266,C
13.3,87494.3,-0.2711,C
13.32,87474.66,-0.2702,C
13.34,87461.47,-0.2667,C
13.36,87440.55,-0.2821,C
13.38,87419.02,-0.2207,C
13.4,87393.52,-0.2501,C
13.42,87382.06,-0.2293,C
13.44,87361.06,-0.2785,C
13.46,87337.89,-0.2529,C
13.48,87318.72,-0.2716,C
13.5,87293.41,-0.2576,C
13.52,87268.73,-0.2256,C
13.54,87248.83,-0.2583,C
13.56,87238.89,-0.2543,C
13.58,87213.55,-0.2539,C
13.6,87195.59,-0.2778,C
13.62,87172.75,-0.2867,C
13.64,87154.19,-0.2611,C
13.66,87143.47,-0.2608,C
13.68,87119.09,-0.2644,C
13.7,87101.09,-0.225,C
13.72,87077.22,-0.2104,C
13.74,87057.62,-0.2677,C
13.76,87046.97,-0.2394,C
13.78,87025.53,-0.2511,C
13.8,87006.31,-0.2343,C
13.82,86981.8,-0.2225,C
13.84,86959.58,-0.2047,C
13.86,86941.73,-0.267,C
13.88,86930.97,-0.2356,C
13.9,86912.53,-0.2429,C
13.92,86891.11,-0.2267,C
13.94,86868.09,-0.233,C
13.96,86849.55,-0.2596,C
13.98,86839.06,-0.2208,C
14.0,86817.08,-0.2375,C
14.02,86799.41,-0.2088,C
14.04,86778.27,-0.2504,C
14.06,86760.53,-0.2441,C
14.08,86737.09,-0.2198,C
14.1,86727.08,-0.2561,C
14.12,86708.81,-0.2699,C
14.14,86687.5,-0.2704,C
14.16,86669.64,-0.2423,C
14.18,86647.09,-0.2304,C
14.2,86636.16,-0.2041,C
14.22,86619.91,-0.2072,C
14.24,86599.23,-0.2231,C
14.26,86576.66,-0.2231,C
14.28,86558.92,-0.2439,C
14.3,86537.42,-0.2536,C
14.32,86530.45,-0.228,C
14.34,86508.14,-0.2192,C
14.36,86487.78,-0.2161,C
14.38,86469.89,-0.232,C
14.4,86447.53,-0.2472,C
14.42,86438.45,-0.2418,C
14.44,86420.59,-0.2154,C
14.46,86400.48,-0.2618,C
14.48,86382.58,-0.2375,C
14.5,86360.84,-0.252,C
14.52,86350.69,-0.2136,C
14.54,86334.5,-0.205,C
14.56,86313.19,-0.2112,C
14.58,86296.64,-0.2304,C
14.6,86276.38,-0.2025,C
14.62,86259.48,-0.1946,C
14.64,86248.75,-0.2179,C
14.66,86227.25,-0.2142,C
14.68,86208.72,-0.2058,C
14.7,86191.7,-0.2098,C
14.72,86170.25,-0.195,C
14.74,86154.88,-0.1952,C
14.76,86144.08,-0.1919,C
14.78,86122.03,-0.156,C
14.8,86107.12,-0.2019,C
14.82,86087.7,-0.1906,C
14.84,86072.28,-0.1835,C
14.86,86061.8,-0.1727,C
14.88,86042.55,-0.2016,C
14.9,86026.5,-0.1943,C
14.92,86007.62,-0.1983,C
14.94,85985.97,-0.1839,C
14.96,85970.47,-0.182,C
14.98,85960.0,-0.1701,C
15.0,85940.95,-0.1551,C
15.02,85922.22,-0.1865,C
15.04,85900.81,-0.1666,C
15.06,85888.38,-0.1698,C
15.08,85878.78,-0.1647,C
15.1,85864.25,-0.1969,C
15.12,85848.17,-0.1869,C
15.14,85831.72,-0.1628,C
15.16,85815.33,-0.1756,C
15.18,85807.36,-0.1858,C
15.2,85789.42,-0.1793,C
15.22,85773.84,-0.1905,C
15.24,85755.39,-0.1755,C
15.26,85741.22,-0.1752,C
15.28,85723.27,-0.1927,C
15.3,85713.17,-0.1645,C
15.32,85701.5,-0.1921,C
15.34,85682.88,-0.1786,C
15.36,85663.89,-0.1585,C
15.38,85647.14,-0.1685,C
15.4,85628.64,-0.1815,C
15.42,85622.94,-0.1498,C
15.44,85604.67,-0.1545,C
15.46,85586.2,-0.151,C
15.48,85571.16,-0.1484,C
15.5,85556.52,-0.1763,C
15.52,85547.05,-0.1635,C
15.54,85533.41,-0.1786,C
15.56,85513.92,-0.1735,C
15.58,85500.95,-0.1635,C
15.6,85484.75,-0.1871,C
15.62,85479.59,-0.1677,C
15.64,85460.28,-0.1567,C
15.66,85442.55,-0.1666,C
15.68,85430.94,-0.1659,C
15.7,85411.95,-0.1671,C
15.72,85394.83,-0.1783,C
15.74,85389.95,-0.1853,C
15.76,85376.0,-0.152,C
15.78,85357.47,-0.1532,C
15.8,85341.98,-0.162,C
15.82,85324.0,-0.1776,C
15.84,85308.75,-0.1592,C
15.86,85299.78,-0.1648,C
15.88,85286.83,-0.1598,C
15.9,85272.45,-0.1655,C
15.92,85256.2,-0.1672,C
15.94,85241.86,-0.1552,C
15.96,85234.34,-0.1481,C
15.98,85218.34,-0.1535,C
16.0,85204.27,-0.1622,C
16.02,85188.28,-0.1558,C
16.04,85172.52,-0.1283,C
16.06,85159.67,-0.1668,C
16.08,85149.44,-0.1089,C
16.1,85136.53,-0.1566,C
16.12,85120.77,-0.1484,C
16.14,85104.5,-0.143,C
16.16,85091.73,-0.1493,C
16.18,85076.84,-0.1735,C
16.2,85067.56,-0.1515,C
16.22,85055.23,-0.1414,C
16.24,85039.31,-0.14,C
16.26,85026.81,-0.1358,C
16.28,85018.95,-0.1605,C
16.3,85003.94,-0.1495,C
16.32,84992.64,-0.1275,C
16.34,84976.59,-0.1189,C
16.36,84964.58,-0.1531,C
16.38,84947.52,-0.1229,C
16.4,84941.48,-0.135,C
16.42,84927.88,-0.1201,C
16.44,84912.92,-0.1087,C
16.46,84897.62,-0.1167,C
16.48,84885.08,-0.1054,C
16.5,84869.69,-0.1446,C
16.52,84861.58,-0.1145,C
16.54,84850.12,-0.1176,C
16.56,84834.27,-0.1198,C
16.58,84822.05,-0.1233,C
16.6,84808.84,-0.1275,C
16.62,84795.53,-0.1093,C
16.64,84788.52,-0.1185,C
16.66,84773.72,-0.1154,C
16.68,84761.7,-0.1272,C
16.7,84749.77,-0.1118,C
16.72,84734.27,-0.116,C
16.74,84730.67,-0.1218,C
16.76,84716.05,-0.1153,C
16.78,84700.7,-0.1201,C
16.8,84688.88,-0.1206,C
16.82,84676.92,-0.1173,C
16.84,84665.22,-0.114,C
16.86,84657.22,-0.1251,C
16.88,84643.73,-0.1273,C
16.9,84632.02,-0.099,C
16.92,84617.52,-0.1271,C
16.94,84606.27,-0.1157,C
16.96,84598.83,-0.1176,C
16.98,84585.27,-0.0975,C
17.0,84574.56,-0.1148,C
17.02,84561.39,-0.1014,C
17.04,84550.88,-0.1232,C
17.06,84544.17,-0.1128,C
17.08,84531.58,-0.1194,C
17.1,84518.81,-0.1117,C
17.12,84506.28,-0.1173,C
17.14,84492.2,-0.1075,C
17.16,84481.69,-0.117,C
17.18,84473.72,-0.1242,C
17.2,84461.84,-0.107,C
17.22,84451.98,-0.0923,C
17.24,84438.06,-0.1079,C
17.26,84427.55,-0.1112,C
17.28,84413.98,-0.085,C
17.3,84406.45,-0.0935,C
17.32,84396.56,-0.0979,C
17.34,84383.81,-0.1026,C
17.36,84371.88,-0.0888,C
17.38,84361.27,-0.1086,C
17.4,84353.0,-0.0978,C
17.42,84345.02,-0.1038,C
17.44,84334.0,-0.1009,C
17.46,84323.69,-0.0971,C
17.48,84310.14,-0.1019,C
17.5,84304.12,-0.094,C
17.52,84294.94,-0.1039,C
17.54,84283.22,-0.0876,C
17.56,84269.73,-0.0965,C
17.58,84259.8,-0.1062,C
17.6,84247.02,-0.1134,C
17.62,84241.48,-0.0944,C
17.64,84231.06,-0.0985,C
17.66,84220.14,-0.1087,C
17.68,84210.23,-0.0876,C
17.7,84198.5,-0.0897,C
17.72,84191.81,-0.0881,C
17.74,84183.67,-0.0907,C
17.76,84171.64,-0.0917,C
17.78,84162.02,-0.087,C
17.8,84149.67,-0.0865,C
17.82,84138.08,-0.0862,C
17.84,84134.42,-0.0784,C
17.86,84122.91,-0.0775,C
17.88,84111.05,-0.0758,C
17.9,84101.45,-0.089,C
17.92,84092.2,-0.0856,C
17.94,84082.38,-0.0841,C
17.96,84076.36,-0.0867,C
17.98,84065.75,-0.0853,C
18.0,84056.84,-0.0646,C
18.02,84046.03,-0.0797,C
18.04,84036.83,-0.0787,C
18.06,84031.12,-0.0794,C
18.08,84020.44,-0.0718,C
18.1,84010.58,-0.079,C
18.12,84000.66,-0.0884,C
18.14,83992.31,-0.0756,C
18.16,83987.14,-0.0977,C
18.18,83976.66,-0.0834,C
18.2,83968.25,-0.079,C
18.22,83957.89,-0.0852,C
18.24,83946.94,-0.082,C
18.26,83939.25,-0.0754,C
18.28,83934.16,-0.069,C
18.3,83922.83,-0.0821,C
18.32,83914.02,-0.0677,C
18.34,83904.44,-0.0783,C
18.36,83897.45,-0.0638,C
18.38,83885.98,-0.0749,C
18.4,83880.95,-0.0824,C
18.42,83873.33,-0.0686,C
18.44,83863.12,-0.0733,C
18.46,83854.16,-0.0699,C
18.48,83844.64,-0.087,C
18.5,83840.08,-0.0634,C
18.52,83831.98,-0.0721,C
18.54,83822.64,-0.0672,C
18.56,83812.94,-0.0715,C
18.58,83804.22,-0.0695,C
18.6,83799.8,-0.0752,C
18.62,83792.72,-0.0766,C
18.64,83783.31,-0.0587,C
18.66,83774.72,-0.0678,C
18.68,83764.84,-0.0783,C
18.7,83757.28,-0.0605,C
18.72,83752.97,-0.072,C
18.74,83744.3,-0.0683,C
18.76,83735.14,-0.0617,C
18.78,83727.42,-0.0631,C
18.8,83718.95,-0.0561,C
18.82,83713.73,-0.0722,C
18.84,83706.69,-0.0735,C
18.86,83697.33,-0.0643,C
18.88,83689.44,-0.0645,C
18.9,83681.52,-0.0717,C
18.92,83672.47,-0.0612,C
18.94,83669.97,-0.0651,C
18.96,83661.61,-0.0626,C
18.98,83651.86,-0.0705,C
19.0,83645.11,-0.061,C
19.02,83637.17,-0.0674,C
19.04,83630.03,-0.0715,C
19.06,83626.92,-0.0658,C
19.08,83617.75,-0.0665,C
19.1,83611.41,-0.06,C
19.12,83602.53,-0.06,C
19.14,83597.23,-0.0643,C
19.16,83593.09,-0.0614,C
19.18,83585.19,-0.0632,C
19.2,83577.8,-0.0641,C
19.22,83569.19,-0.0643,C
19.24,83561.0,-0.0582,C
19.26,83559.31,-0.0594,C
19.28,83549.62,-0.0659,C
19.3,83545.42,-0.0594,C
19.32,83538.41,-0.0644,C
19.34,83530.56,-0.0625,C
19.36,83523.03,-0.0498,C
19.38,83520.53,-0.0557,C
19.4,83511.7,-0.0553,C
19.42,83506.19,-0.0553,C
19.44,83498.56,-0.0522,C
19.46,83492.22,-0.0502,C
19.48,83484.83,-0.057,C
19.5,83480.33,-0.0495,C
19.52,83474.03,-0.0351,C
19.54,83466.58,-0.045,C
19.56,83461.2,-0.0416,C
19.58,83453.08,-0.0445,C
19.6,83449.97,-0.0374,C
19.62,83443.52,-0.0417,C
19.64,83437.39,-0.0472,C
19.66,83430.09,-0.045,C
19.68,83423.31,-0.045,C
19.7,83420.92,-0.0388,C
19.72,83414.2,-0.0438,C
19.74,83407.47,-0.037,C
19.76,83400.36,-0.0441,C
19.78,83394.41,-0.0455,C
19.8,83389.16,-0.0425,C
19.82,83385.45,-0.0424,C
19.84,83379.88,-0.0433,C
19.86,83373.7,-0.0383,C
19.88,83368.38,-0.0424,C
19.9,83362.3,-0.0396,C
19.92,83360.36,-0.0445,C
19.94,83354.08,-0.046,C
19.96,83348.56,-0.0466,C
19.98,83344.22,-0.0424,C
20.0,83338.98,-0.0499,C
20.02,83332.17,-0.0562,C
20.04,83331.09,-0.0491,C
20.06,83324.59,-0.0548,C
20.08,83317.64,-0.0422,C
20.1,83314.09,-0.047,C
20.12,83307.47,-0.0308,C
20.14,83302.17,-0.0431,C
20.16,83299.64,-0.0461,C
20.18,83301.5,-0.0557,C
20.2,83304.36,-0.0399,C
20.22,83306.77,-0.0831,C
20.24,83320.52,-0.0631,C
20.26,83320.56,-0.0348,C
20.28,83315.92,-0.089,C
20.3,83302.91,-0.0372,C
20.32,83265.75,0.385,C
20.34,83255.58,0.0539,C
20.36,83251.94,0.0784,C
20.38,83247.16,-0.0446,C
20.4,83241.41,-0.0343,C
20.42,83238.28,-0.0351,C
20.44,83232.08,-0.0304,C
20.46,83227.73,-0.0431,C
20.48,83224.73,-0.0374,C
20.5,83219.89,-0.0348,C
20.52,83215.83,-0.0368,C
20.54,83210.53,-0.0258,C
20.56,83205.62,-0.0376,C
20.58,83201.7,-0.0209,C
20.6,83208.0,-0.0306,C
20.62,83213.95,-0.0231,C
20.64,83217.22,-0.0732,C
20.66,83223.48,-0.0776,C
20.68,83220.52,-0.0572,C
20.7,83215.94,-0.0725,C
20.72,83219.75,-0.0813,C
20.74,83214.72,-0.0644,C
20.76,83202.88,-0.0711,C
20.78,83207.73,-0.0799,C
20.8,83205.64,-0.034,C
20.82,83190.38,-0.0131,C
20.84,83167.45,-0.0319,C
20.86,83154.91,-0.0316,C
20.88,83151.34,-0.0347,C
20.9,83145.72,-0.0359,C
20.92,83145.52,-0.0376,C
20.94,83141.23,-0.0381,C
20.96,83136.34,-0.0179,C
20.98,83134.95,-0.0323,C
21.0,83141.23,-0.0289,C
21.02,83140.03,-0.0434,C
21.04,83141.39,-0.1533,C
21.06,83146.64,-0.0872,C
21.08,83153.73,-0.0828,C
21.1,83151.7,-0.0868,C
21.12,83146.64,-0.0679,C
21.14,83145.27,-0.0694,C
21.16,83144.27,-0.0658,C
21.18,83143.2,-0.0756,C
21.2,83140.44,-0.0697,C
21.22,83133.67,-0.1196,C
21.24,83134.23,0.0013,C
21.26,83131.48,-0.0907,C
21.28,83119.73,-0.0553,C
21.3,83096.19,-0.0133,C
21.32,83087.59,-0.0768,C
21.34,83083.92,-0.0359,C
21.36,83082.61,-0.0565,C
21.38,83079.91,-0.0507,C
21.4,83077.47,-0.0251,C
21.42,83083.34,-0.0449,C
21.44,83087.92,-0.0571,C
21.46,83081.97,-0.0057,C
21.48,83091.12,-0.0974,C
21.5,83097.86,-0.0631,C
21.52,83098.34,-0.0502,C
21.54,83091.81,-0.0661,C
21.56,83092.94,-0.0503,C
21.58,83093.03,-0.036,C
21.6,83091.08,-0.0754,C
21.62,83087.78,-0.0772,C
21.64,83090.36,-0.0439,C
21.66,83086.17,-0.1021,C
21.68,83084.09,-0.0806,C
21.7,83081.42,-0.0793,C
21.72,83077.5,-0.0431,C
21.74,83076.72,-0.0832,C
21.76,83076.48,-0.1011,C
21.78,83072.09,-0.0844,C
21.8,83070.23,-0.0385,C
21.82,83065.22,-0.0727,C
21.84,83064.09,-0.0787,C
21.86,83064.12,-0.0492,C
21.88,83062.7,-0.0634,C
21.9,83059.34,-0.055,C
21.92,83060.72,-0.0732,C
21.94,83059.36,-0.0631,C
21.96,83058.22,-0.0626,C
21.98,83053.72,-0.0488,C
22.0,83054.38,-0.0616,C
22.02,83049.86,-0.0388,C
22.04,83048.66,-0.061,C
22.06,83051.91,-0.045,C
22.08,83051.86,-0.0697,C
22.1,83050.88,-0.0626,C
22.12,83050.28,-0.0514,C
22.14,83049.34,-0.0339,C
22.16,83048.36,-0.0467,C
22.18,83050.03,-0.0577,C
22.2,83046.53,-0.0577,C
22.22,83045.45,-0.0602,C
22.24,83040.7,-0.0732,C
22.26,83041.48,-0.0696,C
22.28,83042.45,-0.0433,C
22.3,83040.88,-0.0323,C
22.32,83039.94,-0.064,C
22.34,83041.14,-0.0391,C
22.36,83041.06,-0.0442,C
22.38,83041.64,-0.0396,C
22.4,83039.86,-0.0444,C
22.42,83037.31,-0.0344,C
22.44,83034.89,-0.0558,C
22.46,83034.62,-0.0481,C
22.48,83030.77,-0.0484,C
22.5,83029.2,-0.0536,C
22.52,83029.97,-0.033,C
22.54,83030.25,-0.0525,C
22.56,83029.23,-0.0387,C
22.58,83027.91,-0.0421,C
22.6,83030.11,-0.0517,C
22.62,83029.33,-0.0524,C
22.64,83032.39,-0.0333,C
22.66,83032.66,-0.0322,C
22.68,83032.03,-0.027,C
22.7,83031.48,-0.0454,C
22.72,83030.97,-0.0392,C
22.74,83035.58,-0.0334,C
22.76,83037.45,-0.0472,C
22.78,83038.52,-0.0622,C
22.8,83039.8,-0.049,C
22.82,83038.58,-0.0433,C
22.84,83037.89,-0.0488,C
22.86,83036.14,-0.0571,C
22.88,83035.98,-0.0427,C
22.9,83036.67,-0.0346,C
22.92,83035.38,-0.0423,C
22.94,83041.73,-0.0434,C
22.96,83040.47,-0.0489,C
22.98,83038.59,-0.0308,C
23.0,83036.92,-0.0473,C
23.02,83040.78,-0.0339,C
23.04,83040.5,-0.0305,C
23.06,83042.47,-0.037,C
23.08,83042.14,-0.0254,C
23.1,83043.41,-0.0475,C
23.12,83045.62,-0.0651,C
23.14,83044.77,-0.0463,C
23.16,83049.58,-0.0311,C
23.18,83047.86,-0.018,C
23.2,83053.72,-0.0274,C
23.22,83053.81,-0.051,C
23.24,83052.09,-0.0556,C
23.26,83053.08,-0.0476,C
23.28,83056.48,-0.0474,C
23.3,83054.75,-0.0492,C
23.32,83061.36,-0.0382,C
23.34,83058.81,-0.0496,C
23.36,83059.53,-0.0498,C
23.38,83062.61,-0.0392,C
23.4,83066.64,-0.0446,C
23.42,83072.09,-0.0616,C
23.44,83071.44,-0.0294,C
23.46,83064.38,-0.0347,C
23.48,83050.98,-0.0744,C
23.5,83049.91,0.0725,C
23.52,83057.23,-0.032,C
23.54,83097.22,0.2064,C
23.56,84219.69,-0.1315,C
23.58,86358.67,-0.4776,C
23.6,90796.23,-17.3364,C
23.62,89873.34,1.4896,C
23.64,82985.89,0.1088,C
23.66,83010.77,0.0138,C
23.68,83050.33,0.1329,C
23.7,83096.97,-0.0867,C
23.72,83087.34,-0.0697,C
23.74,83118.38,0.0176,C
23.76,83085.61,-0.0832,C
23.78,83105.19,-0.0663,C
23.8,83065.86,-0.0351,C
23.82,83074.09,-0.0512,C
23.84,83114.56,-0.0739,C
23.86,83154.31,-0.1264,C
23.88,83168.12,-0.1455,C
23.9,83176.06,-0.1469,C
23.92,83163.86,-0.1326,C
23.94,83170.14,-0.1504,C
23.96,83176.73,-0.1565,C
23.98,83171.92,-0.2203,C
24.0,83164.05,-0.1771,C
24.02,83176.55,-0.2284,C
24.04,83195.5,-0.0771,C
24.06,83141.83,0.322,C
24.08,83155.06,-0.1412,C
24.1,83179.41,-0.0614,C
24.12,83190.23,0.0679,C
24.14,83199.19,-0.1378,C
24.16,83202.83,-0.1424,C
24.18,83199.09,-0.1685,C
24.2,83194.08,-0.122,C
24.22,83212.23,-0.1594,C
24.24,83211.45,-0.1059,C
24.26,83193.69,-0.2974,C
24.28,83212.36,-0.1301,C
24.3,83201.44,-1.0498,C
24.32,83240.73,-0.3335,C
24.34,83231.59,-0.1495,C
24.36,83199.66,-0.0064,C
24.38,83219.16,0.0526,C
24.4,83198.59,0.0868,C
24.42,83150.52,0.3727,C
24.44,83142.09,0.5693,C
24.46,83103.81,0.7505,C
24.48,83069.05,0.4403,C
24.5,83074.3,0.1535,C
24.52,83059.73,0.2413,C
24.54,83183.53,0.5654,C
24.56,83067.45,0.4435,C
24.58,83129.17,0.322,C
24.6,83163.06,0.906,C
24.62,83211.89,0.8352,C
24.64,83202.48,0.5875,C
24.66,83241.92,0.2458,C
24.68,83213.23,0.6812,C
24.7,83229.66,0.5589,C
24.72,83220.56,0.0866,C
24.74,83251.45,0.0289,C
24.76,83213.05,0.0387,C
24.78,83227.34,-0.145,C
24.8,83251.56,-0.2347,C
24.82,83222.88,-0.2622,C
24.84,83270.08,-0.2668,C
24.86,83197.14,-0.2666,C
24.88,83232.44,-0.2536,C
24.9,83186.97,-0.2384,C
24.92,83223.67,-0.2687,C
24.94,83259.97,-0.2621,C
24.96,83225.52,-0.2528,C
24.98,83226.45,-0.2698,C
25.0,83213.78,-0.2122,C
25.02,83253.39,-0.2385,C
25.04,83247.38,-0.2755,C
25.06,83275.17,-0.2626,C
25.08,83323.53,-0.2985,C
25.1,83229.67,-0.2722,C
25.12,83306.03,-0.3198,C
25.14,83298.25,-0.3218,C
25.16,83330.97,-0.3214,C
25.18,83298.98,-0.3204,C
25.2,83352.58,-0.3231,C
25.22,83369.38,-0.3329,C
25.24,83388.33,-0.3361,C
25.26,83389.62,-0.3237,C
25.28,83395.88,-0.3015,C
25.3,83375.55,-0.233,C
25.32,83363.58,-0.1615,C
25.34,83349.05,-0.2301,C
25.36,83361.02,-0.2843,C
25.38,83361.62,-0.7557,C
25.4,83346.12,-0.2958,C
25.42,83373.8,-0.5984,C
25.44,83332.83,-0.3351,C
25.46,83321.58,-0.2678,C
25.48,83324.7,-0.3627,C
25.5,83293.28,-0.2135,C
25.52,83275.08,-0.207,C
25.54,83274.75,-0.2456,C
25.56,83259.83,-0.1515,C
25.58,83284.28,-0.1701,C
25.6,83268.47,-0.1389,C
25.62,83312.33,-0.1677,C
25.64,83320.25,-0.1409,C
25.66,83313.94,-0.1191,C
25.68,83346.42,-0.1704,C
25.7,83328.08,-0.194,C
25.72,83361.62,-0.1926,C
25.74,83360.17,-0.121,C
25.76,83376.98,-0.1791,C
25.78,83363.7,-0.1401,C
25.8,83393.7,-0.1375,C
25.82,83408.75,-0.1845,C
25.84,83383.22,-0.1832,C
25.86,83395.27,-0.1913,C
25.88,83412.22,-0.1985,C
25.9,83419.48,-0.2165,C
25.92,83426.44,-0.2041,C
25.94,83424.16,-0.2112,C
25.96,83447.03,-0.2157,C
25.98,83466.06,-0.2607,C
26.0,83470.92,-0.2731,C
26.02,83500.86,-0.28,C
26.04,83514.94,-0.3259,C
26.06,83523.98,-0.4655,C
26.08,83525.95,-0.4018,C
26.1,83549.86,-0.3348,C
26.12,83535.55,-0.3081,C
26.14,83549.12,-0.3579,C
26.16,83547.05,-0.5062,C
26.18,83555.06,-0.4934,C
26.2,83604.8,-0.4102,C
26.22,83589.52,-0.3725,C
26.24,83578.27,-0.3437,C
26.26,83585.52,-0.3644,C
26.28,83594.38,-0.3735,C
26.3,83602.58,-0.3881,C
26.32,83613.64,-0.4426,C
26.34,83618.12,-0.311,C
26.36,83623.5,-0.3629,C
26.38,83631.48,-0.3002,C
26.4,83644.47,-0.298,C
26.42,83647.94,-0.3181,C
26.44,83653.5,-0.376,C
26.46,83658.78,-0.3397,C
26.48,83660.7,-0.2581,C
26.5,83667.58,-0.36,C
26.52,83666.42,-0.3598,C
26.54,83676.22,-0.4018,C
26.56,83682.28,-0.3609,C
26.58,83688.47,-0.4111,C
26.6,83693.44,-0.3831,C
26.62,83701.0,-0.3591,C
26.64,83706.39,-0.3633,C
26.66,83716.45,-0.4169,C
26.68,83717.34,-0.3944,C
26.7,83701.45,-0.4664,C
26.72,83717.86,-0.4969,C
26.74,83725.02,-0.4935,C
26.76,83737.36,-0.485,C
26.78,83745.98,-0.5285,C
26.8,83754.78,-0.555,C
26.82,83745.62,-0.7389,C
26.84,83750.52,-1.0486,C
26.86,83760.53,-0.9745,C
26.88,83763.02,-1.067,C
26.9,83744.73,-1.17,C
26.92,83752.75,-1.2318,C
26.94,83743.91,-1.1976,C
26.96,83741.66,-1.2756,C
26.98,83731.66,-1.2262,C
27.0,83747.03,-1.2578,C
27.02,83767.48,-1.304,C
27.04,83815.41,-1.2475,F
27.06,83890.23,-1.1831,F
27.08,83910.25,-1.2075,F
27.1,83943.23,-1.1774,F
27.12,83932.45,-0.9798,F
27.14,83828.36,-0.969,F
27.16,83644.11,-0.7066,F
27.18,83596.06,-0.7526,F
27.2,83439.17,-0.8023,F
27.22,83435.7,-0.8919,F
27.24,83537.16,-0.6059,F
27.26,83674.98,-0.4904,F
27.28,83637.45,-0.4219,F
27.3,83652.72,-0.2857,F
27.32,83709.14,-0.1332,F
27.34,83773.94,-0.1341,F
27.36,83751.97,0.0343,F
27.38,83719.12,0.0599,F
27.4,83710.62,0.1759,F
27.42,83701.55,0.2748,F
27.44,83675.17,0.2373,F
27.46,83627.3,0.251,F
27.48,83579.39,0.2987,F
27.5,83531.33,0.2863,F
27.52,83503.47,0.2518,F
27.54,83528.38,0.1932,F
27.56,83520.52,0.0685,F
27.58,83561.27,-0.0404,F
27.6,83577.52,-0.1014,F
27.62,83569.72,-0.1378,F
27.64,83567.05,-0.1761,F
27.66,83582.86,-0.3036,F
27.68,83586.14,-0.3721,F
27.7,83476.53,-0.4385,F
27.72,83505.73,-0.4879,F
27.74,83491.83,-0.5272,F
27.76,83343.66,-0.5552,F
27.78,83398.33,-0.5443,F
27.8,83469.23,-0.4602,F
27.82,83377.11,-0.4314,F
27.84,83381.44,-0.4134,F
27.86,83574.58,-0.3768,F
27.88,83659.66,-0.3307,F
27.9,83702.11,-0.2815,F
27.92,83716.25,-0.2333,F
27.94,83691.16,-0.206,F
27.96,83698.33,-0.23,F
27.98,83767.08,-0.2482,F
28.0,83866.61,-0.2582,F
28.02,83919.25,-0.2865,F
28.04,83978.8,-0.3069,F
28.06,84040.73,-0.2995,F
28.08,84065.98,-0.2635,F
28.1,84089.25,-0.2487,F
28.12,84070.91,-0.2261,F
28.14,84024.31,-0.1603,F
28.16,83948.62,-0.1345,F
28.18,83901.97,-0.152,F
28.2,83816.94,-0.1548,F
28.22,83773.97,-0.1573,F
28.24,83717.86,-0.1169,F
28.26,83695.84,-0.0812,F
28.28,83693.41,-0.0727,F
28.3,83720.94,-0.0408,F
28.32,83754.39,0.0064,F
28.34,83756.44,0.0474,F
28.36,83838.84,0.0934,F
28.38,83870.34,0.137,F
28.4,83863.12,0.135,F
28.42,83941.45,0.1108,F
28.44,83968.75,0.0925,F
28.46,83998.3,0.1583,F
28.48,84014.16,0.1422,F
28.5,84030.47,0.1378,F
28.52,84008.3,0.1626,F
28.54,84032.28,0.1143,F
28.56,84020.58,0.0746,F
28.58,84015.42,0.059,F
28.6,83967.31,0.0648,F
28.62,84004.02,0.0499,F
28.64,83996.77,0.0011,F
28.66,83941.33,-0.0878,F
28.68,83833.16,-0.205,F
28.7,83836.48,-0.3747,F
28.72,83837.53,-0.4496,F
28.74,83786.98,-0.6197,F
28.76,83807.28,-0.7561,F
28.78,83802.94,-0.8714,F
28.8,83855.44,-0.9587,F
28.82,83936.12,-0.9211,F
28.84,83962.78,-0.9483,F
28.86,84041.58,-0.8891,F
28.88,84185.41,-0.8426,F
28.9,84213.22,-0.8264,F
28.92,84279.56,-0.7861,F
28.94,84298.64,-0.7702,F
28.96,84307.12,-0.753,F
28.98,84303.55,-0.7109,F
29.0,84272.52,-0.7177,F
29.02,84243.25,-0.6956,F
29.04,84216.42,-0.7044,F
29.06,84229.23,-0.6776,F
29.08,84222.58,-0.6443,F
29.1,84243.7,-0.6321,F
29.12,84250.06,-0.5983,F
29.14,84264.48,-0.5657,F
29.16,84277.81,-0.5351,F
29.18,84278.95,-0.5001,F
29.2,84268.45,-0.4801,F
29.22,84262.22,-0.4461,F
29.24,84249.94,-0.4068,F
29.26,84246.94,-0.3604,F
29.28,84243.27,-0.3523,F
29.3,84236.47,-0.3153,F
29.32,84215.62,-0.387,F
29.34,84239.77,-0.392,F
29.36,84238.92,-0.352,F
29.38,84234.42,-0.3469,F
29.4,84213.39,-0.3369,F
29.42,84240.55,-0.3164,F
29.44,84244.31,-0.3529,F
29.46,84280.03,-0.4295,F
29.48,84273.09,-0.4925,F
29.5,84261.86,-0.5251,F
29.52,84298.36,-0.6041,F
29.54,84362.03,-0.6795,F
29.56,84357.73,-0.6915,F
29.58,84347.86,-1.0619,F
29.6,84394.5,-1.1312,F
29.62,84394.14,-1.1626,F
29.64,84389.41,-1.2068,F
29.66,84392.91,-1.2679,F
29.68,84391.72,-1.2424,F
29.7,84381.88,-1.2062,F
29.72,84370.31,-1.1952,F
29.74,84373.31,-1.1688,F
29.76,84294.52,-1.1389,F
29.78,84214.73,-1.1766,F
29.8,84121.7,-1.1023,F
29.82,84084.59,-1.0559,F
29.84,84032.95,-0.9395,F
29.86,83972.09,-0.8028,F
29.88,84019.27,-0.6444,F
29.9,84029.97,-0.4513,F
29.92,84142.75,-0.2268,F
29.94,84137.17,-0.2881,F
29.96,84187.88,-0.237,F
29.98,84238.56,-0.1244,F
30.0,84311.72,-0.0397,F
30.02,84277.2,0.0067,F
30.04,84268.53,0.0028,F
30.06,84335.73,0.3775,F
30.08,84325.81,0.148,F
30.1,84249.81,0.14,F
30.12,84237.0,0.0993,F
30.14,84243.2,0.0999,F
30.16,84282.75,0.1431,F
30.18,84344.84,0.1012,F
30.2,84438.05,0.0739,F
30.22,84525.7,-0.0132,F
30.24,84565.42,-0.0704,F
30.26,84515.92,-0.1636,F
30.28,84370.0,-0.4099,F
30.3,84223.3,-0.4388,F
30.32,84016.27,-0.7349,F
30.34,84124.0,-0.9744,F
30.36,83999.53,-1.1144,F
30.38,84132.95,-1.1869,F
30.4,84174.27,-1.1844,F
30.42,84382.36,-1.2219,F
30.44,84426.11,-1.1477,F
30.46,84444.89,-1.0134,F
30.48,84442.33,-0.9103,F
30.5,84489.3,-0.7751,F
30.52,84512.12,-0.5759,F
30.54,84503.25,-0.495,F
30.56,84447.05,-0.3978,F
30.58,84484.77,-0.31,F
30.6,84526.86,-0.2808,F
30.62,84601.81,-0.1899,F
30.64,84671.92,-0.1641,F
30.66,84687.42,0.004,F
30.68,84690.25,-0.1812,F
30.7,84685.67,-0.1813,F
30.72,84676.91,-0.1977,F
30.74,84678.67,-0.2412,F
30.76,84672.62,-0.2562,F
30.78,84685.25,-0.2692,F
30.8,84710.78,-0.3051,F
30.82,84687.97,-0.3047,F
30.84,84699.19,-0.3309,F
30.86,84704.98,-0.3589,F
30.88,84715.45,-0.3612,F
30.9,84685.66,-0.3551,F
30.92,84671.86,-0.3497,F
30.94,84654.42,-0.3549,F
30.96,84655.88,-0.3406,F
30.98,84618.25,-0.3626,F
31.0,84667.39,-0.35,F
31.02,84699.31,-0.3468,F
31.04,84713.64,-0.3345,F
31.06,84622.06,-0.3514,F
31.08,84683.72,-0.376,F
31.1,84695.3,-0.3565,F
31.12,84670.94,-0.344,F
31.14,84737.48,-0.3513,F
31.16,84679.19,-0.3559,F
31.18,84619.52,-0.3412,F
31.2,84678.58,-0.3501,F
31.22,84720.97,-0.3612,F
31.24,84730.98,-0.3585,F
31.26,84748.08,-0.3674,F
31.28,84682.59,-0.3806,F
31.3,84729.11,-0.3865,F
31.32,84703.95,-0.4133,F
31.34,84762.14,-0.4261,F
31.36,84787.36,-0.4113,F
31.38,84764.66,-0.4213,F
31.4,84776.69,-0.3576,F
31.42,84769.11,-0.3603,F
31.44,84813.16,-0.3198,F
31.46,84857.88,-0.3478,F
31.48,84856.77,-0.3014,F
31.5,84821.7,-0.3473,F
31.52,84849.61,-0.2916,F
31.54,84884.77,-0.304,F
31.56,84877.09,-0.2761,F
31.58,84893.03,-0.2816,F
31.6,84892.69,-0.2775,F
31.62,84923.47,-0.2557,F
31.64,84948.19,-0.245,F
31.66,84941.23,-0.2516,F
31.68,84961.36,-0.2397,F
31.7,84937.55,-0.2414,F
31.72,84963.14,-0.236,F
31.74,84961.8,-0.2218,F
31.76,84979.66,-0.2281,F
31.78,84979.91,-0.2431,F
31.8,84982.58,-0.2866,F
31.82,84997.09,-0.2819,F
31.84,85000.2,-0.192,F
31.86,85027.7,-0.2393,F
31.88,85049.02,-0.2627,F
31.9,85052.69,-0.2614,F
31.92,85058.55,-0.2447,F
31.94,85067.22,-0.3174,F
31.96,85075.72,-0.2963,F
31.98,85082.56,-0.2916,F
32.0,85077.88,-0.3073,F
32.02,85078.36,-0.4242,F
32.04,85072.47,-0.3007,F
32.06,85058.06,-0.3148,F
32.08,85066.09,-0.3165,F
32.1,85070.41,-0.4408,F
32.12,85056.72,-0.5918,F
32.14,85046.59,-0.2259,F
32.16,85036.53,-0.3986,F
32.18,85068.45,-0.3333,F
32.2,85054.02,-0.4606,F
32.22,85083.83,-0.3867,F
32.24,85085.47,-0.4521,F
32.26,85119.69,-0.4424,F
32.28,85119.09,-0.4005,F
32.3,85156.86,-0.3139,F
32.32,85181.31,-0.3575,F
32.34,85176.66,-0.3037,F
32.36,85185.73,-0.2671,F
32.38,85187.25,-0.2743,F
32.4,85163.42,-0.2642,F
32.42,85160.41,-0.3014,F
32.44,85091.58,-0.237,F
32.46,85004.72,-0.2283,F
32.48,84934.7,-0.2739,F
32.5,84850.81,-0.2557,F
32.52,84798.91,-0.3166,F
32.54,84787.16,-0.3154,F
32.56,84739.39,-0.3255,F
32.58,84760.17,-0.3367,F
32.6,84813.95,-0.3531,F
32.62,84815.88,-0.3791,F
32.64,84877.89,-0.4039,F
32.66,84944.38,-0.43,F
32.68,84984.31,-0.4404,F
32.7,85100.61,-0.4697,F
32.72,85207.97,-0.4156,F
32.74,85237.81,-0.287,F
32.76,85227.42,-0.0067,F
32.78,85236.02,0.0157,F
32.8,85226.36,0.054,F
32.82,85162.0,0.114,F
32.84,85161.75,0.1588,F
32.86,85130.98,0.191,F
32.88,85152.03,0.2354,F
32.9,85083.67,0.2685,F
32.92,85106.22,0.295,F
32.94,85048.97,0.3406,F
32.96,85035.67,0.3642,F
32.98,85027.56,0.387,F
33.0,85032.8,0.3703,F
33.02,84955.19,0.3826,F
33.04,84981.86,0.3137,F
33.06,85053.08,0.1781,F
33.08,85053.23,0.0646,F
33.1,85159.03,-0.0325,F
33.12,85163.31,-0.0734,F
33.14,85184.97,-0.1517,F
33.16,85104.25,-0.2629,F
33.18,85143.61,-0.3874,F
33.2,85147.94,-0.5389,F
33.22,85133.89,-0.5651,F
33.24,85137.72,-0.5519,F
33.26,85080.69,-0.5902,F
33.28,85026.42,-0.5819,F
33.3,85083.11,-0.5719,F
33.32,85051.86,-0.5991,F
33.34,85071.2,-0.591,F
33.36,85063.16,-0.5138,F
33.38,85017.38,-0.3534,F
33.4,85134.94,-0.2794,F
33.42,85122.84,-0.26,F
33.44,85077.61,-0.2623,F
33.46,85100.59,-0.2329,F
33.48,85132.27,-0.2788,F
33.5,85197.36,-0.2621,F
33.52,85238.92,-0.2543,F
33.54,85298.84,-0.211,F
33.56,85365.0,-0.1825,F
33.58,85396.17,-0.1779,F
33.6,85466.7,-0.2184,F
33.62,85508.31,-0.234,F
33.64,85534.12,-0.3103,F
33.66,85536.95,-0.3899,F
33.68,85536.58,-0.3852,F
33.7,85534.77,-0.4545,F
33.72,85520.52,-0.4904,F
33.74,85523.52,-0.5007,F
33.76,85508.58,-0.5315,F
33.78,85499.44,-0.5144,F
33.8,85526.62,-0.5532,F
33.82,85507.06,-0.557,F
33.84,85524.16,-0.564,F
33.86,85501.33,-0.5625,F
33.88,85517.62,-0.6049,F
33.9,85512.72,-1.0364,F
33.92,85537.41,-0.4854,F
33.94,85538.53,-0.2441,F
33.96,85550.55,-0.2513,F
33.98,85564.48,-0.3081,F
34.0,85577.11,-0.3396,F
34.02,85583.12,-0.4238,F
34.04,85591.41,-0.4891,F
34.06,85605.22,-0.5346,F
34.08,85612.86,-0.5334,F
34.1,85615.62,-0.6357,F
34.12,85612.22,-0.6689,F
34.14,85610.77,-0.7274,F
34.16,85607.33,-0.8103,F
34.18,85618.83,-0.7932,F
34.2,85634.02,-0.7721,F
34.22,85631.56,-0.7848,F
34.24,85618.02,-0.7355,F
34.26,85594.95,-0.6698,F
34.28,85627.41,-0.599,F
34.3,85621.83,-0.5283,F
34.32,85554.88,-0.4371,F
34.34,85582.27,-0.4186,F
34.36,85573.91,-0.3265,F
34.38,85478.73,-0.282,F
34.4,85566.25,-0.2147,F
34.42,85533.38,-0.1764,F
34.44,85594.08,-0.145,F
34.46,85605.78,-0.1364,F
34.48,85679.11,-0.1592,F
34.5,85731.23,-0.1918,F
34.52,85779.02,-0.1651,F
34.54,85810.8,-0.1821,F
34.56,85825.06,-0.1791,F
34.58,85825.23,-0.1937,F
34.6,85794.12,-0.2527,F
34.62,85728.16,-0.2658,F
34.64,85599.97,-0.3221,F
34.66,85499.95,-0.354,F
34.68,85438.88,-0.378,F
34.7,85443.69,-0.4356,F
34.72,85478.81,-0.4059,F
34.74,85416.06,-0.4468,F
34.76,85507.58,-0.4698,F
34.78,85608.81,-0.4764,F
34.8,85555.36,-0.4763,F
34.82,85666.72,-0.4142,F
34.84,85662.48,-0.3971,F
34.86,85630.62,-0.3465,F
34.88,85685.44,-0.2862,F
34.9,85676.92,-0.2131,F
34.92,85713.7,-0.1331,F
34.94,85730.03,-0.106,F
34.96,85618.05,-0.245,F
34.98,85691.95,-0.3021,F
35.0,85636.05,-0.2356,F
35.02,85691.25,-0.3535,F
35.04,85704.41,-0.3246,F
35.06,85759.31,-0.7326,F
35.08,85795.97,-0.4121,F
35.1,85834.84,-0.1839,F
35.12,85853.52,-0.3011,F
35.14,85870.45,-0.6321,F
35.16,85892.89,-0.4518,F
35.18,85896.39,-0.8038,F
35.2,85894.94,-0.6249,F
35.22,85897.86,-0.6869,F
35.24,85893.36,-0.6602,F
35.26,85898.75,-0.6168,F
35.28,85911.59,-0.6974,F
35.3,85917.14,-0.6455,F
35.32,85927.03,-0.6887,F
35.34,85930.88,-0.6477,F
35.36,85919.31,-0.6423,F
35.38,85942.45,-0.6319,F
35.4,85890.66,-0.6217,F
35.42,85871.12,-0.7181,F
35.44,85888.55,-0.624,F
35.46,85854.61,-0.6692,F
35.48,85857.0,-0.564,F
35.5,85764.59,-0.6255,F
35.52,85875.69,-0.5406,F
35.54,85867.09,-0.5362,F
35.56,85777.95,-0.4715,F
35.58,85848.48,-0.5065,F
35.6,85718.34,-0.4586,F
35.62,85725.09,-0.502,F
35.64,85657.91,-0.4767,F
35.66,85605.72,-0.4726,F
35.68,85600.59,-0.5352,F
35.7,85490.38,-0.5574,F
35.72,85536.38,-0.4984,F
35.74,85554.27,-0.4788,F
35.76,85539.33,-0.4835,F
35.78,85553.23,-0.4013,F
35.8,85608.12,-0.3878,F
35.82,85697.19,-0.4141,F
35.84,85792.23,-0.4686,F
35.86,85891.16,-0.4693,F
35.88,85932.39,-0.4885,F
35.9,86011.89,-0.3703,F
35.92,86021.59,-0.1266,F
35.94,85965.28,0.0373,F
35.96,85924.45,0.1235,F
35.98,85888.98,0.1545,F
36.0,85891.16,0.5884,F
36.02,85851.92,0.2728,F
36.04,85859.86,0.2887,F
36.06,85920.02,0.3356,F
36.08,85944.22,0.3283,F
36.1,85980.45,0.3048,F
36.12,85960.08,0.233,F
36.14,85990.12,0.1774,F
36.16,85998.05,0.0927,F
36.18,85996.73,0.0282,F
36.2,85939.16,-0.0615,F
36.22,85972.67,-0.1035,F
36.24,85968.92,-0.147,F
36.26,85948.67,-0.1844,F
36.28,85922.39,-0.2311,F
36.3,85916.59,-0.2379,F
36.32,85801.62,-0.1923,F
36.34,85719.25,-0.104,F
36.36,85681.72,-0.0207,F
36.38,85752.97,0.0983,F
36.4,85808.27,0.1404,F
36.42,85924.48,0.2618,F
36.44,85991.64,0.3199,F
36.46,86141.7,0.3324,F
36.48,86252.3,0.2663,F
36.5,86238.36,0.2078,F
36.52,86163.78,0.1933,F
36.54,86099.92,0.2208,F
36.56,85995.36,0.2672,F
36.58,85887.69,0.3037,F
36.6,85970.97,0.3237,F
36.62,85914.16,0.3965,F
36.64,85877.34,0.4245,F
36.66,85911.05,0.4129,F
36.68,85935.72,0.4734,F
36.7,85941.05,0.4761,F
36.72,86008.84,0.5447,F
36.74,86046.34,0.4942,F
36.76,86026.59,0.4336,F
36.78,85957.72,0.4179,F
36.8,86036.41,0.3489,F
36.82,85998.77,0.3993,F
36.84,86033.31,0.4657,F
36.86,85979.09,0.4258,F
36.88,86015.7,0.4714,F
36.9,85922.47,0.464,F
36.92,85915.42,0.4657,F
36.94,85957.44,0.3458,F
36.96,86030.7,0.2937,F
36.98,86061.97,0.3803,F
37.0,86170.5,0.3415,F
37.02,86311.98,0.3364,F
37.04,86343.09,0.1579,F
37.06,86256.98,0.1288,F
37.08,86177.72,0.1422,F
37.1,86051.53,0.0673,F
37.12,85977.61,0.0725,F
37.14,86020.8,-0.016,F
37.16,86104.89,-0.0744,F
37.18,86108.72,-0.1546,F
37.2,86086.06,-0.0953,F
37.22,86171.52,-0.1269,F
37.24,86181.73,-0.1101,F
37.26,86233.0,-0.1152,F
37.28,86223.64,-0.002,F
37.3,86266.41,-0.1537,F
37.32,86237.47,-0.141,F
37.34,86184.39,-0.2301,F
37.36,86142.95,-0.2177,F
37.38,86183.64,-0.3007,F
37.4,86165.66,-0.338,F
37.42,86165.42,-0.2913,F
37.44,86318.97,-0.3061,F
37.46,86446.16,-0.2497,F
37.48,86485.44,-0.1894,F
37.5,86426.52,-0.1908,F
37.52,86280.91,-0.0737,F
37.54,86186.69,-0.0307,F
37.56,86096.52,0.1284,F
37.58,86125.62,0.2341,F
37.6,86178.38,0.1509,F
37.62,86157.09,0.2773,F
37.64,86221.69,0.3292,F
37.66,86179.2,0.2945,F
37.68,86210.89,0.2122,F
37.7,86200.08,0.1223,F
37.72,86210.83,0.0198,F
37.74,86191.08,-0.0071,F
37.76,86162.16,-0.1175,F
37.78,86169.88,-0.2997,F
37.8,86277.91,-0.2092,F
37.82,86388.78,-0.1283,F
37.84,86450.47,-0.1581,F
37.86,86388.83,-0.0336,F
37.88,86259.0,-0.1682,F
37.9,86146.75,-0.0485,F
37.92,86127.53,-0.2621,F
37.94,86173.03,-0.3607,F
37.96,86276.14,-0.4196,F
37.98,86263.98,-0.4515,F
38.0,86312.2,-0.509,F
38.02,86275.27,-0.2874,F
38.04,86221.33,0.0119,F
38.06,86129.2,0.3121,F
38.08,86120.0,0.375,F
38.1,86176.3,0.516,F
38.12,86412.56,0.5232,F
38.14,86566.23,0.262,F
38.16,86534.02,0.2011,F
38.18,86450.75,-0.166,F
38.2,86350.34,-0.2853,F
38.22,86396.84,-0.576,F
38.24,86376.73,-0.8648,F
38.26,86448.62,-1.0661,F
38.28,86458.36,-1.0546,F
38.3,86516.61,-0.9605,F
38.32,86575.69,-0.6577,F
38.34,86519.58,-0.0835,F
38.36,86539.53,-0.2692,F
38.38,86554.72,0.0861,F
38.4,86577.92,0.3451,F
38.42,86627.64,0.3023,F
38.44,86628.72,0.4844,F
38.46,86627.94,0.3367,F
38.48,86626.45,0.0285,F
38.5,86630.86,-0.0147,F
38.52,86631.69,-0.0836,F
38.54,86634.08,-0.0075,F
38.56,86618.2,-0.0176,F
38.58,86659.88,0.1839,F
38.6,86664.0,0.2786,F
38.62,86670.19,0.3018,F
38.64,86680.95,0.5529,F
38.66,86698.62,0.6466,F
38.68,86713.61,0.7854,F
38.7,86719.95,0.7451,F
38.72,86710.5,0.8684,F
38.74,86715.95,0.8863,F
38.76,86716.66,0.8503,F
38.78,86741.72,0.9299,F
38.8,86750.23,0.9084,F
38.82,86708.27,0.9273,F
38.84,86708.14,0.7506,F
38.86,86648.92,0.5194,F
38.88,86627.84,0.4769,F
38.9,86607.64,0.2008,F
38.92,86605.81,0.1002,F
38.94,86743.66,0.0342,F
38.96,86632.52,0.0945,F
38.98,86731.31,0.0421,F
39.0,86552.48,-0.0063,F
39.02,86617.48,-0.0665,F
39.04,86579.92,-0.0772,F
39.06,86600.77,-0.1093,F
39.08,86640.94,-0.1205,F
39.1,86633.31,-0.1494,F
39.12,86588.36,-0.1761,F
39.14,86625.11,-0.2141,F
39.16,86671.67,-0.1946,F
39.18,86691.36,-0.2111,F
39.2,86709.91,-0.1803,F
39.22,86674.11,-0.2568,F
39.24,86690.02,-0.2499,F
39.26,86779.62,-0.2613,F
39.28,86729.64,-0.2471,F
39.3,86690.83,-0.2029,F
39.32,86687.62,-0.2507,F
39.34,86774.5,-0.2121,F
39.36,86798.45,-0.1759,F
39.38,86801.31,-0.1739,F
39.4,86780.81,-0.1793,F
39.42,86757.58,-0.1586,F
39.44,86797.12,-0.1788,F
39.46,86723.97,-0.1843,F
39.48,86795.05,-0.1917,F
39.5,86841.83,-0.2125,F
39.52,86818.94,-0.2281,F
39.54,86782.44,-0.2537,F
39.56,86864.77,-0.3056,F
39.58,86872.11,-0.2781,F
39.6,86916.66,-0.3259,F
39.62,86796.05,-0.3133,F
39.64,86875.5,-0.3263,F
39.66,86782.98,-0.313,F
39.68,86821.58,-0.3226,F
39.7,86850.38,-0.332,F
39.72,86856.97,-0.3595,F
39.74,86878.22,-0.3325,F
39.76,86901.81,-0.2996,F
39.78,86917.56,-0.3439,F
39.8,86891.84,-0.3495,F
39.82,86919.8,-0.3111,F
39.84,86919.23,-0.2857,F
39.86,86979.33,-0.2536,F
39.88,86967.53,-0.2875,F
39.9,87000.23,-0.2565,F
39.92,87013.08,-0.2728,F
39.94,87047.38,-0.2525,F
39.96,87048.38,-0.2325,F
39.98,87075.92,-0.2487,F
40.0,87082.59,-0.2826,F
40.02,87102.22,-0.2936,F
40.04,87113.08,-0.2618,F
40.06,87121.2,-0.2947,F
40.08,87133.48,-0.2688,F
40.1,87136.05,-0.2744,F
40.12,87146.72,-0.3153,F
40.14,87155.45,-0.3286,F
40.16,87153.75,-0.3237,F
40.18,87164.02,-0.3482,F
40.2,87167.11,-0.3779,F
40.22,87185.66,-0.4079,F
40.24,87194.53,-0.4023,F
40.26,87192.61,-0.4213,F
40.28,87200.94,-0.4327,F
40.3,87198.75,-0.4638,F
40.32,87196.33,-0.4768,F
40.34,87194.95,-0.4918,F
40.36,87204.66,-0.5087,F
40.38,87210.38,-0.5195,F
40.4,87178.47,-0.5556,F
40.42,87190.48,-0.5338,F
40.44,87152.8,-0.5389,F
40.46,87159.14,-0.5264,F
40.48,87161.42,-0.5432,F
40.5,87178.69,-0.5092,F
40.52,87057.81,-0.5372,F
40.54,87162.94,-0.5649,F
40.56,87052.52,-0.5318,F
40.58,87025.42,-0.513,F
40.6,87000.89,-0.5134,F
40.62,87087.39,-0.4895,F
40.64,87045.06,-0.5269,F
40.66,87062.92,-0.5118,F
40.68,87042.83,-0.4929,F
40.7,87043.19,-0.5229,F
40.72,87101.56,-0.5415,F
40.74,87193.73,-0.5223,F
40.76,87133.89,-0.4931,F
40.78,87114.89,-0.5155,F
40.8,87077.42,-0.4993,F
40.82,87135.06,-0.4364,F
40.84,87164.31,-0.4091,F
40.86,87046.25,-0.3698,F
40.88,87052.83,-0.3502,F
40.9,87002.23,-0.348,F
40.92,86886.31,-0.3397,F
40.94,86900.23,-0.3713,F
40.96,86841.45,-0.3948,F
40.98,86852.67,-0.3913,F
41.0,86804.97,-0.304,F
41.02,86820.86,-0.236,F
41.04,86791.59,-0.2307,F
41.06,86865.09,-0.1813,F
41.08,86915.03,-0.1572,F
41.1,86951.17,-0.2018,F
41.12,87027.27,-0.204,F
41.14,87123.48,-0.1463,F
41.16,87167.92,-0.1451,F
41.18,87289.5,-0.1496,F
41.2,87395.78,0.0423,F
41.22,87406.53,0.2074,F
41.24,87332.19,0.2751,F
41.26,87254.5,0.3422,F
41.28,87181.88,0.3339,F
41.3,87143.41,0.3714,F
41.32,87043.7,0.3451,F
41.34,87060.75,0.2965,F
41.36,87054.14,0.158,F
41.38,87184.62,0.0861,F
41.4,87233.84,0.0376,F
41.42,87255.95,-0.1034,F
41.44,87180.83,-0.2198,F
41.46,87238.8,-0.3136,F
41.48,87262.05,-0.2581,F
41.5,87315.95,-0.2238,F
41.52,87178.45,-0.0486,F
41.54,87209.09,-0.0162,F
41.56,87192.61,0.2269,F
41.58,86977.44,0.4568,F
41.6,86997.27,0.5671,F
41.62,87038.2,0.501,F
41.64,87188.64,0.4098,F
41.66,87369.8,0.6864,F
41.68,87560.75,0.5333,F
41.7,87632.8,0.5348,F
41.72,87630.06,0.4513,F
41.74,87551.42,0.3569,F
41.76,87458.31,0.2137,F
41.78,87341.55,0.2048,F
41.8,87317.0,0.2005,F
41.82,87292.61,0.2213,F
41.84,87313.42,0.2072,F
41.86,87381.95,0.1089,F
41.88,87437.89,0.0623,F
41.9,87436.2,0.1635,F
41.92,87490.34,0.0236,F
41.94,87504.22,-0.067,F
41.96,87545.41,-0.0763,F
41.98,87537.81,-0.1346,F
42.0,87452.64,-0.2133,F
42.02,87368.27,-0.3118,F
42.04,87344.48,-0.3536,F
42.06,87358.64,-0.4034,F
42.08,87448.02,-0.4172,F
42.1,87612.94,-0.4779,F
42.12,87734.12,-0.3727,F
42.14,87747.22,-0.3212,F
42.16,87663.55,-0.2637,F
42.18,87490.16,-0.1933,F
42.2,87319.28,0.027,F
42.22,87296.91,0.0582,F
42.24,87375.41,0.0649,F
42.26,87332.58,0.0816,F
42.28,87383.59,0.2014,F
42.3,87496.36,0.2132,F
42.32,87432.05,0.0388,F
42.34,87472.3,-0.0741,F
42.36,87428.09,-0.1153,F
42.38,87348.0,-0.1291,F
42.4,87282.41,-0.1393,F
42.42,87404.38,-0.1941,F
42.44,87598.69,-0.2724,F
42.46,87766.66,-0.1511,F
42.48,87713.03,-0.1301,F
42.5,87503.91,-0.0161,F
42.52,87310.92,0.1673,F
42.54,87353.66,0.106,F
42.56,87408.78,-0.0412,F
42.58,87430.19,-0.4061,F
42.6,87496.23,-0.9965,F
42.62,87484.47,-1.4091,F
42.64,87549.25,-1.4247,F
42.66,87522.98,-0.981,F
42.68,87494.08,-0.5348,F
42.7,87519.12,-0.1736,F
42.72,87705.86,0.2235,F
42.74,87842.34,1.0064,F
42.76,87828.44,1.3483,F
42.78,87752.16,0.5649,F
42.8,87775.53,-0.211,F
42.82,87806.52,-0.3801,F
42.84,87799.61,-0.2321,F
42.86,87794.19,-0.7171,F
42.88,87767.7,-0.682,F
42.9,87697.25,-0.3467,F
42.92,87651.95,-0.242,F
42.94,87742.33,-0.1301,F
42.96,87819.88,0.2768,F
42.98,87923.8,0.276,F
43.0,87971.67,0.242,F
43.02,87965.81,0.3639,F
43.04,87950.25,0.1628,F
43.06,87906.08,0.0682,F
43.08,87865.59,0.0547,F
43.1,87847.09,-0.0495,F
43.12,87823.52,-0.1305,F
43.14,87850.27,-0.1557,F
43.16,87862.5,-0.0545,F
43.18,87912.2,-0.3384,F
43.2,87941.84,-0.4459,F
43.22,87953.08,-0.543,F
43.24,87960.98,-0.5622,F
43.26,87987.7,-0.6028,F
43.28,87987.36,-0.6471,F
43.3,87959.41,-0.6219,F
43.32,87937.12,-0.6018,F
43.34,87932.8,-0.5485,F
43.36,87930.48,-0.5366,F
43.38,87918.86,-0.4494,F
43.4,87947.12,-0.4503,F
43.42,87968.98,-0.3917,F
43.44,88000.8,-0.3691,F
43.46,88010.23,-0.3688,F
43.48,88056.12,-0.3175,F
43.5,88101.94,-0.2772,F
43.52,88133.19,-0.2769,F
43.54,88151.72,-0.2561,F
43.56,88168.08,-0.2377,F
43.58,88176.12,-0.203,F
43.6,88181.5,-0.2142,F
43.62,88190.56,-0.2204,F
43.64,88183.84,-0.2183,F
43.66,88153.61,-0.214,F
43.68,88126.8,-0.2161,F
43.7,88056.22,-0.2542,F
43.72,87933.95,-0.2764,F
43.74,87836.25,-0.3068,F
43.76,87746.59,-0.3392,F
43.78,87700.86,-0.4148,F
43.8,87702.33,-0.4166,F
43.82,87724.42,-0.4344,F
43.84,87733.02,-0.4688,F
43.86,87737.34,-0.4553,F
43.88,87748.41,-0.6204,F
43.9,87810.97,-0.5584,F
43.92,87878.77,-0.6603,F
43.94,87942.17,-0.6097,F
43.96,87894.36,-0.5566,F
43.98,87995.42,-0.5909,F
44.0,87972.67,-0.4613,F
44.02,87999.02,-0.3981,F
44.04,87989.48,-0.2856,F
44.06,87958.62,-0.3794,F
44.08,87904.84,-0.4675,F
44.1,87909.7,-0.4276,F
44.12,87884.66,-0.2842,F
44.14,87830.77,-0.2113,F
44.16,87821.56,-0.1506,F
44.18,87899.34,-0.0323,F
44.2,87759.19,0.094,F
44.22,87760.03,0.1797,F
44.24,87723.89,0.2745,F
44.26,87769.81,0.4023,F
44.28,87911.31,0.5125,F
44.3,88015.91,0.3844,F
44.32,88113.56,0.2896,F
44.34,88174.7,0.3412,F
44.36,88281.11,0.2514,F
44.38,88321.66,0.2001,F
44.4,88257.58,0.0861,F
44.42,88151.89,0.0474,F
44.44,88012.94,0.2126,F
44.46,87930.91,0.1819,F
44.48,87853.17,0.1957,F
44.5,87827.5,0.1425,F
44.52,87876.19,0.1632,F
44.54,87966.06,0.1625,F
44.56,87962.91,0.1004,F
44.58,87980.55,0.0386,F
44.6,88039.52,0.018,F
44.62,88062.02,0.0643,F
44.64,88099.98,0.0999,F
44.66,88176.92,0.0982,F
44.68,88113.47,0.13,F
44.7,88197.83,0.0045,F
44.72,88263.39,0.011,F
44.74,88263.52,-0.024,F
44.76,88251.77,-0.0467,F
44.78,88212.61,-0.081,F
44.8,88228.62,-0.1088,F
44.82,88272.89,-0.1309,F
44.84,88287.05,-0.1976,F
44.86,88166.72,-0.1911,F
44.88,88227.91,-0.2902,F
44.9,88171.89,-0.3091,F
44.92,88208.03,-0.3357,F
44.94,88215.25,-0.3079,F
44.96,88204.02,-0.3072,F
44.98,88198.86,-0.328,F
45.0,88239.11,-0.2604,F
45.02,88255.53,-0.2931,F
45.04,88307.23,-0.2515,F
45.06,88363.59,-0.2578,F
45.08,88419.44,-0.2754,F
45.1,88449.33,-0.2819,F
45.12,88477.62,-0.294,F
45.14,88501.98,-0.3211,F
45.16,88496.53,-0.3083,F
45.18,88499.36,-0.3532,F
45.2,88487.33,-0.346,F
45.22,88485.31,-0.3872,F
45.24,88472.98,-0.3757,F
45.26,88473.23,-0.4169,F
45.28,88485.59,-0.415,F
45.3,88480.47,-0.3921,F
45.32,88500.92,-0.3833,F
45.34,88500.36,-0.3764,F
45.36,88516.67,-0.3588,F
45.38,88520.17,-0.3407,F
45.4,88538.55,-0.3327,F
45.42,88547.81,-0.3085,F
45.44,88554.91,-0.2899,F
45.46,88561.44,-0.2669,F
45.48,88553.12,-0.2624,F
45.5,88551.25,-0.237,F
45.52,88563.73,-0.217,F
45.54,88555.45,-0.2222,F
45.56,88550.69,-0.1993,F
45.58,88566.11,-0.1674,F
45.6,88533.83,-0.1751,F
45.62,88545.47,-0.1439,F
45.64,88553.14,-0.1579,F
45.66,88575.09,-0.1313,F
45.68,88546.7,-0.1341,F
45.7,88593.66,-0.1357,F
45.72,88551.75,-0.1452,F
45.74,88583.02,-0.1235,F
45.76,88560.59,-0.1321,F
45.78,88573.11,-0.0824,F
45.8,88574.94,-0.179,F
45.82,88591.73,-0.1503,F
45.84,88634.39,-0.1762,F
45.86,88627.19,-0.2328,F
45.88,88647.11,-0.2796,F
45.9,88654.61,-0.2485,F
45.92,88681.59,-0.2445,F
45.94,88709.8,-0.3497,F
45.96,88717.27,-0.3454,F
45.98,88689.91,-0.3397,F
46.0,88698.19,-0.4368,F
46.02,88693.5,-0.4915,F
46.04,88769.33,-0.3677,F
46.06,88739.48,-0.3234,F
46.08,88789.12,-0.3166,F
46.1,88756.97,-0.3211,F
46.12,88787.47,-0.3394,F
46.14,88781.89,-0.3232,F
46.16,88813.44,-0.3426,F
46.18,88824.89,-0.2147,F
46.2,88832.69,-0.2875,F
46.22,88831.36,-0.2446,F
46.24,88832.11,-0.292,F
46.26,88842.8,-0.2507,F
46.28,88833.42,-0.305,F
46.3,88842.62,-0.3081,F
46.32,88845.78,-0.2933,F
46.34,88853.08,-0.3302,F
46.36,88865.73,-0.3255,F
46.38,88880.7,-0.3124,F
46.4,88887.16,-0.3317,F
46.42,88907.92,-0.3466,F
46.44,88912.2,-0.3589,F
46.46,88922.97,-0.3527,F
46.48,88921.88,-0.3557,F
46.5,88932.22,-0.358,F
46.52,88932.45,-0.3322,F
46.54,88939.52,-0.3732,F
46.56,88947.83,-0.3557,F
46.58,88961.3,-0.3283,F
46.6,88956.02,-0.3367,F
46.62,88967.5,-0.3481,F
46.64,88974.02,-0.3643,F
46.66,88989.91,-0.341,F
46.68,88996.05,-0.3184,F
46.7,89009.28,-0.3091,F
46.72,89010.94,-0.3394,F
46.74,89031.67,-0.323,F
46.76,89042.06,-0.3403,F
46.78,89049.25,-0.3136,F
46.8,89048.55,-0.3055,F
46.82,89061.44,-0.3467,F
46.84,89075.31,-0.302,F
46.86,89089.17,-0.3088,F
46.88,89092.5,-0.2932,F
46.9,89097.14,-0.3579,F
46.92,89107.62,-0.525,F
46.94,89122.23,-0.5573,F
46.96,89123.22,-0.4307,F
46.98,89125.39,-0.37,F
47.0,89137.8,-0.451,F
47.02,89147.66,-0.5498,F
47.04,89165.62,-0.7621,F
47.06,89145.06,-0.4417,F
47.08,89155.89,-0.6954,F
47.1,89143.23,-0.8499,F
47.12,89158.86,-0.6486,F
47.14,89138.3,-0.7935,F
47.16,89168.92,-1.0922,F
47.18,89157.73,-1.0621,F
47.2,89191.66,-1.1975,F
47.22,89179.61,-1.5943,F
47.24,89181.56,-1.6358,F
47.26,89170.5,-1.8349,F
47.28,89197.38,-2.6132,F
47.3,89155.73,-1.6763,F
47.32,89165.45,-1.8856,F
47.34,89223.97,-1.5875,F
47.36,89211.0,-1.988,F
47.38,89207.17,-2.0479,F
47.4,89186.77,-2.3943,F
47.42,89217.75,-2.5316,F
47.44,89108.19,-2.5113,F
47.46,89056.89,-2.7101,F
47.48,88915.48,-2.698,F
47.5,88772.42,-2.9442,F
47.52,88869.2,-3.1,F
47.54,88987.42,-3.2755,F
47.56,89116.11,-3.3005,F
47.58,89209.58,-2.9592,F
47.6,89165.42,-2.4288,F
47.62,89176.44,-1.8647,F
47.64,89167.7,-1.6062,F
47.66,89064.22,-1.3324,F
47.68,89113.73,-0.9101,F
47.7,89121.45,-0.4564,F
47.72,89139.16,-0.2304,F
47.74,89157.52,-0.2269,F
47.76,89146.56,-0.1546,F
47.78,89141.23,0.0238,F
47.8,89118.41,0.1056,F
47.82,89066.7,0.289,F
47.84,89070.58,0.3824,F
47.86,89105.62,0.333,F
47.88,89125.75,0.2611,F
47.9,89146.64,0.1852,F
47.92,89191.56,0.2659,F
47.94,89198.8,0.1814,F
47.96,89118.92,0.046,F
47.98,89131.05,0.082,F
48.0,89151.8,0.1536,F
48.02,89160.61,0.1398,F
48.04,89110.88,0.1693,F
48.06,89176.56,0.2064,F
48.08,89192.22,0.2411,F
48.1,89188.47,0.2485,F
48.12,89256.28,0.2976,F
48.14,89251.16,0.3615,F
48.16,89263.34,0.3559,F
48.18,89279.31,0.337,F
48.2,89265.78,0.4149,F
48.22,89330.27,0.3893,F
48.24,89356.23,0.4351,F
48.26,89376.36,0.4189,F
48.28,89357.19,0.4224,F
48.3,89365.12,0.5913,F
48.32,89367.92,0.2548,F
48.34,89388.25,0.2184,F
48.36,89390.64,0.1529,F
48.38,89411.23,-0.2563,F
48.4,89431.08,-0.1786,F
48.42,89448.02,-0.224,F
48.44,89462.11,-0.2244,F
48.46,89487.66,-0.3368,F
48.48,89471.3,-0.4398,F
48.5,89433.77,-0.4131,F
48.52,89421.8,-0.3655,F
48.54,89407.78,-0.5074,F
48.56,89311.86,-0.3562,F
48.58,89300.89,-0.2836,F
48.6,89316.34,-0.29,F
48.62,89309.59,-0.3796,F
48.64,89327.16,-0.3896,F
48.66,89302.34,-0.464,F
48.68,89274.66,-0.5554,F
48.7,89262.28,-0.6512,F
48.72,89236.95,-0.807,F
48.74,89238.2,-0.8416,F
48.76,89232.48,-0.9016,F
48.78,89228.78,-0.9403,F
48.8,89258.75,-0.9795,F
48.82,89297.81,-0.9888,F
48.84,89310.11,-0.9926,F
48.86,89356.56,-0.9696,F
48.88,89361.84,-1.0031,F
48.9,89408.66,-0.9316,F
48.92,89438.34,-0.8476,F
48.94,89453.58,-0.7918,F
48.96,89465.3,-0.723,F
48.98,89483.47,-0.7048,F
49.0,89475.38,-0.6549,F
49.02,89488.77,-0.5886,F
49.04,89477.67,-0.5698,F
49.06,89461.11,-0.5361,F
49.08,89437.23,-0.563,F
49.1,89412.03,-0.5798,F
49.12,89335.17,-0.5793,F
49.14,89245.39,-0.6671,F
49.16,89202.39,-0.7444,F
49.18,89257.38,-0.769,F
49.2,89249.11,-0.849,F
49.22,89254.83,-0.9439,F
49.24,89335.09,-0.9727,F
49.26,89443.31,-0.9498,F
49.28,89492.97,-0.9649,F
49.3,89469.2,-0.9954,F
49.32,89507.77,-1.0088,F
49.34,89505.88,-0.9787,F
49.36,89498.53,-0.959,F
49.38,89544.53,-0.9843,F
49.4,89524.23,-0.9612,F
49.42,89556.8,-0.9319,F
49.44,89521.92,-0.8269,F
49.46,89506.09,-0.9099,F
49.48,89486.2,-0.88,F
49.5,89443.97,-0.7879,F
49.52,89418.55,-0.7512,F
49.54,89420.27,-0.6958,F
49.56,89501.3,-0.6181,F
49.58,89595.58,-0.5527,F
49.6,89707.94,-0.5266,F
49.62,89780.98,-0.4237,F
49.64,89807.12,-0.3822,F
49.66,89748.7,-0.3182,F
49.68,89627.08,-0.1682,F
49.7,89502.88,0.0149,F
49.72,89445.95,0.1026,F
49.74,89453.08,0.1463,F
49.76,89456.39,0.2065,F
49.78,89447.66,0.1584,F
49.8,89462.77,0.1264,F
49.82,89461.09,0.0648,F
49.84,89484.72,0.0106,F
49.86,89599.73,-0.1694,F
49.88,89619.75,-0.2957,F
49.9,89679.92,-0.3662,F
49.92,89648.39,-0.4283,F
49.94,89559.94,-0.5108,F
49.96,89616.36,-0.4851,F
49.98,89500.56,-0.4106,F
50.0,89552.22,-0.31,F
50.02,89624.38,-0.2065,F
50.04,89721.48,-0.1124,F
50.06,89814.75,-0.0159,F
50.08,89830.03,0.0966,F
50.1,89791.31,0.2231,F
50.12,89681.53,0.2484,F
50.14,89605.42,0.1283,F
50.16,89567.95,0.1109,F
50.18,89546.69,0.0599,F
50.2,89709.41,-0.1407,F
50.22,89695.55,-0.2999,F
50.24,89727.5,-0.2982,F
50.26,89719.64,-0.4666,F
50.28,89759.73,-0.4557,F
50.3,89730.78,-0.3804,F
50.32,89688.17,-0.136,F
50.34,89633.09,-0.3336,F
50.36,89591.19,-0.1297,F
50.38,89670.05,0.0125,F
50.4,89781.09,0.0977,F
50.42,89871.95,0.2079,F
50.44,89931.8,0.2436,F
50.46,89781.09,0.185,F
50.48,89599.55,0.1435,F
50.5,89553.59,0.1123,F
50.52,89645.11,-0.084,F
50.54,89575.64,-0.3247,F
50.56,89648.03,-0.5443,F
50.58,89672.58,-0.6984,F
50.6,89684.53,-0.798,F
50.62,89680.17,-0.7206,F
50.64,89734.67,-0.761,F
50.66,89775.11,-0.508,F
50.68,89696.92,-0.2939,F
50.7,89837.81,-0.0359,F
50.72,90006.08,0.272,F
50.74,90050.14,0.4348,F
50.76,89902.58,0.2012,F
50.78,89797.03,0.1961,F
50.8,89823.83,0.0359,F
50.82,89779.89,-0.1004,F
50.84,89841.86,-0.1101,F
50.86,89875.89,-0.6992,F
50.88,89875.19,-0.7398,F
50.9,89874.2,-0.9465,F
50.92,89900.94,-0.515,F
50.94,89815.17,-0.0314,F
50.96,89855.05,0.2663,F
50.98,90029.83,1.2541,F
51.0,90122.52,2.0296,F
51.02,90113.0,2.623,F
51.04,90087.23,3.4968,F
51.06,90104.3,3.0368,F
51.08,90125.83,2.0615,F
51.1,90135.91,0.6041,F
51.12,90100.27,1.1189,F
51.14,90122.28,0.5276,F
51.16,90102.17,0.2308,F
51.18,90099.56,0.093,F
51.2,90135.91,0.2105,F
51.22,90168.69,0.2092,F
51.24,90198.94,0.1531,F
51.26,90221.95,0.1767,F
51.28,90246.84,0.126,F
51.3,90251.88,0.0777,F
51.32,90229.28,-0.0075,F
51.34,90223.3,-0.0514,F
51.36,90212.86,-0.1369,F
51.38,90211.02,-0.1821,F
51.4,90215.88,-0.2052,F
51.42,90234.59,-0.2399,F
51.44,90251.86,-0.2796,F
51.46,90252.12,-0.3348,F
51.48,90237.67,-0.3496,F
51.5,90230.42,-0.4008,F
51.52,90215.97,-0.3777,F
51.54,90245.75,-0.411,F
51.56,90236.83,-0.4452,F
51.58,90196.03,-0.3916,F
51.6,90151.72,-0.438,F
51.62,90255.12,-0.465,F
51.64,90247.23,-0.4744,F
51.66,90231.11,-0.4726,F
51.68,90167.86,-0.4797,F
51.7,90162.3,-0.4406,F
51.72,90271.72,-0.4567,F
51.74,90175.27,-0.4304,F
51.76,90161.67,-0.4056,F
51.78,90189.52,-0.4019,F
51.8,90171.2,-0.3939,F
51.82,90156.48,-0.359,F
51.84,90168.58,-0.3138,F
51.86,90262.22,-0.3315,F
51.88,90289.02,-0.3422,F
51.9,90320.59,-0.3389,F
51.92,90356.86,-0.2994,F
51.94,90374.33,-0.2757,F
51.96,90411.75,-0.2522,F
51.98,90410.97,-0.2566,F
52.0,90444.28,-0.2551,F
52.02,90462.12,-0.8009,F
52.04,90469.69,-0.2814,F
52.06,90482.02,-0.3532,F
52.08,90485.67,-0.3564,F
52.1,90465.7,-0.5049,F
52.12,90487.08,-0.9212,F
52.14,90470.3,-0.5658,F
52.16,90485.59,-0.4064,F
52.18,90497.06,-0.362,F
52.2,90500.89,-0.3978,F
52.22,90498.05,-0.4716,F
52.24,90493.08,-0.5909,F
52.26,90509.12,-0.4355,F
52.28,90504.56,-0.4502,F
52.3,90504.31,-0.4382,F
52.32,90494.28,-0.4822,F
52.34,90539.98,-0.4616,F
52.36,90542.84,-0.4567,F
52.38,90491.64,-0.4589,F
52.4,90475.08,-0.4678,F
52.42,90560.53,-0.5214,F
52.44,90518.25,-0.5129,F
52.46,90393.73,-0.5604,F
52.48,90481.88,-0.575,F
52.5,90431.09,-0.5976,F
52.52,90331.73,-0.6043,F
52.54,90329.88,-0.6144,F
52.56,90273.72,-0.6338,F
52.58,90238.92,-0.574,F
52.6,90183.38,-0.5512,F
52.62,90192.0,-0.5333,F
52.64,90215.0,-0.4817,F
52.66,90239.94,-0.4983,F
52.68,90338.56,-0.4942,F
52.7,90365.47,-0.4875,F
52.72,90488.95,-0.4884,F
52.74,90644.59,-0.5747,F
52.76,90726.36,-0.4788,F
52.78,90755.23,-0.5184,F
52.8,90679.5,-0.4405,F
52.82,90648.27,-0.3896,F
52.84,90491.55,-0.3123,F
52.86,90319.12,-0.1794,F
52.88,90228.98,-0.142,F
52.9,90148.75,-0.0291,F
52.92,90118.02,-0.0279,F
52.94,90131.03,0.044,F
52.96,90116.36,0.0657,F
52.98,90137.02,0.1467,F
53.0,90166.0,0.2052,F
53.02,90238.25,0.2242,F
53.04,90293.81,0.1998,F
53.06,90261.56,0.2255,F
53.08,90361.53,0.1787,F
53.1,90422.84,0.1169,F
53.12,90390.92,0.162,F
53.14,90409.06,0.2413,F
53.16,90395.25,0.0607,F
53.18,90388.77,0.1388,F
53.2,90351.59,0.0483,F
53.22,90390.03,-0.0185,F
53.24,90446.36,0.086,F
53.26,90549.69,0.0201,F
53.28,90680.72,0.0397,F
53.3,90745.72,0.1816,F
53.32,90667.73,0.1473,F
53.34,90544.83,0.122,F
53.36,90466.7,0.1839,F
53.38,90348.5,0.0904,F
53.4,90362.62,-0.0034,F
53.42,90528.19,-0.0643,F
53.44,90551.2,-0.1203,F
53.46,90572.23,-0.0614,F
53.48,90497.09,-0.2747,F
53.5,90563.48,-0.0844,F
53.52,90494.44,-0.0681,F
53.54,90504.52,0.0643,F
53.56,90362.41,0.2859,F
53.58,90367.53,0.2935,F
53.6,90503.69,0.2446,F
53.62,90678.19,0.2161,F
53.64,90849.33,0.2311,F
53.66,90755.72,0.1777,F
53.68,90480.97,0.1616,F
53.7,90374.89,0.0573,F
53.72,90447.95,0.1944,F
53.74,90441.38,0.0061,F
53.76,90491.84,-0.0461,F
53.78,90619.39,-0.1341,F
53.8,90641.11,-0.1884,F
53.82,90559.19,-0.1472,F
53.84,90676.47,-0.0973,F
53.86,90511.0,-0.0758,F
53.88,90570.02,-0.1045,F
53.9,90772.92,-0.1185,F
53.92,90846.83,-0.1084,F
53.94,90859.91,-0.0653,F
53.96,90600.25,-0.0202,F
53.98,90539.0,0.2233,F
54.0,90566.2,0.3984,F
54.02,90601.91,0.3557,F
54.04,90711.48,0.4436,F
54.06,90719.3,0.192,F
54.08,90677.11,0.0643,F
54.1,90609.69,-0.0845,F
54.12,90644.84,-0.0614,F
54.14,90728.19,-0.2061,F
54.16,90922.83,-0.071,F
54.18,90886.05,0.1766,F
54.2,90688.81,0.3427,F
54.22,90661.14,0.4855,F
54.24,90758.33,0.4276,F
54.26,90794.69,0.4433,F
54.28,90809.98,0.293,F
54.3,90794.97,0.3595,F
54.32,90721.44,0.2834,F
54.34,90730.0,0.5467,F
54.36,90836.59,0.6014,F
54.38,91013.31,0.6178,F
54.4,90856.22,0.5811,F
54.42,90648.05,0.432,F
54.44,90727.25,0.1303,F
54.46,90731.48,-0.0442,F
54.48,90801.28,-0.2253,F
54.5,90776.56,-0.165,F
54.52,90784.84,0.1394,F
54.54,90665.17,0.5517,F
54.56,90862.84,0.7458,F
54.58,91006.52,0.8121,F
54.6,90979.11,0.7464,F
54.62,90726.88,0.3624,F
54.64,90849.72,-0.0185,F
54.66,90811.73,-0.5855,F
54.68,90866.67,-0.6582,F
54.7,90885.16,-0.6563,F
54.72,90854.02,-0.5796,F
54.74,90885.39,-0.1227,F
54.76,91093.81,0.3972,F
54.78,91005.36,0.3597,F
54.8,90870.25,0.3133,F
54.82,90877.66,0.3265,F
54.84,90885.94,0.0112,F
54.86,90901.0,-0.3683,F
54.88,90885.05,-0.6414,F
54.9,90845.03,-0.6339,F
54.92,90866.3,-0.6544,F
54.94,91140.16,-0.5249,F
54.96,90970.89,0.0009,F
54.98,90840.56,0.3705,F
55.0,90850.14,0.3207,F
55.02,90957.09,0.2451,F
55.04,90870.84,-0.2231,F
55.06,90891.19,-0.611,F
55.08,90872.7,-0.6058,F
55.1,91120.3,-0.4259,F
55.12,91148.52,-0.2471,F
55.14,90902.2,-0.0863,F
55.16,90910.19,0.1327,F
55.18,90907.19,0.0418,F
55.2,90950.39,-0.0886,F
55.22,90993.84,-0.1139,F
55.24,90824.86,-0.0207,F
55.26,91058.55,-0.1159,F
55.28,91138.52,-0.0892,F
55.3,90855.47,-0.3762,F
55.32,90926.97,-0.6992,F
55.34,90948.97,-1.1922,F
55.36,90984.19,-0.9505,F
55.38,90985.02,0.1444,F
55.4,90921.67,1.0115,F
55.42,91201.95,1.0251,F
55.44,91224.44,-0.0456,F
55.46,91112.59,-0.8542,F
55.48,91085.02,-2.2406,F
55.5,91115.5,-2.4582,F
55.52,91248.77,-1.6849,F
55.54,91265.44,0.037,F
55.56,91249.98,0.7515,F
55.58,91223.12,1.347,F
55.6,91265.38,1.1704,F
55.62,91288.81,0.5092,F
55.64,91313.88,-0.4956,F
55.66,91326.97,-0.7226,F
55.68,91336.33,-0.3964,F
55.7,91335.31,-0.2219,F
55.72,91304.44,0.0363,F
55.74,91251.3,0.179,F
55.76,91325.14,0.0973,F
55.78,91286.16,0.0798,F
55.8,91275.8,-0.0009,F
55.82,91268.2,-0.0783,F
55.84,91299.94,-0.2778,F
55.86,91357.98,-0.3426,F
55.88,91353.59,-0.2917,F
55.9,91348.06,-0.283,F
55.92,91397.92,-0.2265,F
55.94,91386.94,-0.1845,F
55.96,91401.66,-0.1288,F
55.98,91429.25,-0.0569,F
56.0,91430.86,-0.0409,F
56.02,91449.2,-0.0229,F
56.04,91455.8,0.0026,F
56.06,91472.83,-0.0456,F
56.08,91477.92,-0.0483,F
56.1,91477.17,-0.0149,F
56.12,91490.98,-0.049,F
56.14,91478.25,-0.1287,F
56.16,91493.84,-0.1543,F
56.18,91498.7,-0.1652,F
56.2,91475.56,-0.2027,F
56.22,91479.22,-0.2414,F
56.24,91468.09,-0.267,F
56.26,91473.41,-0.2463,F
56.28,91471.09,-0.2366,F
56.3,91468.05,-0.2574,F
56.32,91468.09,-0.2432,F
56.34,91473.41,-0.2226,F
56.36,91487.73,-0.2405,F
56.38,91493.86,-0.2033,F
56.4,91507.06,-0.2001,F
56.42,91522.61,-0.1946,F
56.44,91553.36,-0.1853,F
56.46,91557.59,-0.1801,F
56.48,91579.91,-0.1607,F
56.5,91605.59,-0.0883,F
56.52,91627.42,0.0052,F
56.54,91644.89,0.0454,F
56.56,91663.39,-0.3861,F
56.58,91666.77,-0.5745,F
56.6,91664.72,-0.6311,F
56.62,91674.83,-0.6624,F
56.64,91673.25,-0.6385,F
56.66,91661.52,-0.6507,F
56.68,91671.33,-0.661,F
56.7,91651.97,-0.6188,F
56.72,91608.17,-0.6215,F
56.74,91592.05,-0.5275,F
56.76,91637.53,-0.5098,F
56.78,91597.17,-0.4544,F
56.8,91580.06,-0.5043,F
56.82,91515.52,-0.4491,F
56.84,91527.8,-0.4355,F
56.86,91544.52,-0.4154,F
56.88,91496.45,-0.3504,F
56.9,91460.03,-0.339,F
56.92,91461.39,-0.3571,F
56.94,91385.53,-0.3316,F
56.96,91285.73,-0.2702,F
56.98,91249.06,-0.3021,F
57.0,91279.52,-0.324,F
57.02,91279.23,-0.3158,F
57.04,91275.55,-0.2021,F
57.06,91299.14,-0.1513,F
57.08,91325.22,-0.165,F
57.1,91383.33,-0.1384,F
57.12,91427.58,-0.0063,F
57.14,91496.59,-0.1548,F
57.16,91584.02,-0.1197,F
57.18,91709.39,-0.0816,F
57.2,91772.39,-0.0627,F
57.22,91773.38,0.0028,F
57.24,91733.91,0.0565,F
57.26,91633.58,0.1145,F
57.28,91511.72,0.1796,F
57.3,91432.14,0.2629,F
57.32,91332.97,0.4099,F
57.34,91293.31,0.4288,F
57.36,91360.36,0.4281,F
57.38,91341.11,0.372,F
57.4,91366.92,0.2556,F
57.42,91396.19,0.105,F
57.44,91429.84,0.0601,F
57.46,91522.62,-0.0793,F
57.48,91547.0,-0.1724,F
57.5,91526.55,-0.3013,F
57.52,91475.66,-0.1801,F
57.54,91543.66,-0.1687,F
57.56,91554.88,-0.1929,F
57.58,91547.41,-0.1538,F
57.6,91399.25,-0.0189,F
57.62,91403.52,-0.0315,F
57.64,91402.11,-0.0798,F
57.66,91435.72,-0.1242,F
57.68,91512.73,-0.0984,F
57.7,91644.48,-0.138,F
57.72,91813.47,-0.1327,F
57.74,91910.88,-0.4261,F
57.76,91927.55,-0.4563,F
57.78,91836.95,-0.599,F
57.8,91747.23,-0.6189,F
57.82,91649.34,-0.5642,F
57.84,91602.45,-0.5928,F
57.86,91655.09,-0.6866,F
57.88,91639.09,-0.6892,F
57.9,91621.77,-0.6681,F
57.92,91729.73,-0.6374,F
57.94,91734.94,-0.4721,F
57.96,91759.2,-0.4165,F
57.98,91728.98,-0.3617,F
58.0,91801.77,-0.444,F
58.02,91798.75,-0.1904,F
58.04,91803.8,-0.0876,F
58.06,91851.16,-0.233,F
58.08,91827.78,0.0145,F
58.1,91821.03,0.0192,F
58.12,91704.23,0.094,F
58.14,91701.64,0.0295,F
58.16,91684.97,-0.0246,F
58.18,91686.83,-0.1997,F
58.2,91696.88,-0.2543,F
58.22,91781.17,-0.2478,F
58.24,91876.55,-0.2638,F
58.26,92031.12,-0.2992,F
58.28,92109.45,-0.2338,F
58.3,92031.91,-0.2294,F
58.32,91960.73,-0.162,F
58.34,91800.27,-0.0447,F
58.36,91650.59,0.1277,F
58.38,91751.09,0.2437,F
58.4,91745.48,0.2207,F
58.42,91757.88,0.1915,F
58.44,91781.34,0.1503,F
58.46,91862.95,0.0515,F
58.48,91832.66,-0.0727,F
58.5,91831.75,-0.2015,F
58.52,91839.05,-0.2935,F
58.54,91853.8,-0.3218,F
58.56,91805.28,-0.3175,F
58.58,91699.64,-0.236,F
58.6,91749.58,-0.1766,F
58.62,91945.75,0.0349,F
58.64,92108.81,0.2845,F
58.66,92144.56,0.5702,F
58.68,92000.42,0.5134,F
58.7,91825.97,0.3611,F
58.72,91793.62,0.1836,F
58.74,91874.45,-0.2762,F
58.76,91845.2,-0.3815,F
58.78,91966.59,-1.02,F
58.8,92029.81,-1.6705,F
58.82,92038.7,-1.8063,F
58.84,92083.03,-1.5129,F
58.86,92068.92,-1.4269,F
58.88,92060.5,-0.5316,F
58.9,92130.92,-0.1369,F
58.92,92284.34,0.7175,F
58.94,92294.19,0.9104,F
58.96,92237.27,0.7157,F
58.98,92212.28,0.3602,F
59.0,92213.34,0.2243,F
59.02,92223.81,-0.1976,F
59.04,92226.98,-0.5049,F
59.06,92246.05,-0.6872,F
59.08,92270.88,-0.7325,F
59.1,92261.8,-0.7405,F
59.12,92189.67,-0.7059,F
59.14,92192.47,-0.5754,F
59.16,92108.34,-0.6006,F
59.18,92132.23,-0.5429,F
59.2,92168.34,-0.4946,F
59.22,92222.5,-0.4199,F
59.24,92278.56,-0.3746,F
59.26,92359.34,-0.2602,F
59.28,92427.05,-0.1453,F
59.3,92437.78,-0.1419,F
59.32,92438.39,-0.1607,F
59.34,92422.69,-0.1397,F
59.36,92365.83,-0.1491,F
59.38,92356.44,-0.1556,F
59.4,92323.3,-0.2175,F
59.42,92340.77,-0.1901,F
59.44,92309.97,-0.1779,F
59.46,92354.45,-0.2377,F
59.48,92339.8,-0.2785,F
59.5,92409.75,-0.3051,F
59.52,92385.97,-0.3723,F
59.54,92421.95,-0.4016,F
59.56,92410.95,-0.4716,F
59.58,92440.05,-0.5462,F
59.6,92464.64,-0.5997,F
59.62,92409.58,-0.6072,F
59.64,92420.34,-0.6307,F
59.66,92385.28,-0.6609,F
59.68,92341.88,-0.605,F
59.7,92308.45,-0.5739,F
59.72,92387.42,-0.5184,F
59.74,92327.59,-0.5136,F
59.76,92328.44,-0.5187,F
59.78,92298.38,-0.4399,F
59.8,92213.56,-0.4045,F
59.82,92246.62,-0.3836,F
59.84,92251.06,-0.3415,F
59.86,92223.52,-0.3574,F
59.88,92226.27,-0.3354,F
59.9,92246.69,-0.3245,F
59.92,92277.78,-0.3199,F
59.94,92265.61,-0.3149,F
59.96,92268.45,-0.3348,F
59.98,92285.53,-0.3106,F
60.0,92342.25,-0.3089,F
60.02,92416.73,-0.3137,F
60.04,92383.72,-0.318,F
60.06,92435.61,-0.2692,F
60.08,92499.7,-0.2258,F
60.1,92443.47,-0.0065,F
60.12,92534.64,-0.1838,F
60.14,92540.75,-0.2271,F
60.16,92586.83,-0.162,F
60.18,92619.61,-0.1752,F
60.2,92616.38,-0.2598,F
60.22,92634.95,-0.2637,F
60.24,92660.91,-0.2696,F
60.26,92659.31,-0.2761,F
60.28,92691.48,-0.2684,F
60.3,92693.44,-0.2679,F
60.32,92715.81,-0.2903,F
60.34,92702.3,-0.3133,F
60.36,92687.19,-0.3339,F
60.38,92692.16,-0.3309,F
60.4,92670.0,-0.3067,F
60.42,92666.27,-0.2146,F
60.44,92666.19,-0.3017,F
60.46,92686.33,-0.3004,F
60.48,92602.23,-0.5026,F
60.5,92669.3,-0.3899,F
60.52,92720.66,-0.2871,F
60.54,92691.08,-0.3427,F
60.56,92670.66,-0.334,F
60.58,92671.84,-0.4245,F
60.6,92715.61,-0.3206,F
60.62,92737.75,-0.3191,F
60.64,92705.47,-0.3724,F
60.66,92734.08,-0.3954,F
60.68,92738.33,-0.4063,F
60.7,92786.42,-0.3847,F
60.72,92791.22,-0.3877,F
60.74,92805.41,-0.4179,F
60.76,92812.55,-0.4248,F
60.78,92841.72,-0.3752,F
60.8,92860.64,-0.3464,F
60.82,92892.38,-0.326,F
60.84,92907.33,-0.3195,F
60.86,92905.84,-0.3225,F
60.88,92912.31,-0.2761,F
60.9,92922.52,-0.294,F
60.92,92931.5,-0.3445,F
60.94,92937.53,-0.289,F
60.96,92937.72,-0.301,F
60.98,92937.83,-0.3226,F
61.0,92950.45,-0.369,F
61.02,92952.89,-0.3703,F
61.04,92962.33,-0.3432,F
61.06,92960.08,-0.3668,F
61.08,92966.09,-0.4159,F
61.1,92977.94,-0.3897,F
61.12,92975.58,-0.406,F
61.14,92983.39,-0.3858,F
61.16,92991.62,-0.4321,F
61.18,92987.05,-0.4542,F
61.2,92996.72,-0.4572,F
61.22,92993.36,-0.4455,F
61.24,92995.47,-0.4767,F
61.26,92991.62,-0.4805,F
61.28,92980.77,-0.504,F
61.3,92972.28,-0.5322,F
61.32,92980.52,-0.5377,F
61.34,92979.52,-0.5089,F
61.36,92979.59,-0.4655,F
61.38,92967.67,-0.4676,F
61.4,92957.7,-0.4765,F
61.42,92974.88,-0.4357,F
61.44,92988.39,-0.4882,F
61.46,92977.03,-0.461,F
61.48,92997.62,-0.4088,F
61.5,93000.48,-0.4736,F
61.52,93014.41,-0.4117,F
61.54,93024.88,-0.4051,F
61.56,93048.23,-0.3543,F
61.58,93093.09,-0.3599,F
61.6,93106.06,-0.3919,F
61.62,93125.34,-0.3732,F
61.64,93135.31,-0.3476,F
61.66,93150.69,-0.3411,F
61.68,93169.45,-0.279,F
61.7,93184.84,-0.3093,F
61.72,93189.78,-0.3081,F
61.74,93205.92,-0.3437,F
61.76,93211.08,-0.3474,F
61.78,93215.45,-0.3548,F
61.8,93226.8,-0.3972,F
61.82,93232.16,-0.3692,F
61.84,93236.47,-0.3806,F
61.86,93233.38,-0.345,F
61.88,93228.59,-0.3896,F
61.9,93232.27,-0.371,F
61.92,93237.83,-0.3903,F
61.94,93234.41,-0.4296,F
61.96,93210.88,-0.4035,F
61.98,93193.77,-0.4038,F
62.0,93136.33,-0.4312,F
62.02,93120.75,-0.3936,F
62.04,93114.75,-0.3939,F
62.06,93084.62,-0.4118,F
62.08,93106.44,-0.4451,F
62.1,93050.31,-0.4453,F
62.12,93147.25,-0.501,F
62.14,93114.45,-0.4942,F
62.16,93162.7,-0.5151,F
62.18,93147.03,-0.5374,F
62.2,93181.12,-0.5271,F
62.22,93284.86,-0.5454,F
62.24,93386.11,-0.4712,F
62.26,93426.86,-0.4224,F
62.28,93437.8,-0.4204,F
62.3,93449.28,-0.3178,F
62.32,93419.53,-0.2709,F
62.34,93393.98,-0.2938,F
62.36,93363.97,-0.2537,F
62.38,93339.58,-0.26,F
62.4,93281.22,-0.2156,F
62.42,93227.34,-0.1829,F
62.44,93120.83,-0.1898,F
62.46,93021.7,-0.0728,F
62.48,92938.3,-0.1365,F
62.5,92907.34,-0.0724,F
62.52,92865.19,-0.0609,F
62.54,92862.28,-0.038,F
62.56,92926.0,-0.0574,F
62.58,92940.2,-0.0855,F
62.6,93016.78,-0.0698,F
62.62,93081.16,-0.0449,F
62.64,93061.91,-0.0931,F
62.66,93076.88,-0.0495,F
62.68,93018.45,-0.1273,F
62.7,93096.81,0.1276,F
62.72,93169.66,-0.1163,F
62.74,93175.45,-0.1034,F
62.76,93146.64,-0.2221,F
62.78,93085.5,-0.1927,F
62.8,93146.69,-0.1488,F
62.82,93152.09,-0.1981,F
62.84,93108.97,-0.2221,F
62.86,93108.05,-0.2978,F
62.88,93008.88,-0.2869,F
62.9,92902.12,-0.4114,F
62.92,92882.86,-0.4164,F
62.94,92910.78,-0.3496,F
62.96,92952.16,-0.2984,F
62.98,93007.31,-0.271,F
63.0,93114.59,-0.3309,F
63.02,93238.94,-0.3046,F
63.04,93268.52,-0.1662,F
63.06,93383.06,-0.155,F
63.08,93439.22,-0.0701,F
63.1,93412.89,-0.0314,F
63.12,93328.14,-0.1188,F
63.14,93210.27,-0.1024,F
63.16,93181.47,-0.0029,F
63.18,93102.11,0.2004,F
63.2,93040.12,0.1343,F
63.22,93068.11,0.147,F
63.24,93112.38,0.1403,F
63.26,93135.56,0.1178,F
63.28,93115.7,0.0662,F
63.3,93180.86,-0.0281,F
63.32,93284.0,-0.1647,F
63.34,93278.28,-0.3083,F
63.36,93285.19,-0.4175,F
63.38,93301.66,-0.3519,F
63.4,93261.05,-0.3849,F
63.42,93272.44,-0.4114,F
63.44,93216.27,-0.3951,F
63.46,93211.31,-0.3296,F
63.48,93253.08,-0.3056,F
63.5,93148.23,-0.2901,F
63.52,93210.05,-0.2013,F
63.54,93299.14,-0.0651,F
63.56,93416.12,0.0258,F
63.58,93558.53,0.1759,F
63.6,93571.38,0.1877,F
63.62,93502.64,0.1415,F
63.64,93365.0,0.1612,F
63.66,93232.72,0.2682,F
63.68,93233.19,-0.0004,F
63.7,93261.0,0.0125,F
63.72,93207.3,-0.2019,F
63.74,93242.39,-0.4284,F
63.76,93330.08,-0.5698,F
63.78,93353.14,-0.5895,F
63.8,93423.67,-0.5627,F
63.82,93452.22,-0.5517,F
63.84,93449.02,-0.4943,F
63.86,93413.42,-0.5313,F
63.88,93429.94,-0.4921,F
63.9,93437.78,-0.4132,F
63.92,93482.11,-0.5435,F
63.94,93482.75,-0.5052,F
63.96,93485.08,-0.3246,F
63.98,93495.03,-0.2322,F
64.0,93431.94,-0.1414,F
64.02,93478.98,-0.1017,F
64.04,93475.05,-0.0882,F
64.06,93484.62,-0.1112,F
64.08,93444.19,-0.055,F
64.1,93422.94,0.1117,F
64.12,93464.88,-0.8047,F
64.14,93439.67,-0.5177,F
64.16,93429.19,-0.5077,F
64.18,93403.14,-0.6064,F
64.2,93497.11,-0.7224,F
64.22,93745.28,-0.8495,F
64.24,93778.59,-0.283,F
64.26,93647.5,-0.3426,F
64.28,93411.06,0.5747,F
64.3,93533.83,0.7229,F
64.32,93583.02,0.2429,F
64.34,93604.39,-0.4576,F
64.36,93580.52,-0.9268,F
64.38,93451.81,-1.5315,F
64.4,93519.78,-2.055,F
64.42,93765.89,-1.4151,F
64.44,93774.25,-0.5186,F
64.46,93496.03,0.3936,F
64.48,93549.92,0.5482,F
64.5,93609.5,0.3482,F
64.52,93677.03,-0.2862,F
64.54,93622.61,-1.4394,F
64.56,93515.42,-1.5337,F
64.58,93716.52,-0.7639,F
64.6,93849.94,-0.2931,F
64.62,93757.67,0.8303,F
64.64,93566.11,0.5697,F
64.66,93640.56,0.0257,F
64.68,93677.84,-0.4222,F
64.7,93626.12,-0.9238,F
64.72,93586.5,-1.1545,F
64.74,93618.47,-0.9389,F
64.76,93860.64,-0.2051,F
64.78,93664.14,0.1048,F
64.8,93599.77,0.6216,F
64.82,93650.41,0.8721,F
64.84,93697.45,0.2883,F
64.86,93665.58,-0.3149,F
64.88,93586.61,-0.431,F
64.9,93782.88,-0.6422,F
64.92,93903.86,-0.5267,F
64.94,93723.33,-0.3127,F
64.96,93620.12,0.3082,F
64.98,93660.12,0.0047,F
65.0,93694.84,-0.0088,F
65.02,93725.94,-0.0372,F
65.04,93658.64,-0.0561,F
65.06,93870.62,-0.4473,F
65.08,93785.02,-0.5776,F
65.1,93718.22,-0.9659,F
65.12,93795.69,-0.4495,F
65.14,93730.17,-0.1767,F
65.16,93785.27,0.0674,F
65.18,93732.92,0.215,F
65.2,93917.58,-0.1509,F
65.22,93922.31,-0.6256,F
65.24,93684.81,-0.7656,F
65.26,93773.92,-0.7078,F
65.28,93808.91,-0.4878,F
65.3,93862.23,0.1145,F
65.32,93767.53,0.138,F
65.34,93838.41,0.0754,F
65.36,94062.66,-0.2728,F
65.38,93804.39,-0.6825,F
65.4,93798.53,-0.8677,F
65.42,93855.66,-0.6564,F
65.44,93897.5,-0.1134,F
65.46,93902.89,0.0872,F
65.48,93805.88,0.1394,F
65.5,94021.09,-0.301,F
65.52,94075.81,-0.707,F
65.54,93803.41,-0.6397,F
65.56,93764.33,-0.1744,F
65.58,93914.69,0.1546,F
65.6,93984.88,0.8861,F
65.62,94005.66,1.5685,F
65.64,94028.08,1.3022,F
65.66,94045.75,-0.3838,F
65.68,94074.09,-1.707,F
65.7,94063.77,-2.0441,F
65.72,94076.34,-2.0222,F
65.74,94057.55,-1.7954,F
65.76,94003.48,-0.419,F
65.78,93957.3,0.5198,F
65.8,93947.3,0.8207,F
65.82,93969.53,0.8435,F
65.84,94018.91,0.9118,F
65.86,94133.47,0.5141,F
65.88,94230.53,0.2531,F
65.9,94235.66,0.0851,F
65.92,94223.75,0.0835,F
65.94,94123.89,0.0093,F
65.96,94036.44,-0.1077,F
65.98,93941.62,-0.3192,F
66.0,93908.95,-0.3991,F
66.02,93871.72,-0.2569,F
66.04,93933.22,-0.3661,F
66.06,93997.3,-0.4245,F
66.08,94078.81,-0.447,F
66.1,94103.0,-0.3564,F
66.12,94133.94,-0.3235,F
66.14,94086.0,-0.1966,F
66.16,94057.38,-0.1594,F
66.18,94143.09,-0.0312,F
66.2,94139.81,0.0594,F
66.22,94062.78,-0.0079,F
66.24,94055.23,0.0211,F
66.26,94108.86,-0.0294,F
66.28,94111.75,-0.0527,F
66.3,94090.42,-0.0073,F
66.32,94181.14,-0.037,F
66.34,94209.86,-0.1228,F
66.36,94252.67,-0.1232,F
66.38,94284.22,-0.16,F
66.4,94317.44,-0.2178,F
66.42,94324.97,-0.2304,F
66.44,94331.8,-0.2639,F
66.46,94335.98,-0.2597,F
66.48,94344.92,-0.2507,F
66.5,94348.3,-0.2838,F
66.52,94345.27,-0.3026,F
66.54,94359.36,-0.2877,F
66.56,94352.34,-0.2993,F
66.58,94359.17,-0.3093,F
66.6,94370.19,-0.3001,F
66.62,94375.42,-0.304,F
66.64,94374.27,-0.3199,F
66.66,94375.45,-0.3296,F
66.68,94371.48,-0.3251,F
66.7,94352.91,-0.2957,F
66.72,94347.83,-0.2776,F
66.74,94332.7,-0.2556,F
66.76,94324.98,-0.2279,F
66.78,94307.8,-0.2241,F
66.8,94307.09,-0.2075,F
66.82,94300.55,-0.1835,F
66.84,94298.91,-0.1636,F
66.86,94326.05,-0.1729,F
66.88,94295.73,-0.1636,F
66.9,94341.2,-0.191,F
66.92,94257.34,-0.1807,F
66.94,94323.12,-0.1728,F
66.96,94372.39,-0.1778,F
66.98,94389.78,-0.1976,F
67.0,94406.28,-0.2087,F
67.02,94335.33,-0.1751,F
67.04,94416.47,-0.1945,F
67.06,94407.38,-0.2311,F
67.08,94440.03,-0.2084,F
67.1,94435.09,-0.2116,F
67.12,94363.64,-0.2381,F
67.14,94378.72,-0.2514,F
67.16,94389.05,-0.251,F
67.18,94399.98,-0.2828,F
67.2,94481.47,-0.3625,F
67.22,94477.75,-0.2207,F
67.24,94501.66,-0.3084,F
67.26,94537.69,-0.337,F
67.28,94511.53,-0.3138,F
67.3,94579.88,-0.3614,F
67.32,94573.31,-0.3499,F
67.34,94576.5,-0.334,F
67.36,94547.7,-0.3731,F
67.38,94620.84,-0.3778,F
67.4,94649.0,-0.365,F
67.42,94669.78,-0.3645,F
67.44,94673.06,-0.3142,F
67.46,94660.06,-0.3344,F
67.48,94649.59,-0.3431,F
67.5,94715.3,-0.342,F
67.52,94705.27,-0.3214,F
67.54,94702.89,-0.2881,F
67.56,94709.33,-0.2706,F
67.58,94715.42,-0.2773,F
67.6,94725.03,-0.2609,F
67.62,94718.75,-0.2658,F
67.64,94721.75,-0.4163,F
67.66,94723.7,-1.0959,F
67.68,94713.06,-0.4513,F
67.7,94698.31,-0.2581,F
67.72,94693.69,-0.2841,F
67.74,94688.78,-0.2844,F
67.76,94689.64,-0.2842,F
67.78,94672.2,-0.3563,F
67.8,94703.08,-0.3066,F
67.82,94682.03,-0.3989,F
67.84,94677.02,-0.4037,F
67.86,94708.81,-0.314,F
67.88,94737.06,-0.452,F
67.9,94730.23,-0.4325,F
67.92,94761.81,-0.49,F
67.94,94770.7,-0.4708,F
67.96,94783.41,-0.4488,F
67.98,94810.75,-0.4583,F
68.0,94808.77,-0.4837,F
68.02,94837.8,-0.4727,F
68.04,94823.44,-0.464,F
68.06,94848.95,-0.5203,F
68.08,94836.03,-0.4931,F
68.1,94835.83,-0.4809,F
68.12,94891.09,-0.4742,F
68.14,94870.61,-0.462,F
68.16,94904.14,-0.4534,F
68.18,94896.67,-0.4212,F
68.2,94915.5,-0.4297,F
68.22,94921.88,-0.4069,F
68.24,94913.08,-0.4149,F
68.26,94902.41,-0.3827,F
68.28,94895.31,-0.3629,F
68.3,94902.58,-0.3334,F
68.32,94913.48,-0.3307,F
68.34,94903.44,-0.3288,F
68.36,94896.31,-0.3521,F
68.38,94910.94,-0.3531,F
68.4,94936.06,-0.329,F
68.42,94909.8,-0.3437,F
68.44,94893.33,-0.3409,F
68.46,94935.03,-0.3688,F
68.48,94888.56,-0.3635,F
68.5,94905.53,-0.3679,F
68.52,94952.06,-0.4364,F
68.54,94961.91,-0.5136,F
68.56,94957.53,-0.5068,F
68.58,94936.91,-0.5057,F
68.6,94975.91,-0.6465,F
68.62,94977.61,-0.781,F
68.64,94965.73,-0.8127,F
68.66,94978.16,-0.8379,F
68.68,94994.67,-0.9323,F
68.7,94942.75,-0.9854,F
68.72,94948.27,-0.98,F
68.74,94920.22,-1.0686,F
68.76,94926.34,-1.165,F
68.78,94797.5,-1.3076,F
68.8,94929.77,-1.4969,F
68.82,94796.58,-1.5157,F
68.84,94659.98,-1.6227,F
68.86,94605.94,-1.5946,F
68.88,94606.81,-1.5523,F
68.9,94556.42,-1.5199,F
68.92,94538.39,-1.505,F
68.94,94496.7,-1.4371,F
68.96,94573.78,-1.3338,F
68.98,94745.83,-1.1296,F
69.0,94851.05,-0.9978,F
69.02,94951.78,-0.7549,F
69.04,94992.84,-0.4067,F
69.06,94971.45,-0.194,F
69.08,94913.83,0.1133,F
69.1,94934.52,-0.0056,F
69.12,94994.78,0.3671,F
69.14,94998.69,0.2172,F
69.16,94991.28,0.1945,F
69.18,94994.92,0.1703,F
69.2,94973.5,0.1071,F
69.22,94981.73,0.0357,F
69.24,94996.22,0.0556,F
69.26,95038.2,-0.0284,F
69.28,94992.08,-0.14,F
69.3,95007.59,-0.1861,F
69.32,94934.59,-0.1962,F
69.34,94947.28,-0.2478,F
69.36,95010.39,-0.2319,F
69.38,94962.5,-0.2299,F
69.4,94979.0,-0.2335,F
69.42,94892.31,-0.2188,F
69.44,94976.0,-0.2215,F
69.46,94954.14,-0.2453,F
69.48,94974.31,-0.2354,F
69.5,94918.23,-0.2719,F
69.52,94902.77,-0.2566,F
69.54,94895.66,-0.2507,F
69.56,94934.41,-0.3036,F
69.58,94940.41,-0.3274,F
69.6,94938.59,-0.3428,F
69.62,94996.22,-0.3935,F
69.64,94912.61,-0.393,F
69.66,94948.98,-0.4221,F
69.68,94983.27,-0.4205,F
69.7,94935.36,-0.4014,F
69.72,95024.59,-0.4297,F
69.74,94990.0,-0.4352,F
69.76,94997.06,-0.3999,F
69.78,95050.7,-0.4103,F
69.8,95060.5,-0.3702,F
69.82,95031.23,-0.3463,F
69.84,95035.31,-0.3568,F
69.86,95050.58,-0.3417,F
69.88,95123.88,-0.3413,F
69.9,95083.42,-0.3966,F
69.92,95056.02,-0.3707,F
69.94,95092.27,-0.4101,F
69.96,95093.52,-0.3917,F
69.98,95076.36,-0.4014,F
70.0,95045.2,-0.3978,F
70.02,95082.09,-0.4034,F
70.04,95078.2,-0.3972,F
70.06,95084.06,-0.4117,F
70.08,95100.25,-0.4255,F
70.1,95114.2,-0.445,F
70.12,95136.12,-0.4305,F
70.14,95144.2,-0.4122,F
70.16,95140.52,-0.4707,F
70.18,95140.34,-0.5092,F
70.2,95183.0,-0.5379,F
70.22,95196.89,-0.5951,F
70.24,95238.7,-0.6167,F
70.26,95211.69,-0.6861,F
70.28,95280.69,-0.7274,F
70.3,95296.59,-0.6787,F
70.32,95195.31,-0.6884,F
70.34,95270.3,-0.6575,F
70.36,95215.84,-0.6419,F
70.38,95201.59,-0.6147,F
70.4,95209.75,-0.6556,F
70.42,95212.22,-0.6066,F
70.44,95216.2,-0.5974,F
70.46,95201.66,-0.5753,F
70.48,95231.31,-0.5293,F
70.5,95188.14,-0.5007,F
70.52,95223.78,-0.4739,F
70.54,95238.72,-0.4031,F
70.56,95192.75,-0.373,F
70.58,95119.17,-0.3642,F
70.6,95123.8,-0.4068,F
70.62,95160.28,-0.3643,F
70.64,95145.22,-0.3432,F
70.66,95239.45,-0.2964,F
70.68,95214.05,-0.2569,F
70.7,95227.08,-0.2011,F
70.72,95232.98,-0.1397,F
70.74,95230.06,-0.1655,F
70.76,95307.48,-0.1841,F
70.78,95403.2,-0.2214,F
70.8,95485.53,-0.2467,F
70.82,95549.62,-0.3219,F
70.84,95595.27,-0.2923,F
70.86,95583.25,-0.2906,F
70.88,95545.05,-0.3176,F
70.9,95437.97,-0.2858,F
70.92,95368.62,-0.2372,F
70.94,95315.53,-0.2451,F
70.96,95289.06,-0.2704,F
70.98,95309.64,-0.2474,F
71.0,95317.19,-0.2321,F
71.02,95383.8,-0.2197,F
71.04,95366.7,-0.2554,F
71.06,95366.53,-0.284,F
71.08,95386.59,-0.3297,F
71.1,95379.36,-0.3874,F
71.12,95410.42,-0.3417,F
71.14,95425.44,-0.2881,F
71.16,95402.56,-0.2045,F
71.18,95396.3,-0.1257,F
71.2,95449.66,-0.0847,F
71.22,95474.3,-0.2564,F
71.24,95490.56,-0.3132,F
71.26,95523.11,-0.3515,F
71.28,95437.0,-0.5609,F
71.3,95440.05,-0.7987,F
71.32,95468.52,-0.945,F
71.34,95463.69,-1.3848,F
71.36,95539.3,-1.6709,F
71.38,95578.94,-1.9166,F
71.4,95658.73,-2.054,F
71.42,95667.69,-2.1307,F
71.44,95669.84,-1.9787,F
71.46,95637.97,-2.2923,F
71.48,95575.16,-2.0982,F
71.5,95605.97,-1.9631,F
71.52,95608.67,-1.6987,F
71.54,95650.11,-1.1946,F
71.56,95651.09,-0.5142,F
71.58,95671.45,-0.1832,F
71.6,95684.11,0.0131,F
71.62,95690.91,0.0746,F
71.64,95666.36,0.0434,F
71.66,95685.64,0.0586,F
71.68,95710.75,0.015,F
71.7,95725.12,-0.147,F
71.72,95755.98,-0.1336,F
71.74,95773.0,-0.2363,F
71.76,95773.83,-0.2402,F
71.78,95792.41,-0.2735,F
71.8,95799.72,-0.3189,F
71.82,95803.02,-0.2945,F
71.84,95809.25,-0.3187,F
71.86,95818.34,-0.3526,F
71.88,95806.44,-0.3317,F
71.9,95782.05,-0.3696,F
71.92,95832.3,-0.3668,F
71.94,95831.11,-0.3246,F
71.96,95758.8,-0.3587,F
71.98,95743.31,-0.2896,F
72.0,95756.75,-0.2558,F
72.02,95750.83,-0.2887,F
72.04,95802.08,-0.2592,F
72.06,95791.41,-0.2156,F
72.08,95760.45,-0.1927,F
72.1,95724.69,-0.133,F
72.12,95709.73,-0.0939,F
72.14,95732.19,-0.0644,F
72.16,95674.34,-0.0049,F
72.18,95696.06,-0.0381,F
72.2,95665.22,-0.0674,F
72.22,95686.47,-0.0501,F
72.24,95662.44,-0.0946,F
72.26,95628.95,-0.1051,F
72.28,95663.73,-0.1135,F
72.3,95654.02,-0.127,F
72.32,95695.64,-0.1602,F
72.34,95674.72,-0.1604,F
72.36,95688.73,-0.1515,F
72.38,95682.75,-0.1364,F
72.4,95671.33,-0.1633,F
72.42,95734.52,-0.1562,F
72.44,95681.47,-0.1351,F
72.46,95645.5,-0.1754,F
72.48,95728.23,-0.2421,F
72.5,95772.58,-0.275,F
72.52,95818.81,-0.2356,F
72.54,95880.69,-0.1552,F
72.56,95915.81,-0.1264,F
72.58,95936.77,-0.1779,F
72.6,96020.59,-0.1945,F
72.62,96040.17,-0.2128,F
72.64,96054.53,-0.1881,F
72.66,96066.56,-0.1995,F
72.68,96045.8,-0.2894,F
72.7,96011.62,-0.6641,F
72.72,95986.64,-0.7105,F
72.74,95947.08,-0.9468,F
72.76,95908.95,-0.9945,F
72.78,95887.97,-0.884,F
72.8,95862.75,-0.8252,F
72.82,95915.58,-0.672,F
72.84,95940.39,-0.6213,F
72.86,96019.36,-0.4568,F
72.88,96025.97,-0.3129,F
72.9,96113.97,-0.2138,F
72.92,96096.05,-0.1366,F
72.94,96086.91,-0.1118,F
72.96,96127.88,-0.0859,F
72.98,96138.19,-0.1167,F
73.0,96106.61,-0.1753,F
73.02,96113.41,-0.1895,F
73.04,96102.67,-0.2207,F
73.06,96091.89,-0.2354,F
73.08,96083.25,-0.2226,F
73.1,96033.39,-0.2599,F
73.12,96017.44,-0.2412,F
73.14,96031.09,-0.2427,F
73.16,96066.12,-0.2109,F
73.18,96062.94,-0.1724,F
73.2,96088.2,-0.3041,F
73.22,96071.14,-0.3292,F
73.24,96125.73,-0.3425,F
73.26,96103.14,-0.1715,F
73.28,96140.22,-0.2757,F
73.3,96121.8,-0.2668,F
73.32,96210.39,-0.1541,F
73.34,96238.27,-0.2668,F
73.36,96224.7,-0.209,F
73.38,96209.89,-0.255,F
73.4,96226.09,-0.2028,F
73.42,96251.88,-0.2884,F
73.44,96230.95,-0.1775,F
73.46,96230.08,-0.1272,F
73.48,96225.95,-0.1698,F
73.5,96247.41,-0.1527,F
73.52,96266.78,-0.1467,F
73.54,96192.92,-0.0942,F
73.56,96276.45,-0.1084,F
73.58,96161.11,-0.0136,F
73.6,96256.48,-0.1211,F
73.62,96182.3,-0.0784,F
73.64,96312.06,-0.0202,F
73.66,96221.48,-0.0406,F
73.68,96323.52,0.0871,F
73.7,96241.81,0.0896,F
73.72,96297.08,0.045,F
73.74,96285.14,0.0228,F
73.76,96336.52,-0.0205,F
73.78,96301.73,-0.0706,F
73.8,96341.03,-0.1327,F
73.82,96360.97,-0.1845,F
73.84,96403.31,-0.1738,F
73.86,96358.62,-0.1955,F
73.88,96391.41,-0.1947,F
73.9,96363.22,-0.1976,F
73.92,96429.47,-0.2109,F
73.94,96401.27,-0.2358,F
73.96,96469.52,-0.2527,F
73.98,96456.52,-0.2769,F
74.0,96482.0,-0.2719,F
74.02,96487.39,-0.2823,F
74.04,96502.52,-0.289,F
74.06,96519.88,-0.2779,F
74.08,96520.75,-0.2997,F
74.1,96527.84,-0.297,F
74.12,96543.09,-0.311,F
74.14,96547.14,-0.3112,F
74.16,96579.06,-0.3079,F
74.18,96600.16,-0.322,F
74.2,96594.08,-0.319,F
74.22,96582.17,-0.3158,F
74.24,96576.31,-0.3097,F
74.26,96586.81,-0.3277,F
74.28,96589.28,-0.3469,F
74.3,96593.42,-0.3408,F
74.32,96591.09,-0.3304,F
74.34,96585.05,-0.3385,F
74.36,96601.72,-0.3164,F
74.38,96602.2,-0.3462,F
74.4,96619.58,-0.3701,F
74.42,96634.86,-0.4082,F
74.44,96641.59,-0.3907,F
74.46,96652.5,-0.3504,F
74.48,96662.05,-0.2956,F
74.5,96675.03,-0.2882,F
74.52,96684.95,-0.2782,F
74.54,96694.91,-0.3183,F
74.56,96708.69,-0.369,F
74.58,96715.45,-0.3762,F
74.6,96721.31,-0.3388,F
74.62,96722.64,-0.3155,F
74.64,96757.23,-0.2926,F
74.66,96742.86,-0.2789,F
74.68,96778.59,-0.2892,F
74.7,96781.14,-0.3244,F
74.72,96781.62,-0.4039,F
74.74,96802.52,-0.3234,F
74.76,96817.94,-0.5049,F
74.78,96786.53,-0.4205,F
74.8,96798.66,-0.3395,F
74.82,96787.34,-0.2907,F
74.84,96788.66,-0.3892,F
74.86,96820.78,-0.4224,F
74.88,96823.88,-0.453,F
74.9,96863.47,-0.3975,F
74.92,96834.14,-0.4691,F
74.94,96866.62,-0.4407,F
74.96,96862.61,-0.4087,F
74.98,96870.06,-0.416,F
75.0,96863.75,-0.4735,F
75.02,96884.81,-0.7839,F
75.04,96927.81,-0.9005,F
75.06,96911.67,-0.9773,F
75.08,96923.62,-1.6729,F
75.1,96951.36,-2.2773,F
75.12,96893.17,-1.6671,F
75.14,96914.73,-1.4182,F
75.16,96869.48,-1.7724,F
75.18,96850.89,-1.5546,F
75.2,96742.22,-2.0151,F
75.22,96726.02,-1.9513,F
75.24,96686.91,-1.9174,F
75.26,96617.17,-1.968,F
75.28,96570.33,-2.0146,F
75.3,96481.97,-1.5909,F
75.32,96363.75,-2.6696,F
75.34,96539.66,-2.7264,F
75.36,96617.8,-2.5918,F
75.38,96691.47,-1.7157,F
75.4,96665.41,-1.5596,F
75.42,96759.91,-1.6734,F
75.44,96769.48,-1.4395,F
75.46,96783.7,-0.4618,F
75.48,96779.08,-0.8933,F
75.5,96774.12,-0.5161,F
75.52,96770.31,0.1779,F
75.54,96770.44,0.1411,F
75.56,96826.12,0.1878,F
75.58,96812.7,0.2943,F
75.6,96777.27,0.4663,F
75.62,96797.06,0.5659,F
75.64,96720.62,0.549,F
75.66,96780.8,0.5083,F
75.68,96805.86,0.4945,F
75.7,96737.28,0.4605,F
75.72,96822.33,0.2776,F
75.74,96839.48,0.4669,F
75.76,96861.3,0.5113,F
75.78,96871.03,0.3261,F
75.8,96939.38,0.1058,F
75.82,96935.95,0.0175,F
75.84,96939.45,-0.2188,F
75.86,96948.83,0.5045,F
75.88,96953.39,0.2666,F
75.9,96972.64,1.039,F
75.92,96969.91,1.7101,F
75.94,96953.5,-0.037,F
75.96,96954.75,0.8448,F
75.98,96917.08,0.8637,F
76.0,96889.19,-0.0067,F
76.02,96872.17,1.0993,F
76.04,96880.92,1.1026,F
76.06,96868.16,0.0785,F
76.08,96843.08,0.419,F
76.1,96839.89,0.7248,F
76.12,96842.62,0.3742,F
76.14,96852.41,0.6312,F
76.16,96865.36,0.6133,F
76.18,96871.72,0.2364,F
76.2,96914.95,0.795,F
76.22,96946.06,0.2208,F
76.24,96966.36,0.1541,F
76.26,96966.2,0.3322,F
76.28,97047.39,0.8791,F
76.3,97036.23,3.7172,F
76.32,97079.19,4.85,F
76.34,97028.08,13.1945,F
76.36,97018.27,12.9137,F
76.38,97043.22,1.3883,F
76.4,97071.83,4.5548,F
76.42,97111.56,4.3344,F
76.44,97123.11,2.3011,F
76.46,97107.78,0.7377,F
76.48,97121.55,-0.2346,F
76.5,97122.48,-0.4961,F
76.52,97127.89,-0.1067,F
76.54,97132.62,0.9142,F
76.56,97142.48,1.9939,F
76.58,97137.52,2.6669,F
76.6,97139.67,1.7977,F
76.62,97136.0,1.3834,F
76.64,97139.53,1.8612,F
76.66,97130.98,2.2936,F
76.68,97140.16,1.6823,F
76.7,97143.47,2.1863,F
76.72,97138.11,1.8,F
76.74,97143.19,0.9999,F
76.76,97137.02,1.8453,F
76.78,97139.55,2.1535,F
76.8,97143.8,2.3947,F
76.82,97129.75,2.4915,F
76.84,97124.7,2.0878,F
76.86,97136.66,1.4932,F
76.88,97139.11,0.9468,F
76.9,97131.45,0.9284,F
76.92,97128.14,0.7986,F
76.94,97127.14,0.818,F
76.96,97131.53,0.5366,F
76.98,97139.66,0.3251,F
77.0,97138.64,0.2739,F
77.02,97141.97,0.1669,F
77.04,97148.12,0.1217,F
77.06,97148.59,0.0863,F
77.08,97150.03,0.072,F
77.1,97150.81,0.0672,F
77.12,97151.16,0.0685,F
77.14,97154.3,0.0643,F
77.16,97153.81,0.0635,F
77.18,97153.77,0.0607,F
77.2,97155.8,0.0504,F
77.22,97156.09,0.0582,F
77.24,97156.36,0.078,F
77.26,97155.14,0.1242,F
77.28,97155.88,0.1171,F
77.3,97155.66,0.1518,F
77.32,97158.23,0.2008,F
77.34,97159.67,0.2169,F
77.36,97159.98,0.2445,F
77.38,97161.27,0.205,F
77.4,97160.39,0.1291,F
77.42,97159.59,0.1166,F
77.44,97162.19,0.1312,F
77.46,97162.02,0.1506,F
77.48,97165.09,0.3062,F
77.5,97165.67,0.6446,F
77.52,97169.06,1.1758,F
77.54,97170.03,1.3016,F
77.56,97171.31,1.3054,F
77.58,97174.0,1.1831,F
77.6,97185.25,1.01,F
77.62,97184.95,1.0893,F
77.64,97186.2,1.1494,F
77.66,97180.61,1.4845,F
77.68,97186.08,1.4418,F
77.7,97185.0,0.9027,F
77.72,97185.62,0.7483,F
77.74,97187.5,0.9164,F
77.76,97190.86,1.1187,F
77.78,97191.69,1.0892,F
77.8,97189.88,1.0047,F
77.82,97184.95,0.8575,F
77.84,97185.17,1.1965,F
77.86,97187.59,1.5194,F
77.88,97189.11,1.4135,F
77.9,97188.23,1.4117,F
77.92,97188.55,1.5912,F
77.94,97192.11,1.7432,F
77.96,97196.06,1.5083,F
77.98,97203.09,1.4712,F
78.0,97204.73,1.5139,F
78.02,97208.27,1.3617,F
78.04,97213.03,1.1414,F
78.06,97215.22,0.934,F
78.08,97217.31,0.8367,F
78.1,97218.55,0.8028,F
78.12,97219.95,0.7142,F
78.14,97222.16,0.6216,F
78.16,97220.86,0.6133,F
78.18,97222.12,0.69,F
78.2,97221.42,0.749,F
78.22,97221.12,0.7307,F
78.24,97220.19,0.7161,F
78.26,97219.66,0.8234,F
78.28,97219.28,0.8487,F
78.3,97217.19,0.9349,F
78.32,97217.69,0.9036,F
78.34,97218.67,0.9367,F
78.36,97220.41,1.0215,F
78.38,97221.45,1.063,F
78.4,97220.42,1.1112,F
78.42,97220.56,1.013,F
78.44,97221.2,0.9217,F
78.46,97221.33,0.8432,F
78.48,97220.97,0.6306,F
78.5,97218.3,0.5253,F
78.52,97217.48,0.4517,F
78.54,97217.67,0.4011,F
78.56,97218.81,0.3678,F
78.58,97220.11,0.3079,F
78.6,97220.52,0.2556,F
78.62,97223.92,0.2151,F
78.64,97226.41,0.1977,F
78.66,97226.0,0.1983,F
78.68,97228.55,0.2705,F
78.7,97231.98,0.4408,F
78.72,97234.81,0.5538,F
78.74,97235.03,0.6076,F
78.76,97234.58,0.6361,F
78.78,97235.66,0.6774,F
78.8,97234.75,0.7782,F
78.82,97237.78,0.9527,F
78.84,97238.73,1.1489,F
78.86,97241.72,1.2835,F
78.88,97238.17,1.2949,F
78.9,97243.03,1.3043,F
78.92,97242.22,1.4057,F
78.94,97242.12,1.4685,F
78.96,97237.25,1.4719,F
78.98,97248.03,1.274,F
79.0,97238.3,1.1379,F
79.02,97251.16,0.9835,F
79.04,97243.08,1.1159,F
79.06,97241.03,1.1215,F
79.08,97248.05,0.9944,F
79.1,97248.88,1.0174,F
79.12,97244.95,1.0659,F
79.14,97242.36,1.0074,F
79.16,97240.45,0.8856,F
79.18,97243.7,0.8581,F
79.2,97234.73,0.8582,F
79.22,97247.61,0.8064,F
79.24,97247.56,0.7555,F
79.26,97255.44,0.7394,F
79.28,97253.09,0.7197,F
79.3,97253.86,0.7209,F
79.32,97255.45,0.748,F
79.34,97256.23,0.8647,F
79.36,97261.88,0.9474,F
79.38,97261.41,0.9495,F
79.4,97263.19,1.0525,F
79.42,97267.56,1.0783,F
79.44,97269.62,1.0108,F
79.46,97265.92,0.8228,F
79.48,97268.61,0.92,F
79.5,97271.56,1.2258,F
79.52,97272.42,1.1914,F
79.54,97273.17,1.1023,F
79.56,97273.3,1.075,F
79.58,97275.14,1.0554,F
79.6,97274.06,0.9974,F
79.62,97266.64,0.9251,F
79.64,97276.97,0.9616,F
79.66,97270.88,0.9757,F
79.68,97261.64,0.9382,F
79.7,97258.28,0.8466,F
79.72,97266.64,0.8605,F
79.74,97267.05,0.8525,F
79.76,97263.41,0.76,F
79.78,97261.75,0.7077,F
79.8,97263.14,0.7364,F
79.82,97269.05,0.9432,F
79.84,97269.09,0.9674,F
79.86,97268.11,0.9814,F
79.88,97269.64,0.9027,F
79.9,97270.22,1.0014,F
79.92,97270.61,1.0681,F
79.94,97272.11,1.0888,F
79.96,97272.61,1.1313,F
79.98,97274.72,1.1157,F
80.0,97276.48,1.0338,F
80.02,97278.41,0.8154,F
80.04,97281.56,0.7014,F
80.06,97284.33,0.6874,F
80.08,97289.28,0.6899,F
80.1,97291.66,0.6846,F
80.12,97295.69,0.7572,F
80.14,97298.12,0.9427,F
80.16,97300.73,1.103,F
80.18,97304.77,1.1604,F
80.2,97305.89,1.1831,F
80.22,97307.89,1.1881,F
80.24,97309.38,1.183,F
80.26,97311.47,1.1535,F
80.28,97313.31,1.1002,F
80.3,97314.08,1.0739,F
80.32,97315.14,1.0347,F
80.34,97315.84,1.0477,F
80.36,97316.83,1.0136,F
80.38,97316.91,1.0217,F
80.4,97317.41,1.0154,F
80.42,97317.69,1.0025,F
80.44,97316.59,0.9862,F
80.46,97316.61,0.9501,F
80.48,97315.52,0.9234,F
80.5,97313.84,0.9618,F
80.52,97313.62,1.0358,F
80.54,97313.28,1.0592,F
80.56,97310.94,1.0958,F
80.58,97309.05,1.1139,F
80.6,97310.59,1.1144,F
80.62,97308.5,1.0911,F
80.64,97309.0,1.0852,F
80.66,97307.81,1.0893,F
80.68,97307.81,1.1115,F
80.7,97307.83,1.0932,F
80.72,97305.53,1.0377,F
80.74,97302.64,1.0096,F
80.76,97303.62,1.0058,F
80.78,97305.81,1.0341,F
80.8,97308.3,1.0591,F
80.82,97303.0,1.0025,F
80.84,97298.05,0.9335,F
80.86,97298.48,0.8505,F
80.88,97302.64,0.8208,F
80.9,97310.97,0.8046,F
80.92,97310.7,0.8218,F
80.94,97308.61,0.8587,F
80.96,97302.23,0.8754,F
80.98,97302.42,0.8787,F
81.0,97301.59,0.9027,F
81.02,97304.94,0.9389,F
81.04,97311.59,0.9741,F
81.06,97311.34,0.9905,F
81.08,97305.91,0.9902,F
81.1,97332.84,0.9988,F
81.12,97322.83,1.0215,F
81.14,97317.17,1.0545,F
81.16,97317.52,1.0674,F
81.18,97331.75,1.0334,F
81.2,97328.33,1.0161,F
81.22,97325.17,1.0049,F
81.24,97325.2,1.0368,F
81.26,97334.56,0.9379,F
81.28,97339.7,0.957,F
81.3,97340.41,0.9988,F
81.32,97333.64,1.0477,F
81.34,97339.83,1.0343,F
81.36,97335.06,0.9692,F
81.38,97340.77,0.9123,F
81.4,97346.44,0.8997,F
81.42,97347.09,0.8997,F
81.44,97336.16,0.8888,F
81.46,97344.98,0.8852,F
81.48,97350.3,0.9362,F
81.5,97352.48,0.9787,F
81.52,97351.09,0.9819,F
81.54,97353.27,0.9488,F
81.56,97336.5,0.9498,F
81.58,97340.5,0.9931,F
81.6,97352.7,1.0097,F
81.62,97348.34,1.0073,F
81.64,97351.78,0.9925,F
81.66,97345.27,0.9948,F
81.68,97343.27,1.0099,F
81.7,97342.08,1.009,F
81.72,97353.75,1.0026,F
81.74,97342.45,1.0058,F
81.76,97350.41,1.017,F
81.78,97345.69,1.0191,F
81.8,97345.25,0.9992,F
81.82,97347.45,0.9625,F
81.84,97347.69,0.9331,F
81.86,97350.59,0.9198,F
81.88,97350.91,0.8863,F
81.9,97351.3,0.8554,F
81.92,97348.62,0.8361,F
81.94,97350.42,0.8247,F
81.96,97354.03,0.7936,F
81.98,97356.81,0.7789,F
82.0,97359.8,0.7771,F
82.02,97360.78,0.7732,F
82.04,97362.48,0.7579,F
82.06,97365.52,0.7414,F
82.08,97367.34,0.7356,F
82.1,97372.89,0.7062,F
82.12,97373.89,0.7519,F
82.14,97376.73,0.7851,F
82.16,97378.75,0.8352,F
82.18,97382.45,0.8809,F
82.2,97389.2,0.9119,F
82.22,97394.59,0.948,F
82.24,97399.53,0.9662,F
82.26,97403.05,0.9395,F
82.28,97404.88,1.001,F
82.3,97406.38,1.0081,F
82.32,97405.53,1.0246,F
82.34,97405.06,1.0241,F
82.36,97404.98,1.0253,F
82.38,97404.09,1.0195,F
82.4,97404.59,1.0119,F
82.42,97403.66,1.0043,F
82.44,97398.89,1.0074,F
82.46,97396.48,0.9978,F
82.48,97395.86,0.9867,F
82.5,97394.0,0.9856,F
82.52,97394.38,0.9756,F
82.54,97393.27,0.9388,F
82.56,97391.91,0.9119,F
82.58,97392.25,0.9087,F
82.6,97392.64,0.9273,F
82.62,97393.16,0.9404,F
82.64,97396.0,0.9718,F
82.66,97398.56,0.9924,F
82.68,97400.2,0.9932,F
82.7,97398.61,0.9952,F
82.72,97400.88,1.0115,F
82.74,97402.34,1.028,F
82.76,97401.22,1.0634,F
82.78,97409.16,1.0763,F
82.8,97417.11,1.0642,F
82.82,97408.62,1.0682,F
82.84,97418.75,1.0809,F
82.86,97422.64,1.0535,F
82.88,97414.86,1.0166,F
82.9,97415.97,1.0159,F
82.92,97421.31,1.0224,F
82.94,97422.25,0.993,F
82.96,97423.5,0.9725,F
82.98,97419.8,0.9395,F
83.0,97424.86,0.9068,F
83.02,97427.94,0.8695,F
83.04,97433.17,0.8475,F
83.06,97431.17,0.9115,F
83.08,97429.69,0.9756,F
83.1,97435.88,1.0585,F
83.12,97427.61,1.125,F
83.14,97435.77,1.175,F
83.16,97438.64,1.1564,F
83.18,97443.64,1.1337,F
83.2,97438.42,1.0928,F
83.22,97435.44,1.0192,F
83.24,97436.48,0.9056,F
83.26,97434.92,0.8514,F
83.28,97435.95,0.8598,F
83.3,97443.02,0.9137,F
83.32,97441.7,0.9709,F
83.34,97439.47,1.0338,F
83.36,97449.78,1.0481,F
83.38,97455.3,1.0598,F
83.4,97452.2,1.0609,F
83.42,97449.23,1.0696,F
83.44,97452.5,1.069,F
83.46,97454.42,1.0754,F
83.48,97456.28,1.0853,F
83.5,97457.53,1.0916,F
83.52,97461.66,1.0955,F
83.54,97459.58,1.1206,F
83.56,97456.12,1.1561,F
83.58,97460.64,1.1755,F
83.6,97458.69,1.1842,F
83.62,97461.69,1.1831,F
83.64,97463.47,1.1475,F
83.66,97462.61,1.1107,F
83.68,97464.33,1.0528,F
83.7,97464.66,1.0194,F
83.72,97466.03,1.0161,F
83.74,97466.94,1.0566,F
83.76,97470.62,1.1073,F
83.78,97472.47,1.1709,F
83.8,97475.78,1.2049,F
83.82,97477.75,1.2483,F
83.84,97478.58,1.2366,F
83.86,97479.89,1.202,F
83.88,97481.12,1.1587,F
83.9,97483.17,1.1519,F
83.92,97484.5,1.1406,F
83.94,97485.64,1.134,F
83.96,97487.0,1.1136,F
83.98,97489.11,1.0761,F
84.0,97490.03,1.0241,F
84.02,97490.55,1.0122,F
84.04,97490.61,1.0668,F
84.06,97491.14,1.1113,F
84.08,97491.97,1.1731,F
84.1,97492.75,1.2178,F
84.12,97493.64,1.2104,F
84.14,97494.25,1.1673,F
84.16,97495.75,1.1489,F
84.18,97495.73,1.1472,F
84.2,97497.33,1.104,F
84.22,97497.62,1.1164,F
84.24,97497.16,1.1398,F
84.26,97497.2,1.1603,F
84.28,97497.95,1.1639,F
84.3,97498.61,1.151,F
84.32,97500.47,1.122,F
84.34,97501.62,1.0419,F
84.36,97501.16,0.9819,F
84.38,97501.12,0.9882,F
84.4,97501.17,0.9594,F
84.42,97502.19,0.9608,F
84.44,97503.44,0.9788,F
84.46,97504.69,0.9848,F
84.48,97506.2,0.9708,F
84.5,97506.11,0.9634,F
84.52,97504.97,0.9659,F
84.54,97504.36,0.9798,F
84.56,97505.0,1.0068,F
84.58,97505.55,1.0405,F
84.6,97505.86,1.0606,F
84.62,97507.19,1.0791,F
84.64,97509.09,1.1066,F
84.66,97507.97,1.0962,F
84.68,97507.41,1.0403,F
84.7,97508.88,1.0074,F
84.72,97509.38,1.0027,F
84.74,97511.25,0.9809,F
84.76,97514.39,0.9655,F
84.78,97512.88,0.9867,F
84.8,97510.94,1.0238,F
84.82,97509.61,1.0326,F
84.84,97511.66,1.0195,F
84.86,97513.53,1.0023,F
84.88,97516.03,0.9752,F
84.9,97517.47,0.933,F
84.92,97515.47,0.9263,F
84.94,97515.91,0.9388,F
84.96,97522.34,0.9759,F
84.98,97521.83,0.996,F
85.0,97523.7,1.0176,F
85.02,97525.33,1.0583,F
85.04,97525.69,1.0711,F
85.06,97522.97,1.0811,F
85.08,97524.78,1.0557,F
85.1,97527.62,1.0334,F
85.12,97528.25,1.0404,F
85.14,97528.03,1.0543,F
85.16,97529.3,1.0858,F
85.18,97531.34,1.0998,F
85.2,97530.03,1.0999,F
85.22,97531.75,1.077,F
85.24,97533.94,1.0489,F
85.26,97533.73,1.0359,F
85.28,97535.64,1.0125,F
85.3,97536.69,1.0031,F
85.32,97535.5,1.0153,F
85.34,97537.69,1.0215,F
85.36,97540.05,1.0031,F
85.38,97540.64,0.9976,F
85.4,97540.78,0.9958,F
85.42,97541.28,0.9932,F
85.44,97540.67,0.9812,F
85.46,97541.28,0.9767,F
85.48,97541.81,0.9793,F
85.5,97543.73,0.9779,F
85.52,97544.44,0.9507,F
85.54,97544.3,0.9459,F
85.56,97545.64,0.9539,F
85.58,97546.05,0.9593,F
85.6,97547.33,0.9627,F
85.62,97547.45,0.9747,F
85.64,97547.91,0.9898,F
85.66,97549.03,0.993,F
85.68,97550.27,0.9939,F
85.7,97549.34,0.996,F
85.72,97549.77,1.0103,F
85.74,97550.09,1.026,F
85.76,97552.23,1.0342,F
85.78,97553.61,1.0614,F
85.8,97554.27,1.0844,F
85.82,97555.28,1.0795,F
85.84,97555.59,1.0592,F
85.86,97555.75,1.0526,F
85.88,97555.94,1.0184,F
85.9,97557.06,0.9807,F
85.92,97557.3,0.9748,F
85.94,97557.41,0.9802,F
85.96,97559.05,0.9342,F
85.98,97560.67,0.8523,F
86.0,97560.22,0.8637,F
86.02,97562.0,0.942,F
86.04,97561.81,0.935,F
86.06,97561.86,0.8949,F
86.08,97563.17,0.9668,F
86.1,97564.89,1.0661,F
86.12,97565.66,1.083,F
86.14,97565.66,1.0632,F
86.16,97566.52,1.0173,F
86.18,97566.88,0.9887,F
86.2,97567.38,0.9831,F
86.22,97567.75,1.0128,F
86.24,97569.12,1.063,F
86.26,97568.38,1.0874,F
86.28,97569.73,1.1192,F
86.3,97571.97,1.0782,F
86.32,97573.2,0.9861,F
86.34,97573.83,0.9108,F
86.36,97574.08,0.8644,F
86.38,97574.42,0.8471,F
86.4,97576.05,0.8431,F
86.42,97576.47,0.8629,F
86.44,97577.17,0.9162,F
86.46,97577.83,0.9338,F
86.48,97578.73,0.9405,F
86.5,97578.67,0.9312,F
86.52,97579.42,0.9406,F
86.54,97580.39,0.951,F
86.56,97582.33,0.952,F
86.58,97582.41,0.9497,F
86.6,97583.03,0.9704,F
86.62,97583.91,1.003,F
86.64,97583.89,0.9916,F
86.66,97585.36,0.9553,F
86.68,97585.41,0.9705,F
86.7,97586.83,0.9948,F
86.72,97586.73,1.0252,F
86.74,97587.72,0.9969,F
86.76,97590.31,0.9614,F
86.78,97590.36,0.9466,F
86.8,97592.12,0.9319,F
86.82,97590.94,0.9183,F
86.84,97592.56,0.9067,F
86.86,97591.89,0.9048,F
86.88,97590.11,0.8812,F
86.9,97594.56,0.8594,F
86.92,97594.38,0.8534,F
86.94,97593.53,0.8587,F
86.96,97597.41,0.8666,F
86.98,97597.47,0.8725,F
87.0,97596.91,0.8752,F
87.02,97598.83,0.876,F
87.04,97600.11,0.8881,F
87.06,97599.72,0.9126,F
87.08,97601.55,0.9361,F
87.1,97601.53,0.9651,F
87.12,97603.42,0.9865,F
87.14,97604.94,1.0068,F
87.16,97606.39,1.0029,F
87.18,97605.09,1.0053,F
87.2,97605.02,0.9907,F
87.22,97607.92,0.9726,F
87.24,97608.31,0.9654,F
87.26,97608.62,0.9597,F
87.28,97608.02,0.9456,F
87.3,97610.03,0.9323,F
87.32,97613.62,0.9273,F
87.34,97614.45,0.9304,F
87.36,97614.12,0.9279,F
87.38,97614.23,0.9191,F
87.4,97613.56,0.9277,F
87.42,97615.7,0.9274,F
87.44,97617.95,0.9131,F
87.46,97619.31,0.908,F
87.48,97620.0,0.9184,F
87.5,97621.11,0.9405,F
87.52,97622.58,0.9999,F
87.54,97622.81,1.008,F
87.56,97623.42,1.0068,F
87.58,97624.92,1.0103,F
87.6,97625.08,1.0088,F
87.62,97626.8,0.9979,F
87.64,97628.17,0.9966,F
87.66,97629.91,1.014,F
87.68,97630.56,1.0216,F
87.7,97631.34,1.0271,F
87.72,97632.14,1.023,F
87.74,97634.36,1.028,F
87.76,97634.86,1.0276,F
87.78,97635.83,1.0199,F
87.8,97636.91,1.021,F
87.82,97637.33,1.0398,F
87.84,97637.88,1.0514,F
87.86,97639.16,1.0467,F
87.88,97639.39,1.0478,F
87.9,97640.39,1.0768,F
87.92,97640.41,1.0893,F
87.94,97640.73,1.0957,F
87.96,97641.05,1.089,F
87.98,97641.92,1.0945,F
88.0,97642.44,1.0822,F
88.02,97642.02,1.0673,F
88.04,97642.28,1.0432,F
88.06,97642.12,1.0125,F
88.08,97643.11,0.9708,F
88.1,97643.31,0.9472,F
88.12,97643.0,0.976,F
88.14,97644.98,1.0087,F
88.16,97644.67,1.0361,F
88.18,97646.08,1.0379,F
88.2,97646.47,1.0414,F
88.22,97648.77,1.0547,F
88.24,97649.91,1.0756,F
88.26,97649.47,1.0929,F
88.28,97650.94,1.1186,F
88.3,97651.38,1.127,F
88.32,97652.8,1.1436,F
88.34,97652.97,1.1423,F
88.36,97655.55,1.1371,F
88.38,97656.17,1.1137,F
88.4,97657.58,1.1032,F
88.42,97660.0,1.1165,F
88.44,97660.5,1.1261,F
88.46,97660.36,1.1299,F
88.48,97661.66,1.1464,F
88.5,97661.59,1.1368,F
88.52,97662.22,1.1011,F
88.54,97662.55,1.0565,F
88.56,97664.73,1.0125,F
88.58,97664.98,0.9983,F
88.6,97664.47,0.9887,F
88.62,97664.91,0.9825,F
88.64,97666.89,0.9813,F
88.66,97667.73,0.9877,F
88.68,97666.66,1.0046,F
88.7,97667.88,1.0146,F
88.72,97666.95,1.0068,F
88.74,97670.55,0.9785,F
88.76,97670.47,0.973,F
88.78,97670.92,0.9817,F
88.8,97672.33,1.0108,F
88.82,97671.86,1.0086,F
88.84,97673.92,1.001,F
88.86,97673.8,0.9906,F
88.88,97673.59,0.982,F
88.9,97674.86,0.9729,F
88.92,97672.36,0.941,F
88.94,97670.14,0.928,F
88.96,97673.36,0.941,F
88.98,97673.34,0.9481,F
89.0,97673.31,0.9576,F
89.02,97672.78,0.9669,F
89.04,97675.28,0.9786,F
89.06,97675.66,0.9737,F
89.08,97676.88,0.9663,F
89.1,97677.8,0.9622,F
89.12,97678.66,0.9636,F
89.14,97678.42,0.9574,F
89.16,97681.09,0.9518,F
89.18,97683.64,0.9546,F
89.2,97686.11,0.9636,F
89.22,97689.78,0.9661,F
89.24,97691.0,0.9663,F
89.26,97693.27,0.9639,F
89.28,97694.92,0.9413,F
89.3,97696.61,0.9125,F
89.32,97699.72,0.8947,F
89.34,97700.11,0.8922,F
89.36,97701.19,0.899,F
89.38,97702.05,0.9179,F
89.4,97702.5,0.9252,F
89.42,97702.45,0.9179,F
89.44,97701.8,0.9137,F
89.46,97701.08,0.9176,F
89.48,97700.77,0.9172,F
89.5,97698.7,0.9015,F
89.52,97696.0,0.9008,F
89.54,97696.34,0.9077,F
89.56,97695.48,0.9104,F
89.58,97696.84,0.9158,F
89.6,97699.8,0.9553,F
89.62,97701.23,0.9951,F
89.64,97702.31,1.0151,F
89.66,97702.17,1.0153,F
89.68,97702.84,1.0104,F
89.7,97704.97,1.0036,F
89.72,97707.42,0.9805,F
89.74,97705.23,0.9674,F
89.76,97704.94,0.9733,F
89.78,97703.48,0.9769,F
89.8,97702.83,0.9706,F
89.82,97706.91,0.9617,F
89.84,97709.45,0.9584,F
89.86,97711.81,0.9562,F
89.88,97712.14,0.954,F
89.9,97710.52,0.9579,F
89.92,97713.78,0.9756,F
89.94,97715.27,0.9904,F
89.96,97715.67,1.0032,F
89.98,97712.05,1.0129,F
90.0,97711.89,1.0148,F
90.02,97710.52,1.0235,F
90.04,97719.06,1.0298,F
90.06,97720.86,1.0255,F
90.08,97723.5,1.0275,F
90.1,97717.41,1.0224,F
90.12,97717.38,1.0261,F
90.14,97710.94,1.0261,F
90.16,97718.44,1.0154,F
90.18,97722.88,1.0051,F
90.2,97725.73,0.9966,F
90.22,97729.97,0.9964,F
90.24,97720.05,0.9985,F
90.26,97714.89,0.9981,F
90.28,97714.28,0.9957,F
90.3,97716.56,0.9917,F
90.32,97718.48,0.9774,F
90.34,97720.78,0.9659,F
90.36,97723.64,0.9557,F
90.38,97726.47,0.9592,F
90.4,97731.62,0.9633,F
90.42,97736.08,0.954,F
90.44,97738.86,0.9492,F
90.46,97742.7,0.9372,F
90.48,97748.03,0.921,F
90.5,97753.38,0.8928,F
90.52,97756.02,0.8856,F
90.54,97756.94,0.8857,F
90.56,97757.59,0.8883,F
90.58,97759.31,0.9004,F
90.6,97759.55,0.9263,F
90.62,97755.66,0.9568,F
90.64,97751.8,0.9847,F
90.66,97749.83,0.994,F
90.68,97747.12,1.0081,F
90.7,97744.02,1.0066,F
90.72,97742.31,0.9964,F
90.74,97742.73,0.9866,F
90.76,97740.66,0.9782,F
90.78,97740.41,0.9723,F
90.8,97742.56,0.9768,F
90.82,97746.83,0.9763,F
90.84,97753.44,0.9792,F
90.86,97747.88,0.9869,F
90.88,97750.64,0.9842,F
90.9,97750.19,0.975,F
90.92,97757.52,0.9753,F
90.94,97758.14,0.9848,F
90.96,97755.56,0.996,F
90.98,97761.17,1.0032,F
91.0,97765.5,1.017,F
91.02,97757.73,1.0288,F
91.04,97763.7,1.0371,F
91.06,97768.38,1.039,F
91.08,97764.02,1.0436,F
91.1,97766.25,1.0436,F
91.12,97767.58,1.0482,F
91.14,97756.39,1.0559,F
91.16,97765.34,1.0547,F
91.18,97772.45,1.049,F
91.2,97775.09,1.0467,F
91.22,97762.45,1.0562,F
91.24,97763.2,1.056,F
91.26,97764.14,1.0534,F
91.28,97765.7,1.0602,F
91.3,97765.09,1.0599,F
91.32,97764.05,1.0533,F
91.34,97766.09,1.0343,F
91.36,97769.88,1.0262,F
91.38,97777.97,1.0232,F
91.4,97784.2,1.0194,F
91.42,97789.77,1.0153,F
91.44,97791.72,1.0125,F
91.46,97796.59,1.0081,F
91.48,97802.84,1.0111,F
91.5,97805.25,1.0226,F
91.52,97805.19,1.0198,F
91.54,97805.81,1.0258,F
91.56,97803.27,1.0354,F
91.58,97798.44,1.0445,F
91.6,97793.7,1.0154,F
91.62,97790.0,0.9843,F
91.64,97787.69,0.9823,F
91.66,97786.11,0.9855,F
91.68,97787.81,1.0005,F
91.7,97790.31,1.0065,F
91.72,97787.94,1.0134,F
91.74,97795.34,1.0213,F
91.76,97794.66,1.0233,F
91.78,97796.84,1.0287,F
91.8,97790.47,1.0187,F
91.82,97792.02,0.9991,F
91.84,97798.67,0.9918,F
91.86,97795.67,0.9901,F
91.88,97804.47,0.9939,F
91.9,97810.67,1.0233,F
91.92,97809.16,1.0585,F
91.94,97809.08,1.0749,F
91.96,97816.08,1.0861,F
91.98,97814.09,1.0905,F
92.0,97813.05,1.085,F
92.02,97805.12,1.0709,F
92.04,97809.12,1.0814,F
92.06,97799.47,1.1036,F
92.08,97807.56,1.106,F
92.1,97818.67,1.09,F
92.12,97807.7,1.0818,F
92.14,97803.31,1.0877,F
92.16,97806.08,1.089,F
92.18,97808.28,1.0791,F
92.2,97809.55,1.0795,F
92.22,97812.09,1.07,F
92.24,97812.72,1.0369,F
92.26,97817.7,1.018,F
92.28,97823.83,1.0195,F
92.3,97826.44,1.0184,F
92.32,97832.08,1.0003,F
92.34,97836.8,0.9914,F
92.36,97840.31,0.9711,F
92.38,97842.11,0.949,F
92.4,97842.67,0.9487,F
92.42,97840.81,0.9436,F
92.44,97839.61,0.9402,F
92.46,97836.36,0.9212,F
92.48,97831.62,0.9194,F
92.5,97826.75,0.9174,F
92.52,97826.5,0.9156,F
92.54,97829.27,0.9054,F
92.56,97828.3,0.8844,F
92.58,97827.84,0.855,F
92.6,97829.56,0.8333,F
92.62,97828.06,0.8264,F
92.64,97834.52,0.8305,F
92.66,97828.53,0.8408,F
92.68,97844.44,0.8552,F
92.7,97844.55,0.8667,F
92.72,97846.91,0.8715,F
92.74,97844.14,0.8663,F
92.76,97844.97,0.84,F
92.78,97845.53,0.8484,F
92.8,97846.19,0.8692,F
92.82,97848.81,0.8824,F
92.84,97850.09,0.8838,F
92.86,97848.69,0.8845,F
92.88,97845.7,0.9015,F
92.9,97847.17,0.9244,F
92.92,97855.11,0.935,F
92.94,97852.69,0.9495,F
92.96,97855.59,0.9611,F
92.98,97852.08,0.9783,F
93.0,97845.08,1.0113,F
93.02,97845.58,1.0377,F
93.04,97849.61,1.0361,F
93.06,97852.83,1.0188,F
93.08,97854.19,1.0103,F
93.1,97857.97,0.9956,F
93.12,97863.73,0.9811,F
93.14,97867.2,0.975,F
93.16,97872.08,0.9739,F
93.18,97872.97,0.9767,F
93.2,97874.06,0.9862,F
93.22,97875.98,0.9997,F
93.24,97877.11,1.0149,F
93.26,97875.75,1.0319,F
93.28,97874.55,1.0423,F
93.3,97873.64,1.0502,F
93.32,97872.55,1.054,F
93.34,97871.89,1.0561,F
93.36,97872.05,1.0353,F
93.38,97869.62,0.9995,F
93.4,97871.0,0.9925,F
93.42,97874.42,0.9902,F
93.44,97874.81,0.9903,F
93.46,97876.38,1.0032,F
93.48,97878.52,1.008,F
93.5,97879.48,1.0059,F
93.52,97881.88,0.9967,F
93.54,97877.33,0.9719,F
93.56,97882.83,0.9534,F
93.58,97881.17,0.9505,F
93.6,97888.52,0.948,F
93.62,97888.98,0.945,F
93.64,97882.92,0.931,F
93.66,97883.86,0.9028,F
93.68,97888.41,0.9058,F
93.7,97891.28,0.9178,F
93.72,97891.7,0.9165,F
93.74,97892.55,0.9121,F
93.76,97889.67,0.9187,F
93.78,97893.95,0.9221,F
93.8,97897.58,0.9243,F
93.82,97896.98,0.9341,F
93.84,97898.88,0.9458,F
93.86,97897.31,0.9764,F
93.88,97897.09,0.9808,F
93.9,97901.98,0.9836,F
93.92,97903.58,1.0095,F
93.94,97901.72,1.0343,F
93.96,97900.62,1.0307,F
93.98,97904.66,0.9981,F
94.0,97903.88,1.0287,F
94.02,97904.44,1.0762,F
94.04,97908.98,1.035,F
94.06,97910.72,1.0066,F
94.08,97912.08,1.0243,F
94.1,97913.27,1.0523,F
94.12,97915.83,1.0099,F
94.14,97917.39,1.0344,F
94.16,97917.77,1.062,F
94.18,97918.73,1.0542,F
94.2,97920.89,1.0074,F
94.22,97921.34,0.9944,F
94.24,97922.17,0.9683,F
94.26,97922.05,0.9399,F
94.28,97921.88,0.9286,F
94.3,97922.41,0.9248,F
94.32,97922.02,0.9696,F
94.34,97921.47,1.0559,F
94.36,97921.31,1.0983,F
94.38,97920.89,1.0947,F
94.4,97920.95,1.0783,F
94.42,97920.64,1.0582,F
94.44,97921.55,1.0268,F
94.46,97923.41,0.9912,F
94.48,97924.38,0.9641,F
94.5,97925.0,0.9601,F
94.52,97926.86,0.9823,F
94.54,97927.81,1.0202,F
94.56,97932.61,1.0375,F
94.58,97933.73,1.0344,F
94.6,97935.41,1.0312,F
94.62,97935.09,1.0211,F
94.64,97936.84,0.9847,F
94.66,97937.94,0.9638,F
94.68,97938.8,0.9928,F
94.7,97940.06,1.0203,F
94.72,97941.09,1.0174,F
94.74,97941.8,1.0058,F
94.76,97940.56,0.9827,F
94.78,97943.0,0.9683,F
94.8,97944.33,0.9664,F
94.82,97942.39,0.9908,F
94.84,97942.53,1.0068,F
94.86,97944.86,1.0354,F
94.88,97947.44,1.0435,F
94.9,97948.95,1.0316,F
94.92,97950.52,0.989,F
94.94,97950.22,0.971,F
94.96,97951.34,0.9458,F
94.98,97952.05,0.931,F
95.0,97955.11,0.9214,F
95.02,97955.52,0.9091,F
95.04,97956.7,0.8958,F
95.06,97957.19,0.8932,F
95.08,97957.3,0.9096,F
95.1,97958.0,0.936,F
95.12,97959.25,0.9595,F
95.14,97960.69,0.9937,F
95.16,97961.52,1.0253,F
95.18,97961.03,1.0609,F
95.2,97962.58,1.0677,F
95.22,97964.72,1.0584,F
95.24,97964.81,1.0338,F
95.26,97966.0,1.0041,F
95.28,97966.91,0.9831,F
95.3,97967.98,0.9481,F
95.32,97969.31,0.9307,F
95.34,97970.83,0.9195,F
95.36,97972.55,0.9029,F
95.38,97973.64,0.8943,F
95.4,97973.23,0.9014,F
95.42,97974.88,0.9317,F
95.44,97975.47,0.9633,F
95.46,97976.66,0.9814,F
95.48,97977.19,0.9775,F
95.5,97978.0,0.9547,F
95.52,97978.09,0.9096,F
95.54,97978.73,0.8864,F
95.56,97978.88,0.8915,F
95.58,97979.61,0.9112,F
95.6,97979.47,0.9222,F
95.62,97980.45,0.9364,F
95.64,97980.33,0.9426,F
95.66,97981.44,0.9391,F
95.68,97982.2,0.9372,F
95.7,97982.62,0.9425,F
95.72,97984.19,0.9447,F
95.74,97984.75,0.9452,F
95.76,97985.39,0.9329,F
95.78,97986.16,0.9196,F
95.8,97987.91,0.9236,F
95.82,97988.92,0.9316,F
95.84,97990.03,0.9399,F
95.86,97991.42,0.9482,F
95.88,97992.55,0.9686,F
95.9,97994.45,0.9868,F
95.92,97996.0,0.9946,F
95.94,97996.38,1.0005,F
95.96,97996.56,1.01,F
95.98,97998.3,1.0096,F
96.0,98000.14,1.014,F
96.02,98000.08,1.031,F
96.04,97999.64,1.0407,F
96.06,98000.94,1.066,F
96.08,98002.12,1.0995,F
96.1,98002.98,1.1254,F
96.12,98003.42,1.1297,F
96.14,98003.5,1.1241,F
96.16,98005.5,1.1206,F
96.18,98004.06,1.1024,F
96.2,98008.06,1.0848,F
96.22,98010.41,1.0757,F
96.24,98010.59,1.0655,F
96.26,98011.67,1.0609,F
96.28,98012.34,1.0688,F
96.3,98014.83,1.0859,F
96.32,98015.39,1.0947,F
96.34,98015.7,1.105,F
96.36,98015.81,1.1307,F
96.38,98017.44,1.1434,F
96.4,98017.58,1.1583,F
96.42,98017.48,1.1568,F
96.44,98019.91,1.1213,F
96.46,98020.52,1.0937,F
96.48,98021.91,1.0944,F
96.5,98020.23,1.1045,F
96.52,98023.12,1.1116,F
96.54,98024.42,1.1184,F
96.56,98024.8,1.1198,F
96.58,98026.06,1.0927,F
96.6,98026.92,1.0753,F
96.62,98027.67,1.0767,F
96.64,98029.02,1.082,F
96.66,98029.52,1.076,F
96.68,98030.88,1.0751,F
96.7,98030.55,1.0775,F
96.72,98032.14,1.0835,F
96.74,98032.98,1.0858,F
96.76,98033.45,1.0803,F
96.78,98035.36,1.062,F
96.8,98035.94,1.0228,F
96.82,98036.98,1.001,F
96.84,98037.7,0.9949,F
96.86,98038.92,1.0237,F
96.88,98039.91,1.0594,F
96.9,98040.7,1.0779,F
96.92,98042.58,1.095,F
96.94,98042.86,1.0995,F
96.96,98044.98,1.0866,F
96.98,98045.53,1.0595,F
97.0,98047.12,1.0476,F
97.02,98047.31,1.0445,F
97.04,98048.91,1.0461,F
97.06,98049.95,1.0594,F
97.08,98051.3,1.0662,F
97.1,98052.05,1.0595,F
97.12,98052.45,1.0564,F
97.14,98051.64,1.0572,F
97.16,98050.83,1.0685,F
97.18,98051.69,1.0897,F
97.2,98051.8,1.1099,F
97.22,98051.36,1.1148,F
97.24,98051.66,1.1041,F
97.26,98051.22,1.1101,F
97.28,98051.17,1.05,F
97.3,98051.05,1.0035,F
97.32,98051.23,0.9599,F
97.34,98051.52,0.9357,F
97.36,98051.91,0.9253,F
97.38,98052.34,0.9165,F
97.4,98054.64,0.9324,F
97.42,98054.14,0.9146,F
97.44,98055.14,0.8917,F
97.46,98057.45,0.8805,F
97.48,98057.31,0.8802,F
97.5,98058.5,0.8778,F
97.52,98060.19,0.8698,F
97.54,98060.83,0.8514,F
97.56,98062.02,0.8328,F
97.58,98062.56,0.8265,F
97.6,98062.64,0.8225,F
97.62,98063.38,0.8158,F
97.64,98063.81,0.8043,F
97.66,98067.55,0.8042,F
97.68,98066.84,0.8226,F
97.7,98065.73,0.8337,F
97.72,98065.05,0.8554,F
97.74,98066.16,0.8606,F
97.76,98069.38,0.8463,F
97.78,98073.0,0.8163,F
97.8,98072.61,0.8025,F
97.82,98073.73,0.79,F
97.84,98071.67,0.805,F
97.86,98075.61,0.8422,F
97.88,98076.39,0.8734,F
97.9,98076.06,0.905,F
97.92,98076.55,0.9133,F
97.94,98077.05,0.9249,F
97.96,98079.3,0.9271,F
97.98,98082.06,0.9288,F
98.0,98082.06,0.9445,F
98.02,98083.27,0.9584,F
98.04,98083.62,0.9614,F
98.06,98084.41,0.963,F
98.08,98087.64,0.9684,F
98.1,98087.22,0.9746,F
98.12,98087.56,0.9793,F
98.14,98090.52,0.9965,F
98.16,98086.98,1.0042,F
98.18,98087.62,0.9987,F
98.2,98091.62,0.9918,F
98.22,98088.17,0.9847,F
98.24,98090.98,0.9811,F
98.26,98091.08,0.9961,F
98.28,98091.72,1.0006,F
98.3,98094.34,0.9942,F
98.32,98091.81,1.02,F
98.34,98091.53,1.0183,F
98.36,98094.55,1.0108,F
98.38,98095.33,0.9983,F
98.4,98093.05,1.0171,F
98.42,98093.33,0.9938,F
98.44,98096.36,0.9972,F
98.46,98096.38,1.0077,F
98.48,98095.34,0.9965,F
98.5,98094.84,0.991,F
98.52,98098.69,0.9577,F
98.54,98100.36,0.9313,F
98.56,98101.27,0.9324,F
98.58,98100.89,0.9447,F
98.6,98102.98,0.9371,F
98.62,98104.92,0.8923,F
98.64,98106.42,0.8666,F
98.66,98108.91,0.8482,F
98.68,98110.02,0.83,F
98.7,98111.23,0.8274,F
98.72,98113.11,0.8229,F
98.74,98115.72,0.8249,F
98.76,98117.61,0.8313,F
98.78,98121.31,0.8361,F
98.8,98122.38,0.8365,F
98.82,98123.44,0.8275,F
98.84,98124.38,0.8127,F
98.86,98126.73,0.8031,F
98.88,98129.56,0.8047,F
98.9,98131.47,0.806,F
98.92,98133.41,0.8096,F
98.94,98136.56,0.8052,F
98.96,98137.5,0.7981,F
98.98,98139.64,0.7779,F
99.0,98141.98,0.7456,F
99.02,98142.52,0.735,F
99.04,98143.95,0.7079,F
99.06,98144.94,0.6851,F
99.08,98145.64,0.6761,F
99.1,98146.58,0.6804,F
99.12,98147.14,0.6877,F
99.14,98146.27,0.6849,F
99.16,98144.7,0.6833,F
99.18,98144.77,0.6908,F
99.2,98143.2,0.7083,F
99.22,98143.62,0.7274,F
99.24,98143.34,0.7383,F
99.26,98142.48,0.7495,F
99.28,98141.5,0.768,F
99.3,98140.11,0.7956,F
99.32,98138.62,0.8208,F
99.34,98138.98,0.8275,F
99.36,98138.52,0.826,F
99.38,98138.88,0.8516,F
99.4,98139.39,0.8693,F
99.42,98138.34,0.8953,F
99.44,98140.08,0.9358,F
99.46,98139.52,0.9272,F
99.48,98137.67,0.9669,F
99.5,98136.41,1.0097,F
99.52,98139.5,1.0388,F
99.54,98144.45,1.0646,F
99.56,98144.72,1.0772,F
99.58,98149.41,1.087,F
99.6,98159.67,1.0953,F
99.62,98160.2,1.1149,F
99.64,98158.06,1.1421,F
99.66,98155.89,1.1512,F
99.68,98158.91,1.1496,F
99.7,98162.47,1.1392,F
99.72,98153.38,1.1266,F
99.74,98149.61,1.1197,F
99.76,98147.77,1.113,F
99.78,98155.33,1.1103,F
99.8,98168.56,1.098,F
99.82,98162.81,1.0645,F
99.84,98169.23,1.0238,F
99.86,98169.92,1.013,F
99.88,98173.02,1.0173,F
99.9,98171.69,1.0189,F
99.92,98176.95,1.0101,F
99.94,98174.77,0.9995,F
99.96,98179.0,0.9941,F
99.98,98180.98,0.9716,F
100.0,98185.75,0.9607,F
100.02,98191.55,0.9463,F
100.04,98188.69,0.9378,F
100.06,98183.95,0.9124,F
100.08,98189.33,0.8843,F
100.1,98191.05,0.8859,F
100.12,98197.36,0.8963,F
100.14,98203.42,0.919,F
100.16,98192.39,0.9071,F
100.18,98198.5,0.8831,F
100.2,98198.66,0.8573,F
100.22,98197.0,0.8613,F
100.24,98199.72,0.8312,F
100.26,98191.47,0.8093,F
100.28,98202.61,0.8182,F
100.3,98203.27,0.8319,F
100.32,98209.72,0.8217,F
100.34,98210.59,0.8159,F
100.36,98207.89,0.82,F
100.38,98207.38,0.832,F
100.4,98222.62,0.8444,F
100.42,98218.12,0.8697,F
100.44,98209.39,0.8812,F
100.46,98219.45,0.8966,F
100.48,98217.55,0.9323,F
100.5,98214.42,0.9555,F
100.52,98223.97,0.9796,F
100.54,98227.22,1.009,F
100.56,98220.33,1.0248,F
100.58,98215.2,1.0711,F
100.6,98228.53,1.1011,F
100.62,98213.69,1.1234,F
100.64,98230.39,1.1402,F
100.66,98234.42,1.1453,F
100.68,98236.7,1.1417,F
100.7,98235.84,1.1123,F
100.72,98225.7,1.1457,F
100.74,98229.08,1.1597,F
100.76,98238.36,1.1759,F
100.78,98224.66,1.185,F
100.8,98243.48,1.2072,F
100.82,98233.03,1.2356,F
100.84,98229.86,1.2505,F
100.86,98231.7,1.2546,F
100.88,98232.8,1.258,F
100.9,98240.98,1.2457,F
100.92,98243.47,1.2213,F
100.94,98241.92,1.2195,F
100.96,98236.62,1.2301,F
100.98,98245.55,1.2591,F
101.0,98245.7,1.2688,F
101.02,98244.17,1.2596,F
101.04,98244.36,1.2154,F
101.06,98248.48,1.182,F
101.08,98251.88,1.142,F
101.1,98252.0,1.1207,F
101.12,98253.33,1.0742,F
101.14,98254.03,1.0535,F
101.16,98256.8,1.0562,F
101.18,98261.22,1.0573,F
101.2,98261.66,1.0453,F
101.22,98261.91,1.0439,F
101.24,98261.09,1.0397,F
101.26,98263.31,1.0251,F
101.28,98264.44,0.9995,F
101.3,98268.22,0.978,F
101.32,98269.81,0.9884,F
101.34,98271.45,1.0061,F
101.36,98273.19,1.0576,F
101.38,98275.72,1.0796,F
101.4,98276.55,1.0988,F
101.42,98278.19,1.1149,F
101.44,98281.56,1.106,F
101.46,98283.8,1.0793,F
101.48,98285.48,1.0709,F
101.5,98286.41,1.0849,F
101.52,98289.28,1.112,F
101.54,98288.94,1.1267,F
101.56,98291.58,1.1508,F
101.58,98292.7,1.1695,F
101.6,98296.22,1.1698,F
101.62,98297.0,1.1456,F
101.64,98299.28,1.1312,F
101.66,98301.09,1.1002,F
101.68,98302.45,1.0687,F
101.7,98306.03,1.0494,F
101.72,98307.05,1.0465,F
101.74,98308.17,1.0735,F
101.76,98309.16,1.0868,F
101.78,98310.73,1.0887,F
101.8,98312.27,1.0868,F
101.82,98313.83,1.0851,F
101.84,98315.83,1.0827,F
101.86,98316.3,1.0856,F
101.88,98317.42,1.0904,F
101.9,98318.64,1.0984,F
101.92,98321.23,1.1065,F
101.94,98323.44,1.1184,F
101.96,98323.94,1.1344,F
101.98,98324.36,1.1389,F
102.0,98326.3,1.1359,F
102.02,98327.02,1.1363,F
102.04,98327.58,1.1182,F
102.06,98329.34,1.0868,F
102.08,98331.28,1.0913,F
102.1,98332.45,1.0954,F
102.12,98332.95,1.0747,F
102.14,98333.16,1.0329,F
102.16,98333.59,1.0224,F
102.18,98334.7,1.0323,F
102.2,98335.02,1.0301,F
102.22,98336.53,1.0131,F
102.24,98337.55,0.9885,F
102.26,98338.33,0.9703,F
102.28,98338.97,0.9901,F
102.3,98339.02,1.031,F
102.32,98339.59,1.044,F
102.34,98340.84,1.0476,F
102.36,98342.19,1.0422,F
102.38,98343.17,1.0272,F
102.4,98343.48,0.9871,F
102.42,98343.22,0.9649,F
102.44,98344.59,0.9695,F
102.46,98345.39,0.9747,F
102.48,98346.0,0.9555,F
102.5,98347.22,0.9433,F
102.52,98347.11,0.9646,F
102.54,98348.17,0.9916,F
102.56,98349.78,1.0239,F
102.58,98351.22,1.0686,F
102.6,98350.48,1.1237,F
102.62,98351.78,1.1077,F
102.64,98351.06,1.0876,F
102.66,98352.58,1.0419,F
102.68,98353.55,1.0043,F
102.7,98354.7,0.9833,F
102.72,98354.95,0.9958,F
102.74,98355.78,1.0115,F
102.76,98356.92,1.0027,F
102.78,98356.89,0.9899,F
102.8,98356.89,1.0449,F
102.82,98358.31,1.143,F
102.84,98358.55,1.2248,F
102.86,98360.73,1.2477,F
102.88,98360.12,1.2547,F
102.9,98361.19,1.194,F
102.92,98359.78,1.0958,F
102.94,98360.66,1.0423,F
102.96,98362.33,1.0229,F
102.98,98362.77,1.0036,F
103.0,98363.39,0.9691,F
103.02,98364.58,0.9698,F
103.04,98364.27,0.9796,F
103.06,98366.14,0.9596,F
103.08,98367.55,0.9538,F
103.1,98368.42,0.9687,F
103.12,98369.53,0.9807,F
103.14,98370.88,1.0029,F
103.16,98372.09,1.063,F
103.18,98372.44,1.1283,F
103.2,98372.45,1.1533,F
103.22,98373.14,1.1443,F
103.24,98372.69,1.113,F
103.26,98373.91,1.0961,F
103.28,98375.14,1.0797,F
103.3,98375.52,1.064,F
103.32,98374.69,1.0264,F
103.34,98375.61,1.0113,F
103.36,98377.77,1.0012,F
103.38,98379.0,0.9979,F
103.4,98380.2,1.0216,F
103.42,98380.02,1.0391,F
103.44,98381.56,1.0813,F
103.46,98382.03,1.0868,F
103.48,98384.0,1.0546,F
103.5,98384.69,1.009,F
103.52,98386.34,0.9751,F
103.54,98386.44,0.9784,F
103.56,98388.06,0.9958,F
103.58,98389.41,1.0575,F
103.6,98388.88,1.1012,F
103.62,98390.48,1.1292,F
103.64,98391.55,1.1251,F
103.66,98391.92,1.0718,F
103.68,98393.81,1.0193,F
103.7,98395.17,0.9724,F
103.72,98397.03,0.9378,F
103.74,98397.16,0.9202,F
103.76,98396.83,0.9211,F
103.78,98408.11,15.2911,L
103.8,98382.86,0.3952,L
103.82,98398.34,-0.0417,L
103.84,98397.33,-0.0578,L
103.86,98398.61,-0.1222,L
103.88,98396.31,-0.0625,L
103.9,98394.72,0.2866,L
103.92,98396.48,1.4731,L
103.94,98397.83,1.6433,L
103.96,98396.08,0.1843,L
103.98,98397.27,0.3732,L
104.0,98398.52,0.2752,L
104.02,98397.31,0.2153,L
104.04,98398.19,0.3199,L
104.06,98398.22,-0.0246,L
104.08,98398.42,-0.0044,L
104.1,98398.75,-0.1606,L
104.12,98398.22,-0.3012,L
104.14,98396.36,-0.4122,L
104.16,98399.69,-0.4021,L
104.18,98399.92,-0.4222,L
104.2,98400.64,-0.5465,L
104.22,98402.52,-0.6448,L
104.24,98407.23,-0.5582,L
104.26,98398.59,-3.0313,L
104.28,98415.11,0.2671,L
104.3,98405.22,-0.4651,L
104.32,98410.8,-0.479,L
104.34,98409.28,-0.99,L
104.36,98410.17,-0.5057,L
104.38,98410.2,-0.2328,L
104.4,98410.33,-0.0299,L
104.42,98410.52,0.0011,L
104.44,98409.89,-0.0459,L
104.46,98409.03,-0.1232,L
104.48,98409.12,-0.0908,L
104.5,98409.31,-0.0797,L
104.52,98410.38,-0.07,L
104.54,98409.27,-0.0748,L
104.56,98409.61,-0.0733,L
104.58,98409.78,-0.0718,L
104.6,98410.31,-0.0719,L
104.62,98410.33,-0.0738,L
104.64,98410.58,-0.0712,L
104.66,98410.36,-0.0787,L
104.68,98411.48,-0.0763,L
104.7,98410.84,-0.0801,L
104.72,98410.55,-0.0787,L
104.74,98410.83,-0.0735,L
104.76,98410.8,-0.0745,L
104.78,98411.2,-0.0755,L
104.8,98410.06,-0.0686,L
104.82,98410.14,-0.065,L
104.84,98409.52,-0.0743,L
104.86,98408.8,-0.0692,L
104.88,98410.0,-0.0643,L
104.9,98410.05,-0.0729,L
104.92,98409.78,-0.0682,L
104.94,98409.88,-0.0698,L
104.96,98408.73,-0.0781,L
104.98,98409.48,-0.071,L
105.0,98409.67,-0.0699,L
105.02,98409.27,-0.0718,L
105.04,98409.75,-0.0728,L
105.06,98410.05,-0.0745,L
105.08,98409.09,-0.073,L
105.1,98409.75,-0.0719,L
105.12,98410.33,-0.0746,L
105.14,98409.38,-0.0731,L
105.16,98409.2,-0.0733,L
105.18,98409.23,-0.0717,L
105.2,98409.62,-0.0729,L
105.22,98408.98,-0.0733,L
105.24,98409.11,-0.075,L
105.26,98409.36,-0.0722,L
105.28,98409.81,-0.073,L
105.3,98409.86,-0.0727,L
105.32,98409.77,-0.0734,L
105.34,98409.89,-0.0753,L
105.36,98409.75,-0.0736,L
105.38,98410.3,-0.0731,L
105.4,98410.3,-0.0745,L
105.42,98410.25,-0.0736,L
105.44,98409.47,-0.0745,L
105.46,98409.34,-0.074,L
105.48,98409.25,-0.0726,L
105.5,98409.75,-0.0736,L
105.52,98409.45,-0.0713,L
105.54,98410.19,-0.0736,L
105.56,98409.84,-0.0732,L
105.58,98410.06,-0.0731,L
105.6,98410.47,-0.0727,L
105.62,98410.38,-0.0713,L
105.64,98410.58,-0.0767,L
105.66,98411.0,-0.0716,L
105.68,98411.56,-0.0726,L
105.7,98410.73,-0.0737,L
105.72,98410.91,-0.0732,L
105.74,98410.89,-0.0748,L
105.76,98410.28,-0.0732,L
105.78,98410.22,-0.0757,L
105.8,98410.47,-0.0707,L
105.82,98409.61,-0.0726,L
105.84,98409.94,-0.0728,L
105.86,98409.2,-0.0747,L
105.88,98408.61,-0.0752,L
105.9,98408.7,-0.0739,L
105.92,98409.19,-0.0729,L
105.94,98408.66,-0.0739,L
105.96,98408.66,-0.0747,L
105.98,98409.16,-0.073,L
106.0,98409.5,-0.073,L
106.02,98409.55,-0.0712,L
106.04,98409.98,-0.0719,L
106.06,98410.61,-0.0747,L
106.08,98409.86,-0.0738,L
106.1,98409.47,-0.0727,L
106.12,98408.41,-0.0709,L
106.14,98408.8,-0.0724,L
106.16,98408.55,-0.0734,L
106.18,98408.48,-0.0727,L
106.2,98408.31,-0.0731,L
106.22,98408.86,-0.074,L
106.24,98409.3,-0.073,L
106.26,98409.25,-0.0729,L
106.28,98409.98,-0.0729,L
106.3,98409.58,-0.0742,L
106.32,98409.22,-0.0732,L
106.34,98410.36,-0.0718,L
106.36,98410.48,-0.0719,L
106.38,98409.02,-0.0736,L
106.4,98409.23,-0.0719,L
106.42,98409.06,-0.0736,L
106.44,98409.42,-0.0741,L
106.46,98409.75,-0.0749,L
106.48,98409.42,-0.0745,L
106.5,98410.34,-0.0734,L
106.52,98409.53,-0.0744,L
106.54,98410.22,-0.073,L
106.56,98410.0,-0.0728,L
106.58,98410.34,-0.0731,L
106.6,98410.25,-0.0724,L
106.62,98410.27,-0.0739,L
106.64,98409.55,-0.0747,L
106.66,98410.23,-0.0718,L
106.68,98410.17,-0.0727,L
106.7,98409.22,-0.0719,L
106.72,98409.36,-0.0741,L
106.74,98410.11,-0.0746,L
106.76,98409.5,-0.072,L
106.78,98409.31,-0.0715,L
106.8,98409.88,-0.068,L
106.82,98409.45,-0.0677,L
106.84,98408.97,-0.071,L
106.86,98409.44,-0.0733,L
106.88,98409.06,-0.0757,L
106.9,98409.31,-0.0744,L
106.92,98409.19,-0.075,L
106.94,98409.08,-0.0716,L
106.96,98408.69,-0.0733,L
106.98,98408.62,-0.0727,L
107.0,98408.81,-0.072,L
107.02,98409.0,-0.0725,L
107.04,98409.38,-0.0744,L
107.06,98409.56,-0.0744,L
107.08,98409.42,-0.0726,L
107.1,98409.23,-0.0722,L
107.12,98409.55,-0.0732,L
107.14,98409.33,-0.0727,L
107.16,98408.98,-0.0732,L
107.18,98408.98,-0.0734,L
107.2,98409.31,-0.075,L
107.22,98409.44,-0.0746,L
107.24,98410.33,-0.073,L
107.26,98409.92,-0.0733,L
107.28,98409.53,-0.0732,L
107.3,98410.33,-0.0727,L
107.32,98409.12,-0.0742,L
107.34,98409.34,-0.074,L
107.36,98409.58,-0.073,L
107.38,98408.94,-0.0727,L
107.4,98408.89,-0.0728,L
107.42,98409.66,-0.0742,L
107.44,98409.27,-0.0745,L
107.46,98409.02,-0.0741,L
107.48,98409.11,-0.0737,L
107.5,98409.03,-0.0714,L
107.52,98408.56,-0.0737,L
107.54,98409.03,-0.0713,L
107.56,98407.95,-0.0731,L
107.58,98408.27,-0.075,L
107.6,98409.03,-0.0733,L
107.62,98409.17,-0.0727,L
107.64,98409.59,-0.0743,L
107.66,98409.22,-0.0727,L
107.68,98410.33,-0.0726,L
107.7,98409.2,-0.0737,L
107.72,98409.78,-0.0731,L
107.74,98409.58,-0.0722,L
107.76,98410.58,-0.0748,L
107.78,98409.53,-0.0735,L
107.8,98409.73,-0.0737,L
107.82,98408.59,-0.0735,L
107.84,98409.48,-0.0731,L
107.86,98407.94,-0.0723,L
107.88,98408.95,-0.0732,L
107.9,98407.73,-0.0725,L
107.92,98408.72,-0.074,L
107.94,98408.53,-0.0738,L
107.96,98409.22,-0.0724,L
107.98,98408.41,-0.0735,L
108.0,98408.16,-0.0743,L
108.02,98408.48,-0.073,L
108.04,98408.59,-0.072,L
108.06,98408.91,-0.0727,L
108.08,98408.31,-0.0738,L
108.1,98409.02,-0.0738,L
108.12,98408.77,-0.0722,L
108.14,98408.47,-0.0726,L
108.16,98408.08,-0.0752,L
108.18,98409.34,-0.0717,L
108.2,98409.06,-0.073,L
108.22,98409.06,-0.0725,L
108.24,98410.11,-0.0722,L
108.26,98408.88,-0.0729,L
108.28,98409.33,-0.0727,L
108.3,98409.48,-0.0741,L
108.32,98408.19,-0.0738,L
108.34,98408.84,-0.0727,L
108.36,98409.42,-0.0735,L
108.38,98410.06,-0.073,L
108.4,98409.41,-0.0735,L
108.42,98410.17,-0.0711,L
108.44,98410.47,-0.0718,L
108.46,98410.53,-0.0734,L
108.48,98410.53,-0.0722,L
108.5,98409.75,-0.0752,L
108.52,98410.02,-0.0727,L
108.54,98410.17,-0.0727,L
108.56,98409.38,-0.0722,L
108.58,98409.58,-0.0732,L
108.6,98409.81,-0.0725,L
108.62,98410.17,-0.075,L
108.64,98409.39,-0.0721,L
108.66,98409.08,-0.0741,L
108.68,98408.94,-0.0725,L
108.7,98409.81,-0.0736,L
108.72,98408.64,-0.0732,L
108.74,98408.62,-0.0731,L
108.76,98408.17,-0.0742,L
108.78,98409.59,-0.0749,L
108.8,98408.19,-0.0733,L
108.82,98408.53,-0.0746,L
108.84,98408.47,-0.0731,L
108.86,98408.77,-0.0748,L
108.88,98408.62,-0.0733,L
108.9,98408.97,-0.0736,L
108.92,98408.06,-0.072,L
108.94,98408.41,-0.0727,L
108.96,98409.27,-0.0746,L
108.98,98410.56,-0.0742,L
109.0,98409.98,-0.073,L
109.02,98409.36,-0.0724,L
109.04,98409.67,-0.0713,L
109.06,98409.03,-0.0735,L
109.08,98409.34,-0.0754,L
109.1,98409.5,-0.0736,L
109.12,98409.67,-0.0741,L
109.14,98408.75,-0.0736,L
109.16,98409.22,-0.075,L
109.18,98409.22,-0.0735,L
109.2,98408.36,-0.0743,L
109.22,98408.3,-0.07,L
109.24,98408.16,-0.0733,L
109.26,98409.06,-0.0718,L
109.28,98408.33,-0.0728,L
109.3,98408.97,-0.0733,L
109.32,98408.92,-0.072,L
109.34,98409.05,-0.0731,L
109.36,98408.64,-0.0718,L
109.38,98408.61,-0.0735,L
109.4,98408.5,-0.0736,L
109.42,98409.2,-0.0728,L
109.44,98408.84,-0.0723,L
109.46,98409.84,-0.0741,L
109.48,98409.03,-0.0729,L
109.5,98409.55,-0.0748,L
109.52,98409.97,-0.0741,L
109.54,98409.92,-0.0736,L
109.56,98410.98,-0.072,L
109.58,98409.66,-0.0725,L
109.6,98409.73,-0.074,L
109.62,98409.33,-0.072,L
109.64,98409.38,-0.0734,L
109.66,98409.69,-0.0733,L
109.68,98409.88,-0.0735,L
109.7,98409.95,-0.0715,L
109.72,98410.0,-0.0733,L
109.74,98410.06,-0.0716,L
109.76,98409.56,-0.0732,L
109.78,98410.02,-0.072,L
109.8,98409.22,-0.0724,L
109.82,98410.33,-0.0741,L
109.84,98409.84,-0.0733,L
109.86,98410.25,-0.0736,L
109.88,98410.48,-0.0735,L
109.9,98409.92,-0.0734,L
109.92,98409.91,-0.0731,L
109.94,98410.33,-0.0745,L
109.96,98410.12,-0.0738,L
109.98,98410.11,-0.074,L
110.0,98411.06,-0.0727,L
110.02,98410.72,-0.0702,L
110.04,98410.02,-0.0743,L
110.06,98409.98,-0.071,L
110.08,98410.55,-0.0737,L
110.1,98410.98,-0.0749,L
110.12,98410.12,-0.0719,L
110.14,98410.69,-0.0719,L
110.16,98410.67,-0.0735,L
110.18,98409.61,-0.0744,L
110.2,98410.86,-0.0725,L
110.22,98410.92,-0.0712,L
110.24,98410.77,-0.0732,L
110.26,98409.66,-0.0724,L
110.28,98410.33,-0.0738,L
110.3,98410.42,-0.0744,L
110.32,98409.41,-0.0728,L
110.34,98409.7,-0.0733,L
110.36,98410.17,-0.0729,L
110.38,98409.7,-0.0743,L
110.4,98410.22,-0.072,L
110.42,98410.98,-0.0728,L
110.44,98410.25,-0.0736,L
110.46,98410.33,-0.0732,L
110.48,98410.77,-0.0735,L
110.5,98410.28,-0.0731,L
110.52,98410.72,-0.0747,L
110.54,98410.61,-0.0726,L
110.56,98410.56,-0.0722,L
110.58,98410.67,-0.0746,L
110.6,98411.59,-0.0727,L
110.62,98410.98,-0.0715,L
110.64,98410.86,-0.0745,L
110.66,98410.83,-0.0722,L
110.68,98410.44,-0.0738,L
110.7,98410.41,-0.0721,L
110.72,98410.8,-0.0738,L
110.74,98410.81,-0.0734,L
110.76,98410.7,-0.074,L
110.78,98410.38,-0.0734,L
110.8,98410.98,-0.0735,L
110.82,98410.38,-0.072,L
110.84,98410.91,-0.072,L
110.86,98411.47,-0.0734,L
110.88,98410.81,-0.0718,L
110.9,98410.69,-0.0731,L
110.92,98411.61,-0.0741,L
110.94,98410.69,-0.0716,L
110.96,98410.86,-0.075,L
110.98,98410.38,-0.0736,L
111.0,98410.19,-0.0707,L
111.02,98410.78,-0.0737,L
111.04,98411.05,-0.0739,L
111.06,98410.7,-0.0734,L
111.08,98410.72,-0.0745,L
111.1,98411.2,-0.0725,L
111.12,98410.38,-0.0713,L
111.14,98410.81,-0.0736,L
111.16,98410.73,-0.0732,L
111.18,98411.0,-0.0723,L
111.2,98410.73,-0.0734,L
111.22,98410.61,-0.0732,L
111.24,98410.58,-0.0737,L
111.26,98411.09,-0.0745,L
111.28,98411.53,-0.074,L
111.3,98411.12,-0.0732,L
111.32,98411.11,-0.0722,L
111.34,98411.02,-0.0742,L
111.36,98411.39,-0.0742,L
111.38,98410.92,-0.0727,L
111.4,98410.69,-0.0728,L
111.42,98411.09,-0.0737,L
111.44,98410.61,-0.0717,L
111.46,98411.36,-0.0736,L
111.48,98410.7,-0.0729,L
111.5,98411.19,-0.0721,L
111.52,98410.92,-0.073,L
111.54,98410.39,-0.0743,L
111.56,98410.94,-0.0727,L
111.58,98410.58,-0.0741,L
111.6,98410.73,-0.0739,L
111.62,98410.34,-0.0715,L
111.64,98410.3,-0.0739,L
111.66,98411.06,-0.073,L
111.68,98410.58,-0.0739,L
111.7,98410.97,-0.0724,L
111.72,98410.91,-0.0738,L
111.74,98410.8,-0.0725,L
111.76,98411.67,-0.0724,L
111.78,98410.48,-0.074,L
111.8,98411.22,-0.0748,L
111.82,98410.77,-0.0733,L
111.84,98410.8,-0.0736,L
111.86,98411.22,-0.0739,L
111.88,98410.7,-0.0732,L
111.9,98410.98,-0.0727,L
111.92,98411.09,-0.0739,L
111.94,98409.91,-0.0753,L
111.96,98410.2,-0.0753,L
111.98,98410.62,-0.0735,L
112.0,98410.5,-0.0745,L
112.02,98411.06,-0.0729,L
112.04,98410.69,-0.0754,L
112.06,98411.25,-0.073,L
112.08,98410.75,-0.0732,L
112.1,98410.55,-0.0729,L
112.12,98410.62,-0.0724,L
112.14,98410.08,-0.075,L
112.16,98410.62,-0.0731,L
112.18,98410.83,-0.0728,L
112.2,98410.48,-0.0727,L
112.22,98410.66,-0.0734,L
112.24,98410.09,-0.0723,L
112.26,98410.98,-0.0729,L
112.28,98411.16,-0.0727,L
112.3,98411.23,-0.0743,L
112.32,98410.38,-0.0713,L
112.34,98411.38,-0.0726,L
112.36,98410.88,-0.0736,L
112.38,98411.27,-0.075,L
112.4,98410.28,-0.0716,L
112.42,98410.09,-0.0735,L
112.44,98410.95,-0.0728,L
112.46,98410.81,-0.0725,L
112.48,98410.89,-0.0726,L
112.5,98410.09,-0.0745,L
112.52,98410.22,-0.0739,L
112.54,98409.8,-0.0745,L
112.56,98410.36,-0.073,L
112.58,98410.47,-0.074,L
112.6,98409.94,-0.0723,L
112.62,98409.84,-0.0729,L
112.64,98410.89,-0.0726,L
112.66,98411.02,-0.0719,L
112.68,98410.98,-0.073,L
112.7,98410.48,-0.0731,L
112.72,98410.3,-0.0743,L
112.74,98410.94,-0.0724,L
112.76,98410.33,-0.0734,L
112.78,98410.19,-0.0717,L
112.8,98410.0,-0.0746,L
112.82,98410.66,-0.0741,L
112.84,98409.7,-0.0725,L
112.86,98410.5,-0.0721,L
112.88,98410.3,-0.0724,L
112.9,98410.03,-0.0749,L
112.92,98410.16,-0.0726,L
112.94,98410.31,-0.0748,L
112.96,98411.09,-0.0728,L
112.98,98409.7,-0.0728,L
113.0,98410.58,-0.0731,L
113.02,98410.14,-0.0738,L
113.04,98409.75,-0.0736,L
113.06,98410.59,-0.0736,L
113.08,98410.7,-0.0742,L
113.1,98410.09,-0.0743,L
113.12,98409.89,-0.071,L
113.14,98410.19,-0.0728,L
113.16,98409.92,-0.0732,L
113.18,98409.7,-0.0723,L
113.2,98409.73,-0.0745,L
113.22,98409.59,-0.0759,L
113.24,98410.78,-0.0722,L
113.26,98410.09,-0.0737,L
113.28,98410.02,-0.0723,L
113.3,98410.11,-0.071,L
113.32,98409.92,-0.0743,L
113.34,98409.7,-0.0726,L
113.36,98410.28,-0.0747,L
113.38,98410.08,-0.0716,L
113.4,98410.23,-0.0737,L
113.42,98410.11,-0.0744,L
113.44,98409.91,-0.0728,L
113.46,98410.02,-0.0742,L
113.48,98410.0,-0.0732,L
113.5,98409.94,-0.0735,L
113.52,98410.72,-0.0737,L
113.54,98409.81,-0.0727,L
113.56,98410.14,-0.0726,L
113.58,98409.53,-0.0742,L
113.6,98409.89,-0.0731,L
113.62,98409.53,-0.0743,L
113.64,98409.91,-0.0721,L
113.66,98409.69,-0.0737,L
113.68,98409.3,-0.0732,L
113.7,98410.27,-0.0731,L
113.72,98409.3,-0.0723,L
113.74,98409.23,-0.0748,L
113.76,98409.88,-0.0722,L
113.78,98409.56,-0.0727,L
113.8,98409.72,-0.073,L
113.82,98410.08,-0.0727,L
113.84,98410.27,-0.0739,L
113.86,98409.72,-0.0734,L
113.88,98409.69,-0.0735,L
113.9,98409.77,-0.0732,L
113.92,98409.33,-0.0748,L
113.94,98409.58,-0.0757,L
113.96,98410.53,-0.0734,L
113.98,98410.34,-0.073,L
114.0,98410.17,-0.0702,L
114.02,98409.48,-0.0742,L
114.04,98409.52,-0.0732,L
114.06,98409.56,-0.0738,L
114.08,98410.11,-0.0732,L
114.1,98409.66,-0.0749,L
114.12,98409.2,-0.0715,L
114.14,98410.16,-0.0738,L
114.16,98410.08,-0.0743,L
114.18,98409.31,-0.0726,L
114.2,98409.75,-0.0741,L
114.22,98409.58,-0.0727,L
114.24,98410.41,-0.0749,L
114.26,98409.73,-0.0718,L
114.28,98409.28,-0.0737,L
114.3,98410.05,-0.0744,L
114.32,98410.58,-0.0739,L
114.34,98410.23,-0.0734,L
114.36,98410.19,-0.0728,L
114.38,98410.0,-0.0743,L
114.4,98409.47,-0.075,L
114.42,98410.52,-0.0748,L
114.44,98409.98,-0.0743,L
114.46,98409.7,-0.0727,L
114.48,98409.64,-0.0734,L
114.5,98409.69,-0.0721,L
114.52,98409.88,-0.0723,L
114.54,98409.52,-0.0732,L
114.56,98409.75,-0.0718,L
114.58,98409.95,-0.0727,L
114.6,98410.12,-0.0727,L
114.62,98410.34,-0.074,L
114.64,98409.02,-0.0728,L
114.66,98410.58,-0.0741,L
114.68,98410.22,-0.0724,L
114.7,98410.69,-0.0736,L
114.72,98409.94,-0.0731,L
114.74,98411.12,-0.0743,L
114.76,98410.92,-0.0731,L
