t_s,basinc_pa,ivme_g,ncsu_durum
0.0,92585.67,1.003,S
0.02,92585.08,1.0016,S
0.04,92585.92,1.0012,S
0.06,92584.77,1.0008,S
0.08,92585.22,1.0026,S
0.1,92586.09,1.0019,S
0.12,92586.27,1.0059,S
0.14,92586.92,1.0065,S
0.16,92586.86,1.0053,S
0.18,92587.38,1.0053,S
0.2,92587.25,1.0025,S
0.22,92588.42,1.0033,S
0.24,92587.64,1.0038,S
0.26,92588.69,1.0013,S
0.28,92588.16,1.0021,S
0.3,92588.14,1.0011,S
0.32,92588.48,1.003,S
0.34,92588.89,1.0037,S
0.36,92588.5,1.0046,S
0.38,92588.62,1.0045,S
0.4,92588.78,1.0053,S
0.42,92587.7,1.0041,S
0.44,92588.23,1.0024,S
0.46,92588.8,1.0042,S
0.48,92588.58,1.0018,S
0.5,92588.5,1.0014,S
0.52,92589.39,1.0021,S
0.54,92588.89,1.0041,S
0.56,92589.89,1.0026,S
0.58,92589.75,1.004,S
0.6,92590.14,1.0026,S
0.62,92589.66,1.0044,S
0.64,92589.77,1.0013,S
0.66,92590.02,1.0026,S
0.68,92588.5,1.0025,S
0.7,92588.52,1.0007,S
0.72,92587.95,1.0,S
0.74,92588.5,1.0018,S
0.76,92588.59,1.0036,S
0.78,92588.28,1.0048,S
0.8,92588.36,1.0045,S
0.82,92588.52,1.007,S
0.84,92588.64,1.0062,S
0.86,92588.67,1.0045,S
0.88,92588.08,1.0023,S
0.9,92587.3,1.0024,S
0.92,92587.69,1.0012,S
0.94,92588.7,1.0011,S
0.96,92589.11,1.0011,S
0.98,92589.3,1.0035,S
1.0,92588.78,1.004,S
1.02,92589.3,1.0045,S
1.04,92588.31,1.0036,S
1.06,92588.64,1.0041,S
1.08,92587.81,1.0029,S
1.1,92587.81,1.0021,S
1.12,92588.34,1.0014,S
1.14,92587.72,1.0015,S
1.16,92588.34,1.0011,S
1.18,92589.34,1.0022,S
1.2,92588.81,1.0036,S
1.22,92588.48,1.0031,S
1.24,92588.06,1.0033,S
1.26,92587.94,1.005,S
1.28,92588.64,1.0052,S
1.3,92587.38,1.0023,S
1.32,92587.73,1.0019,S
1.34,92587.56,1.0007,S
1.36,92587.62,1.0017,S
1.38,92587.59,1.0005,S
1.4,92587.53,1.0006,S
1.42,92588.02,1.0033,S
1.44,92588.08,1.0046,S
1.46,92587.38,1.0037,S
1.48,92588.36,1.0044,S
1.5,92587.38,1.0051,S
1.52,92587.77,1.0051,S
1.54,92586.97,1.003,S
1.56,92586.86,1.0019,S
1.58,92586.34,1.0006,S
1.6,92586.27,1.0004,S
1.62,92585.89,1.0025,S
1.64,92585.7,1.0045,S
1.66,92586.03,1.0047,S
1.68,92586.0,1.0043,S
1.7,92585.7,1.0044,S
1.72,92586.86,1.0028,S
1.74,92586.91,1.002,S
1.76,92586.8,1.0044,S
1.78,92586.27,1.0027,S
1.8,92585.48,1.0009,S
1.82,92586.73,1.0005,S
1.84,92586.58,1.002,S
1.86,92587.16,1.0039,S
1.88,92586.67,1.0024,S
1.9,92586.09,1.0035,S
1.92,92586.42,1.0033,S
1.94,92586.33,1.0044,S
1.96,92586.08,1.0035,S
1.98,92586.31,1.0049,S
2.0,92586.33,1.003,S
2.02,92586.73,1.0007,S
2.04,92587.16,1.0012,S
2.06,92586.36,1.0032,S
2.08,92586.52,1.0033,S
2.1,92586.72,1.0012,S
2.12,92585.98,1.0037,S
2.14,92586.19,1.0043,S
2.16,92586.28,1.0035,S
2.18,92585.5,1.0046,S
2.2,92586.11,1.0037,S
2.22,92586.0,1.0036,S
2.24,92586.17,1.0005,S
2.26,92585.27,1.0023,S
2.28,92585.41,1.0016,S
2.3,92585.52,1.001,S
2.32,92586.3,1.0041,S
2.34,92585.36,1.0049,S
2.36,92586.17,1.0047,S
2.38,92586.5,1.0034,S
2.4,92586.12,1.005,S
2.42,92586.22,1.0039,S
2.44,92586.09,1.0032,S
2.46,92585.89,1.0014,S
2.48,92585.89,1.0007,S
2.5,92586.45,1.0015,S
2.52,92586.16,1.0025,S
2.54,92585.44,1.0039,S
2.56,92586.02,1.0044,S
2.58,92585.86,1.0039,S
2.6,92585.33,1.0039,S
2.62,92584.66,1.0042,S
2.64,92585.88,1.0035,S
2.66,92586.45,1.002,S
2.68,92585.64,1.0023,S
2.7,92586.09,1.001,S
2.72,92585.95,1.0014,S
2.74,92586.11,1.0036,S
2.76,92586.31,1.0047,S
2.78,92586.94,1.0058,S
2.8,92586.83,1.0047,S
2.82,92587.22,1.004,S
2.84,92586.8,1.0057,S
2.86,92586.69,1.0029,S
2.88,92586.33,1.0009,S
2.9,92585.97,1.0011,S
2.92,92585.28,1.0019,S
2.94,92585.8,1.0028,S
2.96,92585.09,1.0012,S
2.98,92585.72,1.0056,S
3.0,92584.62,1.0048,S
3.02,92583.86,1.0047,S
3.04,92583.61,1.0059,S
3.06,92582.17,1.004,S
3.08,92582.17,1.0036,S
3.1,92582.11,1.0016,S
3.12,92582.83,1.0029,S
3.14,92583.02,0.9991,S
3.16,92583.06,1.0,S
3.18,92583.34,1.0025,S
3.2,92583.38,1.0038,S
3.22,92584.47,1.0045,S
3.24,92583.42,1.0065,S
3.26,92583.61,1.006,S
3.28,92586.3,1.0028,S
3.3,92585.59,1.0031,S
3.32,92586.88,0.9995,S
3.34,92586.3,1.0015,S
3.36,92586.95,1.0015,S
3.38,92585.94,1.0022,S
3.4,92586.58,1.0028,S
3.42,92585.61,1.0031,S
3.44,92586.14,1.0083,S
3.46,92587.05,1.0061,S
3.48,92585.92,1.0039,S
3.5,92585.66,1.0055,S
3.52,92585.83,1.0023,S
3.54,92585.7,1.0029,S
3.56,92584.89,1.0005,S
3.58,92584.7,1.0025,S
3.6,92585.42,1.001,S
3.62,92585.19,1.0035,S
3.64,92584.59,1.004,S
3.66,92585.67,1.0031,S
3.68,92585.42,1.0058,S
3.7,92586.17,1.0038,S
3.72,92587.09,1.003,S
3.74,92587.0,1.0,S
3.76,92587.59,1.004,S
3.78,92587.5,1.0002,S
3.8,92587.91,1.0001,S
3.82,92587.3,1.0048,S
3.84,92588.0,1.001,S
3.86,92587.86,1.0047,S
3.88,92587.12,1.0039,S
3.9,92587.91,1.0032,S
3.92,92588.33,1.005,S
3.94,92587.44,1.0058,S
3.96,92587.47,0.9995,S
3.98,92587.75,1.004,S
4.0,92587.48,0.9984,S
4.02,92587.52,1.0059,S
4.04,92587.64,1.003,S
4.06,92587.97,1.0033,S
4.08,92588.33,1.0078,S
4.1,92587.23,1.0069,S
4.12,92588.25,1.005,S
4.14,92587.0,1.0044,S
4.16,92587.23,1.005,S
4.18,92586.53,1.0004,S
4.2,92586.81,0.9984,S
4.22,92586.59,1.0028,S
4.24,92587.47,1.0022,S
4.26,92587.12,0.9985,S
4.28,92587.34,1.0012,S
4.3,92586.56,1.0037,S
4.32,92587.66,1.003,S
4.34,92586.69,1.0045,S
4.36,92586.77,1.005,S
4.38,92586.34,1.0046,S
4.4,92585.62,0.9995,S
4.42,92585.45,1.0,S
4.44,92585.28,1.0039,S
4.46,92586.06,1.0039,S
4.48,92586.3,1.0065,S
4.5,92584.81,1.0029,S
4.52,92585.3,1.006,S
4.54,92584.56,1.0044,S
4.56,92584.44,1.003,S
4.58,92584.67,1.0041,S
4.6,92583.94,1.0004,S
4.62,92584.58,1.0256,S
4.64,92585.08,0.9984,S
4.66,92586.19,1.0026,S
4.68,92584.98,0.9997,S
4.7,92585.78,1.0059,S
4.72,92588.0,1.0106,S
4.74,92586.66,1.017,S
4.76,92586.39,1.0213,S
4.78,92585.59,1.0023,S
4.8,92584.66,1.0069,S
4.82,92585.22,0.9957,S
4.84,92584.84,1.0024,S
4.86,92584.92,0.9938,S
4.88,92585.52,0.9809,S
4.9,92584.58,0.9891,S
4.92,92585.67,1.0223,S
4.94,92585.59,0.9967,S
4.96,92586.11,1.0045,S
4.98,92587.28,1.0098,S
5.0,92602.88,3.7819,S
5.02,92578.7,3.5448,S
5.04,92581.58,4.9728,S
5.06,92581.41,6.3371,S
5.08,92573.3,6.8158,S
5.1,92581.22,6.4579,S
5.12,92577.56,6.752,S
5.14,92567.84,6.7222,S
5.16,92581.72,7.151,S
5.18,92570.34,6.3505,S
5.2,92582.39,7.0901,M
5.22,92585.3,7.2556,M
5.24,92569.77,7.5494,M
5.26,92542.62,7.3781,M
5.28,92571.55,7.3885,M
5.3,92566.45,7.5508,M
5.32,92545.94,7.6253,M
5.34,92549.11,7.8606,M
5.36,92551.14,7.7167,M
5.38,92542.06,7.6354,M
5.4,92524.66,7.4945,M
5.42,92522.5,8.0233,M
5.44,92530.73,7.9717,M
5.46,92517.45,8.0202,M
5.48,92519.81,8.1229,M
5.5,92515.34,8.0978,M
5.52,92502.38,8.2136,M
5.54,92497.28,8.2269,M
5.56,92486.31,8.2575,M
5.58,92474.72,8.342,M
5.6,92474.12,8.361,M
5.62,92462.42,8.3465,M
5.64,92458.31,8.4589,M
5.66,92451.36,8.4652,M
5.68,92438.39,8.4537,M
5.7,92431.83,8.5065,M
5.72,92421.17,8.5774,M
5.74,92406.78,8.6463,M
5.76,92409.3,8.6176,M
5.78,92388.89,8.5372,M
5.8,92379.94,8.7093,M
5.82,92364.08,8.7918,M
5.84,92354.3,8.8392,M
5.86,92340.53,8.7353,M
5.88,92333.56,8.7012,M
5.9,92319.2,8.7726,M
5.92,92305.5,8.726,M
5.94,92287.47,8.8232,M
5.96,92264.97,8.7735,M
5.98,92248.92,8.7412,M
6.0,92245.22,8.8881,M
6.02,92223.67,8.8524,M
6.04,92210.81,8.8517,M
6.06,92186.81,8.7558,M
6.08,92175.92,8.776,M
6.1,92158.16,8.8072,M
6.12,92144.19,8.9005,M
6.14,92130.61,8.9083,M
6.16,92108.36,8.8974,M
6.18,92101.12,8.9237,M
6.2,92092.41,8.8473,M
6.22,92074.69,8.9037,M
6.24,92068.8,8.7592,M
6.26,92049.47,8.8083,M
6.28,92027.44,8.8045,M
6.3,92014.88,8.759,M
6.32,92004.36,8.7753,M
6.34,91982.11,8.7055,M
6.36,91961.53,8.6108,M
6.38,91935.7,8.6373,M
6.4,91915.31,8.6739,M
6.42,91900.78,8.6522,M
6.44,91863.64,8.7014,M
6.46,91841.45,8.6177,M
6.48,91820.22,8.4884,M
6.5,91799.5,8.4043,M
6.52,91778.47,8.357,M
6.54,91769.72,8.3318,M
6.56,91748.02,8.2859,M
6.58,91728.67,8.1566,M
6.6,91708.42,8.0713,M
6.62,91685.75,8.1073,M
6.64,91674.25,8.1612,M
6.66,91662.14,7.933,M
6.68,91636.69,7.9239,M
6.7,91612.7,7.8216,M
6.72,91593.94,7.7537,M
6.74,91565.0,7.6807,M
6.76,91555.48,7.702,M
6.78,91526.38,7.7565,M
6.8,91507.41,7.5467,M
6.82,91462.34,7.5103,M
6.84,91444.94,7.4841,M
6.86,91427.28,7.4032,M
6.88,91398.92,7.4475,M
6.9,91365.91,7.3441,M
6.92,91337.95,7.2353,M
6.94,91316.0,7.1323,M
6.96,91288.69,7.2421,M
6.98,91264.19,7.1315,M
7.0,91241.06,7.0114,M
7.02,91210.05,7.0405,M
7.04,91177.39,7.0724,M
7.06,91148.44,6.9839,M
7.08,91118.05,6.9539,M
7.1,91108.11,6.8411,M
7.12,91070.84,6.7928,M
7.14,91028.39,6.803,M
7.16,91005.38,6.7686,M
7.18,90985.88,6.8056,M
7.2,90959.22,6.6699,M
7.22,90926.94,6.6778,M
7.24,90880.14,6.5386,M
7.26,90851.73,6.5572,M
7.28,90817.45,6.4914,M
7.3,90806.48,6.4047,M
7.32,90766.06,6.3837,M
7.34,90740.16,6.4193,M
7.36,90705.22,6.318,M
7.38,90669.25,6.2444,M
7.4,90642.5,6.2142,M
7.42,90618.72,6.2046,M
7.44,90589.86,6.1817,M
7.46,90558.36,6.1017,M
7.48,90525.0,6.1094,M
7.5,90479.97,6.0044,M
7.52,90461.83,6.1034,M
7.54,90433.36,6.1006,M
7.56,90400.61,5.9596,M
7.58,90360.91,5.9359,M
7.6,90324.98,5.8984,M
7.62,90303.06,5.8766,M
7.64,90267.95,5.8818,M
7.66,90231.02,5.7541,M
7.68,90191.31,5.702,M
7.7,90144.22,5.4684,M
7.72,90107.28,5.0013,M
7.74,90098.45,4.8225,M
7.76,90055.73,4.2744,M
7.78,90015.81,3.6115,M
7.8,89978.94,2.8186,M
7.82,89936.14,1.9863,M
7.84,89906.44,1.3755,M
7.86,89880.05,1.0389,M
7.88,89838.5,0.4359,C
7.9,89797.97,0.1848,C
7.92,89750.14,-0.0035,C
7.94,89701.05,-0.0982,C
7.96,89694.95,-0.1795,C
7.98,90108.62,-0.8021,C
8.0,91138.06,-2.0391,C
8.02,91361.95,-1.5549,C
8.04,91391.69,-3.0925,C
8.06,91461.14,-1.9788,C
8.08,91407.42,-2.6297,C
8.1,91352.34,-1.4468,C
8.12,91330.92,-2.2735,C
8.14,91316.89,-2.59,C
8.16,91262.56,-2.5317,C
8.18,91130.38,-2.3315,C
8.2,91158.2,-2.5809,C
8.22,91111.84,-2.5866,C
8.24,91034.66,-2.7827,C
8.26,90967.16,-1.9629,C
8.28,90924.09,-1.5749,C
8.3,90914.05,-2.7082,C
8.32,90897.52,-2.1907,C
8.34,90831.31,-3.0158,C
8.36,90751.19,-2.2013,C
8.38,90717.56,-2.098,C
8.4,90651.73,-2.0223,C
8.42,90649.77,-2.6224,C
8.44,90584.42,-2.2571,C
8.46,90545.17,-1.7874,C
8.48,90489.41,-2.0387,C
8.5,90421.27,-3.2464,C
8.52,90413.86,-2.4252,C
8.54,90317.94,-1.5619,C
8.56,90262.23,-2.0637,C
8.58,90207.77,-2.872,C
8.6,90137.94,-2.1646,C
8.62,90121.81,-2.0465,C
8.64,90071.12,-1.5808,C
8.66,90053.72,-1.9666,C
8.68,90035.28,-2.2759,C
8.7,89979.3,-2.2676,C
8.72,89926.34,-1.6246,C
8.74,89876.36,-1.4609,C
8.76,89831.27,-2.3211,C
8.78,89696.66,-1.7897,C
8.8,89666.52,-1.9485,C
8.82,89581.39,-1.8304,C
8.84,89583.5,-2.3744,C
8.86,89570.7,-1.5342,C
8.88,89480.77,-1.3391,C
8.9,89397.17,-2.0474,C
8.92,89422.47,-1.2193,C
8.94,89323.88,-1.323,C
8.96,89351.59,-1.7222,C
8.98,89274.08,-1.8305,C
9.0,89225.75,-1.7972,C
9.02,89211.84,-1.4793,C
9.04,89172.95,-1.7466,C
9.06,89141.28,-1.3046,C
9.08,89126.89,-1.9895,C
9.1,89091.38,-0.9882,C
9.12,89005.83,-1.9844,C
9.14,88989.91,-1.7508,C
9.16,88903.31,-1.0042,C
9.18,88822.09,-1.4013,C
9.2,88847.12,-1.3671,C
9.22,88773.84,-1.3127,C
9.24,88787.98,-1.6545,C
9.26,88716.05,-1.543,C
9.28,88684.64,-0.9817,C
9.3,88664.67,-1.24,C
9.32,88624.12,-1.3538,C
9.34,88557.19,-1.5018,C
9.36,88510.88,-0.9791,C
9.38,88512.98,-1.4337,C
9.4,88442.98,-1.4202,C
9.42,88418.23,-1.4751,C
9.44,88388.42,-1.6563,C
9.46,88335.91,-1.484,C
9.48,88272.52,-1.0373,C
9.5,88323.66,-1.3067,C
9.52,88228.83,-1.7113,C
9.54,88156.61,-1.206,C
9.56,88141.77,-1.5817,C
9.58,88163.89,-1.6751,C
9.6,88133.06,-1.5639,C
9.62,88126.55,-1.3744,C
9.64,88069.09,-1.2438,C
9.66,88052.53,-1.4239,C
9.68,88025.42,-1.6981,C
9.7,87990.91,-1.2694,C
9.72,87940.39,-1.5646,C
9.74,87904.23,-1.1826,C
9.76,87872.11,-1.1304,C
9.78,87847.75,-1.4604,C
9.8,87768.34,-1.3553,C
9.82,87736.84,-0.8053,C
9.84,87695.77,-1.0235,C
9.86,87633.16,-1.1243,C
9.88,87640.98,-1.2387,C
9.9,87577.17,-1.3223,C
9.92,87516.89,-1.0355,C
9.94,87548.75,-1.2721,C
9.96,87489.0,-1.2373,C
9.98,87464.62,-1.4949,C
10.0,87448.48,-1.2362,C
10.02,87420.75,-1.317,C
10.04,87380.84,-1.0913,C
10.06,87355.08,-1.0229,C
10.08,87336.23,-0.9437,C
10.1,87281.72,-1.1197,C
10.12,87247.08,-1.1321,C
10.14,87235.28,-1.0419,C
10.16,87212.66,-0.8442,C
10.18,87188.5,-1.0457,C
10.2,87166.86,-0.8062,C
10.22,87093.7,-0.7819,C
10.24,87056.48,-1.1663,C
10.26,87017.0,-1.2877,C
10.28,87057.97,-0.5801,C
10.3,86956.06,-1.0604,C
10.32,86945.06,-0.9688,C
10.34,86941.75,-1.1108,C
10.36,86855.05,-0.7627,C
10.38,86856.53,-0.9836,C
10.4,86824.69,-0.9692,C
10.42,86812.94,-1.1962,C
10.44,86769.39,-0.8804,C
10.46,86752.8,-1.1803,C
10.48,86687.66,-1.0651,C
10.5,86706.67,-0.6069,C
10.52,86694.23,-0.8509,C
10.54,86653.08,-0.9952,C
10.56,86610.03,-1.191,C
10.58,86596.81,-0.9979,C
10.6,86607.02,-1.1031,C
10.62,86547.34,-0.855,C
10.64,86503.92,-1.2348,C
10.66,86495.27,-0.7517,C
10.68,86467.38,-0.7452,C
10.7,86390.56,-1.0959,C
10.72,86387.05,-1.1202,C
10.74,86363.92,-0.6559,C
10.76,86365.98,-0.6018,C
10.78,86379.92,-0.8586,C
10.8,86392.78,-0.5319,C
10.82,86357.5,-0.7672,C
10.84,86266.97,-0.5452,C
10.86,85761.92,-0.9981,C
10.88,85661.17,-0.2302,C
10.9,85613.25,-0.3064,C
10.92,85595.02,-0.22,C
10.94,85565.91,-0.2727,C
10.96,85544.03,-0.2586,C
10.98,85517.09,-0.271,C
11.0,85497.83,-0.2437,C
11.02,85472.58,-0.2434,C
11.04,85461.75,-0.2526,C
11.06,85441.84,-0.2116,C
11.08,85416.55,-0.2232,C
11.1,85393.7,-0.2201,C
11.12,85373.48,-0.2672,C
11.14,85352.44,-0.2725,C
11.16,85342.67,-0.2184,C
11.18,85322.8,-0.2547,C
11.2,85300.14,-0.243,C
11.22,85278.97,-0.2297,C
11.24,85252.44,-0.2398,C
11.26,85233.48,-0.1958,C
11.28,85222.88,-0.1987,C
11.3,85199.22,-0.2411,C
11.32,85181.17,-0.2,C
11.34,85157.45,-0.2083,C
11.36,85146.02,-0.2033,C
11.38,85126.11,-0.2069,C
11.4,85100.95,-0.2448,C
11.42,85078.97,-0.2153,C
11.44,85061.5,-0.2102,C
11.46,85038.72,-0.2404,C
11.48,85025.98,-0.2347,C
11.5,85008.83,-0.2175,C
11.52,84986.66,-0.2065,C
11.54,84965.31,-0.22,C
11.56,84944.28,-0.2035,C
11.58,84925.8,-0.2008,C
11.6,84914.58,-0.2337,C
11.62,84891.98,-0.2061,C
11.64,84874.89,-0.1833,C
11.66,84851.69,-0.1708,C
11.68,84830.98,-0.2368,C
11.7,84822.19,-0.187,C
11.72,84799.31,-0.2333,C
11.74,84777.22,-0.1898,C
11.76,84758.58,-0.2198,C
11.78,84737.19,-0.174,C
11.8,84719.09,-0.18,C
11.82,84708.41,-0.1885,C
11.84,84688.22,-0.192,C
11.86,84669.52,-0.1836,C
11.88,84650.0,-0.1716,C
11.9,84628.75,-0.2016,C
11.92,84621.14,-0.2071,C
11.94,84600.55,-0.1967,C
11.96,84582.73,-0.2169,C
11.98,84562.5,-0.1854,C
12.0,84543.14,-0.168,C
12.02,84522.47,-0.2037,C
12.04,84510.23,-0.1584,C
12.06,84488.31,-0.1714,C
12.08,84470.81,-0.1875,C
12.1,84447.69,-0.1783,C
12.12,84429.61,-0.1591,C
12.14,84418.56,-0.1678,C
12.16,84403.33,-0.1649,C
12.18,84386.64,-0.1795,C
12.2,84365.12,-0.1594,C
12.22,84345.05,-0.1747,C
12.24,84327.38,-0.1697,C
12.26,84320.86,-0.1905,C
12.28,84298.17,-0.1869,C
12.3,84280.91,-0.1691,C
12.32,84262.61,-0.1662,C
12.34,84246.2,-0.1646,C
12.36,84234.92,-0.1748,C
12.38,84217.39,-0.1625,C
12.4,84199.81,-0.1549,C
12.42,84179.94,-0.1492,C
12.44,84163.59,-0.1746,C
12.46,84153.38,-0.1719,C
12.48,84131.72,-0.1795,C
12.5,84116.41,-0.1352,C
12.52,84095.09,-0.1553,C
12.54,84076.67,-0.1735,C
12.56,84057.73,-0.1564,C
12.58,84049.66,-0.1237,C
12.6,84029.28,-0.1906,C
12.62,84013.09,-0.1777,C
12.64,83995.05,-0.1491,C
12.66,83979.72,-0.1816,C
12.68,83968.86,-0.1708,C
12.7,83950.95,-0.1468,C
12.72,83934.36,-0.1296,C
12.74,83915.83,-0.1442,C
12.76,83900.3,-0.1421,C
12.78,83879.8,-0.1428,C
12.8,83870.64,-0.1243,C
12.82,83853.78,-0.1363,C
12.84,83834.92,-0.1771,C
12.86,83817.78,-0.1615,C
12.88,83802.2,-0.1408,C
12.9,83783.28,-0.1738,C
12.92,83772.98,-0.1412,C
12.94,83757.22,-0.1885,C
12.96,83738.19,-0.1161,C
12.98,83722.61,-0.1294,C
13.0,83702.72,-0.1372,C
13.02,83693.38,-0.1435,C
13.04,83679.27,-0.1151,C
13.06,83659.22,-0.136,C
13.08,83644.03,-0.1392,C
13.1,83624.62,-0.1644,C
13.12,83604.8,-0.1184,C
13.14,83599.05,-0.1251,C
13.16,83584.38,-0.1176,C
13.18,83569.38,-0.1119,C
13.2,83555.66,-0.1206,C
13.22,83539.14,-0.1103,C
13.24,83531.78,-0.1104,C
13.26,83516.89,-0.1447,C
13.28,83499.17,-0.1386,C
13.3,83483.97,-0.0886,C
13.32,83468.58,-0.1335,C
13.34,83457.94,-0.1263,C
13.36,83443.59,-0.132,C
13.38,83426.36,-0.1308,C
13.4,83408.36,-0.1,C
13.42,83394.41,-0.1068,C
13.44,83376.88,-0.1246,C
13.46,83364.42,-0.1058,C
13.48,83353.45,-0.1021,C
13.5,83336.84,-0.1188,C
13.52,83323.66,-0.1037,C
13.54,83305.52,-0.083,C
13.56,83297.58,-0.1202,C
13.58,83284.62,-0.0987,C
13.6,83270.12,-0.1041,C
13.62,83254.16,-0.0925,C
13.64,83237.94,-0.1072,C
13.66,83221.5,-0.1072,C
13.68,83216.77,-0.1003,C
13.7,83199.89,-0.1094,C
13.72,83183.25,-0.0809,C
13.74,83170.22,-0.1228,C
13.76,83153.97,-0.114,C
13.78,83142.06,-0.1294,C
13.8,83133.34,-0.1264,C
13.82,83116.86,-0.1152,C
13.84,83104.02,-0.1003,C
13.86,83089.27,-0.1179,C
13.88,83074.72,-0.1037,C
13.9,83059.97,-0.0876,C
13.92,83052.36,-0.0882,C
13.94,83039.52,-0.093,C
13.96,83022.92,-0.0794,C
13.98,83006.56,-0.0861,C
14.0,83002.56,-0.0923,C
14.02,82985.64,-0.0995,C
14.04,82971.42,-0.0879,C
14.06,82959.33,-0.0809,C
14.08,82944.67,-0.0885,C
14.1,82930.98,-0.0902,C
14.12,82922.95,-0.0953,C
14.14,82907.95,-0.0967,C
14.16,82895.48,-0.0706,C
14.18,82881.75,-0.1098,C
14.2,82867.19,-0.0653,C
14.22,82852.75,-0.0968,C
14.24,82844.92,-0.0745,C
14.26,82832.77,-0.0699,C
14.28,82817.3,-0.0821,C
14.3,82801.42,-0.0793,C
14.32,82789.59,-0.0884,C
14.34,82781.06,-0.0574,C
14.36,82765.39,-0.0761,C
14.38,82753.92,-0.0768,C
14.4,82738.91,-0.0878,C
14.42,82727.88,-0.0806,C
14.44,82713.2,-0.0621,C
14.46,82705.33,-0.0779,C
14.48,82691.97,-0.0687,C
14.5,82677.25,-0.0786,C
14.52,82664.22,-0.0649,C
14.54,82654.7,-0.0735,C
14.56,82647.14,-0.0902,C
14.58,82632.23,-0.0774,C
14.6,82621.09,-0.0566,C
14.62,82608.19,-0.0668,C
14.64,82597.28,-0.0551,C
14.66,82583.61,-0.0683,C
14.68,82577.53,-0.0526,C
14.7,82565.45,-0.0524,C
14.72,82550.67,-0.0384,C
14.74,82537.97,-0.0428,C
14.76,82526.83,-0.0383,C
14.78,82518.69,-0.0551,C
14.8,82508.27,-0.0355,C
14.82,82497.3,-0.0577,C
14.84,82483.66,-0.0316,C
14.86,82472.62,-0.1023,C
14.88,82457.8,-0.0451,C
14.9,82449.5,-0.0139,C
14.92,82441.83,-0.0625,C
14.94,82425.5,-0.066,C
14.96,82415.98,-0.0305,C
14.98,82401.89,-0.0242,C
15.0,82395.53,-0.05,C
15.02,82384.03,-0.0061,C
15.04,82369.94,0.0076,C
15.06,82358.39,-0.036,C
15.08,82345.86,-0.0409,C
15.1,82338.03,-0.0194,C
15.12,82325.77,-0.0277,C
15.14,82313.94,-0.067,C
15.16,82300.89,-0.0535,C
15.18,82288.52,-0.0558,C
15.2,82279.84,-0.0461,C
15.22,82271.31,-0.0353,C
15.24,82259.41,-0.0538,C
15.26,82253.11,-0.0516,C
15.28,82240.38,-0.0477,C
15.3,82230.94,-0.0538,C
15.32,82223.44,-0.0332,C
15.34,82213.61,-0.0478,C
15.36,82199.41,0.0167,C
15.38,82191.17,-0.0245,C
15.4,82180.33,-0.052,C
15.42,82167.34,-0.0539,C
15.44,82157.34,-0.0416,C
15.46,82152.05,-0.0486,C
15.48,82140.62,-0.0581,C
15.5,82129.64,-0.0385,C
15.52,82118.27,-0.038,C
15.54,82112.92,-0.0487,C
15.56,82102.97,-0.0425,C
15.58,82091.38,-0.0394,C
15.6,82081.45,-0.0401,C
15.62,82068.89,-0.03,C
15.64,82056.55,-0.0328,C
15.66,82051.56,-0.0476,C
15.68,82039.5,-0.0265,C
15.7,82028.97,-0.0298,C
15.72,82019.17,-0.0418,C
15.74,82007.59,-0.0402,C
15.76,81997.42,-0.0242,C
15.78,81992.02,-0.0339,C
15.8,81982.86,-0.0253,C
15.82,81973.72,-0.0194,C
15.84,81962.27,-0.0387,C
15.86,81953.28,-0.0411,C
15.88,81949.56,-0.0305,C
15.9,81938.5,-0.0395,C
15.92,81930.19,-0.0355,C
15.94,81918.03,-0.041,C
15.96,81906.3,-0.0199,C
15.98,81896.81,-0.0338,C
16.0,81891.47,-0.0362,C
16.02,81880.64,-0.0414,C
16.04,81872.38,-0.0474,C
16.06,81862.47,-0.0311,C
16.08,81854.98,-0.037,C
16.1,81844.42,-0.0375,C
16.12,81839.97,-0.0372,C
16.14,81830.78,-0.0399,C
16.16,81821.55,-0.0306,C
16.18,81811.55,-0.0313,C
16.2,81806.0,-0.0361,C
16.22,81795.88,-0.033,C
16.24,81789.94,-0.0345,C
16.26,81780.75,-0.0318,C
16.28,81771.02,-0.0354,C
16.3,81761.47,-0.0327,C
16.32,81756.36,-0.0356,C
16.34,81746.39,-0.0327,C
16.36,81739.02,-0.0324,C
16.38,81729.0,-0.0333,C
16.4,81721.52,-0.032,C
16.42,81712.12,-0.0314,C
16.44,81707.75,-0.0077,C
16.46,81699.62,-0.0377,C
16.48,81690.16,-0.0319,C
16.5,81679.69,-0.0304,C
16.52,81671.77,-0.0263,C
16.54,81666.39,-0.0302,C
16.56,81658.47,-0.0295,C
16.58,81648.25,-0.0304,C
16.6,81639.66,-0.0207,C
16.62,81632.92,-0.0379,C
16.64,81627.8,-0.0228,C
16.66,81619.78,-0.028,C
16.68,81611.41,-0.0332,C
16.7,81602.78,-0.0267,C
16.72,81594.38,-0.0308,C
16.74,81585.27,-0.0297,C
16.76,81580.67,-0.0326,C
16.78,81573.56,-0.0206,C
16.8,81564.34,-0.0288,C
16.82,81556.2,-0.0325,C
16.84,81549.75,-0.0294,C
16.86,81540.33,-0.0274,C
16.88,81536.59,-0.0302,C
16.9,81529.2,-0.0284,C
16.92,81520.78,-0.0283,C
16.94,81514.97,-0.0288,C
16.96,81505.77,-0.0251,C
16.98,81501.06,-0.0244,C
17.0,81494.92,-0.028,C
17.02,81487.12,-0.0337,C
17.04,81480.22,-0.0217,C
17.06,81473.41,-0.0223,C
17.08,81468.2,-0.0261,C
17.1,81461.72,-0.0211,C
17.12,81452.52,-0.0204,C
17.14,81446.09,-0.0237,C
17.16,81439.39,-0.0236,C
17.18,81430.53,-0.0239,C
17.2,81425.31,-0.023,C
17.22,81420.2,-0.0236,C
17.24,81412.97,-0.022,C
17.26,81406.52,-0.0181,C
17.28,81399.17,-0.0204,C
17.3,81391.73,-0.0237,C
17.32,81389.23,-0.0229,C
17.34,81382.03,-0.0219,C
17.36,81375.2,-0.0216,C
17.38,81367.02,-0.0165,C
17.4,81361.28,-0.0239,C
17.42,81357.75,-0.0186,C
17.44,81349.53,-0.0181,C
17.46,81343.64,-0.0163,C
17.48,81336.72,-0.0171,C
17.5,81331.3,-0.0233,C
17.52,81325.28,-0.0136,C
17.54,81320.22,-0.0219,C
17.56,81314.2,-0.0204,C
17.58,81306.12,-0.0202,C
17.6,81300.33,-0.0168,C
17.62,81294.11,-0.012,C
17.64,81291.09,-0.0137,C
17.66,81284.58,-0.0198,C
17.68,81278.56,-0.014,C
17.7,81273.44,-0.0077,C
17.72,81266.12,-0.0138,C
17.74,81264.5,-0.0174,C
17.76,81257.66,-0.0128,C
17.78,81250.98,-0.0126,C
17.8,81245.56,-0.0164,C
17.82,81238.41,-0.0116,C
17.84,81232.88,-0.0106,C
17.86,81230.17,-0.0122,C
17.88,81225.48,-0.0138,C
17.9,81218.67,-0.0067,C
17.92,81212.78,-0.0108,C
17.94,81206.53,-0.0102,C
17.96,81201.73,-0.0151,C
17.98,81198.52,-0.0114,C
18.0,81192.16,-0.0107,C
18.02,81187.19,-0.0085,C
18.04,81182.17,-0.0077,C
18.06,81176.17,-0.0123,C
18.08,81173.2,-0.0071,C
18.1,81168.69,-0.0104,C
18.12,81162.58,-0.0047,C
18.14,81156.62,-0.0084,C
18.16,81152.86,-0.0063,C
18.18,81149.89,-0.0093,C
18.2,81143.7,-0.0092,C
18.22,81138.91,-0.0052,C
18.24,81134.38,-0.0028,C
18.26,81127.38,-0.0033,C
18.28,81123.41,-0.0064,C
18.3,81120.11,-0.0061,C
18.32,81115.47,-0.0046,C
18.34,81110.78,-0.0047,C
18.36,81105.97,-0.0042,C
18.38,81102.77,-0.0035,C
18.4,81097.12,-0.0041,C
18.42,81094.34,-0.0042,C
18.44,81090.5,-0.0038,C
18.46,81085.16,-0.0049,C
18.48,81081.47,-0.0016,C
18.5,81076.05,-0.0043,C
18.52,81073.97,-0.0023,C
18.54,81070.33,-0.005,C
18.56,81065.08,-0.0031,C
18.58,81060.91,-0.0043,C
18.6,81057.22,-0.0013,C
18.62,81051.72,-0.0,C
18.64,81049.94,-0.0022,C
18.66,81046.14,-0.002,C
18.68,81040.48,-0.0021,C
18.7,81037.41,-0.0022,C
18.72,81032.48,-0.0005,C
18.74,81032.14,0.0012,C
18.76,81026.8,-0.0022,C
18.78,81022.69,-0.0,C
18.8,81018.44,0.001,C
18.82,81014.36,0.0017,C
18.84,81012.06,0.0021,C
18.86,81009.62,0.005,C
18.88,81005.12,0.0015,C
18.9,81001.42,0.0023,C
18.92,80997.05,0.0045,C
18.94,80994.25,0.0047,C
18.96,80991.7,0.0047,C
18.98,80988.17,0.005,C
19.0,80984.7,0.0045,C
19.02,80981.25,0.0054,C
19.04,80977.64,0.0066,C
19.06,80975.86,0.0079,C
19.08,80973.41,0.0045,C
19.1,80969.42,0.0088,C
19.12,80965.44,0.0087,C
19.14,80963.14,0.0082,C
19.16,80960.06,0.0096,C
19.18,80956.3,0.0101,C
19.2,80955.08,0.0082,C
19.22,80952.47,0.009,C
19.24,80949.47,0.008,C
19.26,80945.78,0.0111,C
19.28,80945.38,0.0117,C
19.3,80941.8,0.0108,C
19.32,80939.11,0.0084,C
19.34,80936.25,0.01,C
19.36,80933.44,0.0098,C
19.38,80930.95,0.0107,C
19.4,80929.48,0.0125,C
19.42,80926.36,0.0111,C
19.44,80923.34,0.0132,C
19.46,80920.27,0.0126,C
19.48,80918.05,0.0119,C
19.5,80916.52,0.012,C
19.52,80915.75,0.0129,C
19.54,80912.06,0.0119,C
19.56,80910.16,0.0137,C
19.58,80907.36,0.0103,C
19.6,80906.36,0.0129,C
19.62,80904.66,0.0131,C
19.64,80901.25,0.0169,C
19.66,80900.05,0.0133,C
19.68,80898.17,0.0091,C
19.7,80895.0,0.0092,C
19.72,80893.72,0.014,C
19.74,80893.38,0.01,C
19.76,80890.53,0.0137,C
19.78,80888.72,0.0127,C
19.8,80886.69,0.0121,C
19.82,80884.55,0.0123,C
19.84,80883.25,0.014,C
19.86,80880.98,0.0111,C
19.88,80880.11,0.0129,C
19.9,80877.94,0.0133,C
19.92,80876.81,0.0127,C
19.94,80875.11,0.0146,C
19.96,80874.58,0.0152,C
19.98,80873.12,0.0132,C
20.0,80870.75,0.0112,C
20.02,80869.78,0.0148,C
20.04,80868.61,0.016,C
20.06,80868.06,0.0167,C
20.08,80866.12,0.0142,C
20.1,80864.34,0.0151,C
20.12,80863.38,0.0171,C
20.14,80861.91,0.0162,C
20.16,80861.53,0.0154,C
20.18,80860.3,0.0161,C
20.2,80859.28,0.0135,C
20.22,80858.27,0.0161,C
20.24,80856.89,0.0182,C
20.26,80855.55,0.0139,C
20.28,80855.02,0.0096,C
20.3,80854.39,0.0191,C
20.32,80851.95,0.0151,C
20.34,80852.38,0.0159,C
20.36,80852.09,0.0159,C
20.38,80851.89,0.0145,C
20.4,80849.72,0.0169,C
20.42,80849.58,0.0169,C
20.44,80850.36,0.0163,C
20.46,80848.84,0.0168,C
20.48,80849.41,0.0165,C
20.5,80849.69,0.0161,C
20.52,80848.03,0.016,C
20.54,80846.91,0.0173,C
20.56,80846.25,0.0172,C
20.58,80845.55,0.0155,C
20.6,80846.33,0.0173,C
20.62,80846.27,0.0176,C
20.64,80845.64,0.0187,C
20.66,80846.02,0.0158,C
20.68,80844.55,0.0185,C
20.7,80845.0,0.0168,C
20.72,80844.3,0.0202,C
20.74,80845.02,0.0176,C
20.76,80845.02,0.0186,C
20.78,80844.83,0.019,C
20.8,80844.39,0.0183,C
20.82,80844.92,0.0197,C
20.84,80845.03,0.0178,C
20.86,80845.72,0.0155,C
20.88,80844.8,0.0164,C
20.9,80845.34,0.0194,C
20.92,80845.91,0.0197,C
20.94,80846.16,0.0189,C
20.96,80846.89,0.0206,C
20.98,80846.83,0.0206,C
21.0,80847.75,0.0208,C
21.02,80847.8,0.0218,C
21.04,80849.98,0.0217,C
21.06,80849.2,0.0203,C
21.08,80849.55,0.0201,C
21.1,80850.22,0.0202,C
21.12,80850.75,0.0215,C
21.14,80853.33,0.0216,C
21.16,80853.66,0.0203,C
21.18,80852.8,0.0193,C
21.2,80854.53,0.0195,C
21.22,80855.52,0.0211,C
21.24,80856.05,0.0202,C
21.26,80856.67,0.0212,C
21.28,80857.89,0.0205,C
21.3,80859.16,0.0183,C
21.32,80859.41,0.0169,C
21.34,80860.47,0.0208,C
21.36,80862.28,0.0198,C
21.38,80863.2,0.0196,C
21.4,80864.23,0.0197,C
21.42,80864.69,0.0169,C
21.44,80867.25,0.0203,C
21.46,80868.62,0.0184,C
21.48,80868.23,0.0173,C
21.5,80871.61,0.0186,C
21.52,80871.7,0.0189,C
21.54,80873.94,0.0159,C
21.56,80875.64,0.0156,C
21.58,80875.83,0.0151,C
21.6,80878.48,0.0132,C
21.62,80879.91,0.0161,C
21.64,80880.89,0.0182,C
21.66,80883.45,0.0149,C
21.68,80885.61,0.015,C
21.7,80887.47,0.0133,C
21.72,80888.25,0.0141,C
21.74,80890.34,0.0148,C
21.76,80895.12,0.0257,C
21.78,81435.69,0.2813,C
21.8,81810.62,-0.13,C
21.82,82651.02,-0.7036,C
21.84,87037.8,-27.6705,F
21.86,84442.39,-3.3248,F
21.88,80904.22,0.2579,F
21.9,80906.05,0.0907,F
21.92,80912.94,-0.0784,F
21.94,80903.72,0.0043,F
21.96,80907.56,-0.0098,F
21.98,80908.69,-0.0052,F
22.0,80909.52,0.0367,F
22.02,80914.72,0.0259,F
22.04,80912.95,0.0406,F
22.06,80918.34,0.0348,F
22.08,80918.66,-0.0199,F
22.1,80917.81,-0.009,F
22.12,80924.14,0.0271,F
22.14,80928.55,-0.034,F
22.16,80926.88,-0.0278,F
22.18,80925.75,-0.0395,F
22.2,80932.5,-0.0385,F
22.22,80937.69,-0.0378,F
22.24,80940.2,-0.0263,F
22.26,80944.31,-0.0288,F
22.28,80944.97,-0.038,F
22.3,80944.78,-0.0396,F
22.32,80949.94,-0.0356,F
22.34,80949.34,-0.0422,F
22.36,80951.69,-0.047,F
22.38,80947.62,-0.0394,F
22.4,80958.36,-0.0461,F
22.42,80957.86,-0.0491,F
22.44,80958.27,-0.0496,F
22.46,80967.58,-0.027,F
22.48,80961.91,0.594,F
22.5,80984.83,0.4268,F
22.52,80970.78,2.648,F
22.54,80962.75,5.875,F
22.56,81028.98,12.2828,F
22.58,81043.97,14.8415,F
22.6,81139.5,11.039,F
22.62,81042.86,0.8353,F
22.64,81027.23,0.2621,F
22.66,81031.67,-0.0299,F
22.68,81030.34,0.0131,F
22.7,81035.78,0.1647,F
22.72,81035.66,0.2396,F
22.74,81036.7,0.4674,F
22.76,81041.16,0.0585,F
22.78,81040.02,-0.0075,F
22.8,81039.92,-0.0379,F
22.82,81050.31,-0.0326,F
22.84,81035.81,-0.0432,F
22.86,81042.28,-0.0569,F
22.88,81041.67,-0.0769,F
22.9,81046.03,-0.1234,F
22.92,81043.81,-0.1323,F
22.94,81045.7,-0.1271,F
22.96,81050.8,-0.1441,F
22.98,81036.0,-0.1363,F
23.0,81059.36,-0.1373,F
23.02,81061.11,-0.1429,F
23.04,81061.97,-0.1535,F
23.06,81065.41,-0.1651,F
23.08,81069.38,-0.1661,F
23.1,81078.89,-0.1647,F
23.12,81087.31,-0.1677,F
23.14,81083.84,-0.1454,F
23.16,81089.25,-0.2067,F
23.18,81103.94,-0.155,F
23.2,81104.25,-0.3014,F
23.22,81128.62,-0.273,F
23.24,81126.55,-0.1368,F
23.26,81115.33,-0.1262,F
23.28,81119.61,-0.1962,F
23.3,81142.64,-0.1847,F
23.32,81108.02,-0.2591,F
23.34,81131.38,-0.2737,F
23.36,81109.58,-0.2723,F
23.38,81118.81,-0.2679,F
23.4,81108.88,-0.2589,F
23.42,81100.42,-0.2562,F
23.44,81081.66,-0.2124,F
23.46,81054.62,-0.2056,F
23.48,81117.72,-0.242,F
23.5,81101.12,-0.5552,F
23.52,81070.22,-0.3552,F
23.54,81076.59,-0.2267,F
23.56,81108.39,-0.268,F
23.58,81108.98,-0.2907,F
23.6,81107.81,-0.2774,F
23.62,81031.22,-0.3261,F
23.64,81030.12,-0.3754,F
23.66,81078.42,-0.261,F
23.68,81091.28,-0.38,F
23.7,81125.02,-0.2991,F
23.72,81071.59,-0.322,F
23.74,81054.88,-0.3267,F
23.76,81136.2,-0.3086,F
23.78,81043.91,-0.3589,F
23.8,81118.44,-0.2896,F
23.82,81166.75,-0.3004,F
23.84,81178.91,-0.3117,F
23.86,81170.5,-0.2583,F
23.88,81165.95,-0.2853,F
23.9,81209.06,-0.2717,F
23.92,81194.62,-0.301,F
23.94,81178.67,-0.3117,F
23.96,81221.83,-0.3056,F
23.98,81251.52,-0.3792,F
24.0,81247.34,-0.341,F
24.02,81220.88,-0.3547,F
24.04,81305.72,-0.3699,F
24.06,81321.02,-0.3304,F
24.08,81328.84,-0.3353,F
24.1,81344.78,-0.3424,F
24.12,81342.91,-0.3376,F
24.14,81353.44,-0.3487,F
24.16,81338.53,-0.3229,F
24.18,81320.25,-0.3165,F
24.2,81339.98,-0.3378,F
24.22,81359.97,-0.3505,F
24.24,81363.11,-0.3771,F
24.26,81359.5,-0.3744,F
24.28,81359.59,-0.4387,F
24.3,81349.12,-0.4367,F
24.32,81349.02,-0.5124,F
24.34,81355.3,-0.5602,F
24.36,81343.92,-0.6142,F
24.38,81350.14,-0.712,F
24.4,81336.05,-0.7741,F
24.42,81342.42,-0.9098,F
24.44,81333.42,-1.0511,F
24.46,81325.41,-0.9359,F
24.48,81319.55,-0.8495,F
24.5,81273.11,-0.6309,F
24.52,81284.98,-0.6523,F
24.54,81184.42,-0.5446,F
24.56,81229.19,-0.5152,F
24.58,81102.83,-0.5055,F
24.6,81072.55,-0.613,F
24.62,81263.58,-0.713,F
24.64,81268.14,-0.9016,F
24.66,81164.48,-0.9891,F
24.68,81186.23,-1.0614,F
24.7,81180.75,-1.6764,F
24.72,81187.23,-1.7338,F
24.74,81319.84,-1.6365,F
24.76,81246.52,-1.6522,F
24.78,81396.28,-1.7671,F
24.8,81290.5,-1.9654,F
24.82,81321.95,-1.6794,F
24.84,81445.88,-1.2765,F
24.86,81495.67,-1.0032,F
24.88,81496.8,-0.7584,F
24.9,81495.39,-0.6155,F
24.92,81496.14,-0.4231,F
24.94,81469.0,-0.1985,F
24.96,81443.44,-0.213,F
24.98,81398.41,0.0072,F
25.0,81332.0,0.0119,F
25.02,81295.48,-0.021,F
25.04,81287.36,-0.0573,F
25.06,81323.05,-0.0419,F
25.08,81331.59,-0.0197,F
25.1,81353.92,-0.1427,F
25.12,81371.72,-0.1656,F
25.14,81412.72,-0.2269,F
25.16,81445.38,-0.2889,F
25.18,81508.0,-0.3809,F
25.2,81527.0,-0.445,F
25.22,81531.33,-0.6767,F
25.24,81552.48,-0.6499,F
25.26,81527.31,-0.6158,F
25.28,81536.94,-0.5446,F
25.3,81539.08,-0.3803,F
25.32,81524.31,-0.2759,F
25.34,81521.45,-0.2236,F
25.36,81482.38,-0.1068,F
25.38,81457.83,-0.0497,F
25.4,81416.03,-0.0289,F
25.42,81396.31,0.0074,F
25.44,81401.58,0.0511,F
25.46,81416.95,0.0547,F
25.48,81516.72,0.1463,F
25.5,81461.53,0.1522,F
25.52,81595.39,0.1481,F
25.54,81555.78,0.2448,F
25.56,81585.3,0.22,F
25.58,81602.5,0.1864,F
25.6,81583.97,0.269,F
25.62,81632.23,0.3349,F
25.64,81598.92,0.4156,F
25.66,81645.48,0.3561,F
25.68,81657.09,0.3952,F
25.7,81622.7,0.3716,F
25.72,81652.72,0.4525,F
25.74,81638.53,0.426,F
25.76,81652.34,0.3397,F
25.78,81665.91,0.107,F
25.8,81679.7,0.1082,F
25.82,81695.42,-0.0553,F
25.84,81710.8,-0.3281,F
25.86,81724.95,-0.4932,F
25.88,81723.28,-0.7095,F
25.9,81714.62,-0.7964,F
25.92,81700.47,-0.9611,F
25.94,81665.77,-0.998,F
25.96,81606.16,-1.0367,F
25.98,81504.7,-1.1558,F
26.0,81449.47,-1.1023,F
26.02,81398.31,-1.0546,F
26.04,81443.02,-0.9283,F
26.06,81490.69,-0.8422,F
26.08,81466.89,-0.6543,F
26.1,81549.67,-0.6091,F
26.12,81570.78,-0.5424,F
26.14,81630.81,-0.4127,F
26.16,81651.41,-0.4096,F
26.18,81679.09,-0.3369,F
26.2,81701.22,-0.3183,F
26.22,81728.03,-0.3098,F
26.24,81734.53,-0.2784,F
26.26,81689.94,-0.2251,F
26.28,81685.8,-0.2696,F
26.3,81668.67,-0.2571,F
26.32,81678.36,-0.2803,F
26.34,81672.16,-0.2483,F
26.36,81694.02,-0.3299,F
26.38,81719.78,-0.3268,F
26.4,81744.27,-0.3921,F
26.42,81781.16,-0.3383,F
26.44,81795.97,-0.3368,F
26.46,81846.0,-0.394,F
26.48,81877.14,-0.4043,F
26.5,81903.0,-0.3943,F
26.52,81917.75,-0.4054,F
26.54,81930.98,-0.3791,F
26.56,81947.0,-0.4332,F
26.58,81944.95,-0.4286,F
26.6,81918.23,-0.4076,F
26.62,81892.78,-0.3891,F
26.64,81813.84,-0.3534,F
26.66,81789.16,-0.3166,F
26.68,81722.28,-0.3546,F
26.7,81662.86,-0.4306,F
26.72,81645.39,-0.2978,F
26.74,81683.56,-0.3209,F
26.76,81646.59,-0.2986,F
26.78,81678.45,-0.2466,F
26.8,81718.3,-0.2351,F
26.82,81719.53,-0.1965,F
26.84,81740.31,-0.1622,F
26.86,81762.0,-0.0777,F
26.88,81768.11,-0.0248,F
26.9,81744.53,0.0433,F
26.92,81768.48,0.1691,F
26.94,81733.58,0.0567,F
26.96,81790.61,0.0805,F
26.98,81787.59,0.0513,F
27.0,81828.53,0.033,F
27.02,81860.72,0.0608,F
27.04,81855.53,0.0628,F
27.06,81830.44,0.0617,F
27.08,81881.88,0.0824,F
27.1,81801.02,0.0561,F
27.12,81886.11,0.0838,F
27.14,81899.98,0.0609,F
27.16,81913.84,0.062,F
27.18,81932.95,0.069,F
27.2,81908.23,0.0885,F
27.22,81956.2,0.0983,F
27.24,81900.0,0.1453,F
27.26,81938.52,0.1221,F
27.28,81958.67,0.134,F
27.3,81972.73,0.1154,F
27.32,81982.7,0.1164,F
27.34,82015.2,0.0614,F
27.36,82050.64,-0.0283,F
27.38,82067.33,-0.113,F
27.4,82060.83,-0.2777,F
27.42,82023.36,-0.4034,F
27.44,81981.03,-0.475,F
27.46,81894.42,-0.6442,F
27.48,81768.2,-0.826,F
27.5,81730.53,-0.9563,F
27.52,81649.8,-1.0012,F
27.54,81671.38,-1.0809,F
27.56,81691.44,-1.0578,F
27.58,81680.06,-1.0518,F
27.6,81817.69,-0.8282,F
27.62,81835.88,-0.7386,F
27.64,81943.2,-0.6998,F
27.66,81940.58,-0.606,F
27.68,81981.25,-0.5781,F
27.7,82026.08,-0.4646,F
27.72,82028.75,-0.292,F
27.74,82006.95,-0.2118,F
27.76,81998.17,-0.1887,F
27.78,81983.11,-0.1518,F
27.8,82022.3,-0.016,F
27.82,82046.2,-0.018,F
27.84,82105.66,-0.0107,F
27.86,82079.47,-0.1019,F
27.88,82114.34,-0.0675,F
27.9,82131.97,-0.0912,F
27.92,82126.16,-0.1035,F
27.94,82134.19,-0.0923,F
27.96,82131.48,-0.1913,F
27.98,82136.39,-0.1836,F
28.0,82143.7,-0.3216,F
28.02,82147.61,-0.237,F
28.04,82147.73,-0.2392,F
28.06,82156.45,-0.4599,F
28.08,82149.0,-0.2025,F
28.1,82172.61,-0.7457,F
28.12,82156.56,-0.2906,F
28.14,82162.94,-0.2165,F
28.16,82164.44,-0.2582,F
28.18,82161.53,-0.3156,F
28.2,82170.62,-0.1922,F
28.22,82168.59,-0.1955,F
28.24,82180.47,-0.2651,F
28.26,82191.69,-0.2615,F
28.28,82184.09,-0.1921,F
28.3,82189.78,-0.1927,F
28.32,82212.45,-0.218,F
28.34,82223.05,-0.1933,F
28.36,82222.66,-0.2243,F
28.38,82243.64,-0.0856,F
28.4,82237.3,-0.1474,F
28.42,82257.03,-0.1759,F
28.44,82263.58,-0.0858,F
28.46,82290.61,-0.0707,F
28.48,82307.12,-0.2331,F
28.5,82314.06,-0.0182,F
28.52,82318.52,-0.0413,F
28.54,82327.66,-0.0861,F
28.56,82300.44,-0.1319,F
28.58,82305.97,-0.1437,F
28.6,82325.92,-0.1701,F
28.62,82332.14,-0.1803,F
28.64,82345.25,-0.2089,F
28.66,82355.52,-0.1959,F
28.68,82356.34,-0.2371,F
28.7,82365.72,-0.2343,F
28.72,82371.81,-0.3001,F
28.74,82367.2,-0.2507,F
28.76,82365.16,-0.2162,F
28.78,82368.05,-0.2298,F
28.8,82369.86,-0.2011,F
28.82,82387.41,-0.2475,F
28.84,82374.38,-0.2782,F
28.86,82408.69,-0.2721,F
28.88,82399.83,-0.3876,F
28.9,82399.73,-0.297,F
28.92,82402.27,-0.3161,F
28.94,82407.41,-0.2996,F
28.96,82425.11,-0.2367,F
28.98,82417.39,-0.2356,F
29.0,82446.95,-0.2944,F
29.02,82437.05,-0.3039,F
29.04,82435.86,-0.296,F
29.06,82454.53,-0.295,F
29.08,82465.05,-0.3345,F
29.1,82467.28,-0.321,F
29.12,82480.17,-0.3086,F
29.14,82487.78,-0.2865,F
29.16,82485.72,-0.3044,F
29.18,82506.27,0.0606,F
29.2,82512.3,-0.4021,F
29.22,82515.56,-0.4422,F
29.24,82545.72,-0.6105,F
29.26,82546.09,-0.7215,F
29.28,82557.5,-0.7555,F
29.3,82530.23,-0.9833,F
29.32,82573.27,-1.1556,F
29.34,82550.91,-1.1802,F
29.36,82533.98,-1.3091,F
29.38,82517.0,-1.2545,F
29.4,82582.38,-1.2679,F
29.42,82544.34,-1.2101,F
29.44,82559.39,-1.3071,F
29.46,82578.05,-1.5381,F
29.48,82621.0,-1.5235,F
29.5,82650.61,-1.9242,F
29.52,82655.77,-2.1097,F
29.54,82634.66,-2.0102,F
29.56,82622.38,-2.3772,F
29.58,82602.72,-2.2068,F
29.6,82619.19,-1.866,F
29.62,82631.31,-1.7268,F
29.64,82674.67,-1.5231,F
29.66,82729.03,-1.2211,F
29.68,82733.0,-1.0998,F
29.7,82623.73,-0.9216,F
29.72,82419.5,-0.7159,F
29.74,82379.31,-0.6998,F
29.76,82262.83,-0.6997,F
29.78,82367.75,-0.6383,F
29.8,82536.14,-0.7774,F
29.82,82529.67,-1.0043,F
29.84,82530.7,-0.7652,F
29.86,82514.81,-0.467,F
29.88,82458.48,-0.2455,F
29.9,82527.44,-0.4058,F
29.92,82477.23,-0.4101,F
29.94,82377.83,-0.388,F
29.96,82368.03,-0.3907,F
29.98,82297.17,-0.3092,F
30.0,82445.44,-0.1821,F
30.02,82572.39,-0.2012,F
30.04,82686.78,2.7694,F
30.06,82757.22,-0.426,F
30.08,82796.66,0.1371,F
30.1,82857.11,-0.114,F
30.12,82879.31,-0.2986,F
30.14,82905.94,0.0069,F
30.16,82900.0,-0.2286,F
30.18,82893.59,-0.2319,F
30.2,82848.45,-0.2625,F
30.22,82774.38,-0.2906,F
30.24,82722.2,-0.2397,F
30.26,82665.84,-0.3452,F
30.28,82621.55,-0.2928,F
30.3,82558.2,-0.2757,F
30.32,82539.52,-0.2586,F
30.34,82512.27,-0.2067,F
30.36,82539.17,-0.3201,F
30.38,82517.47,-0.2878,F
30.4,82539.56,-0.3254,F
30.42,82555.05,-0.3222,F
30.44,82570.55,-0.3363,F
30.46,82634.19,-0.3641,F
30.48,82689.78,-0.2355,F
30.5,82690.36,-0.1077,F
30.52,82669.61,-0.0536,F
30.54,82678.27,-0.0281,F
30.56,82669.08,-0.0938,F
30.58,82697.39,-0.1176,F
30.6,82705.25,-0.0884,F
30.62,82686.75,-0.0999,F
30.64,82678.81,-0.0523,F
30.66,82592.17,-0.0402,F
30.68,82579.84,-0.1758,F
30.7,82571.25,-0.1538,F
30.72,82623.02,-0.1048,F
30.74,82650.02,-0.1164,F
30.76,82788.41,-0.1399,F
30.78,82882.52,-0.25,F
30.8,83012.0,-0.3803,F
30.82,83018.36,-0.2181,F
30.84,82883.22,-0.3958,F
30.86,82803.06,-0.2375,F
30.88,82697.11,-0.2339,F
30.9,82683.3,-0.1261,F
30.92,82687.02,-0.0694,F
30.94,82680.36,0.0051,F
30.96,82729.27,-0.2882,F
30.98,82755.7,-0.1199,F
31.0,82704.41,-0.3408,F
31.02,82777.05,-0.3057,F
31.04,82749.53,-0.5274,F
31.06,82778.27,-0.1704,F
31.08,82777.09,-0.6128,F
31.1,82791.5,-0.6043,F
31.12,82807.41,-1.2429,F
31.14,82836.66,-1.117,F
31.16,82841.98,-0.9605,F
31.18,82844.06,-0.5923,F
31.2,82814.0,-0.0384,F
31.22,82847.34,0.3962,F
31.24,82849.22,0.3556,F
31.26,83019.08,0.2809,F
31.28,83123.12,0.0182,F
31.3,83013.52,-0.7194,F
31.32,82924.75,-1.3905,F
31.34,82997.25,-2.1736,F
31.36,82950.89,-1.2077,F
31.38,82941.95,-2.1368,F
31.4,83013.61,-1.9628,F
31.42,82997.12,-1.5071,F
31.44,82848.73,-0.8139,F
31.46,82953.0,-0.6008,F
31.48,83178.78,0.0734,F
31.5,83196.69,0.4929,F
31.52,83072.34,0.4282,F
31.54,82832.78,0.8898,F
31.56,82761.73,0.2294,F
31.58,82823.72,-0.0673,F
31.6,82817.86,-0.2631,F
31.62,82796.58,-0.3926,F
31.64,82937.52,-0.4334,F
31.66,82954.08,-0.1166,F
31.68,82857.67,-0.1102,F
31.7,82896.58,0.2792,F
31.72,82863.22,0.4088,F
31.74,82766.73,0.52,F
31.76,82852.09,0.0519,F
31.78,83054.38,-0.1981,F
31.8,83228.8,-0.3852,F
31.82,83134.0,-0.5176,F
31.84,83039.5,-0.5069,F
31.86,82785.33,-0.3625,F
31.88,82837.81,-0.2592,F
31.9,82847.17,-0.134,F
31.92,82930.52,0.2308,F
31.94,82976.75,0.3587,F
31.96,83034.67,0.689,F
31.98,83017.36,0.6168,F
32.0,82996.12,0.5909,F
32.02,82964.05,0.2009,F
32.04,82964.94,-0.0606,F
32.06,83135.28,-0.5952,F
32.08,83327.62,-0.9522,F
32.1,83297.42,-0.9397,F
32.12,83132.05,-0.8406,F
32.14,83022.3,-0.5679,F
32.16,83032.0,-0.4294,F
32.18,83150.27,0.0207,F
32.2,83170.95,0.2768,F
32.22,83183.78,0.4942,F
32.24,83248.27,0.5034,F
32.26,83151.75,0.5165,F
32.28,83220.94,0.0928,F
32.3,83225.44,0.0322,F
32.32,83240.64,-0.2912,F
32.34,83289.45,-0.4722,F
32.36,83307.06,-0.5513,F
32.38,83317.77,-0.5655,F
32.4,83341.88,-0.557,F
32.42,83354.31,-0.4571,F
32.44,83360.66,-0.4657,F
32.46,83367.95,-0.2572,F
32.48,83365.69,-0.1218,F
32.5,83372.11,-0.2171,F
32.52,83373.98,-0.2346,F
32.54,83367.45,-0.0441,F
32.56,83362.61,0.0979,F
32.58,83354.27,-0.1492,F
32.6,83359.84,-0.3553,F
32.62,83387.27,-0.5039,F
32.64,83373.78,-0.2163,F
32.66,83401.5,-0.1452,F
32.68,83405.31,0.3128,F
32.7,83401.44,0.0539,F
32.72,83381.22,0.6,F
32.74,83315.66,0.9713,F
32.76,83322.22,0.8865,F
32.78,83266.5,0.3398,F
32.8,83230.22,0.3349,F
32.82,83192.95,0.6441,F
32.84,83196.91,0.2896,F
32.86,83195.97,0.0866,F
32.88,83219.91,-0.0569,F
32.9,83233.0,0.0063,F
32.92,83258.64,0.0494,F
32.94,83309.78,-0.0246,F
32.96,83296.34,0.0762,F
32.98,83398.97,0.0116,F
33.0,83475.0,-0.0179,F
33.02,83462.67,0.0375,F
33.04,83456.14,-0.0496,F
33.06,83494.44,-0.1479,F
33.08,83524.45,-0.2553,F
33.1,83527.44,-0.3061,F
33.12,83528.41,-0.3072,F
33.14,83553.88,-0.3346,F
33.16,83539.2,-0.3328,F
33.18,83562.17,-0.344,F
33.2,83525.73,-0.312,F
33.22,83566.94,-0.2954,F
33.24,83510.39,-0.2725,F
33.26,83547.92,-0.3644,F
33.28,83509.53,-0.1353,F
33.3,83535.92,-0.2675,F
33.32,83434.52,-0.2486,F
33.34,83459.69,-0.2702,F
33.36,83422.0,-0.2546,F
33.38,83513.5,-0.303,F
33.4,83411.05,-0.1976,F
33.42,83430.77,-0.2268,F
33.44,83508.84,-0.2302,F
33.46,83401.12,-0.1844,F
33.48,83389.22,-0.206,F
33.5,83536.83,-0.2611,F
33.52,83542.12,-0.2285,F
33.54,83594.7,-0.29,F
33.56,83503.94,-0.1701,F
33.58,83598.09,-0.2572,F
33.6,83577.45,-0.2722,F
33.62,83541.91,-0.2483,F
33.64,83570.72,-0.1948,F
33.66,83617.0,-0.0872,F
33.68,83652.0,-0.4293,F
33.7,83570.53,-0.2805,F
33.72,83621.14,-0.3065,F
33.74,83657.17,-0.334,F
33.76,83559.75,-0.3111,F
33.78,83562.73,-0.2656,F
33.8,83571.56,-0.352,F
33.82,83562.03,-0.3135,F
33.84,83538.03,-0.3855,F
33.86,83571.36,-0.3933,F
33.88,83647.75,-0.45,F
33.9,83641.53,-0.5873,F
33.92,83645.33,-0.4736,F
33.94,83660.2,-0.536,F
33.96,83678.86,-0.5464,F
33.98,83704.31,-0.5081,F
34.0,83705.39,-0.5638,F
34.02,83736.08,-0.493,F
34.04,83713.33,-0.5354,F
34.06,83757.45,-0.5348,F
34.08,83776.17,-0.5886,F
34.1,83796.97,-0.5803,F
34.12,83815.5,-0.5325,F
34.14,83823.34,-0.5813,F
34.16,83847.42,-0.5386,F
34.18,83861.42,-0.5572,F
34.2,83886.19,-0.6002,F
34.22,83899.06,-0.5572,F
34.24,83920.5,-0.5855,F
34.26,83924.41,-0.5542,F
34.28,83951.19,-0.5752,F
34.3,83959.14,-0.5959,F
34.32,83976.67,-0.5456,F
34.34,83988.73,-0.542,F
34.36,83994.88,-0.6217,F
34.38,84006.28,-0.5979,F
34.4,84003.22,-0.6109,F
34.42,84005.8,-0.5802,F
34.44,83977.52,-0.5872,F
34.46,83919.78,-0.526,F
34.48,83884.52,-0.4735,F
34.5,83822.47,-0.4407,F
34.52,83713.55,-0.4642,F
34.54,83683.31,-0.4488,F
34.56,83629.12,-0.3199,F
34.58,83601.7,-0.3932,F
34.6,83556.97,-0.3022,F
34.62,83589.7,-0.2342,F
34.64,83690.89,-0.2518,F
34.66,83775.02,-0.1207,F
34.68,83801.38,-0.0679,F
34.7,83839.2,-0.0146,F
34.72,83770.5,0.0188,F
34.74,83822.28,-0.0343,F
34.76,83832.12,-0.008,F
34.78,83870.36,0.0334,F
34.8,83841.38,0.0438,F
34.82,83763.22,0.0512,F
34.84,83820.38,0.0583,F
34.86,83856.69,-0.0446,F
34.88,83675.89,-0.1411,F
34.9,83695.27,-0.1051,F
34.92,83741.84,-0.2213,F
34.94,83717.69,-0.1934,F
34.96,83794.03,-0.2175,F
34.98,83955.56,-0.2427,F
35.0,84054.03,-0.2592,F
35.02,84120.22,-0.2656,F
35.04,84225.94,-0.2925,F
35.06,84196.94,-0.2513,F
35.08,84041.86,-0.2641,F
35.1,83910.91,-0.2375,F
35.12,83828.3,-0.271,F
35.14,83839.78,-0.1719,F
35.16,83804.8,-0.0029,F
35.18,83885.7,0.0813,F
35.2,83837.09,0.2803,F
35.22,83934.66,0.2092,F
35.24,83910.36,0.1851,F
35.26,83952.31,0.2788,F
35.28,83840.14,0.3177,F
35.3,83893.7,0.3497,F
35.32,83776.47,0.2493,F
35.34,83872.7,0.1326,F
35.36,83900.62,0.1025,F
35.38,84009.09,0.0513,F
35.4,84197.28,-0.1669,F
35.42,84319.17,-0.4017,F
35.44,84195.69,-0.3488,F
35.46,84081.16,-0.3195,F
35.48,83961.3,-0.4144,F
35.5,83948.95,-0.0898,F
35.52,84008.95,0.0913,F
35.54,84070.33,0.2987,F
35.56,84013.2,0.2673,F
35.58,84034.83,0.2872,F
35.6,83996.06,0.3927,F
35.62,84002.17,0.3134,F
35.64,83897.84,0.1504,F
35.66,84049.97,0.046,F
35.68,84134.38,-0.0907,F
35.7,84223.94,-0.1085,F
35.72,84394.86,-0.265,F
35.74,84280.53,-0.2827,F
35.76,84082.72,-0.3051,F
35.78,84076.72,-0.1664,F
35.8,84060.61,-0.107,F
35.82,84054.73,0.2013,F
35.84,84140.97,0.2699,F
35.86,84152.92,0.2542,F
35.88,84090.2,0.2288,F
35.9,84126.95,0.26,F
35.92,84063.36,0.1539,F
35.94,84046.28,0.0279,F
35.96,84144.98,0.1393,F
35.98,84346.61,0.1115,F
36.0,84455.92,0.0425,F
36.02,84394.55,0.0311,F
36.04,84189.0,0.2466,F
36.06,84171.06,0.2707,F
36.08,84207.75,0.1169,F
36.1,84248.97,0.1123,F
36.12,84219.77,-0.0166,F
36.14,84219.66,-0.0435,F
36.16,84200.45,-0.0046,F
36.18,84224.02,0.109,F
36.2,84144.89,0.2749,F
36.22,84135.72,0.3942,F
36.24,84222.5,0.4977,F
36.26,84373.66,0.5471,F
36.28,84493.08,0.4219,F
36.3,84469.41,0.2023,F
36.32,84340.53,-0.2547,F
36.34,84268.14,-0.0989,F
36.36,84253.28,-0.4292,F
36.38,84243.91,-0.3514,F
36.4,84319.73,-0.4047,F
36.42,84365.2,-0.4544,F
36.44,84389.0,-0.5149,F
36.46,84382.03,-0.2889,F
36.48,84351.84,0.2343,F
36.5,84415.73,0.0641,F
36.52,84463.77,-0.1676,F
36.54,84466.78,-1.4503,F
36.56,84469.3,-1.1409,F
36.58,84492.41,-1.2036,F
36.6,84462.81,-1.2086,F
36.62,84454.28,-1.0003,F
36.64,84458.25,-0.7221,F
36.66,84409.72,-0.2728,F
36.68,84311.34,0.019,F
36.7,84340.77,-0.2682,F
36.72,84366.91,-0.2439,F
36.74,84321.56,0.0377,F
36.76,84316.33,0.194,F
36.78,84310.03,0.1719,F
36.8,84346.12,-0.1537,F
36.82,84372.08,0.1422,F
36.84,84388.88,-0.1816,F
36.86,84428.47,-0.2661,F
36.88,84452.52,0.0418,F
36.9,84490.17,-0.3529,F
36.92,84458.8,-0.4815,F
36.94,84455.38,-0.4246,F
36.96,84570.66,-0.4713,F
36.98,84528.78,-0.4027,F
37.0,84538.41,-0.4772,F
37.02,84624.73,-0.583,F
37.04,84622.31,-0.5729,F
37.06,84659.03,-0.5221,F
37.08,84673.25,-0.5135,F
37.1,84697.61,-0.4708,F
37.12,84703.42,-0.4421,F
37.14,84706.78,-0.3852,F
37.16,84703.78,-0.3317,F
37.18,84682.11,-0.2461,F
37.2,84664.58,-0.2488,F
37.22,84635.19,-0.2558,F
37.24,84610.78,-0.2632,F
37.26,84579.08,-0.3022,F
37.28,84613.33,-0.2397,F
37.3,84553.41,-0.2452,F
37.32,84531.7,-0.1504,F
37.34,84488.73,-0.1896,F
37.36,84469.17,-0.0162,F
37.38,84463.56,-0.2117,F
37.4,84473.22,-0.1855,F
37.42,84481.84,-0.1945,F
37.44,84492.48,-0.1168,F
37.46,84515.09,-0.18,F
37.48,84528.47,-0.2517,F
37.5,84560.69,-0.1804,F
37.52,84610.28,0.1602,F
37.54,84627.0,-0.0494,F
37.56,84700.8,-0.0783,F
37.58,84727.78,-1.023,F
37.6,84802.45,-0.517,F
37.62,84807.77,-0.7316,F
37.64,84834.53,-0.7661,F
37.66,84852.59,-0.8646,F
37.68,84856.95,-0.5435,F
37.7,84837.42,-0.696,F
37.72,84817.83,-0.7625,F
37.74,84799.3,-0.8068,F
37.76,84775.97,-0.813,F
37.78,84701.52,-0.7901,F
37.8,84634.84,-0.7663,F
37.82,84590.83,-0.8903,F
37.84,84503.42,-0.9141,F
37.86,84453.97,-0.8742,F
37.88,84449.86,-0.9132,F
37.9,84499.02,-0.9358,F
37.92,84448.91,-0.8598,F
37.94,84451.0,-0.7748,F
37.96,84474.78,-0.6988,F
37.98,84458.3,-0.6298,F
38.0,84490.03,-0.5497,F
38.02,84534.17,-0.5159,F
38.04,84512.83,-0.4836,F
38.06,84603.61,-0.453,F
38.08,84678.05,-0.3029,F
38.1,84761.48,-0.3798,F
38.12,84814.44,-0.2355,F
38.14,84857.91,-0.0008,F
38.16,84904.69,0.016,F
38.18,84953.97,0.1904,F
38.2,84980.98,0.1644,F
38.22,85005.31,0.1508,F
38.24,85038.69,0.1854,F
38.26,85028.94,0.0591,F
38.28,85029.53,0.0445,F
38.3,85039.08,-0.0326,F
38.32,85071.98,-0.0692,F
38.34,85084.11,-0.3127,F
38.36,85104.08,-0.062,F
38.38,85131.5,-0.2156,F
38.4,85166.11,-0.3335,F
38.42,85159.7,-0.3287,F
38.44,85172.55,-0.2449,F
38.46,85154.89,-0.2264,F
38.48,85085.08,-0.2316,F
38.5,84972.28,-0.2796,F
38.52,84859.91,-0.2705,F
38.54,84851.08,-0.2977,F
38.56,84809.78,-0.3432,F
38.58,84779.56,-0.3293,F
38.6,84748.12,-0.2649,F
38.62,84828.91,-0.3314,F
38.64,84844.45,-0.2916,F
38.66,84894.27,-0.2307,F
38.68,84972.88,-0.4678,F
38.7,84905.69,-0.2316,F
38.72,84980.53,-0.2266,F
38.74,84950.62,-0.2303,F
38.76,85013.94,-0.2227,F
38.78,85006.48,-0.2662,F
38.8,85041.11,-0.2851,F
38.82,85004.64,-0.2919,F
38.84,85025.42,-0.3295,F
38.86,84977.48,-0.3408,F
38.88,84989.45,-0.3188,F
38.9,85010.7,-0.3325,F
38.92,85020.17,-0.2809,F
38.94,85040.78,-0.2453,F
38.96,85074.38,-0.2484,F
38.98,85030.56,-0.243,F
39.0,85034.55,-0.1537,F
39.02,85017.95,-0.0672,F
39.04,84973.88,-0.0345,F
39.06,85059.66,-0.0653,F
39.08,85029.69,-0.0888,F
39.1,85037.27,-0.1774,F
39.12,85007.91,-0.2205,F
39.14,85024.77,-0.22,F
39.16,84954.67,-0.0907,F
39.18,84891.12,0.0172,F
39.2,85003.14,0.0299,F
39.22,84965.38,-0.0702,F
39.24,84969.97,-0.021,F
39.26,84984.92,-0.1105,F
39.28,84977.11,-0.142,F
39.3,84989.7,-0.1127,F
39.32,84984.36,0.0147,F
39.34,85055.23,-0.043,F
39.36,85122.06,-0.0036,F
39.38,85184.88,-0.0009,F
39.4,85278.8,0.0322,F
39.42,85318.94,0.0047,F
39.44,85366.23,0.1184,F
39.46,85350.36,0.2801,F
39.48,85324.83,0.2843,F
39.5,85231.56,0.1521,F
39.52,85133.75,0.1057,F
39.54,85110.64,0.07,F
39.56,85043.59,-0.1947,F
39.58,85063.14,-0.2041,F
39.6,85056.48,-0.4123,F
39.62,85110.03,-0.6461,F
39.64,85127.2,-0.6602,F
39.66,85092.2,-0.6334,F
39.68,85149.64,-0.8049,F
39.7,85154.36,-0.8245,F
39.72,85199.22,-0.7024,F
39.74,85295.73,-0.8473,F
39.76,85317.09,-0.7927,F
39.78,85325.05,-0.7639,F
39.8,85331.52,-0.5907,F
39.82,85364.88,-0.3804,F
39.84,85393.27,-0.1095,F
39.86,85392.09,-0.0115,F
39.88,85421.95,0.4268,F
39.9,85432.05,0.8826,F
39.92,85427.42,0.8693,F
39.94,85433.98,0.1876,F
39.96,85440.23,0.0983,F
39.98,85436.55,0.0244,F
40.0,85456.72,-0.1098,F
40.02,85465.47,-0.2031,F
40.04,85499.03,-0.3007,F
40.06,85493.7,-0.3478,F
40.08,85493.78,-0.3308,F
40.1,85483.25,-0.3204,F
40.12,85495.72,-0.3322,F
40.14,85492.84,-0.3017,F
40.16,85476.94,-0.289,F
40.18,85475.84,-0.2323,F
40.2,85473.77,-0.2198,F
40.22,85473.53,-0.1812,F
40.24,85453.33,-0.1803,F
40.26,85457.02,-0.1568,F
40.28,85454.55,-0.1284,F
40.3,85454.3,-0.1307,F
40.32,85452.16,-0.0802,F
40.34,85401.97,-0.1054,F
40.36,85427.61,-0.1229,F
40.38,85436.38,-0.0879,F
40.4,85408.16,-0.055,F
40.42,85432.61,-0.1644,F
40.44,85398.8,-0.2379,F
40.46,85420.92,-0.2272,F
40.48,85447.94,-0.2325,F
40.5,85404.19,-0.2307,F
40.52,85365.44,-0.2366,F
40.54,85422.8,-0.2111,F
40.56,85443.84,-0.2835,F
40.58,85399.58,-0.1732,F
40.6,85461.14,-0.2431,F
40.62,85464.64,-0.1526,F
40.64,85461.03,-0.0337,F
40.66,85488.81,0.1062,F
40.68,85546.17,-0.123,F
40.7,85579.06,-0.223,F
40.72,85662.08,-0.1381,F
40.74,85672.75,-0.1467,F
40.76,85707.14,-0.282,F
40.78,85714.7,-0.2494,F
40.8,85712.42,-0.2723,F
40.82,85717.33,-0.2953,F
40.84,85711.92,-0.31,F
40.86,85703.81,-0.3101,F
40.88,85711.64,-0.3212,F
40.9,85717.23,-0.3051,F
40.92,85723.92,-0.3353,F
40.94,85732.98,-0.3107,F
40.96,85743.53,-0.2018,F
40.98,85734.91,-0.3551,F
41.0,85768.38,-0.4601,F
41.02,85748.8,-0.0049,F
41.04,85762.42,-1.0008,F
41.06,85749.08,-0.4075,F
41.08,85744.0,-0.4175,F
41.1,85792.69,-0.4,F
41.12,85795.95,-0.4144,F
41.14,85806.88,-0.4338,F
41.16,85800.59,-0.4977,F
41.18,85814.94,-0.5372,F
41.2,85828.31,-0.4242,F
41.22,85837.98,-0.4656,F
41.24,85838.66,-0.415,F
41.26,85866.02,-0.404,F
41.28,85876.39,-0.4244,F
41.3,85883.64,-0.4003,F
41.32,85898.02,-0.4148,F
41.34,85916.39,-0.4544,F
41.36,85932.09,-0.3739,F
41.38,85922.11,-0.4127,F
41.4,85921.11,-0.4324,F
41.42,85918.62,-0.5563,F
41.44,85916.38,-0.4855,F
41.46,85909.81,-0.4569,F
41.48,85916.05,-0.4736,F
41.5,85914.56,-0.4971,F
41.52,85931.44,-0.3993,F
41.54,85935.0,-0.5191,F
41.56,85892.81,-0.466,F
41.58,85902.72,-0.4435,F
41.6,85918.0,-0.4692,F
41.62,85899.27,-0.447,F
41.64,85926.73,-0.4465,F
41.66,85945.03,-0.5114,F
41.68,85929.41,-0.3637,F
41.7,85948.3,-0.451,F
41.72,85987.17,-0.4074,F
41.74,86013.28,-0.4054,F
41.76,86041.44,-0.3616,F
41.78,86070.61,-0.3832,F
41.8,86090.03,-0.4034,F
41.82,86104.8,-0.3844,F
41.84,86095.61,-0.4219,F
41.86,86096.5,-0.391,F
41.88,86060.66,-0.3855,F
41.9,85975.81,-0.3596,F
41.92,85903.83,-0.3157,F
41.94,85857.97,-0.3277,F
41.96,85818.09,-0.3297,F
41.98,85792.97,-0.2699,F
42.0,85784.14,-0.3172,F
42.02,85773.52,-0.3097,F
42.04,85802.81,-0.339,F
42.06,85791.08,-0.3032,F
42.08,85826.67,-0.2818,F
42.1,85829.11,-0.3479,F
42.12,85846.42,-0.3131,F
42.14,85884.5,-0.322,F
42.16,85886.67,-0.3274,F
42.18,85896.23,-0.3668,F
42.2,85909.5,-0.4018,F
42.22,85967.22,-0.3863,F
42.24,86032.94,-0.3826,F
42.26,86121.58,-0.393,F
42.28,86164.31,-0.3598,F
42.3,86204.42,-0.4349,F
42.32,86244.44,-0.3951,F
42.34,86248.45,-0.414,F
42.36,86244.3,-0.4797,F
42.38,86211.47,-0.3814,F
42.4,86198.48,-0.3533,F
42.42,86201.94,-0.472,F
42.44,86172.0,-0.4916,F
42.46,86183.19,-0.5028,F
42.48,86145.62,-0.3586,F
42.5,86175.05,-0.4254,F
42.52,86154.97,-0.3164,F
42.54,86199.73,-0.3829,F
42.56,86186.67,-0.3668,F
42.58,86208.41,-0.4054,F
42.6,86227.08,-0.3437,F
42.62,86213.39,-0.3172,F
42.64,86253.11,-0.337,F
42.66,86242.39,-0.3311,F
42.68,86256.88,-0.2884,F
42.7,86271.59,-0.3629,F
42.72,86285.14,-0.3402,F
42.74,86287.47,-0.3373,F
42.76,86302.91,-0.3442,F
42.78,86301.44,-0.3908,F
42.8,86325.89,-0.3723,F
42.82,86322.59,-0.3629,F
42.84,86332.3,-0.4135,F
42.86,86340.67,-0.4237,F
42.88,86348.66,-0.5287,F
42.9,86354.69,-0.5358,F
42.92,86364.67,-0.4818,F
42.94,86371.53,-0.5017,F
42.96,86383.39,-0.6001,F
42.98,86382.62,-0.6992,F
43.0,86391.97,-0.7777,F
43.02,86393.03,-1.3275,F
43.04,86395.31,-1.7171,F
43.06,86402.69,-1.408,F
43.08,86393.89,-0.9626,F
43.1,86383.69,-1.101,F
43.12,86368.38,-1.3757,F
43.14,86386.23,-1.7098,F
43.16,86370.58,-1.4207,F
43.18,86381.44,-1.808,F
43.2,86327.02,-1.6838,F
43.22,86339.52,-1.6491,F
43.24,86360.59,-1.4359,F
43.26,86369.05,-1.3849,F
43.28,86351.72,-1.5424,F
43.3,86438.58,-1.4627,F
43.32,86452.08,-1.6039,F
43.34,86507.53,-1.7646,F
43.36,86468.25,-2.0009,F
43.38,86484.45,-2.096,F
43.4,86486.12,-2.2796,F
43.42,86415.06,-2.4433,F
43.44,86423.92,-2.2358,F
43.46,86443.45,-2.5063,F
43.48,86467.11,-2.2368,F
43.5,86476.38,-1.9816,F
43.52,86510.14,-1.7802,F
43.54,86515.11,-1.549,F
43.56,86549.34,-1.3601,F
43.58,86580.92,-1.17,F
43.6,86574.61,-1.0853,F
43.62,86564.47,-0.977,F
43.64,86560.19,-0.739,F
43.66,86537.72,-0.4928,F
43.68,86507.67,-0.1927,F
43.7,86513.72,-0.1199,F
43.72,86496.64,0.2528,F
43.74,86505.61,0.4814,F
43.76,86546.89,1.1654,F
43.78,86562.81,1.4425,F
43.8,86574.33,1.3587,F
43.82,86575.38,1.2318,F
43.84,86582.92,1.1746,F
43.86,86588.48,0.7958,F
43.88,86591.55,0.598,F
43.9,86584.09,0.4724,F
43.92,86578.08,0.3705,F
43.94,86573.55,0.2935,F
43.96,86556.44,0.2142,F
43.98,86543.75,0.0766,F
44.0,86542.92,0.0491,F
44.02,86506.88,-0.3409,F
44.04,86505.55,-0.3563,F
44.06,86519.97,-0.5185,F
44.08,86449.86,-0.6121,F
44.1,86468.45,-0.5324,F
44.12,86405.64,-0.3923,F
44.14,86476.7,-0.2736,F
44.16,86452.69,-0.1489,F
44.18,86496.42,0.0446,F
44.2,86511.66,0.1005,F
44.22,86485.31,0.2401,F
44.24,86515.52,0.2609,F
44.26,86524.67,0.2355,F
44.28,86520.5,0.1659,F
44.3,86433.55,0.0171,F
44.32,86463.78,-0.0855,F
44.34,86413.28,-0.1477,F
44.36,86494.38,-0.1675,F
44.38,86422.23,-0.1316,F
44.4,86434.86,-0.1119,F
44.42,86491.02,-0.1111,F
44.44,86465.59,-0.0552,F
44.46,86557.39,-0.0262,F
44.48,86491.31,-0.0082,F
44.5,86498.89,0.1411,F
44.52,86578.14,0.2262,F
44.54,86594.14,0.1911,F
44.56,86628.62,0.112,F
44.58,86684.67,0.0915,F
44.6,86637.39,0.2375,F
44.62,86727.78,0.118,F
44.64,86700.31,0.1604,F
44.66,86703.66,0.2333,F
44.68,86752.92,0.216,F
44.7,86753.14,0.2844,F
44.72,86802.58,0.2915,F
44.74,86790.56,0.2092,F
44.76,86779.69,0.3207,F
44.78,86808.72,0.3396,F
44.8,86807.33,0.347,F
44.82,86802.28,0.381,F
44.84,86796.88,0.3808,F
44.86,86824.22,0.3579,F
44.88,86816.31,0.3702,F
44.9,86816.59,0.3677,F
44.92,86813.17,0.3724,F
44.94,86818.05,0.3441,F
44.96,86819.83,0.339,F
44.98,86837.3,0.3218,F
45.0,86839.89,0.2362,F
45.02,86819.09,0.1733,F
45.04,86808.2,0.1056,F
45.06,86725.41,0.0133,F
45.08,86689.58,-0.0743,F
45.1,86654.08,-0.1761,F
45.12,86641.66,-0.3355,F
45.14,86648.3,-0.4045,F
45.16,86641.25,-0.3583,F
45.18,86634.66,-0.3806,F
45.2,86666.44,-0.4754,F
45.22,86714.06,-0.5276,F
45.24,86733.95,-0.5138,F
45.26,86797.67,-0.5781,F
45.28,86828.52,-0.6019,F
45.3,86896.86,-0.6169,F
45.32,86903.8,-0.5351,F
45.34,86883.67,-0.4933,F
45.36,86878.23,-0.5055,F
45.38,86854.45,-0.4699,F
45.4,86862.31,-0.3935,F
45.42,86880.2,-0.4098,F
45.44,86855.73,-0.333,F
45.46,86885.45,-0.2532,F
45.48,86861.27,-0.2348,F
45.5,86905.16,-0.2261,F
45.52,86912.48,-0.2057,F
45.54,86961.12,-0.1882,F
45.56,86944.58,-0.1579,F
45.58,87002.97,-0.2283,F
45.6,87070.8,-0.1658,F
45.62,87006.19,-0.2127,F
45.64,87052.86,-0.1986,F
45.66,87041.95,-0.1966,F
45.68,87019.02,-0.1647,F
45.7,87054.3,-0.1791,F
45.72,87026.98,-0.1792,F
45.74,87078.81,-0.1778,F
45.76,87081.94,-0.1797,F
45.78,87072.05,-0.182,F
45.8,87109.69,-0.1661,F
45.82,87081.56,-0.1486,F
45.84,87074.95,-0.1794,F
45.86,87094.94,-0.1528,F
45.88,87060.42,-0.1746,F
45.9,87096.08,-0.2071,F
45.92,87093.0,-0.1801,F
45.94,87076.97,-0.2077,F
45.96,87101.44,-0.2133,F
45.98,87089.94,-0.1919,F
46.0,87132.61,-0.2352,F
46.02,87119.97,-0.2381,F
46.04,87124.95,-0.2038,F
46.06,87146.09,-0.2409,F
46.08,87106.92,-0.2138,F
46.1,87163.44,-0.2564,F
46.12,87111.86,-0.2488,F
46.14,87121.77,-0.2443,F
46.16,87182.14,-0.2618,F
46.18,87118.5,-0.279,F
46.2,87075.86,-0.2463,F
46.22,87128.45,-0.2314,F
46.24,87116.05,-0.273,F
46.26,87109.81,-0.2247,F
46.28,87155.36,-0.2356,F
46.3,87113.88,-0.2269,F
46.32,87099.11,-0.2139,F
46.34,87114.48,-0.2056,F
46.36,87151.88,-0.2166,F
46.38,87074.33,-0.223,F
46.4,87074.92,-0.236,F
46.42,87138.7,-0.2206,F
46.44,87138.34,-0.2626,F
46.46,87129.45,-0.2532,F
46.48,87114.53,-0.2734,F
46.5,87099.03,-0.2481,F
46.52,87150.61,-0.2678,F
46.54,87107.45,-0.2377,F
46.56,87119.86,-0.2406,F
46.58,87068.52,-0.2185,F
46.6,87073.08,-0.1688,F
46.62,87107.28,-0.0824,F
46.64,87084.77,-0.0565,F
46.66,87115.81,-0.0312,F
46.68,87109.52,0.0085,F
46.7,87026.08,-0.0228,F
46.72,87089.17,-0.0671,F
46.74,87057.31,0.0157,F
46.76,87103.19,-0.1109,F
46.78,87032.86,-0.1232,F
46.8,87047.02,-0.02,F
46.82,87147.97,0.0136,F
46.84,87229.95,-0.0533,F
46.86,87116.53,-0.0701,F
46.88,87085.11,-0.0773,F
46.9,87051.23,-0.007,F
46.92,87087.97,-0.0752,F
46.94,87057.92,-0.1904,F
46.96,87034.25,-0.1869,F
46.98,86947.2,-0.2374,F
47.0,86968.92,-0.3594,F
47.02,86952.61,-0.3612,F
47.04,86956.38,-0.6468,F
47.06,87052.95,-0.889,F
47.08,87156.55,-0.703,F
47.1,87285.36,0.0751,F
47.12,87327.53,1.9477,F
47.14,87462.83,3.983,F
47.16,87478.62,4.8188,F
47.18,87527.64,1.4347,F
47.2,87501.75,0.1203,F
47.22,87489.16,-0.0183,F
47.24,87494.52,0.0002,F
47.26,87509.61,-0.0531,F
47.28,87503.55,-0.1421,F
47.3,87527.53,-0.1948,F
47.32,87530.38,-0.2468,F
47.34,87580.52,-0.2428,F
47.36,87592.45,-0.2795,F
47.38,87588.45,-0.349,F
47.4,87565.64,-0.4672,F
47.42,87602.03,-0.8103,F
47.44,87599.88,-0.9205,F
47.46,87607.2,-0.9354,F
47.48,87607.42,-0.948,F
47.5,87632.61,-0.9086,F
47.52,87650.45,-0.8584,F
47.54,87690.91,-0.7971,F
47.56,87722.73,-0.7532,F
47.58,87759.16,-0.7365,F
47.6,87780.98,-0.6639,F
47.62,87811.69,-0.5668,F
47.64,87804.41,-0.5204,F
47.66,87778.58,-0.4788,F
47.68,87746.7,-0.4075,F
47.7,87657.77,-0.3355,F
47.72,87472.16,-0.2111,F
47.74,87342.8,-0.094,F
47.76,87198.2,-0.061,F
47.78,87137.88,0.0201,F
47.8,87069.08,-0.0029,F
47.82,87113.28,0.099,F
47.84,87100.62,0.1212,F
47.86,87197.61,0.1257,F
47.88,87170.48,0.1797,F
47.9,87227.56,0.1741,F
47.92,87271.06,0.1592,F
47.94,87242.17,0.1493,F
47.96,87349.91,0.2333,F
47.98,87496.88,0.1319,F
48.0,87550.8,0.1125,F
48.02,87565.17,0.0551,F
48.04,87513.81,0.1169,F
48.06,87486.39,0.0241,F
48.08,87486.95,0.0988,F
48.1,87523.19,0.1752,F
48.12,87512.83,0.1692,F
48.14,87489.33,0.2451,F
48.16,87481.77,0.2587,F
48.18,87345.95,0.2858,F
48.2,87283.23,0.2244,F
48.22,87400.53,0.2107,F
48.24,87340.28,0.166,F
48.26,87487.41,0.1056,F
48.28,87638.11,0.0264,F
48.3,87810.16,-0.1949,F
48.32,87876.66,-0.2648,F
48.34,87919.36,-0.4914,F
48.36,87815.58,-0.7522,F
48.38,87649.58,-0.8576,F
48.4,87551.3,-0.8569,F
48.42,87562.69,-0.7804,F
48.44,87521.67,-0.7634,F
48.46,87561.83,-0.5954,F
48.48,87669.31,-0.528,F
48.5,87667.64,-0.3897,F
48.52,87738.55,-0.2679,F
48.54,87697.47,-0.2076,F
48.56,87756.77,-0.176,F
48.58,87787.58,-0.0091,F
48.6,87764.3,0.0956,F
48.62,87803.47,0.1322,F
48.64,87772.03,0.1285,F
48.66,87751.59,0.0828,F
48.68,87692.73,-0.107,F
48.7,87680.06,-0.1876,F
48.72,87716.23,-0.3245,F
48.74,87755.06,-0.4088,F
48.76,87818.48,-0.5625,F
48.78,87872.05,-0.6649,F
48.8,87979.09,-0.7114,F
48.82,88037.84,-0.8076,F
48.84,88047.91,-0.8653,F
48.86,88045.3,-0.8071,F
48.88,88013.94,-0.8182,F
48.9,87924.62,-0.7131,F
48.92,87858.62,-0.6723,F
48.94,87796.8,-0.563,F
48.96,87760.84,-0.457,F
48.98,87708.14,-0.3176,F
49.0,87767.41,-0.3281,F
49.02,87801.62,-0.2386,F
49.04,87908.17,-0.0658,F
49.06,87932.19,-0.041,F
49.08,87875.06,0.0345,F
49.1,87865.7,0.021,F
49.12,87940.72,0.0289,F
49.14,87951.42,0.0679,F
49.16,87941.84,0.0614,F
49.18,87975.47,0.0443,F
49.2,87868.31,0.0279,F
49.22,87850.88,-0.0164,F
49.24,87849.67,-0.0838,F
49.26,87893.42,-0.1672,F
49.28,87923.55,-0.2779,F
49.3,87995.02,-0.3701,F
49.32,88052.53,-0.4997,F
49.34,88147.84,-0.6913,F
49.36,88178.77,-0.7741,F
49.38,88172.42,-0.8318,F
49.4,88129.81,-0.8197,F
49.42,88085.84,-0.6482,F
49.44,87997.53,-0.689,F
49.46,87934.8,-0.6371,F
49.48,87957.47,-0.4676,F
49.5,87919.92,-0.1185,F
49.52,87965.91,-0.0254,F
49.54,87942.64,0.0418,F
49.56,88073.02,0.1605,F
49.58,88024.73,0.1346,F
49.6,88042.95,-0.0291,F
49.62,88069.92,0.062,F
49.64,88002.77,0.1091,F
49.66,88039.17,0.0782,F
49.68,87982.0,-0.1522,F
49.7,87897.44,-0.3528,F
49.72,87879.0,-0.4366,F
49.74,87914.84,-0.4405,F
49.76,87924.38,-0.5591,F
49.78,87918.36,-0.5784,F
49.8,87900.12,-0.5713,F
49.82,87895.53,-0.3958,F
49.84,87884.03,-0.501,F
49.86,87884.09,-0.7132,F
49.88,87908.31,-0.9043,F
49.9,87951.94,-1.2867,F
49.92,88013.62,-1.7408,F
49.94,88014.16,-2.0947,F
49.96,87979.48,-2.1982,F
49.98,87863.88,-0.964,F
50.0,87956.17,-0.3445,F
50.02,88181.39,0.7281,F
50.04,88256.02,1.1819,F
50.06,88096.8,0.8769,F
50.08,88069.61,0.5073,F
50.1,88071.39,-0.106,F
50.12,88139.58,-0.58,F
50.14,88183.59,-0.3559,F
50.16,88101.2,0.2838,F
50.18,88136.72,0.7638,F
50.2,88213.03,0.7096,F
50.22,88324.36,0.2791,F
50.24,88149.28,-0.3144,F
50.26,88063.94,-0.5692,F
50.28,88209.62,-0.3117,F
50.3,88160.45,0.4732,F
50.32,88136.78,1.0242,F
50.34,88103.05,1.8474,F
50.36,87951.92,1.1128,F
50.38,88340.56,-0.2565,F
50.4,88237.78,-1.9457,F
50.42,87868.27,-3.0869,F
50.44,88002.48,-3.0879,F
50.46,88058.16,-1.9968,F
50.48,88208.2,-0.3841,F
50.5,88181.14,1.2867,F
50.52,88140.47,1.6034,F
50.54,88360.94,0.9,F
50.56,88440.98,-0.4486,F
50.58,88218.48,-1.7316,F
50.6,88272.86,-2.2157,F
50.62,88355.11,-1.8988,F
50.64,88346.95,-1.2497,F
50.66,88338.94,-0.3534,F
50.68,88330.61,0.2587,F
50.7,88470.09,0.7223,F
50.72,88504.95,0.3948,F
50.74,88364.03,-0.0615,F
50.76,88281.16,-0.202,F
50.78,88292.12,-0.5469,F
50.8,88292.62,-0.7488,F
50.82,88373.48,-0.8275,F
50.84,88414.69,-0.6924,F
50.86,88425.47,-0.5202,F
50.88,88413.94,-0.5048,F
50.9,88437.53,-0.3035,F
50.92,88462.41,-0.137,F
50.94,88454.75,-0.0797,F
50.96,88391.06,0.0577,F
50.98,88404.5,-0.0232,F
51.0,88447.84,-0.1396,F
51.02,88468.44,-0.7513,F
51.04,88521.95,-0.7693,F
51.06,88564.16,-0.8038,F
51.08,88581.73,-0.7809,F
51.1,88593.69,-0.6399,F
51.12,88603.59,-0.3849,F
51.14,88607.81,-0.2142,F
51.16,88597.77,-0.4078,F
51.18,88581.67,-0.219,F
51.2,88589.81,-0.1309,F
51.22,88583.78,-0.1198,F
51.24,88554.97,-0.3218,F
51.26,88487.48,-0.1614,F
51.28,88487.55,-0.1398,F
51.3,88449.69,-0.1182,F
51.32,88425.14,-0.2105,F
51.34,88376.41,-0.1115,F
51.36,88345.91,0.0044,F
51.38,88329.41,0.1455,F
51.4,88363.86,0.0125,F
51.42,88319.22,0.0437,F
51.44,88385.59,0.0719,F
51.46,88357.94,0.3573,F
51.48,88407.83,0.138,F
51.5,88434.06,-0.235,F
51.52,88488.69,-0.2497,F
51.54,88571.48,-0.3056,F
51.56,88536.72,-0.329,F
51.58,88566.5,-0.3651,F
51.6,88560.88,-0.3879,F
51.62,88613.5,-0.3614,F
51.64,88610.73,-0.352,F
51.66,88657.03,-0.2904,F
51.68,88625.94,-0.3406,F
51.7,88589.45,-0.2566,F
51.72,88599.59,-0.3484,F
51.74,88660.61,-0.2871,F
51.76,88639.72,-0.243,F
51.78,88624.42,-0.2077,F
51.8,88526.83,-0.0395,F
51.82,88573.52,-0.1139,F
51.84,88590.47,-0.0284,F
51.86,88587.34,-0.0665,F
51.88,88642.02,-0.1168,F
51.9,88703.47,-0.1143,F
51.92,88801.77,-0.1532,F
51.94,88850.45,-0.1731,F
51.96,88865.03,-0.2574,F
51.98,88868.59,-0.3377,F
52.0,88859.31,-0.4112,F
52.02,88829.81,-0.448,F
52.04,88842.14,-0.4909,F
52.06,88839.19,-0.4898,F
52.08,88839.61,-0.5452,F
52.1,88859.02,-0.5067,F
52.12,88870.98,-0.4612,F
52.14,88887.08,-0.4882,F
52.16,88896.41,-0.2058,F
52.18,88902.27,-0.285,F
52.2,88890.19,-0.3409,F
52.22,88867.38,-0.257,F
52.24,88856.61,-0.0702,F
52.26,88799.03,-0.4373,F
52.28,88761.47,-0.3027,F
52.3,88722.8,-0.0995,F
52.32,88761.3,-0.3211,F
52.34,88623.06,-0.1296,F
52.36,88625.95,-0.2208,F
52.38,88557.3,-0.0684,F
52.4,88529.2,-0.0536,F
52.42,88522.34,0.1537,F
52.44,88574.91,0.2037,F
52.46,88554.12,0.2137,F
52.48,88565.83,0.2412,F
52.5,88606.41,0.3058,F
52.52,88654.45,0.2925,F
52.54,88682.66,0.2689,F
52.56,88734.8,0.2091,F
52.58,88705.02,0.1098,F
52.6,88748.23,0.0299,F
52.62,88800.11,0.0975,F
52.64,88763.8,0.0639,F
52.66,88794.72,0.0378,F
52.68,88870.84,-0.0264,F
52.7,88866.75,-0.0458,F
52.72,88906.5,0.0067,F
52.74,88812.95,0.0744,F
52.76,88889.8,-0.036,F
52.78,88867.33,-0.1648,F
52.8,88851.19,-0.1786,F
52.82,88876.7,-0.2795,F
52.84,88895.16,-0.2565,F
52.86,88886.5,-0.2928,F
52.88,88785.22,-0.2997,F
52.9,88746.42,-0.2444,F
52.92,88724.86,-0.2079,F
52.94,88703.05,-0.1647,F
52.96,88697.62,-0.1986,F
52.98,88708.47,-0.1694,F
53.0,88802.11,-0.1546,F
53.02,88884.67,-0.1251,F
53.04,88997.19,-0.0751,F
53.06,89068.02,-0.0764,F
53.08,89156.22,-0.0802,F
53.1,89252.45,-0.0892,F
53.12,89289.64,-0.1088,F
53.14,89246.36,-0.1781,F
53.16,89229.23,-0.1594,F
53.18,89108.48,-0.0409,F
53.2,89016.83,-0.0515,F
53.22,88939.3,-0.0706,F
53.24,88845.08,-0.0998,F
53.26,88815.25,-0.1318,F
53.28,88817.56,-0.0978,F
53.3,88878.36,-0.1686,F
53.32,88916.83,-0.1107,F
53.34,89064.11,-0.1075,F
53.36,89030.33,-0.079,F
53.38,89055.34,-0.0818,F
53.4,89058.47,-0.0704,F
53.42,89090.16,-0.1344,F
53.44,89100.95,-0.1761,F
53.46,89066.98,-0.0941,F
53.48,89036.19,-0.0999,F
53.5,88996.16,-0.0764,F
53.52,88929.41,-0.0474,F
53.54,88960.45,-0.132,F
53.56,89002.59,-0.1045,F
53.58,89135.59,-0.0178,F
53.6,89328.09,-0.2023,F
53.62,89357.88,-0.0289,F
53.64,89414.03,-0.9347,F
53.66,89323.33,-0.8601,F
53.68,89227.31,-0.9745,F
53.7,89170.02,-1.1884,F
53.72,89175.66,-1.2255,F
53.74,89182.64,-1.1952,F
53.76,89222.41,-1.1154,F
53.78,89339.52,-1.0639,F
53.8,89335.83,-1.1179,F
53.82,89350.03,-1.1279,F
53.84,89349.14,-0.9653,F
53.86,89389.89,-0.7332,F
53.88,89374.69,-0.727,F
53.9,89372.61,-0.4874,F
53.92,89342.06,-0.2664,F
53.94,89320.05,-0.2156,F
53.96,89261.97,-0.1323,F
53.98,89145.73,0.1022,F
54.0,89051.64,0.6064,F
54.02,88957.8,0.5272,F
54.04,88950.12,0.6837,F
54.06,88970.03,0.6957,F
54.08,88961.47,0.7761,F
54.1,89036.92,0.8933,F
54.12,89171.84,0.2237,F
54.14,89157.39,-0.0146,F
54.16,89201.19,-0.1421,F
54.18,89209.33,-0.2489,F
54.2,89301.94,-0.2847,F
54.22,89342.55,-0.2136,F
54.24,89307.53,-0.1051,F
54.26,89382.67,-0.2308,F
54.28,89387.77,-0.2607,F
54.3,89384.44,-0.0885,F
54.32,89465.8,-0.1646,F
54.34,89447.91,-0.0601,F
54.36,89350.81,-0.0229,F
54.38,89349.86,-0.0281,F
54.4,89299.72,0.125,F
54.42,89311.22,0.0356,F
54.44,89378.62,0.0896,F
54.46,89482.02,0.0401,F
54.48,89574.61,0.0963,F
54.5,89625.36,0.2216,F
54.52,89636.98,0.2984,F
54.54,89613.81,0.013,F
54.56,89550.89,-0.0224,F
54.58,89496.09,-0.0272,F
54.6,89521.38,-0.1658,F
54.62,89519.11,-0.1038,F
54.64,89526.45,-0.1925,F
54.66,89549.78,-0.303,F
54.68,89567.56,-0.2666,F
54.7,89603.23,-0.272,F
54.72,89634.91,-0.2586,F
54.74,89606.39,-0.1772,F
54.76,89680.02,-0.1586,F
54.78,89677.05,-0.1653,F
54.8,89701.86,-0.1361,F
54.82,89690.7,-0.1106,F
54.84,89705.12,-0.1661,F
54.86,89725.97,-0.1656,F
54.88,89722.34,-0.2134,F
54.9,89721.8,-0.1736,F
54.92,89712.94,-0.1749,F
54.94,89695.86,-0.1778,F
54.96,89682.03,-0.1625,F
54.98,89652.23,-0.1862,F
55.0,89633.41,-0.1545,F
55.02,89605.67,-0.2562,F
55.04,89604.3,-0.3302,F
55.06,89538.25,-0.2269,F
55.08,89509.38,-0.183,F
55.1,89528.12,-0.2219,F
55.12,89461.73,-0.231,F
55.14,89458.3,-0.2292,F
55.16,89450.08,-0.2968,F
55.18,89460.81,-0.2891,F
55.2,89470.19,-0.2982,F
55.22,89507.34,-0.364,F
55.24,89525.11,-0.3144,F
55.26,89542.34,-0.3127,F
55.28,89556.88,-0.2582,F
55.3,89596.8,-0.2535,F
55.32,89600.22,-0.207,F
55.34,89582.03,-0.1974,F
55.36,89540.03,-0.0744,F
55.38,89524.41,-0.0365,F
55.4,89465.81,-0.0699,F
55.42,89376.09,-0.0024,F
55.44,89324.88,-0.0085,F
55.46,89350.64,0.0179,F
55.48,89384.23,-0.0165,F
55.5,89386.03,-0.1133,F
55.52,89443.11,-0.1074,F
55.54,89425.75,-0.0281,F
55.56,89430.31,0.1101,F
55.58,89587.16,0.0323,F
55.6,89582.62,0.2612,F
55.62,89616.33,0.1949,F
55.64,89645.42,0.2463,F
55.66,89580.08,0.2927,F
55.68,89579.86,0.1676,F
55.7,89609.42,0.1725,F
55.72,89613.11,0.1601,F
55.74,89606.59,0.1546,F
55.76,89615.67,0.1891,F
55.78,89654.75,0.232,F
55.8,89643.55,0.2313,F
55.82,89610.03,0.215,F
55.84,89671.39,0.2547,F
55.86,89697.05,0.2541,F
55.88,89716.67,0.0738,F
55.9,89645.08,-0.0354,F
55.92,89668.11,-0.0213,F
55.94,89666.56,0.0028,F
55.96,89678.28,0.013,F
55.98,89694.22,0.0265,F
56.0,89737.98,0.0848,F
56.02,89799.72,0.3075,F
56.04,89701.52,0.2456,F
56.06,89738.56,0.2527,F
56.08,89789.14,0.1238,F
56.1,89698.5,0.0645,F
56.12,89691.22,0.1181,F
56.14,89701.52,0.039,F
56.16,89738.91,0.0759,F
56.18,89823.94,0.025,F
56.2,89910.0,0.001,F
56.22,90019.23,0.012,F
56.24,90103.78,-0.0204,F
56.26,90139.08,-0.0126,F
56.28,90185.5,-0.026,F
56.3,90172.12,-0.0292,F
56.32,90128.91,-0.0536,F
56.34,90062.77,0.0766,F
56.36,90059.03,0.0079,F
56.38,90013.81,0.0232,F
56.4,89994.7,-0.019,F
56.42,90041.61,-0.0803,F
56.44,90040.39,-0.0539,F
56.46,90067.61,-0.0493,F
56.48,90032.0,-0.0583,F
56.5,90080.0,-0.0987,F
56.52,90082.27,-0.2105,F
56.54,90132.36,-0.1648,F
56.56,90120.28,-0.2075,F
56.58,90111.42,-0.2249,F
56.6,90194.59,-0.29,F
56.62,90150.53,-0.3048,F
56.64,90150.98,-0.2787,F
56.66,90184.45,-0.2477,F
56.68,90155.91,-0.1964,F
56.7,90170.91,-0.1666,F
56.72,90136.48,-0.1484,F
56.74,90113.66,-0.1227,F
56.76,90150.5,-0.1752,F
56.78,90130.3,-0.1442,F
56.8,90113.5,-0.1522,F
56.82,90154.58,-0.1933,F
56.84,90121.22,-0.1378,F
56.86,90174.8,-0.2686,F
56.88,90152.67,-0.191,F
56.9,90230.84,-0.2459,F
56.92,90209.5,-0.1843,F
56.94,90238.25,-0.195,F
56.96,90256.08,-0.2185,F
56.98,90287.92,-0.2112,F
57.0,90288.81,-0.1785,F
57.02,90308.06,-0.1872,F
57.04,90330.59,-0.2273,F
57.06,90346.61,-0.1971,F
57.08,90357.42,-0.2233,F
57.1,90368.23,-0.244,F
57.12,90371.47,-0.2274,F
57.14,90378.5,-0.237,F
57.16,90381.36,-0.3108,F
57.18,90387.97,-0.3161,F
57.2,90397.11,-0.2552,F
57.22,90409.66,-0.2879,F
57.24,90412.27,-0.284,F
57.26,90417.14,-0.2679,F
57.28,90424.64,-0.2518,F
57.3,90433.95,-0.2642,F
57.32,90441.06,-0.2941,F
57.34,90448.31,-0.2778,F
57.36,90455.08,-0.2736,F
57.38,90455.39,-0.3065,F
57.4,90472.28,-0.3091,F
57.42,90472.36,-0.2885,F
57.44,90486.08,-0.3064,F
57.46,90487.92,-0.3296,F
57.48,90495.67,-0.3334,F
57.5,90495.28,-0.3355,F
57.52,90504.83,-0.3166,F
57.54,90507.19,-0.3033,F
57.56,90509.61,-0.3252,F
57.58,90513.36,-0.3337,F
57.6,90525.09,-0.3239,F
57.62,90542.64,-0.3068,F
57.64,90539.03,-0.394,F
57.66,90553.92,-0.3691,F
57.68,90552.16,-0.35,F
57.7,90566.77,-0.3569,F
57.72,90569.08,-0.4593,F
57.74,90585.53,-0.3656,F
57.76,90590.95,-0.376,F
57.78,90596.02,-0.3641,F
57.8,90603.58,-0.3627,F
57.82,90612.69,-0.3596,F
57.84,90621.88,-0.3798,F
57.86,90629.62,-0.3775,F
57.88,90634.27,-0.3844,F
57.9,90645.27,-0.3578,F
57.92,90650.86,-0.3483,F
57.94,90663.16,-0.3678,F
57.96,90680.44,-0.3651,F
57.98,90690.73,-0.3178,F
58.0,90696.98,-0.334,F
58.02,90705.28,-0.3309,F
58.04,90714.16,-0.3534,F
58.06,90727.08,-0.3348,F
58.08,90731.19,-0.3438,F
58.1,90737.36,-0.3336,F
58.12,90752.25,-0.3012,F
58.14,90758.59,-0.3473,F
58.16,90772.66,-0.3358,F
58.18,90786.02,-0.3544,F
58.2,90780.2,-0.3274,F
58.22,90799.72,-0.3467,F
58.24,90836.66,-0.3348,F
58.26,90842.72,-0.3214,F
58.28,90839.05,-0.6462,F
58.3,90806.55,-0.4184,F
58.32,90831.12,-0.3612,F
58.34,90864.06,-0.3638,F
58.36,90867.11,-0.3934,F
58.38,90900.88,-0.42,F
58.4,90876.8,-0.4886,F
58.42,90918.27,-0.3888,F
58.44,90873.5,-0.4607,F
58.46,90886.39,-0.3136,F
58.48,90878.42,-0.4611,F
58.5,90902.97,-0.4815,F
58.52,90963.34,-0.5403,F
58.54,90950.48,-0.434,F
58.56,90968.5,-0.4895,F
58.58,90945.12,-0.4261,F
58.6,90961.94,-0.4556,F
58.62,90989.12,-0.4888,F
58.64,90991.3,-0.4781,F
58.66,91000.7,-0.5502,F
58.68,90989.41,-0.5879,F
58.7,91005.86,-0.6023,F
58.72,91020.11,-0.5535,F
58.74,91029.08,-0.5839,F
58.76,91037.16,-0.5124,F
58.78,91056.28,-0.6915,F
58.8,91053.33,-0.7713,F
58.82,91061.17,-2.0773,F
58.84,91072.88,-1.8798,F
58.86,91080.25,-2.39,F
58.88,91081.81,-2.0215,F
58.9,91095.78,-2.0167,F
58.92,91110.94,-1.8531,F
58.94,91143.28,-2.2731,F
58.96,91161.97,-2.2508,F
58.98,91151.16,-2.2664,F
59.0,91087.72,-2.0981,F
59.02,90951.02,-1.9306,F
59.04,90794.64,-2.2591,F
59.06,90652.09,-2.2844,F
59.08,90590.41,-2.7793,F
59.1,90677.23,-3.0118,F
59.12,90774.44,-3.2237,F
59.14,90952.69,-3.0567,F
59.16,91035.02,-2.2559,F
59.18,90963.47,-2.0355,F
59.2,90963.06,-1.5074,F
59.22,90967.72,-1.0715,F
59.24,90969.33,-0.1767,F
59.26,90984.78,0.2797,F
59.28,90937.39,0.0909,F
59.3,90955.64,0.4106,F
59.32,90869.98,0.2119,F
59.34,90877.77,0.1296,F
59.36,90908.78,0.0293,F
59.38,91005.58,-0.1119,F
59.4,90997.86,-0.2695,F
59.42,90982.62,-0.2231,F
59.44,90824.22,-0.0559,F
59.46,90914.28,0.0948,F
59.48,90880.0,0.0953,F
59.5,90910.12,0.1368,F
59.52,90886.8,0.1497,F
59.54,90911.45,0.2068,F
59.56,90940.56,0.2474,F
59.58,91003.64,0.0994,F
59.6,90959.7,-0.1461,F
59.62,90914.22,-0.1791,F
59.64,90862.31,-0.3651,F
59.66,91050.0,-0.2376,F
59.68,90974.12,-0.3814,F
59.7,90996.72,-0.3973,F
59.72,90965.44,-0.2377,F
59.74,91041.22,-0.3582,F
59.76,91078.05,-0.2933,F
59.78,91128.0,-0.3197,F
59.8,91185.34,-0.3195,F
59.82,91219.03,-0.1721,F
59.84,91264.52,-0.2378,F
59.86,91274.03,-0.0811,F
59.88,91286.58,-0.1212,F
59.9,91303.94,0.0242,F
59.92,91294.12,-0.0299,F
59.94,91319.11,-0.0677,F
59.96,91301.66,-0.0715,F
59.98,91308.66,-0.0447,F
60.0,91288.47,-0.0173,F
60.02,91286.89,0.0896,F
60.04,91265.34,0.0775,F
60.06,91270.42,0.0344,F
60.08,91271.12,0.0415,F
60.1,91266.05,0.1406,F
60.12,91266.75,0.0136,F
60.14,91265.09,0.0814,F
60.16,91269.03,0.1133,F
60.18,91197.58,0.2207,F
60.2,91187.75,0.1732,F
60.22,91174.14,0.1017,F
60.24,91118.06,0.3734,F
60.26,91082.31,0.2409,F
60.28,91036.02,0.2657,F
60.3,91004.16,0.2248,F
60.32,91055.94,-0.0146,F
60.34,91082.3,0.1347,F
60.36,91139.73,0.0411,F
60.38,91220.17,-0.0118,F
60.4,91262.25,-0.0613,F
60.42,91315.92,0.0045,F
60.44,91354.27,-0.0171,F
60.46,91409.0,-0.1528,F
60.48,91466.33,-0.0854,F
60.5,91489.64,-0.1574,F
60.52,91482.09,-0.249,F
60.54,91485.17,-0.2515,F
60.56,91479.44,-0.2853,F
60.58,91470.91,-0.346,F
60.6,91457.11,-0.3371,F
60.62,91457.39,-0.4142,F
60.64,91457.7,-0.3817,F
60.66,91452.17,-0.371,F
60.68,91447.12,-0.3645,F
60.7,91442.41,-0.3603,F
60.72,91431.98,-0.3106,F
60.74,91438.88,-0.3072,F
60.76,91436.44,-0.2799,F
60.78,91444.28,-0.3112,F
60.8,91456.08,-0.2492,F
60.82,91469.84,-0.2749,F
60.84,91474.5,-0.1873,F
60.86,91474.55,-0.1936,F
60.88,91469.03,-0.1021,F
60.9,91475.52,-0.0797,F
60.92,91479.2,-0.0837,F
60.94,91426.59,-0.0701,F
60.96,91444.98,-0.0395,F
60.98,91477.62,-0.0135,F
61.0,91475.78,-0.002,F
61.02,91461.09,0.0205,F
61.04,91424.88,0.1122,F
61.06,91469.78,0.1868,F
61.08,91420.59,0.2375,F
61.1,91423.92,0.3107,F
61.12,91466.33,0.223,F
61.14,91516.7,0.2029,F
61.16,91493.88,0.1037,F
61.18,91477.72,0.1078,F
61.2,91468.05,0.0801,F
61.22,91449.94,0.0377,F
61.24,91472.78,0.1164,F
61.26,91466.81,0.1651,F
61.28,91492.97,0.2488,F
61.3,91500.94,0.3107,F
61.32,91521.34,0.4022,F
61.34,91579.78,0.3155,F
61.36,91584.03,0.4159,F
61.38,91584.17,0.455,F
61.4,91607.2,0.5516,F
61.42,91617.05,0.4795,F
61.44,91615.09,0.5718,F
61.46,91616.44,0.5583,F
61.48,91631.83,0.5437,F
61.5,91645.28,0.5041,F
61.52,91636.47,0.5072,F
61.54,91647.14,0.4329,F
61.56,91652.44,0.4486,F
61.58,91656.95,0.5903,F
61.6,91664.8,1.4151,F
61.62,91668.25,0.834,F
61.64,91665.88,0.7971,F
61.66,91669.41,0.7589,F
61.68,91663.27,0.9906,F
61.7,91652.58,1.9944,F
61.72,91632.44,3.7368,F
61.74,91625.69,4.0977,F
61.76,91627.77,3.2344,F
61.78,91606.22,2.6176,F
61.8,91593.92,1.7112,F
61.82,91582.95,0.6732,F
61.84,91579.84,0.4076,F
61.86,91584.11,0.3687,F
61.88,91585.78,0.55,F
61.9,91613.31,1.0761,F
61.92,91623.66,1.5044,F
61.94,91652.91,1.059,F
61.96,91655.09,0.8073,F
61.98,91680.34,0.7938,F
62.0,91693.69,0.3787,F
62.02,91691.42,0.8536,F
62.04,91729.25,1.0559,F
62.06,91729.84,0.9599,F
62.08,91732.83,1.0643,F
62.1,91749.3,1.7418,F
62.12,91746.42,2.1832,F
62.14,91737.05,2.866,F
62.16,91763.73,2.8273,F
62.18,91749.16,2.7632,F
62.2,91763.06,1.6753,F
62.22,91762.81,1.7373,F
62.24,91775.75,2.4615,F
62.26,91774.75,1.8919,F
62.28,91780.25,1.6743,F
62.3,91784.31,1.7501,F
62.32,91788.45,1.9604,F
62.34,91795.47,1.9076,F
62.36,91794.39,1.8303,F
62.38,91796.98,1.6897,F
62.4,91797.22,1.3644,F
62.42,91792.53,1.0751,F
62.44,91796.34,0.973,F
62.46,91790.45,1.055,F
62.48,91788.83,1.5658,F
62.5,91797.3,1.2847,F
62.52,91798.78,1.0474,F
62.54,91797.59,0.9632,F
62.56,91809.48,0.7909,F
62.58,91805.72,0.6683,F
62.6,91811.34,0.7578,F
62.62,91813.56,0.8446,F
62.64,91814.84,0.8771,F
62.66,91817.97,0.6153,F
62.68,91822.02,0.5323,F
62.7,91825.31,0.4506,F
62.72,91825.7,0.3721,F
62.74,91829.58,0.3332,F
62.76,91831.91,0.2963,F
62.78,91831.69,0.2725,F
62.8,91832.98,0.2473,F
62.82,91834.88,0.2514,F
62.84,91837.03,0.3259,F
62.86,91841.97,0.3896,F
62.88,91846.53,0.5434,F
62.9,91849.62,0.6948,F
62.92,91852.41,0.6283,F
62.94,91853.27,0.5217,F
62.96,91852.69,0.4616,F
62.98,91852.98,0.5389,F
63.0,91852.44,0.6097,F
63.02,91854.48,0.7372,F
63.04,91856.41,0.9467,F
63.06,91857.67,1.1841,F
63.08,91858.05,1.4129,F
63.1,91861.98,1.6857,F
63.12,91865.3,1.6145,F
63.14,91868.48,0.9364,F
63.16,91870.16,0.579,F
63.18,91871.33,0.5231,F
63.2,91872.77,0.7143,F
63.22,91876.88,1.2421,F
63.24,91879.28,1.7528,F
63.26,91885.06,2.191,F
63.28,91887.41,2.2386,F
63.3,91889.98,2.227,F
63.32,91889.59,2.2721,F
63.34,91894.0,1.9204,F
63.36,91893.94,1.4904,F
63.38,91893.08,1.6515,F
63.4,91894.81,1.7519,F
63.42,91899.73,1.2373,F
63.44,91898.72,0.9197,F
63.46,91900.59,0.9188,F
63.48,91901.72,1.0351,F
63.5,91904.48,0.9402,F
63.52,91906.69,0.8337,F
63.54,91907.95,0.6934,F
63.56,91911.17,0.5878,F
63.58,91914.03,0.548,F
63.6,91915.91,0.5193,F
63.62,91919.19,0.5158,F
63.64,91919.28,0.5615,F
63.66,91920.78,0.6652,F
63.68,91925.92,0.8467,F
63.7,91927.52,1.0869,F
63.72,91927.67,1.1732,F
63.74,91930.67,1.3051,F
63.76,91933.3,1.2669,F
63.78,91935.52,0.9874,F
63.8,91935.14,0.8015,F
63.82,91937.09,0.9656,F
63.84,91941.53,0.9708,F
63.86,91943.73,0.9353,F
63.88,91945.56,0.9261,F
63.9,91947.0,0.9679,F
63.92,91947.92,0.868,F
63.94,91952.7,0.8484,F
63.96,91950.28,0.7896,F
63.98,91952.36,0.8216,F
64.0,91954.14,0.755,F
64.02,91954.62,0.6673,F
64.04,91956.7,0.635,F
64.06,91958.11,0.6203,F
64.08,91960.92,0.5808,F
64.1,91962.19,0.569,F
64.12,91964.39,0.5591,F
64.14,91966.36,0.5557,F
64.16,91968.55,0.5312,F
64.18,91970.03,0.4938,F
64.2,91972.59,0.4855,F
64.22,91972.62,0.5627,F
64.24,91974.0,0.6869,F
64.26,91977.72,0.8414,F
64.28,91976.69,0.9117,F
64.3,91978.33,1.0776,F
64.32,91981.22,1.3,F
64.34,91981.22,1.4512,F
64.36,91982.59,1.5657,F
64.38,91981.02,1.5744,F
64.4,91982.95,1.4475,F
64.42,91984.86,1.4161,F
64.44,91988.66,1.7537,F
64.46,91993.86,1.8094,F
64.48,91993.89,1.7956,F
64.5,91995.2,1.941,F
64.52,91997.78,2.0764,F
64.54,92002.05,1.7578,F
64.56,92000.36,1.2087,F
64.58,92006.22,1.0218,F
64.6,92007.2,1.1019,F
64.62,92010.27,1.1793,F
64.64,92011.89,1.1184,F
64.66,92011.73,0.9228,F
64.68,92014.17,0.8306,F
64.7,92014.89,0.7395,F
64.72,92015.61,0.7972,F
64.74,92018.83,0.7844,F
64.76,92016.34,0.8478,F
64.78,92020.17,1.0615,F
64.8,92023.39,1.1959,F
64.82,92024.02,1.2323,F
64.84,92025.77,1.2688,F
64.86,92026.56,1.3614,F
64.88,92029.73,1.3454,F
64.9,92031.28,1.1788,F
64.92,92032.22,1.0604,F
64.94,92034.02,1.032,F
64.96,92037.22,0.9975,F
64.98,92038.45,1.0641,F
65.0,92040.19,1.2013,F
65.02,92042.67,1.1664,F
65.04,92040.27,1.0457,F
65.06,92044.95,1.0447,F
65.08,92043.86,0.9874,F
65.1,92048.38,0.7918,F
65.12,92049.45,0.6917,F
65.14,92051.67,0.6715,F
65.16,92053.33,0.6234,F
65.18,92054.36,0.6024,F
65.2,92055.75,0.6257,F
65.22,92056.69,0.7282,F
65.24,92059.67,0.6652,F
65.26,92059.81,0.5859,F
65.28,92060.55,0.5124,F
65.3,92062.61,0.4692,F
65.32,92064.02,0.4292,F
65.34,92066.41,0.4038,F
65.36,92065.75,0.4337,F
65.38,92069.22,0.5319,F
65.4,92069.19,0.7315,F
65.42,92071.61,0.8557,F
65.44,92072.66,0.8729,F
65.46,92075.55,0.9435,F
65.48,92077.08,0.9902,F
65.5,92076.83,1.0129,F
65.52,92077.97,1.0744,F
65.54,92080.42,1.1714,F
65.56,92082.75,1.2867,F
65.58,92082.72,1.4285,F
65.6,92084.83,1.508,F
65.62,92088.45,1.6484,F
65.64,92088.16,1.7926,F
65.66,92091.84,1.7406,F
65.68,92092.97,1.4297,F
65.7,92095.05,1.2938,F
65.72,92096.41,1.2387,F
65.74,92097.45,1.1911,F
65.76,92098.78,1.1766,F
65.78,92101.12,1.0122,F
65.8,92103.2,0.7615,F
65.82,92104.64,0.6843,F
65.84,92104.64,0.6068,F
65.86,92106.53,0.6091,F
65.88,92109.14,0.6972,F
65.9,92109.91,0.7513,F
65.92,92112.8,0.7132,F
65.94,92113.08,0.6871,F
65.96,92113.11,0.644,F
65.98,92115.95,0.7204,F
66.0,92117.75,0.8562,F
66.02,92120.38,0.9327,F
66.04,92121.44,0.9185,F
66.06,92122.11,0.9511,F
66.08,92124.33,1.1113,F
66.1,92126.52,1.217,F
66.12,92129.2,1.1886,F
66.14,92129.09,1.1608,F
66.16,92131.8,1.1241,F
66.18,92134.22,1.4751,F
66.2,92137.55,1.709,F
66.22,92138.75,1.8338,F
66.24,92142.02,1.8234,F
66.26,92141.78,1.7697,F
66.28,92144.72,1.5759,F
66.3,92145.08,1.4285,F
66.32,92145.58,1.3247,F
66.34,92146.06,1.2923,F
66.36,92147.3,1.2378,F
66.38,92147.86,1.0486,F
66.4,92149.67,0.8253,F
66.42,92151.75,0.7368,F
66.44,92151.83,0.705,F
66.46,92152.69,0.6749,F
66.48,92151.86,0.6553,F
66.5,92153.7,0.5553,F
66.52,92156.39,0.4515,F
66.54,92154.48,0.3725,F
66.56,92156.72,0.3309,F
66.58,92158.97,0.318,F
66.6,92157.66,0.3178,F
66.62,92159.05,0.301,F
66.64,92160.38,0.3179,F
66.66,92163.97,0.4388,F
66.68,92163.09,0.5448,F
66.7,92164.12,0.6179,F
66.72,92165.16,0.7425,F
66.74,92166.81,0.8723,F
66.76,92168.03,0.9475,F
66.78,92170.22,1.0248,F
66.8,92174.11,1.0236,F
66.82,92176.44,0.9636,F
66.84,92175.59,0.9597,F
66.86,92178.48,1.006,F
66.88,92180.55,1.1267,F
66.9,92184.0,0.9779,F
66.92,92185.58,0.8126,F
66.94,92186.89,0.7337,F
66.96,92187.52,0.8716,F
66.98,92190.39,0.9158,F
67.0,92191.14,0.8828,F
67.02,92194.88,0.8333,F
67.04,92195.91,0.8205,F
67.06,92197.09,0.7646,F
67.08,92199.25,0.7494,F
67.1,92202.67,0.6868,F
67.12,92205.8,0.6837,F
67.14,92206.33,0.7117,F
67.16,92207.8,0.8216,F
67.18,92209.3,0.8946,F
67.2,92212.59,0.9082,F
67.22,92215.11,0.8455,F
67.24,92216.33,0.733,F
67.26,92216.53,0.6717,F
67.28,92218.75,0.6647,F
67.3,92219.41,0.7907,F
67.32,92223.5,1.0286,F
67.34,92224.97,1.1985,F
67.36,92225.02,1.237,F
67.38,92225.39,1.2124,F
67.4,92226.36,1.1043,F
67.42,92227.66,0.9891,F
67.44,92227.02,1.1276,F
67.46,92228.34,1.1793,F
67.48,92232.34,1.2936,F
67.5,92231.42,1.2136,F
67.52,92235.45,1.1784,F
67.54,92235.28,1.0336,F
67.56,92234.06,1.0171,F
67.58,92233.94,1.092,F
67.6,92241.11,1.1452,F
67.62,92240.86,1.028,F
67.64,92245.59,0.9213,F
67.66,92246.8,0.8994,F
67.68,92252.8,0.9364,F
67.7,92248.06,0.9485,F
67.72,92254.48,0.8909,F
67.74,92257.44,0.8529,F
67.76,92257.86,0.8917,F
67.78,92264.53,1.0042,F
67.8,92266.16,1.0832,F
67.82,92268.97,1.1432,F
67.84,92271.97,1.1173,F
67.86,92271.77,0.9529,F
67.88,92271.78,0.8866,F
67.9,92273.59,0.907,F
67.92,92277.02,0.9504,F
67.94,92277.12,0.8876,F
67.96,92283.95,0.8425,F
67.98,92282.91,0.8911,F
68.0,92285.5,0.9079,F
68.02,92285.08,0.9105,F
68.04,92290.33,0.8653,F
68.06,92288.59,0.8727,F
68.08,92292.14,0.8775,F
68.1,92292.67,0.8348,F
68.12,92295.77,0.8749,F
68.14,92296.2,0.9878,F
68.16,92299.14,1.0425,F
68.18,92302.36,1.0512,F
68.2,92302.69,1.1084,F
68.22,92304.89,1.0984,F
68.24,92305.53,1.0525,F
68.26,92307.41,0.9904,F
68.28,92309.16,0.9379,F
68.3,92311.86,0.8833,F
68.32,92313.12,0.9251,F
68.34,92313.36,0.9634,F
68.36,92314.91,0.9687,F
68.38,92317.31,0.962,F
68.4,92319.67,0.935,F
68.42,92320.64,0.9474,F
68.44,92322.2,0.9458,F
68.46,92324.27,0.9772,F
68.48,92325.84,1.0097,F
68.5,92326.19,1.0191,F
68.52,92328.72,0.9682,F
68.54,92329.95,0.8691,F
68.56,92331.67,0.8922,F
68.58,92332.7,0.8995,F
68.6,92334.86,0.8787,F
68.62,92337.75,0.8144,F
68.64,92338.48,0.8983,F
68.66,92341.62,0.9377,F
68.68,92341.97,0.9534,F
68.7,92345.2,0.9586,F
68.72,92346.47,0.9472,F
68.74,92348.06,0.9419,F
68.76,92351.42,0.9031,F
68.78,92353.89,0.9354,F
68.8,92354.73,0.9973,F
68.82,92356.52,1.0036,F
68.84,92359.23,0.9414,F
68.86,92361.28,0.8838,F
68.88,92363.47,0.8603,F
68.9,92362.94,0.8739,F
68.92,92365.38,0.9466,F
68.94,92368.25,1.0178,F
68.96,92370.02,0.9898,F
68.98,92370.75,0.8931,F
69.0,92370.83,0.8971,F
69.02,92374.28,0.8685,F
69.04,92376.17,0.8838,F
69.06,92379.28,0.9731,F
69.08,92381.7,1.0652,F
69.1,92383.72,1.0234,F
69.12,92384.55,0.9462,F
69.14,92385.09,0.8864,F
69.16,92386.28,1.0473,F
69.18,92387.17,1.1355,F
69.2,92390.45,1.0933,F
69.22,92392.11,0.9449,F
69.24,92393.05,0.8817,F
69.26,92396.47,0.8553,F
69.28,92398.56,0.9893,F
69.3,92399.66,1.085,F
69.32,92402.28,1.0797,F
69.34,92403.8,1.0072,F
69.36,92404.58,0.9118,F
69.38,92408.33,0.8996,F
69.4,92410.22,0.9949,F
69.42,92411.69,1.0787,F
69.44,92413.0,1.0899,F
69.46,92414.41,0.9508,F
69.48,92415.92,0.8407,F
69.5,92417.75,0.8634,F
69.52,92420.11,0.9777,F
69.54,92421.47,1.0473,F
69.56,92423.52,1.053,F
69.58,92424.42,1.0118,F
69.6,92427.5,0.9314,F
69.62,92428.83,0.9449,F
69.64,92431.28,0.9976,F
69.66,92432.61,0.9769,F
69.68,92433.59,0.959,F
69.7,92434.58,0.9623,F
69.72,92437.39,1.059,F
69.74,92439.64,1.0055,F
69.76,92441.33,1.0899,F
69.78,92443.84,1.1722,F
69.8,92444.34,1.2896,F
69.82,92446.97,1.2745,F
69.84,92449.23,1.1753,F
69.86,92450.67,1.0733,F
69.88,92452.17,1.0525,F
69.9,92454.14,1.0394,F
69.92,92457.31,1.0403,F
69.94,92458.39,0.9872,F
69.96,92460.53,0.8912,F
69.98,92462.92,0.8545,F
70.0,92465.52,0.8736,F
70.02,92467.7,0.8477,F
70.04,92469.27,0.7841,F
70.06,92471.08,0.7713,F
70.08,92473.56,0.7815,F
70.1,92474.81,0.737,F
70.12,92474.59,0.7312,F
70.14,92478.28,0.7602,F
70.16,92479.5,0.7653,F
70.18,92481.88,0.7372,F
70.2,92481.31,0.75,F
70.22,92484.3,0.7498,F
70.24,92486.39,0.7419,F
70.26,92489.03,0.7338,F
70.28,92493.09,0.7678,F
70.3,92492.73,0.846,F
70.32,92493.81,0.9468,F
70.34,92495.98,0.9905,F
70.36,92496.27,1.0938,F
70.38,92497.95,1.2179,F
70.4,92498.58,1.2616,F
70.42,92502.58,1.3077,F
70.44,92503.38,1.3193,F
70.46,92504.67,1.3462,F
70.48,92507.0,1.3375,F
70.5,92508.48,1.1744,F
70.52,92509.38,1.0119,F
70.54,92511.33,0.9529,F
70.56,92514.0,0.9548,F
70.58,92514.52,0.9142,F
70.6,92517.56,0.9133,F
70.62,92520.23,0.8885,F
70.64,92521.12,0.8628,F
70.66,92523.5,0.8479,F
70.68,92526.98,0.8183,F
70.7,92526.33,0.892,F
70.72,92528.97,0.9837,F
70.74,92530.23,1.0567,F
70.76,92530.39,1.0626,F
70.78,92532.23,1.0517,F
70.8,92531.77,1.0095,F
70.82,92535.59,1.0216,F
70.84,92539.25,1.0638,F
70.86,92540.53,1.0273,F
70.88,92541.98,0.9817,F
70.9,92544.05,0.9677,F
70.92,92546.66,1.025,F
70.94,92548.77,1.1274,F
70.96,92550.78,1.2136,F
70.98,92552.0,1.1777,F
71.0,92552.02,1.1397,F
71.02,92554.16,1.0755,F
71.04,92554.8,1.1017,F
71.06,92555.55,1.12,F
71.08,92558.97,1.0458,F
71.1,92559.09,0.9982,F
71.12,92559.36,0.8569,F
71.14,92561.67,0.7201,F
71.16,92563.52,0.6814,F
71.18,92564.33,0.6982,F
71.2,92566.67,0.6969,F
71.22,92565.75,0.6854,F
71.24,92568.66,0.6311,F
71.26,92569.36,0.6346,F
71.28,92569.81,0.6483,F
71.3,92572.64,0.7159,F
71.32,92575.94,0.7704,F
71.34,92577.73,0.8577,F
71.36,92578.84,0.8746,F
71.38,92582.41,0.8908,F
71.4,92582.25,0.8878,F
71.42,92584.19,0.8928,F
71.44,92586.22,0.9029,F
71.46,92587.03,0.881,F
71.48,92591.23,0.8935,F
71.5,92591.58,0.9575,F
71.52,92594.97,1.0661,F
71.54,92598.0,1.1092,F
71.56,92598.69,1.1541,F
71.58,92602.3,1.1224,F
71.6,92604.11,1.0406,F
71.62,92607.45,1.0061,F
71.64,92607.05,1.0011,F
71.66,92609.66,0.9545,F
71.68,92610.52,0.8554,F
71.7,92611.92,0.7779,F
71.72,92613.17,0.6845,F
71.74,92616.12,0.6271,F
71.76,92616.06,0.6201,F
71.78,92619.34,0.6132,F
71.8,92618.94,0.6386,F
71.82,92619.78,0.6984,F
71.84,92623.16,0.6701,F
71.86,92622.5,0.6623,F
71.88,92624.02,0.6853,F
71.9,92625.25,0.7336,F
71.92,92627.2,0.7679,F
71.94,92627.61,0.8063,F
71.96,92628.17,0.865,F
71.98,92628.98,0.8837,F
72.0,92632.22,0.858,F
72.02,92631.98,0.8346,F
72.04,92631.56,0.8519,F
72.06,92634.17,0.947,F
72.08,92634.56,1.0369,F
72.1,92634.28,1.1139,F
72.12,92636.94,1.2126,F
72.14,92639.84,1.3031,F
72.16,92643.34,1.1672,F
72.18,92642.23,1.1894,F
72.2,92642.95,1.208,F
72.22,92644.94,1.1681,F
72.24,92644.84,1.0547,F
72.26,92645.58,1.0049,F
72.28,92649.0,0.9003,F
72.3,92650.66,0.8839,F
72.32,92649.95,0.8028,F
72.34,92652.55,0.7256,F
72.36,92658.36,0.6942,F
72.38,92655.89,0.6776,F
72.4,92660.84,0.6784,F
72.42,92661.59,0.6893,F
72.44,92660.5,0.7157,F
72.46,92664.05,0.7355,F
72.48,92665.97,0.6727,F
72.5,92677.14,0.6515,F
72.52,92670.92,0.6516,F
72.54,92671.45,0.6681,F
72.56,92669.12,0.7108,F
72.58,92675.92,0.7494,F
72.6,92679.84,0.8327,F
72.62,92681.48,0.9362,F
72.64,92671.48,1.0129,F
72.66,92677.2,1.0515,F
72.68,92686.28,1.1571,F
72.7,92684.64,1.3178,F
72.72,92681.17,1.404,F
72.74,92690.88,1.3951,F
72.76,92688.44,1.2814,F
72.78,92679.17,1.1173,F
72.8,92695.31,1.0614,F
72.82,92696.12,3.0757,L
72.84,92668.58,-4.5676,L
72.86,92666.53,-3.8349,L
72.88,92678.95,-3.4623,L
72.9,92691.62,-3.5833,L
72.92,92709.77,-3.1189,L
72.94,92675.39,-5.8728,L
72.96,92705.73,-9.7705,L
72.98,92701.17,-4.1066,L
73.0,92718.44,0.2418,L
73.02,92720.92,0.0054,L
73.04,92719.91,-0.1092,L
73.06,92720.31,-0.088,L
73.08,92718.75,-0.0705,L
73.1,92717.28,-0.031,L
73.12,92716.19,-0.0427,L
73.14,92717.42,-0.0642,L
73.16,92716.83,-0.1618,L
73.18,92719.17,-0.4078,L
73.2,92718.39,-0.6316,L
73.22,92719.44,-1.1123,L
73.24,92719.41,-1.5254,L
73.26,92718.73,-1.017,L
73.28,92719.59,-0.6385,L
73.3,92718.53,-0.797,L
73.32,92718.78,-0.9068,L
73.34,92718.81,-0.814,L
73.36,92719.3,-0.8733,L
73.38,92718.92,-0.8465,L
73.4,92719.45,-0.8582,L
73.42,92718.75,-0.8681,L
73.44,92719.5,-0.8526,L
73.46,92719.17,-0.8368,L
73.48,92718.16,-0.8258,L
73.5,92718.81,-0.8091,L
73.52,92719.12,-0.7861,L
73.54,92717.3,-0.7677,L
73.56,92717.34,-0.747,L
73.58,92718.8,-0.7234,L
73.6,92718.39,-0.6761,L
73.62,92716.67,-0.6528,L
73.64,92717.19,-0.6238,L
73.66,92717.62,-0.572,L
73.68,92718.33,-0.5064,L
73.7,92719.0,-0.4272,L
73.72,92718.77,-0.3113,L
73.74,92718.67,-0.1951,L
73.76,92717.73,-0.222,L
73.78,92718.38,-0.1761,L
73.8,92718.58,-0.1686,L
73.82,92719.25,-0.1079,L
73.84,92719.83,-0.0869,L
73.86,92721.53,-0.0504,L
73.88,92720.55,-0.0161,L
73.9,92720.64,-0.1882,L
73.92,92721.53,1.7065,L
73.94,92728.2,0.6859,L
73.96,92721.92,0.872,L
73.98,92724.12,0.2643,L
74.0,92725.02,0.636,L
74.02,92726.02,0.4348,L
74.04,92723.09,-0.021,L
74.06,92722.17,-0.4885,L
74.08,92722.52,-0.6817,L
74.1,92722.89,-0.1648,L
74.12,92720.92,-0.3812,L
74.14,92723.84,-0.4473,L
74.16,92724.61,-0.1186,L
74.18,92723.94,0.018,L
74.2,92723.67,0.1737,L
74.22,92724.75,0.2749,L
74.24,92724.61,0.0654,L
74.26,92723.62,-0.1883,L
74.28,92723.78,-0.2056,L
74.3,92723.06,0.0655,L
74.32,92723.98,0.11,L
74.34,92723.52,0.1093,L
74.36,92722.83,-0.0017,L
74.38,92723.34,-0.0328,L
74.4,92723.36,0.0078,L
74.42,92723.91,0.0436,L
74.44,92724.12,-0.0077,L
74.46,92724.3,0.0408,L
74.48,92723.11,0.0065,L
74.5,92723.97,-0.0132,L
74.52,92723.81,0.0374,L
74.54,92723.8,0.0149,L
74.56,92724.27,0.0124,L
74.58,92724.48,0.0062,L
74.6,92723.59,0.0119,L
74.62,92724.03,0.015,L
74.64,92724.2,0.0104,L
74.66,92724.91,0.0068,L
74.68,92724.56,0.0133,L
74.7,92723.8,0.0075,L
74.72,92723.39,0.011,L
74.74,92724.91,0.0091,L
74.76,92723.97,0.0138,L
74.78,92724.48,0.0099,L
74.8,92724.38,0.0082,L
74.82,92724.2,0.0102,L
74.84,92723.78,0.0098,L
74.86,92724.03,0.0117,L
74.88,92723.55,0.0089,L
74.9,92724.17,0.0094,L
74.92,92724.12,0.0096,L
74.94,92723.89,0.0111,L
74.96,92723.75,0.0106,L
74.98,92723.66,0.0096,L
75.0,92724.12,0.009,L
75.02,92723.77,0.0106,L
75.04,92723.97,0.0113,L
75.06,92724.02,0.0115,L
75.08,92724.52,0.0106,L
75.1,92723.98,0.011,L
75.12,92723.73,0.01,L
75.14,92724.38,0.01,L
75.16,92724.42,0.0109,L
75.18,92724.39,0.0098,L
75.2,92723.7,0.0102,L
75.22,92723.91,0.0106,L
75.24,92724.38,0.0096,L
75.26,92723.86,0.0102,L
75.28,92724.05,0.0106,L
75.3,92723.97,0.0112,L
75.32,92723.86,0.009,L
75.34,92723.61,0.0104,L
75.36,92723.64,0.0095,L
75.38,92724.06,0.0105,L
75.4,92724.53,0.0092,L
75.42,92724.45,0.0107,L
75.44,92723.8,0.0097,L
75.46,92723.83,0.0095,L
75.48,92723.88,0.0098,L
75.5,92723.31,0.0086,L
75.52,92724.25,0.0105,L
75.54,92722.98,0.0115,L
75.56,92724.14,0.0109,L
75.58,92724.33,0.0097,L
75.6,92723.2,0.0095,L
75.62,92723.58,0.0107,L
75.64,92723.88,0.01,L
75.66,92723.56,0.0097,L
75.68,92724.8,0.0086,L
75.7,92724.22,0.0107,L
75.72,92723.12,0.0105,L
75.74,92723.59,0.0104,L
75.76,92724.05,0.0098,L
75.78,92724.02,0.01,L
75.8,92724.23,0.0109,L
75.82,92723.95,0.0082,L
75.84,92724.06,0.0083,L
75.86,92723.19,0.0097,L
75.88,92723.92,0.0096,L
75.9,92724.27,0.0094,L
75.92,92724.09,0.0112,L
75.94,92723.59,0.0108,L
75.96,92724.2,0.0091,L
75.98,92723.86,0.011,L
76.0,92724.28,0.0125,L
76.02,92724.19,0.0091,L
76.04,92724.08,0.0108,L
76.06,92723.27,0.0126,L
76.08,92722.88,0.0093,L
76.1,92723.58,0.0111,L
76.12,92724.11,0.0101,L
76.14,92723.53,0.011,L
76.16,92723.95,0.0075,L
76.18,92723.81,0.0103,L
76.2,92724.05,0.0109,L
76.22,92724.53,0.0094,L
76.24,92723.59,0.0106,L
76.26,92723.44,0.0092,L
76.28,92724.02,0.0102,L
76.3,92723.98,0.0086,L
76.32,92723.98,0.0111,L
76.34,92723.5,0.0076,L
76.36,92724.05,0.0083,L
76.38,92723.94,0.011,L
76.4,92723.69,0.0111,L
76.42,92723.52,0.0115,L
76.44,92724.0,0.0105,L
76.46,92724.05,0.0096,L
76.48,92723.69,0.01,L
76.5,92722.98,0.0095,L
76.52,92723.48,0.0108,L
76.54,92723.77,0.0098,L
76.56,92724.08,0.0109,L
76.58,92724.52,0.0107,L
76.6,92723.66,0.0117,L
76.62,92723.73,0.0108,L
76.64,92723.75,0.0092,L
76.66,92724.67,0.0103,L
76.68,92723.77,0.0104,L
76.7,92724.19,0.0096,L
76.72,92724.05,0.0094,L
76.74,92724.47,0.0092,L
76.76,92723.53,0.0096,L
76.78,92724.31,0.0102,L
76.8,92724.33,0.0122,L
76.82,92724.47,0.0101,L
76.84,92723.75,0.0072,L
76.86,92723.98,0.0093,L
76.88,92723.8,0.0103,L
76.9,92724.31,0.0076,L
76.92,92723.81,0.0097,L
76.94,92724.56,0.009,L
76.96,92724.08,0.01,L
76.98,92723.28,0.0092,L
77.0,92723.77,0.0093,L
77.02,92724.78,0.0092,L
77.04,92724.23,0.0094,L
77.06,92723.62,0.0093,L
77.08,92724.91,0.0094,L
77.1,92725.06,0.0085,L
77.12,92724.84,0.0109,L
77.14,92724.3,0.0096,L
77.16,92723.89,0.0091,L
77.18,92723.77,0.0112,L
77.2,92724.12,0.0107,L
77.22,92723.91,0.0104,L
77.24,92724.7,0.0115,L
77.26,92724.31,0.012,L
77.28,92724.23,0.0102,L
77.3,92724.84,0.0096,L
77.32,92723.58,0.0101,L
77.34,92723.31,0.0127,L
77.36,92723.97,0.0106,L
77.38,92723.75,0.0113,L
77.4,92723.88,0.0117,L
77.42,92723.44,0.0115,L
77.44,92723.62,0.0114,L
77.46,92723.48,0.0099,L
77.48,92723.61,0.0101,L
77.5,92724.17,0.0107,L
77.52,92723.39,0.0106,L
77.54,92724.28,0.0105,L
77.56,92723.69,0.01,L
77.58,92725.17,0.009,L
77.6,92724.56,0.0096,L
77.62,92724.5,0.0088,L
77.64,92724.09,0.0096,L
77.66,92724.05,0.0099,L
77.68,92724.67,0.0118,L
77.7,92723.83,0.0081,L
77.72,92724.2,0.0098,L
77.74,92724.06,0.0111,L
77.76,92724.48,0.0103,L
77.78,92724.42,0.0106,L
77.8,92723.94,0.0103,L
77.82,92724.64,0.0081,L
77.84,92723.62,0.0097,L
77.86,92723.84,0.0094,L
77.88,92724.31,0.0085,L
77.9,92723.62,0.0099,L
77.92,92724.08,0.0115,L
77.94,92723.97,0.0095,L
77.96,92723.67,0.0113,L
77.98,92723.89,0.0106,L
78.0,92723.77,0.0098,L
78.02,92722.8,0.0114,L
78.04,92723.72,0.0123,L
78.06,92724.09,0.0097,L
78.08,92724.86,0.0109,L
78.1,92723.19,0.009,L
78.12,92723.67,0.0093,L
78.14,92723.78,0.011,L
78.16,92724.92,0.0108,L
78.18,92724.41,0.0101,L
78.2,92724.12,0.0098,L
78.22,92724.45,0.0104,L
78.24,92723.66,0.0099,L
78.26,92723.86,0.0089,L
78.28,92723.86,0.01,L
78.3,92723.73,0.0109,L
78.32,92723.45,0.0117,L
78.34,92723.31,0.0103,L
78.36,92723.45,0.0092,L
78.38,92724.27,0.0103,L
78.4,92723.58,0.0103,L
78.42,92723.97,0.0106,L
78.44,92723.95,0.0104,L
78.46,92724.03,0.0111,L
78.48,92724.55,0.0095,L
78.5,92723.52,0.0083,L
78.52,92722.88,0.0109,L
78.54,92723.25,0.0103,L
78.56,92723.45,0.0099,L
78.58,92723.53,0.0093,L
78.6,92722.98,0.0097,L
78.62,92723.36,0.0109,L
78.64,92723.84,0.0106,L
78.66,92723.14,0.0108,L
78.68,92723.36,0.0082,L
78.7,92723.83,0.0112,L
78.72,92722.89,0.0105,L
78.74,92723.88,0.0104,L
78.76,92723.44,0.011,L
78.78,92723.17,0.0118,L
78.8,92723.86,0.01,L
78.82,92723.67,0.0094,L
78.84,92722.66,0.0093,L
78.86,92722.77,0.0117,L
78.88,92722.8,0.0096,L
78.9,92723.27,0.0106,L
78.92,92722.77,0.0107,L
78.94,92723.2,0.0108,L
78.96,92723.91,0.01,L
78.98,92723.39,0.0103,L
79.0,92723.47,0.0096,L
79.02,92723.34,0.0109,L
79.04,92723.66,0.0097,L
79.06,92723.67,0.008,L
79.08,92723.81,0.0091,L
79.1,92724.14,0.0096,L
79.12,92723.14,0.0101,L
79.14,92723.55,0.0095,L
79.16,92722.23,0.0115,L
79.18,92723.08,0.0105,L
79.2,92723.03,0.0099,L
79.22,92723.34,0.0107,L
79.24,92723.5,0.0097,L
79.26,92723.88,0.0107,L
79.28,92723.14,0.0105,L
79.3,92723.66,0.0086,L
79.32,92722.8,0.0096,L
79.34,92723.0,0.0103,L
79.36,92723.28,0.0093,L
79.38,92722.88,0.0079,L
79.4,92723.58,0.0092,L
79.42,92723.89,0.0102,L
79.44,92723.02,0.0086,L
79.46,92723.2,0.0091,L
79.48,92722.56,0.0113,L
79.5,92723.11,0.0091,L
79.52,92723.84,0.0103,L
79.54,92723.09,0.0096,L
79.56,92722.78,0.0114,L
79.58,92723.91,0.0098,L
79.6,92722.91,0.0093,L
79.62,92723.41,0.0109,L
79.64,92723.31,0.0101,L
79.66,92723.0,0.0101,L
79.68,92724.0,0.0094,L
79.7,92724.19,0.0107,L
79.72,92722.95,0.0095,L
79.74,92723.58,0.0081,L
79.76,92724.17,0.0097,L
79.78,92723.77,0.0106,L
79.8,92723.22,0.0099,L
79.82,92722.73,0.0101,L
79.84,92723.14,0.0104,L
79.86,92722.97,0.0102,L
79.88,92722.86,0.0101,L
79.9,92723.42,0.0089,L
79.92,92722.83,0.0115,L
79.94,92723.53,0.0101,L
79.96,92724.05,0.0115,L
79.98,92722.78,0.0091,L
80.0,92723.31,0.0098,L
80.02,92723.3,0.0104,L
80.04,92723.45,0.0079,L
80.06,92723.69,0.0088,L
80.08,92723.52,0.0089,L
80.1,92723.05,0.0091,L
80.12,92724.05,0.0115,L
80.14,92723.06,0.0103,L
80.16,92723.53,0.0096,L
80.18,92723.09,0.0085,L
80.2,92723.58,0.0115,L
80.22,92723.8,0.0105,L
80.24,92723.69,0.0082,L
80.26,92723.77,0.0093,L
80.28,92723.75,0.0129,L
80.3,92723.39,0.0116,L
80.32,92723.52,0.0091,L
80.34,92723.98,0.0093,L
80.36,92723.84,0.0112,L
80.38,92723.23,0.0112,L
80.4,92723.44,0.0105,L
80.42,92723.12,0.0103,L
80.44,92723.48,0.0097,L
80.46,92723.55,0.0083,L
80.48,92723.36,0.0107,L
80.5,92723.69,0.0113,L
80.52,92723.59,0.0102,L
80.54,92723.56,0.0106,L
80.56,92723.95,0.01,L
80.58,92723.23,0.011,L
80.6,92724.22,0.0087,L
80.62,92723.89,0.0087,L
80.64,92723.69,0.0095,L
80.66,92723.83,0.0104,L
80.68,92723.75,0.0108,L
80.7,92724.06,0.0118,L
80.72,92723.45,0.0098,L
80.74,92723.39,0.0102,L
80.76,92723.91,0.0097,L
80.78,92723.55,0.0096,L
80.8,92724.27,0.0088,L
80.82,92723.59,0.0108,L
80.84,92723.98,0.0084,L
80.86,92723.89,0.0105,L
80.88,92723.28,0.0105,L
80.9,92724.11,0.0102,L
80.92,92723.69,0.0107,L
80.94,92723.59,0.0093,L
80.96,92723.75,0.0079,L
80.98,92724.75,0.0077,L
81.0,92723.92,0.0112,L
81.02,92724.22,0.012,L
81.04,92724.09,0.0105,L
81.06,92723.8,0.0101,L
81.08,92723.88,0.0094,L
81.1,92723.48,0.0093,L
81.12,92724.5,0.0099,L
81.14,92723.83,0.0106,L
81.16,92723.97,0.0095,L
81.18,92724.41,0.01,L
81.2,92723.52,0.012,L
81.22,92723.39,0.0107,L
81.24,92723.81,0.0102,L
81.26,92723.78,0.0085,L
81.28,92723.61,0.0099,L
81.3,92723.8,0.0122,L
81.32,92724.67,0.0104,L
81.34,92723.59,0.01,L
81.36,92723.77,0.0098,L
81.38,92723.91,0.0101,L
81.4,92724.03,0.0099,L
81.42,92724.67,0.0097,L
81.44,92723.52,0.0095,L
81.46,92725.05,0.0101,L
81.48,92724.11,0.0108,L
81.5,92724.33,0.0095,L
81.52,92724.41,0.0119,L
81.54,92724.36,0.0103,L
81.56,92723.77,0.0095,L
81.58,92724.48,0.0097,L
81.6,92724.27,0.0094,L
81.62,92724.94,0.0111,L
81.64,92723.69,0.0098,L
81.66,92723.8,0.0108,L
81.68,92723.53,0.0092,L
81.7,92723.92,0.0097,L
81.72,92724.19,0.0094,L
81.74,92723.7,0.0104,L
81.76,92724.2,0.0101,L
81.78,92723.47,0.0118,L
81.8,92724.34,0.0098,L
81.82,92723.86,0.0094,L
81.84,92723.95,0.0112,L
81.86,92723.75,0.0105,L
81.88,92724.66,0.0092,L
81.9,92724.42,0.0083,L
81.92,92724.53,0.0102,L
81.94,92723.89,0.0106,L
81.96,92723.92,0.01,L
81.98,92724.41,0.0102,L
82.0,92723.42,0.0109,L
82.02,92724.55,0.01,L
82.04,92724.38,0.0092,L
82.06,92724.33,0.0084,L
82.08,92723.91,0.0088,L
82.1,92725.14,0.009,L
82.12,92724.58,0.0106,L
82.14,92724.52,0.0108,L
82.16,92724.39,0.0101,L
82.18,92724.17,0.0115,L
82.2,92723.45,0.0089,L
82.22,92724.28,0.0124,L
82.24,92723.75,0.0102,L
82.26,92724.5,0.0078,L
82.28,92723.78,0.0098,L
82.3,92724.06,0.0112,L
82.32,92724.56,0.0102,L
82.34,92724.39,0.011,L
82.36,92723.73,0.0113,L
82.38,92723.91,0.0089,L
82.4,92724.16,0.0098,L
82.42,92724.08,0.01,L
82.44,92723.53,0.011,L
82.46,92724.45,0.0101,L
82.48,92724.34,0.0103,L
82.5,92724.53,0.0096,L
82.52,92723.33,0.0098,L
82.54,92723.72,0.0097,L
82.56,92724.08,0.01,L
82.58,92724.2,0.0093,L
82.6,92724.41,0.0098,L
82.62,92724.5,0.0102,L
82.64,92724.33,0.0098,L
82.66,92724.08,0.0104,L
82.68,92723.89,0.0102,L
82.7,92724.02,0.0102,L
82.72,92724.58,0.011,L
82.74,92724.06,0.011,L
82.76,92724.45,0.0101,L
82.78,92723.84,0.0119,L
82.8,92723.11,0.0102,L
82.82,92723.52,0.0105,L
82.84,92724.77,0.0088,L
82.86,92724.73,0.0111,L
82.88,92724.78,0.0101,L
82.9,92722.98,0.011,L
82.92,92724.06,0.0099,L
82.94,92724.39,0.0106,L
82.96,92723.75,0.0105,L
82.98,92723.78,0.0083,L
83.0,92723.61,0.0103,L
83.02,92724.17,0.0121,L
83.04,92724.14,0.0104,L
83.06,92723.97,0.0095,L
83.08,92723.39,0.0089,L
83.1,92724.17,0.0091,L
83.12,92724.8,0.0102,L
83.14,92724.03,0.0092,L
83.16,92724.72,0.009,L
83.18,92724.31,0.01,L
83.2,92724.53,0.0087,L
83.22,92723.97,0.0095,L
83.24,92724.17,0.0099,L
83.26,92724.69,0.0106,L
83.28,92724.27,0.009,L
83.3,92724.14,0.0079,L
83.32,92724.02,0.0104,L
83.34,92724.34,0.0085,L
83.36,92724.34,0.0117,L
83.38,92724.83,0.0109,L
83.4,92724.69,0.0111,L
83.42,92723.88,0.009,L
83.44,92724.94,0.0097,L
83.46,92724.58,0.0112,L
83.48,92723.92,0.0088,L
83.5,92724.67,0.0103,L
83.52,92724.62,0.0105,L
83.54,92724.2,0.01,L
83.56,92724.84,0.0116,L
83.58,92724.84,0.0105,L
83.6,92724.45,0.0107,L
83.62,92725.0,0.0105,L
83.64,92724.73,0.0092,L
83.66,92724.61,0.0107,L
83.68,92724.34,0.0105,L
83.7,92724.62,0.0105,L
83.72,92724.88,0.009,L
83.74,92723.97,0.0101,L
83.76,92724.62,0.0112,L
83.78,92724.02,0.0096,L
