t_s,basinc_pa,ivme_g,ncsu_durum
0.0,100534.87,1.0004,S
0.02,100534.87,1.0004,S
0.04,100534.87,1.0004,S
0.06,100534.87,1.0004,S
0.08,100534.87,1.0004,S
0.1,100534.87,1.0004,S
0.12,100551.7,1.0007,S
0.14,100553.68,0.9979,S
0.16,100554.1,0.9992,S
0.18,100555.69,0.9998,S
0.2,100556.41,0.9995,S
0.22,100554.47,0.9991,S
0.24,100553.59,0.9981,S
0.26,100555.32,0.9983,S
0.28,100557.51,0.9982,S
0.3,100555.44,0.9957,S
0.32,100552.81,0.9993,S
0.34,100552.81,0.9989,S
0.36,100554.56,0.998,S
0.38,100554.56,1.0004,S
0.4,100552.62,0.9962,S
0.42,100552.62,0.9994,S
0.44,100545.04,0.9996,S
0.46,100545.0,0.9995,S
0.48,100546.74,1.0008,S
0.5,100546.75,0.9986,S
0.52,100548.64,1.0039,S
0.54,100548.65,1.0018,S
0.56,100538.53,1.0025,S
0.58,100538.43,0.9977,S
0.6,100544.02,0.9988,S
0.62,100544.11,0.9972,S
0.64,100546.71,0.9983,S
0.66,100546.75,1.0031,S
0.68,100544.01,0.9992,S
0.7,100543.93,1.0009,S
0.72,100545.13,1.0002,S
0.74,100545.16,0.998,S
0.76,100547.68,0.9984,S
0.78,100547.82,0.9988,S
0.8,100542.98,0.9998,S
0.82,100542.71,1.0023,S
0.84,100546.86,0.9977,S
0.86,100547.31,0.9983,S
0.88,100542.32,0.999,S
0.9,100541.78,1.0022,S
0.92,100544.45,1.0027,S
0.94,100545.01,0.9982,S
0.96,100536.81,0.9975,S
0.98,100535.06,1.0014,S
1.0,100528.47,1.0039,S
1.02,100525.47,1.0002,S
1.04,100530.22,0.9996,S
1.06,100532.39,0.9988,S
1.08,100532.32,1.0013,S
1.1,100532.23,1.0002,S
1.12,100534.45,0.9998,S
1.14,100537.27,0.996,S
1.16,100537.27,0.9956,S
1.18,100539.52,0.9961,S
1.2,100539.52,1.0019,S
1.22,100540.84,0.998,S
1.24,100540.84,0.996,S
1.26,100536.62,0.9944,S
1.28,100536.6,0.9935,S
1.3,100538.54,0.9971,S
1.32,100538.54,0.9993,S
1.34,100535.99,0.9961,S
1.36,100535.97,0.9973,S
1.38,100539.03,1.0017,S
1.4,100539.06,1.0007,S
1.42,100538.95,0.9987,S
1.44,100538.95,0.999,S
1.46,100540.93,1.0049,S
1.48,100540.96,1.0004,S
1.5,100540.26,0.9972,S
1.52,100540.24,0.9992,S
1.54,100542.58,1.0053,S
1.56,100542.65,1.0014,S
1.58,100540.14,0.9986,S
1.6,100540.0,1.0016,S
1.62,100545.57,1.0025,S
1.64,100545.89,0.9987,S
1.66,100546.25,0.9967,S
1.68,100546.28,1.0001,S
1.7,100544.68,1.0048,S
1.72,100544.51,0.9997,S
1.74,100545.27,0.9953,S
1.76,100545.43,0.9954,S
1.78,100543.58,1.0029,S
1.8,100543.19,0.9988,S
1.82,100546.91,0.9959,S
1.84,100548.6,1.0014,S
1.86,100544.34,1.001,S
1.88,100543.44,0.9981,S
1.9,100542.71,0.9957,S
1.92,100542.56,1.0018,S
1.94,100543.23,1.0021,S
1.96,100543.52,0.9977,S
1.98,100537.43,0.9923,S
2.0,100534.65,0.9964,S
2.02,100538.28,1.0009,S
2.04,100542.88,0.997,S
2.06,100542.93,0.9949,S
2.08,100542.96,0.9984,S
2.1,100542.96,0.998,S
2.12,100546.28,0.9989,S
2.14,100546.28,0.9989,S
2.16,100550.99,1.002,S
2.18,100550.99,1.0003,S
2.2,100551.85,0.9959,S
2.22,100551.85,0.9991,S
2.24,100549.69,1.0002,S
2.26,100549.69,1.0035,S
2.28,100549.54,0.9978,S
2.3,100549.54,0.999,S
2.32,100552.51,1.0031,S
2.34,100552.53,1.0055,S
2.36,100547.07,0.9976,S
2.38,100546.98,0.9985,S
2.4,100543.37,1.0046,S
2.42,100543.32,1.001,S
2.44,100543.95,0.9983,S
2.46,100543.96,1.0001,S
2.48,100540.26,0.9997,S
2.5,100540.14,0.9988,S
2.52,100537.6,0.9957,S
2.54,100537.46,0.9966,S
2.56,100542.07,0.9992,S
2.58,100542.33,0.9992,S
2.6,100543.02,0.9969,S
2.62,100543.08,0.9977,S
2.64,100546.11,1.0013,S
2.66,100546.43,0.998,S
2.68,100545.57,0.9998,S
2.7,100545.39,0.999,S
2.72,100546.44,1.0005,S
2.74,100546.65,1.0009,S
2.76,100544.39,0.9975,S
2.78,100543.37,0.9965,S
2.8,100541.38,0.9987,S
2.82,100540.48,1.0,S
2.84,100538.27,0.9996,S
2.86,100535.46,0.9991,S
2.88,100536.3,1.0023,S
2.9,100537.37,1.0003,S
2.92,100537.37,0.9982,S
2.94,100542.71,0.9967,S
2.96,100542.72,1.0011,S
2.98,100541.56,1.0031,S
3.0,100541.56,1.0007,S
3.02,100538.18,0.9987,S
3.04,100538.17,0.9983,S
3.06,100547.58,0.9982,S
3.08,100547.63,0.9973,S
3.1,100545.79,0.997,S
3.12,100545.78,0.9976,S
3.14,100544.52,1.0018,S
3.16,100544.51,0.9977,S
3.18,100546.19,0.9973,S
3.2,100546.21,1.0004,S
3.22,100547.25,0.9985,S
3.24,100547.26,0.9992,S
3.26,100543.6,0.999,S
3.28,100543.49,1.0013,S
3.3,100549.8,0.9996,S
3.32,100549.99,0.9968,S
3.34,100548.22,0.9996,S
3.36,100548.13,1.0026,S
3.38,100546.53,1.0003,S
3.4,100546.44,1.0002,S
3.42,100544.89,1.0038,S
3.44,100544.73,1.0027,S
3.46,100549.74,0.9988,S
3.48,100550.29,0.998,S
3.5,100553.69,0.9988,S
3.52,100554.41,0.9987,S
3.54,100550.17,0.9991,S
3.56,100549.27,1.0005,S
3.58,100551.75,0.9986,S
3.6,100552.87,1.0005,S
3.62,100555.88,0.9975,S
3.64,100557.24,0.9972,S
3.66,100553.39,1.0007,S
3.68,100548.5,0.9975,S
3.7,100548.48,0.9954,S
3.72,100548.47,0.9973,S
3.74,100548.47,1.0013,S
3.76,100552.04,0.9996,S
3.78,100552.04,0.9987,S
3.8,100548.33,1.0016,S
3.82,100548.32,1.001,S
3.84,100537.95,0.9968,S
3.86,100537.9,1.0007,S
3.88,100531.19,1.0004,S
3.9,100531.16,0.9994,S
3.92,100526.03,1.0005,S
3.94,100525.98,0.9964,S
3.96,100532.87,0.9998,S
3.98,100532.93,0.9993,S
4.0,100535.46,1.0003,S
4.02,100535.49,0.9994,S
4.04,100538.43,0.9988,S
4.06,100538.47,0.9984,S
4.08,100538.39,0.9957,S
4.1,100538.39,0.9981,S
4.12,100534.09,1.0005,S
4.14,100533.97,0.9985,S
4.16,100534.7,1.0013,S
4.18,100534.74,0.9988,S
4.2,100537.37,0.9951,S
4.22,100537.52,0.9971,S
4.24,100543.53,0.9969,S
4.26,100544.18,1.0007,S
4.28,100539.11,0.9975,S
4.3,100538.56,0.9973,S
4.32,100539.84,0.9995,S
4.34,100540.11,0.9978,S
4.36,100536.91,0.9975,S
4.38,100536.24,1.0017,S
4.4,100533.48,0.9988,S
4.42,100532.23,1.0051,S
4.44,100535.31,0.9984,S
4.46,100536.71,1.0013,S
4.48,100539.17,0.9983,S
4.5,100542.3,0.9996,S
4.52,100539.04,1.0055,S
4.54,100534.9,0.9989,S
4.56,100534.89,1.0017,S
4.58,100531.58,1.0028,S
4.6,100531.57,1.0011,S
4.62,100544.61,1.0006,S
4.64,100544.65,1.0044,S
4.66,100545.33,1.002,S
4.68,100545.33,1.0022,S
4.7,100535.82,0.999,S
4.72,100535.77,1.0004,S
4.74,100532.91,1.0023,S
4.76,100532.89,1.0053,S
4.78,100533.2,0.9897,S
4.8,100533.2,0.9849,S
4.82,100534.07,0.9948,S
4.84,100534.08,1.0116,S
4.86,100536.43,1.0034,S
4.88,100536.47,0.9874,S
4.9,100527.98,0.9945,S
4.92,100527.72,0.9954,S
4.94,100533.58,1.001,S
4.96,100533.76,0.9902,S
4.98,100540.16,1.0083,S
5.0,100540.52,10.2701,S
5.02,100579.19,9.3117,S
5.04,100581.44,9.0175,S
5.06,100531.28,9.3049,S
5.08,100525.82,9.5983,S
5.1,100525.45,9.6845,S
5.12,100525.42,9.5423,M
5.14,100523.36,9.6051,M
5.16,100522.93,9.6828,M
5.18,100527.15,9.8147,M
5.2,100528.05,9.9548,M
5.22,100516.96,10.0293,M
5.24,100511.9,10.1114,M
5.26,100500.28,10.1475,M
5.28,100494.98,10.1629,M
5.3,100491.14,10.2026,M
5.32,100489.39,10.178,M
5.34,100480.41,10.298,M
5.36,100469.01,10.3074,M
5.38,100470.81,10.2887,M
5.4,100473.14,10.3276,M
5.42,100473.14,10.3868,M
5.44,100462.54,10.4268,M
5.46,100462.51,10.4387,M
5.48,100453.52,10.4345,M
5.5,100453.5,10.4823,M
5.52,100449.7,10.5109,M
5.54,100449.69,10.5441,M
5.56,100443.27,10.5956,M
5.58,100443.24,10.5813,M
5.6,100435.94,10.6227,M
5.62,100435.87,10.6743,M
5.64,100413.53,10.6956,M
5.66,100413.31,10.6645,M
5.68,100387.78,10.7504,M
5.7,100387.34,10.7426,M
5.72,100366.05,10.7379,M
5.74,100365.68,10.7888,M
5.76,100323.82,10.711,M
5.78,100322.49,10.7732,M
5.8,100281.88,10.7227,M
5.82,100280.6,10.7707,M
5.84,100248.5,10.7207,M
5.86,100246.64,10.792,M
5.88,100215.79,10.7968,M
5.9,100214.0,10.8192,M
5.92,100178.88,10.8135,M
5.94,100175.06,10.8102,M
5.96,100155.55,10.8155,M
5.98,100153.42,10.8273,M
6.0,100133.98,10.8026,M
6.02,100129.85,10.8049,M
6.04,100120.15,10.7462,M
6.06,100118.1,10.7706,M
6.08,100102.23,10.7474,M
6.1,100095.0,10.685,M
6.12,100068.38,10.7063,M
6.14,100056.26,10.6721,M
6.16,100042.31,10.612,M
6.18,100024.64,10.6262,M
6.2,100007.98,10.5389,M
6.22,99986.91,10.4918,M
6.24,99986.85,10.4163,M
6.26,99948.31,10.3674,M
6.28,99948.2,10.3835,M
6.3,99902.41,10.3049,M
6.32,99902.28,10.2619,M
6.34,99864.07,10.1935,M
6.36,99863.87,10.1532,M
6.38,99822.01,10.143,M
6.4,99821.78,10.0711,M
6.42,99786.43,9.9983,M
6.44,99786.09,9.9831,M
6.46,99750.45,9.9401,M
6.48,99750.1,9.9022,M
6.5,99704.71,9.8421,M
6.52,99703.91,9.7831,M
6.54,99652.9,9.6989,M
6.56,99652.01,9.6671,M
6.58,99609.27,9.5701,M
6.6,99607.92,9.5306,M
6.62,99555.08,9.4679,M
6.64,99553.4,9.4093,M
6.66,99510.95,9.3378,M
6.68,99508.48,9.2707,M
6.7,99460.53,9.2308,M
6.72,99457.75,9.167,M
6.74,99409.36,9.0973,M
6.76,99404.09,9.0648,M
6.78,99354.99,9.0498,M
6.8,99349.65,9.0421,M
6.82,99299.07,8.7284,M
6.84,99288.32,7.5797,M
6.86,99237.21,6.2769,M
6.88,99226.35,5.0119,M
6.9,99180.58,4.3692,M
6.92,99159.73,3.2794,M
6.94,99113.11,1.9915,M
6.96,99091.89,0.9774,M
6.98,99053.63,0.431,M
7.0,99005.13,0.0873,M
7.02,98977.11,-0.183,M
7.04,98941.71,-0.3961,M
7.06,98941.61,-0.4749,M
7.08,98868.65,-0.5063,M
7.1,98868.44,-0.5131,M
7.12,98794.27,-0.5814,M
7.14,98794.05,-0.5754,M
7.16,98709.93,-0.5998,M
7.18,98709.48,-0.6142,M
7.2,98636.32,-0.6283,M
7.22,98635.92,-0.6124,M
7.24,98574.79,-0.6225,M
7.26,98574.2,-0.6389,M
7.28,98509.74,-0.6479,M
7.3,98509.11,-0.6457,M
7.32,98419.95,-0.6671,M
7.34,98418.39,-0.683,M
7.36,98347.16,-0.6896,M
7.38,98345.9,-0.6794,M
7.4,98272.58,-0.6659,M
7.42,98270.25,-0.6695,C
7.44,98193.35,-0.6536,C
7.46,98190.9,-0.703,C
7.48,98121.19,-0.6982,C
7.5,98117.13,-0.7039,C
7.52,98060.39,-0.6744,C
7.54,98057.09,-0.6642,C
7.56,97990.85,-0.6888,C
7.58,97987.0,-0.6736,C
7.6,97913.05,-0.6648,C
7.62,97905.0,-0.6563,C
7.64,97848.06,-0.6586,C
7.66,97841.86,-0.6627,C
7.68,97785.4,-0.6175,C
7.7,97773.4,-0.6419,C
7.72,97714.56,-0.6181,C
7.74,97702.06,-0.6109,C
7.76,97656.3,-0.601,C
7.78,97635.46,-0.6382,C
7.8,97591.08,-0.6435,C
7.82,97570.89,-0.6182,C
7.84,97539.12,-0.6065,C
7.86,97498.88,-0.6652,C
7.88,97469.05,-0.636,C
7.9,97431.34,-0.6235,C
7.92,97431.23,-0.6262,C
7.94,97368.08,-0.6193,C
7.96,97367.9,-0.6416,C
7.98,97307.36,-0.5837,C
8.0,97307.18,-0.6102,C
8.02,97245.38,-0.5865,C
8.04,97245.05,-0.6022,C
8.06,97174.36,-0.5949,C
8.08,97173.98,-0.5926,C
8.1,97106.26,-0.5639,C
8.12,97105.6,-0.5529,C
8.14,97038.06,-0.6205,C
8.16,97037.41,-0.6007,C
8.18,96971.55,-0.6102,C
8.2,96970.39,-0.6054,C
8.22,96910.19,-0.6001,C
8.24,96909.14,-0.5813,C
8.26,96847.61,-0.5589,C
8.28,96845.66,-0.5834,C
8.3,96779.29,-0.5775,C
8.32,96777.18,-0.5861,C
8.34,96709.17,-0.5609,C
8.36,96705.21,-0.5371,C
8.38,96648.45,-0.5559,C
8.4,96645.15,-0.5654,C
8.42,96588.26,-0.5665,C
8.44,96582.07,-0.5572,C
8.46,96526.96,-0.5858,C
8.48,96520.97,-0.5724,C
8.5,96469.15,-0.5546,C
8.52,96458.14,-0.5605,C
8.54,96408.32,-0.5449,C
8.56,96397.74,-0.565,C
8.58,96343.46,-0.5548,C
8.6,96318.73,-0.5637,C
8.62,96276.2,-0.537,C
8.64,96256.85,-0.5506,C
8.66,96228.65,-0.5096,C
8.68,96192.93,-0.531,C
8.7,96165.47,-0.5257,C
8.72,96130.74,-0.5204,C
8.74,96130.65,-0.5576,C
8.76,96064.92,-0.5245,C
8.78,96064.73,-0.5433,C
8.8,96004.33,-0.5091,C
8.82,96004.16,-0.5115,C
8.84,95944.15,-0.5488,C
8.86,95943.83,-0.5331,C
8.88,95889.41,-0.5028,C
8.9,95889.12,-0.4369,C
8.92,95825.67,-0.4974,C
8.94,95825.05,-0.4772,C
8.96,95774.42,-0.519,C
8.98,95773.93,-0.502,C
9.0,95717.3,-0.506,C
9.02,95716.31,-0.4937,C
9.04,95654.55,-0.4834,C
9.06,95653.47,-0.4942,C
9.08,95591.88,-0.495,C
9.1,95589.92,-0.5003,C
9.12,95537.23,-0.4966,C
9.14,95535.55,-0.4795,C
9.16,95490.28,-0.4907,C
9.18,95487.65,-0.4905,C
9.2,95429.88,-0.4719,C
9.22,95426.53,-0.5087,C
9.24,95373.14,-0.5076,C
9.26,95367.33,-0.4789,C
9.28,95316.35,-0.4536,C
9.3,95310.81,-0.4754,C
9.32,95263.72,-0.4822,C
9.34,95253.72,-0.4859,C
9.36,95205.69,-0.4884,C
9.38,95195.49,-0.4702,C
9.4,95160.31,-0.4802,C
9.42,95144.29,-0.4586,C
9.44,95101.93,-0.4468,C
9.46,95082.65,-0.4764,C
9.48,95056.18,-0.4468,C
9.5,95022.64,-0.4712,C
9.52,95001.41,-0.472,C
9.54,94974.59,-0.4716,C
9.56,94974.52,-0.4587,C
9.58,94913.46,-0.5911,C
9.6,94913.14,-0.4512,C
9.62,94856.24,-0.4537,C
9.64,94855.94,-0.4496,C
9.66,94807.84,-0.4458,C
9.68,94807.38,-0.446,C
9.7,94747.29,-0.4393,C
9.72,94746.71,-0.4354,C
9.74,94699.29,-0.426,C
9.76,94698.83,-0.4256,C
9.78,94643.77,-0.4228,C
9.8,94642.8,-0.4303,C
9.82,94588.36,-0.4241,C
9.84,94587.41,-0.4072,C
9.86,94538.17,-0.4455,C
9.88,94536.6,-0.4261,C
9.9,94480.21,-0.4299,C
9.92,94478.42,-0.4079,C
9.94,94436.6,-0.4214,C
9.96,94434.16,-0.4149,C
9.98,94382.67,-0.4241,C
10.0,94379.67,-0.4078,C
10.02,94331.48,-0.4152,C
10.04,94326.23,-0.4316,C
10.06,94279.78,-0.4047,C
10.08,94274.72,-0.4069,C
10.1,94231.6,-0.4022,C
10.12,94222.44,-0.4086,C
10.14,94179.57,-0.4002,C
10.16,94170.46,-0.3999,C
10.18,94135.03,-0.4066,C
10.2,94118.9,-0.4188,C
10.22,94084.45,-0.4024,C
10.24,94068.77,-0.3795,C
10.26,94046.31,-0.4072,C
10.28,94017.86,-0.3961,C
10.3,93996.01,-0.4086,C
10.32,93968.37,-0.3922,C
10.34,93968.29,-0.4076,C
10.36,93914.32,-0.4165,C
10.38,93914.17,-0.3802,C
10.4,93864.95,-0.38,C
10.42,93864.8,-0.3827,C
10.44,93812.66,-0.3927,C
10.46,93812.38,-0.3665,C
10.48,93765.2,-0.3584,C
10.5,93764.95,-0.3899,C
10.52,93718.71,-0.3804,C
10.54,93718.27,-0.3764,C
10.56,93666.83,-0.3643,C
10.58,93666.34,-0.3578,C
10.6,93620.29,-0.3399,C
10.62,93619.49,-0.3437,C
10.64,93579.37,-0.3466,C
10.66,93578.67,-0.3751,C
10.68,93529.68,-0.3631,C
10.7,93528.13,-0.359,C
10.72,93481.87,-0.3421,C
10.74,93480.4,-0.353,C
10.76,93431.65,-0.3479,C
10.78,93428.81,-0.368,C
10.8,93386.07,-0.3678,C
10.82,93383.58,-0.3572,C
10.84,93344.43,-0.3422,C
10.86,93340.17,-0.3532,C
10.88,93294.84,-0.3112,C
10.9,93289.9,-0.3325,C
10.92,93253.49,-0.3554,C
10.94,93245.75,-0.3377,C
10.96,93203.71,-0.3412,C
10.98,93194.78,-0.3373,C
11.0,93163.9,-0.3539,C
11.02,93149.85,-0.3329,C
11.04,93117.32,-0.339,C
11.06,93102.51,-0.3245,C
11.08,93081.43,-0.3261,C
11.1,93054.72,-0.3514,C
11.12,93036.96,-0.3159,C
11.14,93014.52,-0.3171,C
11.16,93014.46,-0.3271,C
11.18,92969.86,-0.3133,C
11.2,92969.73,-0.3129,C
11.22,92919.07,-0.3162,C
11.24,92918.93,-0.324,C
11.26,92883.83,-0.3199,C
11.28,92883.65,-0.3065,C
11.3,92838.65,-0.3124,C
11.32,92838.43,-0.3171,C
11.34,92795.54,-0.3032,C
11.36,92795.12,-0.3109,C
11.38,92754.24,-0.307,C
11.4,92753.84,-0.3211,C
11.42,92753.84,-0.311,C
11.44,92706.5,-0.3177,C
11.46,92666.09,-0.3171,C
11.48,92665.39,-0.2938,C
11.5,92621.59,-0.3007,C
11.52,92621.59,-0.3007,C
11.54,92577.46,-0.3071,C
11.56,92576.1,-0.2954,C
11.58,92538.34,-0.2885,C
11.6,92536.14,-0.3175,C
11.62,92504.99,-0.2912,C
11.64,92490.75,-0.2851,C
11.66,92455.31,-0.3009,C
11.68,92451.45,-0.2878,C
11.7,92415.56,-0.2979,C
11.72,92411.86,-0.2934,C
11.74,92373.11,-0.2864,C
11.76,92364.92,-0.2806,C
11.78,92334.1,-0.2716,C
11.8,92327.56,-0.2856,C
11.82,92327.55,-0.2749,C
11.84,92279.78,-0.2809,C
11.86,92255.96,-0.2789,C
11.88,92245.13,-0.2832,C
11.9,92245.1,-0.2976,C
11.92,92207.32,-0.2659,C
11.94,92207.27,-0.2795,C
11.96,92172.3,-0.2886,C
11.98,92172.2,-0.2853,C
12.0,92130.4,-0.2721,C
12.02,92130.28,-0.2681,C
12.04,92085.4,-0.2693,C
12.06,92085.16,-0.2866,C
12.08,92049.05,-0.2681,C
12.1,92048.86,-0.2964,C
12.12,92004.94,-0.2709,C
12.14,92004.59,-0.2726,C
12.16,91965.28,-0.2523,C
12.18,91964.91,-0.2743,C
12.2,91925.04,-0.2748,C
12.22,91924.56,-0.256,C
12.24,91885.88,-0.268,C
12.26,91885.88,-0.268,C
12.28,91851.94,-0.2516,C
12.3,91850.01,-0.2523,C
12.32,91820.97,-0.2569,C
12.34,91807.7,-0.2623,C
12.36,91784.92,-0.263,C
12.38,91774.52,-0.2417,C
12.4,91774.52,-0.261,C
12.42,91739.31,-0.2485,C
12.44,91739.31,-0.259,C
12.46,91702.09,-0.2567,C
12.48,91702.08,-0.2563,C
12.5,91664.69,-0.2495,C
12.52,91664.68,-0.2405,C
12.54,91629.19,-0.2341,C
12.56,91629.18,-0.247,C
12.58,91587.33,-0.2396,C
12.6,91587.33,-0.2396,C
12.62,91553.97,-0.2777,C
12.64,91530.33,-0.2416,C
12.66,91519.59,-0.2217,C
12.68,91519.57,-0.2664,C
12.7,91478.24,-0.2401,C
12.72,91464.83,-0.234,C
12.74,91448.73,-0.2293,C
12.76,91448.73,-0.2293,C
12.78,91415.89,-0.2223,C
12.8,91415.83,-0.2264,C
12.82,91376.76,-0.2219,C
12.84,91376.64,-0.2326,C
12.86,91376.64,-0.2363,C
12.88,91347.71,-0.2237,C
12.9,91347.71,-0.2237,C
12.92,91304.13,-0.2409,C
12.94,91276.56,-0.2372,C
12.96,91275.69,-0.2117,C
12.98,91235.51,-0.2401,C
13.0,91234.23,-0.2189,C
13.02,91205.22,-0.2205,C
13.04,91204.72,-0.2186,C
13.06,91168.44,-0.2184,C
13.08,91167.8,-0.2273,C
13.1,91133.49,-0.2194,C
13.12,91132.46,-0.2144,C
13.14,91099.04,-0.2198,C
13.16,91097.98,-0.2105,C
13.18,91064.32,-0.2122,C
13.2,91062.36,-0.222,C
13.22,91034.16,-0.2183,C
13.24,91032.53,-0.2057,C
13.26,91002.32,-0.2004,C
13.28,90999.04,-0.2058,C
13.3,90967.26,-0.2045,C
13.32,90963.81,-0.1923,C
13.34,90944.95,-0.2178,C
13.36,90936.35,-0.2223,C
13.38,90916.31,-0.219,C
13.4,90907.18,-0.2108,C
13.42,90891.75,-0.2101,C
13.44,90872.18,-0.1945,C
13.46,90860.32,-0.2055,C
13.48,90845.33,-0.209,C
13.5,90845.29,-0.2067,C
13.52,90807.87,-0.2059,C
13.54,90807.77,-0.2009,C
13.56,90779.28,-0.2164,C
13.58,90779.21,-0.2037,C
13.6,90749.07,-0.1931,C
13.62,90748.91,-0.1864,C
13.64,90719.23,-0.1986,C
13.66,90719.07,-0.2025,C
13.68,90682.03,-0.2048,C
13.7,90681.67,-0.2108,C
13.72,90647.91,-0.1947,C
13.74,90647.59,-0.1958,C
13.76,90613.75,-0.2046,C
13.78,90613.17,-0.2102,C
13.8,90588.97,-0.194,C
13.82,90588.56,-0.1959,C
13.84,90560.56,-0.1965,C
13.86,90559.67,-0.2087,C
13.88,90534.59,-0.1991,C
13.9,90533.8,-0.2072,C
13.92,90508.78,-0.1934,C
13.94,90507.33,-0.1921,C
13.96,90477.82,-0.1848,C
13.98,90476.1,-0.1928,C
14.0,90448.79,-0.1947,C
14.02,90445.81,-0.1864,C
14.04,90414.98,-0.1907,C
14.06,90411.63,-0.1984,C
14.08,90387.93,-0.1856,C
14.1,90386.55,-0.1791,C
14.12,90359.1,-0.1867,C
14.14,90356.11,-0.1956,C
14.16,90334.82,-0.1929,C
14.18,90332.5,-0.1792,C
14.2,90311.85,-0.1771,C
14.22,90307.46,-0.1905,C
14.24,90283.14,-0.1908,C
14.26,90277.97,-0.1863,C
14.28,90254.45,-0.1845,C
14.3,90243.74,-0.1749,C
14.32,90227.59,-0.179,C
14.34,90220.24,-0.1757,C
14.36,90206.03,-0.1869,C
14.38,90188.02,-0.1814,C
14.4,90176.45,-0.1647,C
14.42,90161.81,-0.189,C
14.44,90161.77,-0.1794,C
14.46,90137.4,-0.1709,C
14.48,90137.34,-0.1753,C
14.5,90109.02,-0.1678,C
14.52,90108.94,-0.1631,C
14.54,90085.46,-0.16,C
14.56,90085.33,-0.1865,C
14.58,90061.02,-0.1749,C
14.6,90060.89,-0.1633,C
14.62,90028.49,-0.1617,C
14.64,90028.18,-0.167,C
14.66,90003.58,-0.1548,C
14.68,90003.35,-0.1753,C
14.7,89979.93,-0.1701,C
14.72,89979.52,-0.1647,C
14.74,89953.89,-0.1551,C
14.76,89953.45,-0.158,C
14.78,89927.23,-0.1592,C
14.8,89926.4,-0.1605,C
14.82,89900.67,-0.1575,C
14.84,89899.86,-0.1638,C
14.86,89877.87,-0.1581,C
14.88,89876.59,-0.153,C
14.9,89850.66,-0.1628,C
14.92,89849.15,-0.1515,C
14.94,89836.69,-0.1554,C
14.96,89835.33,-0.1573,C
14.98,89811.89,-0.1424,C
15.0,89809.33,-0.1536,C
15.02,89786.43,-0.1497,C
15.04,89781.56,-0.1473,C
15.06,89762.37,-0.1506,C
15.08,89758.29,-0.1425,C
15.1,89738.22,-0.145,C
15.12,89729.08,-0.1514,C
15.14,89718.13,-0.1454,C
15.16,89713.15,-0.1484,C
15.18,89702.78,-0.1553,C
15.2,89689.64,-0.1452,C
15.22,89679.43,-0.1444,C
15.24,89666.52,-0.1468,C
15.26,89666.49,-0.1506,C
15.28,89644.7,-0.1532,C
15.3,89644.64,-0.1565,C
15.32,89618.12,-0.154,C
15.34,89618.05,-0.1532,C
15.36,89597.5,-0.1447,C
15.38,89597.39,-0.1436,C
15.4,89577.01,-0.1423,C
15.42,89576.91,-0.1451,C
15.44,89551.88,-0.1524,C
15.46,89551.64,-0.1531,C
15.48,89525.96,-0.1452,C
15.5,89525.71,-0.1482,C
15.52,89503.52,-0.1528,C
15.54,89503.13,-0.1438,C
15.56,89482.37,-0.1407,C
15.58,89482.01,-0.1412,C
15.6,89465.2,-0.1357,C
15.62,89464.68,-0.1382,C
15.64,89445.01,-0.135,C
15.66,89444.39,-0.1354,C
15.68,89423.07,-0.1332,C
15.7,89421.83,-0.1333,C
15.72,89399.57,-0.1327,C
15.74,89398.27,-0.1229,C
15.76,89379.62,-0.1385,C
15.78,89377.59,-0.1261,C
15.8,89358.57,-0.1279,C
15.82,89356.5,-0.1391,C
15.84,89343.92,-0.128,C
15.86,89341.24,-0.1305,C
15.88,89322.24,-0.1235,C
15.9,89318.2,-0.1151,C
15.92,89305.74,-0.1235,C
15.94,89300.07,-0.1332,C
15.96,89286.68,-0.1292,C
15.98,89280.58,-0.1187,C
16.0,89273.82,-0.1192,C
16.02,89265.23,-0.1235,C
16.04,89255.83,-0.1438,C
16.06,89243.91,-0.1104,C
16.08,89243.88,-0.1203,C
16.1,89229.98,-0.1141,C
16.12,89220.27,-0.1201,C
16.14,89207.97,-0.1235,C
16.16,89207.94,-0.1082,C
16.18,89187.29,-0.1177,C
16.2,89187.24,-0.1179,C
16.22,89169.9,-0.1218,C
16.24,89169.85,-0.1162,C
16.26,89154.48,-0.1107,C
16.28,89154.4,-0.1145,C
16.3,89133.95,-0.1255,C
16.32,89133.84,-0.1153,C
16.34,89121.48,-0.1156,C
16.36,89121.37,-0.1185,C
16.38,89096.63,-0.1126,C
16.4,89096.39,-0.1179,C
16.42,89082.24,-0.1173,C
16.44,89082.11,-0.1098,C
16.46,89064.4,-0.1176,C
16.48,89064.09,-0.1169,C
16.5,89043.6,-0.1126,C
16.52,89043.24,-0.1133,C
16.54,89027.34,-0.1114,C
16.56,89026.84,-0.1176,C
16.58,89014.48,-0.1081,C
16.6,89014.09,-0.1083,C
16.62,89003.59,-0.1143,C
16.64,89002.98,-0.1152,C
16.66,88984.64,-0.1154,C
16.68,88983.58,-0.1106,C
16.7,88972.85,-0.1194,C
16.72,88971.69,-0.1099,C
16.74,88955.66,-0.1139,C
16.76,88953.91,-0.1123,C
16.78,88941.31,-0.1108,C
16.8,88938.63,-0.1121,C
16.82,88923.65,-0.1056,C
16.84,88920.47,-0.1162,C
16.86,88911.05,-0.1092,C
16.88,88906.75,-0.1054,C
16.9,88896.78,-0.1051,C
16.92,88892.25,-0.1061,C
16.94,88884.7,-0.1075,C
16.96,88875.12,-0.1019,C
16.98,88869.26,-0.1048,C
17.0,88861.84,-0.1003,C
17.02,88861.82,-0.1093,C
17.04,88846.99,-0.0994,C
17.06,88846.95,-0.1042,C
17.08,88827.19,-0.0965,C
17.1,88827.13,-0.0975,C
17.12,88820.84,-0.1007,C
17.14,88820.81,-0.0977,C
17.16,88809.29,-0.1005,C
17.18,88809.23,-0.0984,C
17.2,88791.87,-0.1194,C
17.22,88791.71,-0.0942,C
17.24,88775.98,-0.0962,C
17.26,88775.84,-0.0991,C
17.28,88763.59,-0.0952,C
17.3,88763.39,-0.0921,C
17.32,88751.41,-0.0945,C
17.34,88751.2,-0.099,C
17.36,88739.13,-0.096,C
17.38,88738.75,-0.0947,C
17.4,88723.22,-0.0941,C
17.42,88722.74,-0.0903,C
17.44,88719.64,-0.0906,C
17.46,88719.46,-0.0951,C
17.48,88701.44,-0.0949,C
17.5,88700.4,-0.0939,C
17.52,88686.61,-0.0956,C
17.54,88685.11,-0.0932,C
17.56,88677.91,-0.087,C
17.58,88677.13,-0.0881,C
17.6,88668.65,-0.0956,C
17.62,88666.85,-0.0913,C
17.64,88655.78,-0.087,C
17.66,88653.42,-0.0919,C
17.68,88646.48,-0.0928,C
17.7,88643.32,-0.0959,C
17.72,88637.45,-0.0932,C
17.74,88634.77,-0.0995,C
17.76,88632.06,-0.0942,C
17.78,88628.63,-0.0957,C
17.8,88620.34,-0.0941,C
17.82,88609.83,-0.0969,C
17.84,88609.8,-0.0959,C
17.86,88600.61,-0.0955,C
17.88,88600.59,-0.0919,C
17.9,88589.76,-0.0933,C
17.92,88589.73,-0.0944,C
17.94,88576.73,-0.0938,C
17.96,88576.67,-0.0912,C
17.98,88564.3,-0.0885,C
18.0,88564.24,-0.0923,C
18.02,88561.16,-0.0904,C
18.04,88561.14,-0.0791,C
18.06,88550.52,-0.0807,C
18.08,88550.42,-0.0826,C
18.1,88541.35,-0.0857,C
18.12,88541.19,-0.0823,C
18.14,88529.88,-0.0843,C
18.16,88529.69,-0.0948,C
18.18,88517.81,-0.0724,C
18.2,88517.44,-0.0818,C
18.22,88509.08,-0.0779,C
18.24,88508.82,-0.0823,C
18.26,88503.33,-0.076,C
18.28,88503.01,-0.0846,C
18.3,88490.3,-0.0849,C
18.32,88489.56,-0.0824,C
18.34,88484.11,-0.0838,C
18.36,88483.53,-0.0741,C
18.38,88477.73,-0.082,C
18.4,88477.11,-0.0784,C
18.42,88474.69,-0.0833,C
18.44,88474.18,-0.0823,C
18.46,88463.49,-0.0796,C
18.48,88461.21,-0.0858,C
18.5,88456.5,-0.0864,C
18.52,88454.35,-0.0852,C
18.54,88449.54,-0.0857,C
18.56,88447.34,-0.084,C
18.58,88445.04,-0.0817,C
18.6,88442.12,-0.0855,C
18.62,88437.04,-0.0862,C
18.64,88430.58,-0.0802,C
18.66,88430.57,-0.0821,C
18.68,88424.53,-0.0828,C
18.7,88424.52,-0.0799,C
18.72,88416.85,-0.0805,C
18.74,88416.83,-0.0806,C
18.76,88408.25,-0.0792,C
18.78,88408.21,-0.0838,C
18.8,88404.8,-0.084,C
18.82,88404.79,-0.0818,C
18.84,88397.36,-0.0791,C
18.86,88397.3,-0.0775,C
18.88,88397.85,-0.0815,C
18.9,88397.85,-0.0782,C
18.92,88387.48,-0.0888,C
18.94,88387.38,-0.0841,C
18.96,88380.16,-0.0816,C
18.98,88380.04,-0.0722,C
19.0,88377.89,-0.0813,C
19.02,88377.86,-0.0779,C
19.04,88371.56,-0.0694,C
19.06,88371.37,-0.0696,C
19.08,88367.5,-0.0755,C
19.1,88367.39,-0.063,C
19.12,88360.42,-0.0713,C
19.14,88360.02,-0.0721,C
19.16,88355.63,-0.0683,C
19.18,88355.38,-0.072,C
19.2,88353.56,-0.0691,C
19.22,88353.38,-0.0708,C
19.24,88345.67,-0.0701,C
19.26,88344.83,-0.0701,C
19.28,88341.06,-0.0693,C
19.3,88340.26,-0.0705,C
19.32,88336.11,-0.0682,C
19.34,88335.24,-0.0745,C
19.36,88334.63,-0.0718,C
19.38,88334.36,-0.0685,C
19.4,88329.91,-0.0688,C
19.42,88327.89,-0.0681,C
19.44,88325.42,-0.0679,C
19.46,88322.28,-0.0724,C
19.48,88321.56,-0.0785,C
19.5,88320.66,-0.0694,C
19.52,88320.66,-0.0711,C
19.54,88324.89,-0.0718,C
19.56,88324.9,-0.077,C
19.58,88316.99,-0.0711,C
19.6,88316.97,-0.0754,C
19.62,88310.9,-0.0771,C
19.64,88310.87,-0.0754,C
19.66,88308.14,-0.0736,C
19.68,88308.14,-0.0658,C
19.7,88309.12,-0.0719,C
19.72,88309.12,-0.0719,C
19.74,88306.64,-0.0751,C
19.76,88306.62,-0.0725,C
19.78,88303.55,-0.0682,C
19.8,88303.5,-0.0686,C
19.82,88301.21,-0.071,C
19.84,88301.18,-0.0724,C
19.86,88298.93,-0.0749,C
19.88,88298.86,-0.0712,C
19.9,88296.77,-0.0715,C
19.92,88296.71,-0.0721,C
19.94,88299.26,-0.0679,C
19.96,88299.41,-0.0697,C
19.98,88299.43,-0.0713,C
20.0,88299.43,-0.0741,C
20.02,88294.97,-0.0691,C
20.04,88294.49,-0.0547,C
20.06,88299.95,0.0643,C
20.08,88300.53,13.9563,C
20.1,88386.35,3.0901,C
20.12,88404.58,-0.3031,C
20.14,88384.52,-0.2277,C
20.16,88380.24,-0.003,C
20.18,88305.87,-0.1047,C
20.2,88271.98,-0.2167,C
20.22,88256.45,-0.1428,C
20.24,88249.41,-0.2016,C
20.26,88248.64,-0.0892,C
20.28,88247.69,-0.115,C
20.3,88244.76,-0.1528,C
20.32,88241.05,-0.1982,C
20.34,88241.05,-0.2036,C
20.36,88239.68,-0.2184,C
20.38,88239.68,-0.228,C
20.4,88238.53,-0.3487,C
20.42,88238.53,-0.2825,F
20.44,88238.17,-0.238,F
20.46,88238.17,-0.3161,F
20.48,88236.55,-0.2898,F
20.5,88236.55,-0.3468,F
20.52,88234.44,-0.3108,F
20.54,88234.43,-0.1266,F
20.56,88239.96,-0.0921,F
20.58,88240.01,-0.1166,F
20.6,88240.08,-0.255,F
20.62,88240.08,-0.5721,F
20.64,88238.79,-0.487,F
20.66,88238.78,-0.2516,F
20.68,88233.12,-0.1472,F
20.7,88232.94,-0.1476,F
20.72,88233.88,-0.1671,F
20.74,88233.91,-0.1656,F
20.76,88238.92,-0.4507,F
20.78,88239.2,-0.9255,F
20.8,88238.35,-2.2471,F
20.82,88238.31,-2.4214,F
20.84,88288.25,-4.6647,F
20.86,88293.69,-9.0521,F
20.88,88288.86,-11.0899,F
20.9,88288.34,-4.259,F
20.92,88295.04,-1.1206,F
20.94,88295.77,-1.3082,F
20.96,88302.36,-1.4628,F
20.98,88303.75,-1.4229,F
21.0,88283.11,-0.9935,F
21.02,88278.72,-0.4387,F
21.04,88267.87,-0.1567,F
21.06,88262.93,-0.2887,F
21.08,88263.05,-0.2477,F
21.1,88263.1,-0.448,F
21.12,88269.0,-0.5712,F
21.14,88276.49,-0.8478,F
21.16,88282.75,-0.9572,F
21.18,88290.67,-0.9698,F
21.2,88290.69,-0.9592,F
21.22,88285.68,-1.0699,F
21.24,88285.68,-1.0848,F
21.26,88306.36,-1.1024,F
21.28,88306.41,-1.0065,F
21.3,88310.38,-0.891,F
21.32,88310.39,-0.947,F
21.34,88312.05,-0.8819,F
21.36,88312.05,-0.8973,F
21.38,88320.79,-0.9032,F
21.4,88320.87,-0.7851,F
21.42,88327.57,-1.052,F
21.44,88327.63,-0.8072,F
21.46,88336.25,-0.8839,F
21.48,88336.4,-0.8965,F
21.5,88340.43,-1.0527,F
21.52,88340.5,-1.0386,F
21.54,88328.06,-1.0534,F
21.56,88327.67,-0.8473,F
21.58,88323.9,-0.9013,F
21.6,88323.79,-0.9892,F
21.62,88324.19,-0.9411,F
21.64,88324.21,-0.8218,F
21.66,88331.69,-0.8041,F
21.68,88332.12,-1.0458,F
21.7,88341.6,-0.5571,F
21.72,88342.62,-0.6162,F
21.74,88343.68,-0.4787,F
21.76,88343.79,-0.477,F
21.78,88336.79,-0.5004,F
21.8,88335.31,-0.4915,F
21.82,88325.34,-0.7638,F
21.84,88323.22,-0.3373,F
21.86,88335.96,-0.2799,F
21.88,88341.75,-0.3247,F
21.9,88349.65,-0.2713,F
21.92,88353.23,-0.3729,F
21.94,88347.42,-0.4623,F
21.96,88340.04,-0.6755,F
21.98,88323.16,-0.7837,F
22.0,88301.75,-1.1116,F
22.02,88301.69,-1.1538,F
22.04,88275.96,-1.0729,F
22.06,88275.89,-1.087,F
22.08,88238.1,-1.1182,F
22.1,88237.99,-0.9558,F
22.12,88202.25,-0.9133,F
22.14,88202.06,-0.8723,F
22.16,88200.59,-0.6488,F
22.18,88200.59,-0.4286,F
22.2,88248.48,-0.2727,F
22.22,88248.94,-0.0681,F
22.24,88300.11,0.1054,F
22.26,88300.6,0.2632,F
22.28,88365.39,0.3923,F
22.3,88366.52,0.4368,F
22.32,88412.83,0.378,F
22.34,88413.64,0.4279,F
22.36,88442.54,0.3678,F
22.38,88443.45,0.3817,F
22.4,88466.78,0.1085,F
22.42,88467.52,-0.0984,F
22.44,88484.78,-0.3317,F
22.46,88485.78,-0.3973,F
22.48,88490.45,-0.4984,F
22.5,88490.72,-0.6962,F
22.52,88494.2,-0.7521,F
22.54,88494.57,-0.8739,F
22.56,88481.7,-0.934,F
22.58,88480.3,-0.9589,F
22.6,88482.21,-0.9091,F
22.62,88482.61,-0.8718,F
22.64,88495.17,-0.8009,F
22.66,88497.85,-0.7384,F
22.68,88502.24,-0.6979,F
22.7,88504.24,-0.6886,F
22.72,88512.59,-0.6743,F
22.74,88516.39,-0.708,F
22.76,88514.39,-0.7116,F
22.78,88511.85,-0.6994,F
22.8,88504.0,-0.7317,F
22.82,88494.05,-0.716,F
22.84,88494.02,-0.7258,F
22.86,88516.78,-0.7346,F
22.88,88516.84,-0.6297,F
22.9,88549.29,-0.6367,F
22.92,88549.38,-0.6467,F
22.94,88555.8,-0.5623,F
22.96,88555.83,-0.5447,F
22.98,88541.17,-0.533,F
23.0,88541.09,-0.5459,F
23.02,88521.22,-0.574,F
23.04,88521.03,-0.6414,F
23.06,88540.15,-0.7339,F
23.08,88540.33,-0.7787,F
23.1,88553.12,-0.7106,F
23.12,88553.34,-0.7436,F
23.14,88554.02,-0.7082,F
23.16,88554.02,-0.6101,F
23.18,88540.26,-0.5438,F
23.2,88539.83,-0.596,F
23.22,88532.51,-0.5455,F
23.24,88532.28,-0.4292,F
23.26,88554.33,-0.3612,F
23.28,88555.61,-0.2764,F
23.3,88513.38,-0.176,F
23.32,88510.92,-0.0255,F
23.34,88484.41,0.0484,F
23.36,88481.52,0.1917,F
23.38,88497.32,0.2789,F
23.4,88499.04,0.4236,F
23.42,88538.69,0.5067,F
23.44,88547.12,0.6386,F
23.46,88593.91,0.7373,F
23.48,88603.85,0.8266,F
23.5,88626.78,0.876,F
23.52,88637.22,0.9012,F
23.54,88648.41,0.8507,F
23.56,88653.5,0.8667,F
23.58,88649.89,0.7547,F
23.6,88645.3,0.6354,F
23.62,88641.38,0.464,F
23.64,88636.41,0.2039,F
23.66,88636.41,-0.0104,F
23.68,88607.97,-0.1022,F
23.7,88607.89,-0.1357,F
23.72,88592.79,-0.1178,F
23.74,88592.76,-0.1244,F
23.76,88581.8,-0.1498,F
23.78,88581.74,-0.1276,F
23.8,88587.95,-0.12,F
23.82,88587.98,-0.182,F
23.84,88597.71,-0.1951,F
23.86,88597.8,-0.1304,F
23.88,88588.84,-0.0639,F
23.9,88588.75,0.0053,F
23.92,88607.63,0.0894,F
23.94,88607.95,0.1854,F
23.96,88643.82,0.3022,F
23.98,88644.45,0.4098,F
24.0,88682.72,0.5168,F
24.02,88683.93,0.6343,F
24.04,88723.83,0.7189,F
24.06,88725.09,0.8497,F
24.08,88759.58,0.9435,F
24.1,88761.59,1.0662,F
24.12,88766.88,1.1762,F
24.14,88767.18,1.2399,F
24.16,88784.33,1.3206,F
24.18,88786.2,1.4363,F
24.2,88807.03,1.6098,F
24.22,88809.3,1.7932,F
24.24,88818.38,1.9342,F
24.26,88820.31,2.0124,F
24.28,88831.44,2.0912,F
24.3,88833.81,2.2148,F
24.32,88833.51,2.3027,F
24.34,88833.38,2.3603,F
24.36,88838.84,2.3648,F
24.38,88841.33,2.3317,F
24.4,88837.93,2.3109,F
24.42,88833.63,2.2969,F
24.44,88833.77,2.3215,F
24.46,88833.95,2.3007,F
24.48,88833.95,2.2508,F
24.5,88835.32,2.1912,F
24.52,88835.32,2.1691,F
24.54,88844.53,2.147,F
24.56,88844.55,2.1119,F
24.58,88866.77,2.1085,F
24.6,88866.89,2.0923,F
24.62,88878.26,2.1508,F
24.64,88878.31,2.1916,F
24.66,88883.08,2.1983,F
24.68,88883.12,2.191,F
24.7,88878.7,2.2419,F
24.72,88878.67,2.2431,F
24.74,88867.6,2.274,F
24.76,88867.41,2.2591,F
24.78,88869.42,2.2876,F
24.8,88869.45,2.2785,F
24.82,88874.76,2.3026,F
24.84,88874.92,2.32,F
24.86,88880.73,2.3841,F
24.88,88880.9,2.3902,F
24.9,88891.8,2.4392,F
24.92,88892.43,2.4272,F
24.94,88917.58,2.4935,F
24.96,88919.04,2.4717,F
24.98,88937.77,2.5175,F
25.0,88939.81,2.5021,F
25.02,88938.56,2.5109,F
25.04,88938.43,2.5002,F
25.06,88947.32,2.5276,F
25.08,88948.28,2.5686,F
25.1,88964.11,2.5562,F
25.12,88967.47,2.5842,F
25.14,88969.1,2.5379,F
25.16,88969.84,2.6015,F
25.18,88978.96,2.5614,F
25.2,88983.12,2.5587,F
25.22,88997.39,2.5749,F
25.24,89003.89,2.6001,F
25.26,89003.77,2.6153,F
25.28,89003.59,2.5578,F
25.3,89001.99,2.4813,F
25.32,88999.96,2.3899,F
25.34,88999.96,2.3166,F
25.36,89002.44,2.2675,F
25.38,89002.44,2.2008,F
25.4,89006.63,2.0888,F
25.42,89006.63,1.962,F
25.44,89012.32,1.8439,F
25.46,89012.35,1.7773,F
25.48,89014.86,1.6876,F
25.5,89014.86,1.617,F
25.52,89038.78,1.5994,F
25.54,89039.01,1.5614,F
25.56,89067.88,1.5063,F
25.58,89068.16,1.4111,F
25.6,89088.7,1.3579,F
25.62,89089.06,1.249,F
25.64,89100.67,1.2195,F
25.66,89100.87,1.1213,F
25.68,89109.42,1.0547,F
25.7,89109.69,0.9826,F
25.72,89116.63,0.9409,F
25.74,89116.84,0.853,F
25.76,89123.0,0.8043,F
25.78,89123.36,0.7482,F
25.8,89126.62,0.6955,F
25.82,89126.8,0.6498,F
25.84,89135.41,0.5828,F
25.86,89136.35,0.5421,F
25.88,89161.73,0.4835,F
25.9,89164.5,0.4776,F
25.92,89188.11,0.4646,F
25.94,89198.86,0.3973,F
25.96,89215.52,0.3807,F
25.98,89223.1,0.3557,F
26.0,89235.79,0.421,F
26.02,89251.88,0.3554,F
26.04,89257.28,0.428,F
26.06,89264.07,0.4296,F
26.08,89264.08,0.4648,F
26.1,89276.45,0.4689,F
26.12,89276.48,0.4887,F
26.14,89290.73,0.5175,F
26.16,89290.76,0.5218,F
26.18,89309.98,0.4631,F
26.2,89310.08,0.4869,F
26.22,89300.15,0.4295,F
26.24,89300.1,0.3111,F
26.26,89300.1,0.3111,F
26.28,89304.19,0.1487,F
26.3,89328.28,0.0612,F
26.32,89328.51,0.0072,F
26.34,89321.67,-0.0011,F
26.36,89321.27,-0.013,F
26.38,89336.47,-0.0416,F
26.4,89336.74,0.0361,F
26.42,89363.39,0.1029,F
26.44,89364.18,0.1638,F
26.46,89360.63,0.3112,F
26.48,89360.53,0.4107,F
26.5,89364.44,0.5633,F
26.52,89364.67,0.6816,F
26.54,89374.87,0.8115,F
26.56,89375.36,0.8502,F
26.58,89391.71,1.0691,F
26.6,89393.48,1.1519,F
26.62,89408.62,1.2322,F
26.64,89410.27,1.3029,F
26.66,89410.27,1.3135,F
26.68,89431.58,1.4375,F
26.7,89443.16,1.5382,F
26.72,89445.62,1.6062,F
26.74,89445.62,1.7088,F
26.76,89441.39,1.7835,F
26.78,89441.39,1.9159,F
26.8,89441.39,1.8981,F
26.82,89432.68,2.0257,F
26.84,89421.95,2.0242,F
26.86,89414.72,1.9931,F
26.88,89405.96,2.0221,F
26.9,89405.94,2.1003,F
26.92,89408.93,2.1806,F
26.94,89408.93,2.2456,F
26.96,89441.28,2.2356,F
26.98,89441.33,2.2444,F
27.0,89439.98,2.1873,F
27.02,89439.97,2.0654,F
27.04,89474.87,2.0245,F
27.06,89478.68,1.8869,F
27.08,89517.25,1.8661,F
27.1,89521.45,1.7735,F
27.12,89521.45,1.7343,F
27.14,89545.06,1.6895,F
27.16,89545.06,1.6702,F
27.18,89548.02,1.7379,F
27.2,89548.02,1.7379,F
27.22,89566.89,1.7095,F
27.24,89553.03,1.7111,F
27.26,89552.61,1.7852,F
27.28,89537.35,1.8344,F
27.3,89537.02,1.8368,F
27.32,89552.46,1.8602,F
27.34,89552.68,1.8636,F
27.36,89578.62,1.9962,F
27.38,89581.41,2.0578,F
27.4,89581.41,2.0817,F
27.42,89599.68,2.1201,F
27.44,89599.68,2.141,F
27.46,89616.62,2.1488,F
27.48,89616.62,2.1533,F
27.5,89613.48,2.0348,F
27.52,89613.48,2.0136,F
27.54,89617.79,1.8705,F
27.56,89631.87,1.7502,F
27.58,89638.2,1.6527,F
27.6,89647.02,1.478,F
27.62,89658.09,1.3503,F
27.64,89658.09,1.3503,F
27.66,89660.83,1.0494,F
27.68,89660.83,0.993,F
27.7,89681.34,0.8748,F
27.72,89681.39,0.7918,F
27.74,89709.95,0.7284,F
27.76,89710.44,0.6607,F
27.78,89711.86,0.6736,F
27.8,89711.86,0.643,F
27.82,89718.79,0.6191,F
27.84,89718.82,0.5944,F
27.86,89712.1,0.6287,F
27.88,89712.04,0.5831,F
27.9,89696.86,0.5758,F
27.92,89696.71,0.5537,F
27.94,89720.07,0.5717,F
27.96,89720.48,0.5559,F
27.98,89726.05,0.5231,F
28.0,89726.14,0.5027,F
28.02,89728.23,0.4919,F
28.04,89728.29,0.4858,F
28.06,89745.38,0.4611,F
28.08,89745.92,0.4294,F
28.1,89764.58,0.4326,F
28.12,89765.67,0.4203,F
28.14,89776.03,0.3853,F
28.16,89776.63,0.3451,F
28.18,89793.65,0.313,F
28.2,89795.5,0.2757,F
28.22,89816.33,0.2387,F
28.24,89818.6,0.1951,F
28.26,89834.12,0.1162,F
28.28,89837.41,0.094,F
28.3,89840.7,0.0531,F
28.32,89841.4,0.0064,F
28.34,89853.3,-0.0721,F
28.36,89858.73,-0.1105,F
28.38,89856.3,-0.161,F
28.4,89855.21,-0.1687,F
28.42,89860.74,-0.2043,F
28.44,89867.76,-0.1989,F
28.46,89878.71,-0.2037,F
28.48,89892.61,-0.1658,F
28.5,89892.65,-0.1799,F
28.52,89918.3,-0.1675,F
28.54,89918.38,-0.1675,F
28.56,89953.31,-0.1773,F
28.58,89953.41,-0.1635,F
28.6,89983.31,-0.1321,F
28.62,89983.47,-0.0837,F
28.64,90006.2,-0.0721,F
28.66,90006.32,-0.0416,F
28.68,90025.67,0.0014,F
28.7,90025.85,0.0627,F
28.72,90040.26,0.1155,F
28.74,90040.4,0.1556,F
28.76,90061.66,0.1976,F
28.78,90062.03,0.2327,F
28.8,90073.94,0.2576,F
28.82,90074.14,0.3616,F
28.84,90095.94,0.4142,F
28.86,90096.62,0.4839,F
28.88,90116.15,0.533,F
28.9,90116.77,0.5424,F
28.92,90121.96,0.6752,F
28.94,90122.26,0.6505,F
28.96,90122.47,0.6879,F
28.98,90122.48,0.6604,F
29.0,90127.48,0.6905,F
29.02,90128.02,0.6605,F
29.04,90134.44,0.6476,F
29.06,90134.81,0.5976,F
29.08,90142.01,0.5874,F
29.1,90142.79,0.5119,F
29.12,90121.73,0.5289,F
29.14,90119.44,0.4907,F
29.16,90108.93,0.4936,F
29.18,90106.7,0.4765,F
29.2,90118.08,0.4918,F
29.22,90120.5,0.5367,F
29.24,90146.33,0.468,F
29.26,90158.09,0.4091,F
29.28,90180.36,0.3929,F
29.3,90190.5,0.2358,F
29.32,90207.51,0.3201,F
29.34,90215.26,0.2132,F
29.36,90215.52,0.2531,F
29.38,90215.81,0.5493,F
29.4,90210.41,0.5256,F
29.42,90203.56,0.541,F
29.44,90203.55,0.6459,F
29.46,90208.87,0.771,F
29.48,90208.88,0.8932,F
29.5,90236.93,1.0488,F
29.52,90237.01,1.1746,F
29.54,90229.46,1.3452,F
29.56,90229.43,1.5549,F
29.58,90252.83,1.7835,F
29.6,90252.95,1.9877,F
29.62,90244.23,2.2166,F
29.64,90244.15,2.2669,F
29.66,90235.24,2.2059,F
29.68,90235.16,2.1711,F
29.7,90235.97,1.9881,F
29.72,90235.98,1.65,F
29.74,90231.16,1.2202,F
29.76,90231.09,1.0696,F
29.78,90251.5,0.9034,F
29.8,90252.14,0.6489,F
29.82,90262.75,0.2539,F
29.84,90263.08,0.0213,F
29.86,90288.67,0.1094,F
29.88,90290.16,0.15,F
29.9,90299.6,0.1351,F
29.92,90300.14,0.0767,F
29.94,90301.22,0.0363,F
29.96,90301.34,0.0031,F
29.98,90330.24,-0.0267,F
30.0,90333.39,-0.0252,F
30.02,90354.87,-0.0009,F
30.04,90359.44,0.0335,F
30.06,90420.58,0.0613,F
30.08,90433.58,0.1288,F
30.1,90448.93,0.2098,F
30.12,90455.91,0.2732,F
30.14,90466.42,0.3492,F
30.16,90471.2,0.3536,F
30.18,90476.89,0.3675,F
30.2,90484.08,0.332,F
30.22,90493.94,0.3082,F
30.24,90506.43,0.303,F
30.26,90506.46,0.2418,F
30.28,90547.41,0.1533,F
30.3,90547.53,0.2142,F
30.32,90563.18,0.019,F
30.34,90563.23,-0.0245,F
30.36,90556.43,-0.1122,F
30.38,90556.4,-0.1304,F
30.4,90559.22,-0.1088,F
30.42,90559.22,-0.0804,F
30.44,90538.24,-0.1352,F
30.46,90538.04,-0.1895,F
30.48,90520.43,-0.2179,F
30.5,90520.27,-0.2426,F
30.52,90514.14,-0.2623,F
30.54,90514.04,-0.3115,F
30.56,90538.39,-0.3513,F
30.58,90538.81,-0.3505,F
30.6,90546.56,-0.3817,F
30.62,90546.8,-0.3799,F
30.64,90565.99,-0.4006,F
30.66,90566.6,-0.4163,F
30.68,90608.77,-0.3892,F
30.7,90611.22,-0.3577,F
30.72,90642.42,-0.4221,F
30.74,90644.23,-0.3839,F
30.76,90666.4,-0.3603,F
30.78,90668.82,-0.3306,F
30.8,90692.4,-0.3126,F
30.82,90694.96,-0.2563,F
30.84,90707.54,-0.2291,F
30.86,90710.22,-0.2076,F
30.88,90733.91,-0.1194,F
30.9,90738.95,-0.0601,F
30.92,90735.69,0.0568,F
30.94,90734.21,0.124,F
30.96,90727.4,0.3043,F
30.98,90724.3,0.4476,F
31.0,90715.24,0.6199,F
31.02,90703.75,0.7561,F
31.04,90683.11,0.8818,F
31.06,90656.94,1.0504,F
31.08,90656.87,1.1444,F
31.1,90641.43,1.3054,F
31.12,90641.39,1.4016,F
31.14,90633.28,1.5207,F
31.16,90633.26,1.5707,F
31.18,90633.66,1.5777,F
31.2,90633.66,1.515,F
31.22,90633.81,1.3537,F
31.24,90633.81,1.1414,F
31.26,90674.48,1.033,F
31.28,90674.87,0.8514,F
31.3,90680.3,0.7535,F
31.32,90680.34,0.7382,F
31.34,90674.01,0.5622,F
31.36,90673.91,0.4754,F
31.38,90688.08,0.3682,F
31.4,90688.32,0.263,F
31.42,90716.75,0.2597,F
31.44,90717.65,0.2025,F
31.46,90743.52,0.1948,F
31.48,90743.96,0.1591,F
31.5,90779.72,0.1316,F
31.52,90780.85,0.0921,F
31.54,90814.34,0.0373,F
31.56,90815.4,-0.0065,F
31.58,90845.65,0.0026,F
31.6,90847.41,0.0027,F
31.62,90896.25,0.0141,F
31.64,90899.09,0.0261,F
31.66,90911.82,0.0553,F
31.68,90913.2,0.1094,F
31.7,90926.97,0.1482,F
31.72,90928.46,0.206,F
31.74,90933.84,0.222,F
31.76,90934.98,0.2236,F
31.78,90953.02,0.1903,F
31.8,90956.85,0.1162,F
31.82,90974.25,0.0997,F
31.84,90982.18,-0.0381,F
31.86,90988.85,-0.0541,F
31.88,90991.89,-0.0933,F
31.9,90997.77,-0.2684,F
31.92,91005.22,-0.051,F
31.94,91010.1,-0.0516,F
31.96,91016.27,-0.0069,F
31.98,91011.49,0.0046,F
32.0,91005.41,0.0489,F
32.02,91005.4,-0.0863,F
32.04,91015.83,-0.1002,F
32.06,91015.86,-0.1033,F
32.08,91068.98,-0.1217,F
32.1,91069.13,-0.1117,F
32.12,91083.08,-0.1341,F
32.14,91083.15,-0.1697,F
32.16,91100.98,-0.1927,F
32.18,91101.07,-0.2257,F
32.2,91113.02,-0.2469,F
32.22,91113.13,-0.2961,F
32.24,91134.09,-0.2974,F
32.26,91134.3,-0.3126,F
32.28,91144.62,-0.3107,F
32.3,91144.79,-0.2849,F
32.32,91158.18,-0.3572,F
32.34,91158.42,-0.3655,F
32.36,91184.85,-0.3831,F
32.38,91185.69,-0.3994,F
32.4,91214.82,-0.4214,F
32.42,91215.74,-0.4543,F
32.44,91221.75,-0.5005,F
32.46,91222.09,-0.5987,F
32.48,91224.29,-0.7989,F
32.5,91224.41,-1.1593,F
32.52,91230.22,-1.3896,F
32.54,91230.85,-1.5783,F
32.56,91249.33,-1.3736,F
32.58,91251.34,-0.9492,F
32.6,91276.74,-0.8111,F
32.62,91282.14,-0.7308,F
32.64,91303.95,-0.7186,F
32.66,91308.58,-0.8112,F
32.68,91309.63,-0.7485,F
32.7,91310.1,-0.686,F
32.72,91306.38,-0.6324,F
32.74,91304.69,-0.5831,F
32.76,91304.02,-0.5334,F
32.78,91303.18,-0.5379,F
32.8,91303.06,-0.5046,F
32.82,91302.91,-0.4734,F
32.84,91302.91,-0.5398,F
32.86,91321.16,-0.4821,F
32.88,91321.21,-0.526,F
32.9,91350.84,-0.5256,F
32.92,91350.92,-0.4783,F
32.94,91366.25,-0.4593,F
32.96,91366.33,-0.4625,F
32.98,91371.02,-0.4306,F
33.0,91371.04,-0.387,F
33.02,91383.06,-0.3424,F
33.04,91383.17,-0.2722,F
33.06,91386.58,-0.1462,F
33.08,91386.61,-0.0504,F
33.1,91397.27,-0.0036,F
33.12,91397.45,0.0686,F
33.14,91419.39,0.1623,F
33.16,91419.77,0.1527,F
33.18,91433.52,0.1529,F
33.2,91433.95,-0.0283,F
33.22,91452.96,-0.0385,F
33.24,91453.56,-0.0967,F
33.26,91471.05,-0.2443,F
33.28,91472.06,-0.2702,F
33.3,91497.19,-0.2137,F
33.32,91498.65,-0.1491,F
33.34,91528.5,-0.1496,F
33.36,91531.75,-0.182,F
33.38,91548.96,-0.0509,F
33.4,91550.82,-0.0092,F
33.42,91564.03,-0.0,F
33.44,91566.84,0.0219,F
33.46,91580.79,0.0403,F
33.48,91583.76,0.0873,F
33.5,91588.74,0.1563,F
33.52,91591.01,0.254,F
33.54,91589.79,0.2435,F
33.56,91589.24,0.3237,F
33.58,91588.99,0.3225,F
33.6,91588.68,0.3138,F
33.62,91592.81,0.2759,F
33.64,91598.06,0.2863,F
33.66,91598.07,0.2425,F
33.68,91609.14,-0.0253,F
33.7,91609.17,-0.3062,F
33.72,91612.78,-0.2654,F
33.74,91612.79,-0.149,F
33.76,91612.04,-0.1061,F
33.78,91612.04,-0.1445,F
33.8,91628.45,-0.3108,F
33.82,91628.53,-0.3885,F
33.84,91638.31,-0.4029,F
33.86,91638.4,-0.4426,F
33.88,91636.2,-0.5334,F
33.9,91636.19,-0.6039,F
33.92,91666.56,-0.5791,F
33.94,91667.08,-0.6789,F
33.96,91666.42,-0.8117,F
33.98,91666.41,-0.8601,F
34.0,91675.73,-0.8085,F
34.02,91676.02,-0.7323,F
34.04,91717.27,-0.6464,F
34.06,91718.57,-0.6507,F
34.08,91761.93,-0.5785,F
34.1,91764.45,-0.5173,F
34.12,91790.52,-0.5,F
34.14,91792.03,-0.4918,F
34.16,91816.6,-0.4298,F
34.18,91819.28,-0.5027,F
34.2,91825.91,-0.3602,F
34.22,91826.63,-0.2729,F
34.24,91837.98,-0.2844,F
34.26,91840.4,-0.2796,F
34.28,91854.83,-0.3846,F
34.3,91857.9,-0.3144,F
34.32,91855.76,-0.3725,F
34.34,91854.79,-0.4714,F
34.36,91842.29,-0.5009,F
34.38,91836.59,-0.4635,F
34.4,91829.02,-0.5021,F
34.42,91819.41,-0.5042,F
34.44,91821.41,-0.5159,F
34.46,91823.97,-0.6264,F
34.48,91823.97,-0.4376,F
34.5,91806.04,-0.3562,F
34.52,91805.99,-0.2545,F
34.54,91823.65,-0.1962,F
34.56,91823.7,-0.1312,F
34.58,91867.49,-0.0868,F
34.6,91867.72,-0.009,F
34.62,91895.43,-0.1037,F
34.64,91895.57,-0.0032,F
34.66,91882.93,0.0059,F
34.68,91882.82,-0.0387,F
34.7,91905.1,-0.0429,F
34.72,91905.32,-0.1254,F
34.74,91909.4,-0.1929,F
34.76,91909.47,-0.2287,F
34.78,91901.94,-0.2337,F
34.8,91901.81,-0.2486,F
34.82,91921.09,-0.3477,F
34.84,91921.7,-0.4934,F
34.86,91968.79,-0.5494,F
34.88,91970.28,-0.6216,F
34.9,92022.67,-0.6366,F
34.92,92025.73,-0.6171,F
34.94,92070.87,-0.6349,F
34.96,92073.5,-0.7107,F
34.98,92095.48,-0.689,F
35.0,92097.87,-0.6963,F
35.02,92102.56,-0.6531,F
35.04,92103.07,-0.7181,F
35.06,92116.88,-0.6337,F
35.08,92119.82,-0.4848,F
35.1,92140.73,-0.3989,F
35.12,92145.18,-0.3263,F
35.14,92158.54,-0.3186,F
35.16,92164.63,-0.2532,F
35.18,92175.85,-0.2982,F
35.2,92180.97,-0.2124,F
35.22,92189.39,-0.2515,F
35.24,92193.23,-0.3025,F
35.26,92195.53,-0.1878,F
35.28,92198.46,-0.3986,F
35.3,92192.79,-0.4264,F
35.32,92185.6,-0.5306,F
35.34,92185.58,-0.562,F
35.36,92174.26,-0.5099,F
35.38,92174.22,-0.545,F
35.4,92176.26,-0.5598,F
35.42,92176.26,-0.3825,F
35.44,92192.9,-0.1535,F
35.46,92192.99,-0.1093,F
35.48,92227.11,0.0318,F
35.5,92227.29,0.0845,F
35.52,92249.01,0.1802,F
35.54,92249.21,0.2385,F
35.56,92255.82,0.2713,F
35.58,92255.88,0.2181,F
35.6,92255.29,0.1529,F
35.62,92255.28,-0.0994,F
35.64,92267.29,-0.2769,F
35.66,92267.5,-0.3835,F
35.68,92299.97,-0.42,F
35.7,92300.99,-0.4944,F
35.72,92328.56,-0.5935,F
35.74,92329.44,-0.6771,F
35.76,92324.9,-0.7471,F
35.78,92324.64,-0.7913,F
35.8,92317.6,-0.9343,F
35.82,92317.19,-0.8535,F
35.84,92354.01,-0.7067,F
35.86,92358.02,-0.5235,F
35.88,92389.37,-0.2924,F
35.9,92392.79,-0.3096,F
35.92,92421.17,-0.1452,F
35.94,92427.2,-0.0978,F
35.96,92438.75,0.0942,F
35.98,92441.2,0.193,F
36.0,92439.04,0.2596,F
36.02,92438.07,0.2972,F
36.04,92435.0,0.2653,F
36.06,92433.6,0.3027,F
36.08,92427.82,0.2997,F
36.1,92420.48,0.369,F
36.12,92417.56,0.3917,F
36.14,92413.88,0.2255,F
36.16,92413.87,0.1136,F
36.18,92413.6,0.0643,F
36.2,92413.6,-0.1328,F
36.22,92398.68,-0.0585,F
36.24,92398.64,0.08,F
36.26,92411.74,0.3016,F
36.28,92411.81,0.3634,F
36.3,92462.52,0.7862,F
36.32,92462.79,0.9799,F
36.34,92471.28,1.0385,F
36.36,92471.36,1.0323,F
36.38,92483.42,1.0061,F
36.4,92483.54,0.9076,F
36.42,92539.32,1.0381,F
36.44,92540.3,1.2525,F
36.46,92545.99,1.4507,F
36.48,92546.09,1.6194,F
36.5,92536.94,1.7972,F
36.52,92536.65,1.9411,F
36.54,92557.89,2.0992,F
36.56,92558.56,2.2177,F
36.58,92550.73,2.3467,F
36.6,92550.27,2.4899,F
36.62,92559.27,2.6316,F
36.64,92559.78,2.7422,F
36.66,92565.77,2.9017,F
36.68,92566.42,2.9148,F
36.7,92535.81,2.8058,F
36.72,92532.48,2.7328,F
36.74,92555.71,2.8302,F
36.76,92560.66,3.0066,F
36.78,92556.54,3.1199,F
36.8,92555.67,3.1734,F
36.82,92550.2,3.1821,F
36.84,92547.71,3.1279,F
36.86,92556.72,3.1033,F
36.88,92560.83,3.1783,F
36.9,92563.25,3.2741,F
36.92,92566.32,3.3401,F
36.94,92568.01,3.4971,F
36.96,92570.14,3.5999,F
36.98,92570.14,3.7378,F
37.0,92571.67,3.7862,F
37.02,92571.67,3.7796,F
37.04,92613.13,3.8513,F
37.06,92613.25,3.8198,F
37.08,92664.56,3.712,F
37.1,92664.84,3.6094,F
37.12,92686.33,3.5186,F
37.14,92686.44,3.4179,F
37.16,92706.25,3.2969,F
37.18,92706.44,3.0474,F
37.2,92708.94,2.9565,F
37.22,92708.95,2.8606,F
37.24,92704.21,2.725,F
37.26,92704.13,2.6589,F
37.28,92695.78,2.5742,F
37.3,92695.64,2.4781,F
37.32,92720.12,2.3847,F
37.34,92720.89,2.25,F
37.36,92767.65,2.1513,F
37.38,92769.13,2.1445,F
37.4,92813.87,2.1194,F
37.42,92816.47,2.0935,F
37.44,92838.17,1.9936,F
37.46,92839.42,1.9342,F
37.48,92863.22,1.9019,F
37.5,92865.81,2.0039,F
37.52,92887.9,1.8398,F
37.54,92890.3,1.8599,F
37.56,92914.45,1.812,F
37.58,92919.59,1.8263,F
37.6,92954.34,1.8667,F
37.62,92961.72,1.971,F
37.64,92982.84,2.1452,F
37.66,92992.46,2.3243,F
37.68,93002.18,2.4498,F
37.7,93006.6,2.4872,F
37.72,93009.84,2.5829,F
37.74,93013.95,2.6691,F
37.76,93008.01,2.7444,F
37.78,93000.46,2.9157,F
37.8,93000.45,2.9398,F
37.82,92999.98,3.0258,F
37.84,92999.98,3.0595,F
37.86,92994.64,3.0747,F
37.88,92994.64,3.0356,F
37.9,92969.92,3.0637,F
37.92,92969.85,2.9653,F
37.94,92957.17,2.9051,F
37.96,92957.11,2.832,F
37.98,92945.84,2.7468,F
38.0,92945.78,2.6441,F
38.02,92945.59,2.5308,F
38.04,92945.59,2.5121,F
38.06,92947.64,2.3883,F
38.08,92947.65,2.3299,F
38.1,92962.94,2.2721,F
38.12,92963.2,2.2112,F
38.14,92981.13,2.1773,F
38.16,92981.44,2.1459,F
38.18,93017.67,2.1619,F
38.2,93018.82,2.12,F
38.22,93054.03,2.0793,F
38.24,93055.15,2.0129,F
38.26,93093.33,1.9318,F
38.28,93095.55,1.8911,F
38.3,93141.51,1.8421,F
38.32,93144.18,1.726,F
38.34,93173.27,1.6027,F
38.36,93176.43,1.5073,F
38.38,93215.73,1.3549,F
38.4,93220.01,1.1598,F
38.42,93258.34,1.0223,F
38.44,93266.48,0.8965,F
38.46,93276.5,0.7457,F
38.48,93278.63,0.6545,F
38.5,93263.14,0.6163,F
38.52,93256.07,0.568,F
38.54,93226.51,0.5699,F
38.56,93213.06,0.531,F
38.58,93210.71,0.512,F
38.6,93207.77,0.6896,F
38.62,93210.24,0.7999,F
38.64,93213.37,0.9384,F
38.66,93213.37,1.0309,F
38.68,93208.61,1.1767,F
38.7,93208.6,1.2317,F
38.72,93230.4,1.3434,F
38.74,93230.46,1.4384,F
38.76,93249.99,1.5339,F
38.78,93250.09,1.5497,F
38.8,93278.29,1.4986,F
38.82,93278.44,1.4139,F
38.84,93320.54,1.275,F
38.86,93320.94,0.9039,F
38.88,93354.9,0.5749,F
38.9,93355.22,0.6598,F
38.92,93379.84,0.4888,F
38.94,93380.27,0.4054,F
38.96,93375.4,0.5084,F
38.98,93375.32,0.4597,F
39.0,93365.97,0.4376,F
39.02,93365.68,0.5025,F
39.04,93359.62,0.7321,F
39.06,93359.43,0.6133,F
39.08,93355.02,0.7006,F
39.1,93354.77,0.6802,F
39.12,93358.7,0.712,F
39.14,93358.93,0.5643,F
39.16,93354.73,0.475,F
39.18,93354.28,0.3553,F
39.2,93353.52,0.3085,F
39.22,93353.45,0.3947,F
39.24,93389.77,0.4937,F
39.26,93397.49,0.5637,F
39.28,93410.69,0.6637,F
39.3,93413.49,0.7366,F
39.32,93428.33,0.8969,F
39.34,93435.07,0.9862,F
39.36,93441.29,1.0773,F
39.38,93449.15,1.2121,F
39.4,93449.16,1.3175,F
39.42,93462.16,1.4743,F
39.44,93462.2,1.5936,F
39.46,93471.66,1.6787,F
39.48,93471.67,1.828,F
39.5,93482.14,1.9439,F
39.52,93482.2,2.127,F
39.54,93490.75,2.348,F
39.56,93490.79,2.5995,F
39.58,93484.46,2.8306,F
39.6,93484.41,2.9991,F
39.62,93476.49,3.1881,F
39.64,93476.42,3.275,F
39.66,93482.2,3.3791,F
39.68,93482.29,3.3084,F
39.7,93516.87,3.324,F
39.72,93517.47,3.2927,F
39.74,93548.19,3.2648,F
39.76,93549.16,3.2739,F
39.78,93600.73,3.2716,F
39.8,93602.36,3.2731,F
39.82,93626.5,3.278,F
39.84,93627.9,3.3372,F
39.86,93658.17,3.3345,F
39.88,93659.93,3.3411,F
39.9,93676.05,3.3662,F
39.92,93677.8,3.4113,F
39.94,93686.35,3.4408,F
39.96,93687.27,3.4587,F
39.98,93678.12,3.4723,F
40.0,93676.18,3.5069,F
40.02,93673.16,3.5205,F
40.04,93672.52,3.4984,F
40.06,93676.82,3.4598,F
40.08,93678.78,3.4159,F
40.1,93710.0,3.3265,F
40.12,93724.22,3.2252,F
40.14,93736.98,3.1152,F
40.16,93753.12,2.9787,F
40.18,93768.76,2.8104,F
40.2,93788.56,2.5743,F
40.22,93788.62,2.3389,F
40.24,93823.65,2.1268,F
40.26,93823.75,1.9288,F
40.28,93845.59,1.7235,F
40.3,93845.65,1.5632,F
40.32,93847.62,1.3773,F
40.34,93847.63,1.2033,F
40.36,93863.9,1.0761,F
40.38,93863.98,0.8922,F
40.4,93862.98,0.6847,F
40.42,93862.97,0.5878,F
40.44,93861.39,0.4371,F
40.46,93861.38,0.3593,F
40.48,93863.06,0.4084,F
40.5,93863.08,0.3072,F
40.52,93868.48,0.1835,F
40.54,93868.57,0.1566,F
40.56,93856.25,0.1688,F
40.58,93855.87,0.1595,F
40.6,93860.71,0.2222,F
40.62,93860.86,0.2463,F
40.64,93878.7,0.192,F
40.66,93879.73,0.2236,F
40.68,93902.46,0.2494,F
40.7,93903.78,0.2676,F
40.72,93924.21,0.2829,F
40.74,93926.43,0.3039,F
40.76,93952.7,0.3704,F
40.78,93955.56,0.4231,F
40.8,93994.67,0.537,F
40.82,94002.98,0.6741,F
40.84,93995.67,0.7682,F
40.86,93994.12,0.8829,F
40.88,93966.05,1.0083,F
40.9,93960.08,1.0611,F
40.92,93945.97,1.1632,F
40.94,93939.54,1.249,F
40.96,93939.67,1.2419,F
40.98,93939.84,1.339,F
41.0,93953.27,1.3548,F
41.02,93970.31,1.4349,F
41.04,93976.56,1.4012,F
41.06,93984.34,1.4474,F
41.08,93984.47,1.3585,F
41.1,93955.46,1.1807,F
41.12,93955.38,1.0533,F
41.14,93940.06,0.9691,F
41.16,93940.02,0.9024,F
41.18,93977.84,0.7934,F
41.2,93978.05,0.7013,F
41.22,93990.44,0.6267,F
41.24,93990.5,0.484,F
41.26,94009.34,0.4042,F
41.28,94009.46,0.3998,F
41.3,94014.33,0.2413,F
41.32,94014.37,0.2314,F
41.34,94029.23,0.2243,F
41.36,94029.49,0.228,F
41.38,94029.49,0.228,F
41.4,94020.88,0.1972,F
41.42,94050.31,0.131,F
41.44,94051.24,0.1584,F
41.46,94095.4,0.1739,F
41.48,94100.21,0.0035,F
41.5,94108.75,0.1487,F
41.52,94109.25,0.1798,F
41.54,94119.45,0.2246,F
41.56,94120.03,0.2885,F
41.58,94129.97,0.3018,F
41.6,94131.05,0.3321,F
41.62,94157.29,0.3446,F
41.64,94160.15,0.35,F
41.66,94152.97,0.0762,F
41.68,94150.01,0.213,F
41.7,94159.32,0.1818,F
41.72,94163.71,0.3415,F
41.74,94173.21,0.3397,F
41.76,94185.27,0.3071,F
41.78,94185.29,0.2851,F
41.8,94245.33,0.2363,F
41.82,94245.4,0.2225,F
41.84,94292.87,0.0983,F
41.86,94292.87,0.0983,F
41.88,94306.79,0.0769,F
41.9,94306.85,0.0456,F
41.92,94314.13,0.0764,F
41.94,94314.25,-0.0735,F
41.96,94333.45,-0.0548,F
41.98,94335.54,-0.1007,F
42.0,94351.03,-0.154,F
42.02,94370.75,-0.1709,F
42.04,94385.77,-0.1824,F
42.06,94388.96,-0.2405,F
42.08,94388.96,-0.2482,F
42.1,94411.66,-0.3369,F
42.12,94411.66,-0.3369,F
42.14,94425.43,-0.3534,F
42.16,94425.43,-0.3527,F
42.18,94441.64,-0.3445,F
42.2,94459.77,-0.3924,F
42.22,94460.35,-0.3789,F
42.24,94460.35,-0.3953,F
42.26,94467.84,-0.4251,F
42.28,94470.91,-0.4322,F
42.3,94471.09,-0.4334,F
42.32,94471.09,-0.4398,F
42.34,94481.83,-0.4336,F
42.36,94481.83,-0.4405,F
42.38,94488.86,-0.4285,F
42.4,94488.86,-0.4207,F
42.42,94497.92,-0.4724,F
42.44,94497.92,-0.4458,F
42.46,94513.06,-0.4031,F
42.48,94513.06,-0.3839,F
42.5,94532.09,-0.4271,F
42.52,94541.62,-0.4737,F
42.54,94545.73,-0.4576,F
42.56,94554.5,-0.4793,F
42.58,94565.32,-0.453,F
42.6,94565.35,-0.4691,F
42.62,94573.57,-0.4068,F
42.64,94573.58,-0.4155,F
42.66,94585.66,-0.3369,F
42.68,94585.69,-0.3561,F
42.7,94589.2,-0.3588,F
42.72,94593.67,-0.3511,F
42.74,94602.69,-0.3251,F
42.76,94602.69,-0.3251,F
42.78,94612.98,-0.2735,F
42.8,94613.03,-0.1985,F
42.82,94632.09,-0.152,F
42.84,94632.27,-0.1314,F
42.86,94650.16,-0.1292,F
42.88,94650.73,-0.1085,F
42.9,94665.97,-0.0754,F
42.92,94666.23,-0.0411,F
42.94,94682.03,-0.0294,F
42.96,94682.29,-0.0293,F
42.98,94671.67,-0.011,F
43.0,94671.34,-0.0393,F
43.02,94644.62,-0.0053,F
43.04,94643.78,0.0271,F
43.06,94650.9,-0.001,F
43.08,94651.31,0.0491,F
43.1,94629.55,0.0587,F
43.12,94627.18,0.0768,F
43.14,94613.43,0.076,F
43.16,94610.5,0.0293,F
43.18,94608.93,-0.0664,F
43.2,94608.6,-0.2378,F
43.22,94600.24,-0.3323,F
43.24,94598.47,-0.2564,F
43.26,94615.99,-0.1169,F
43.28,94623.97,-0.0181,F
43.3,94638.49,0.0526,F
43.32,94645.1,0.1006,F
43.34,94656.19,0.2028,F
43.36,94670.25,0.2322,F
43.38,94682.88,0.2535,F
43.4,94698.88,0.2443,F
43.42,94698.92,0.2582,F
43.44,94721.76,0.3062,F
43.46,94721.82,0.2782,F
43.48,94737.16,0.2894,F
43.5,94737.2,0.29,F
43.52,94750.12,0.2746,F
43.54,94750.19,0.3753,F
43.56,94770.37,0.4388,F
43.58,94770.48,0.51,F
43.6,94806.2,0.518,F
43.62,94806.54,0.5907,F
43.64,94878.69,0.5759,F
43.66,94879.07,0.5598,F
43.68,94937.71,0.5233,F
43.7,94938.28,0.542,F
43.72,94955.62,0.6155,F
43.74,94955.78,0.6337,F
43.76,94966.44,0.6418,F
43.78,94966.62,0.6726,F
43.8,94985.36,0.6975,F
43.82,94985.69,0.6675,F
43.84,94998.18,0.5979,F
43.86,94998.58,0.5782,F
43.88,94989.59,0.599,F
43.9,94989.31,0.5902,F
43.92,94985.16,0.6539,F
43.94,94984.92,0.646,F
43.96,94966.5,0.5924,F
43.98,94965.44,0.5123,F
44.0,94946.66,0.5495,F
44.02,94944.61,0.4025,F
44.04,94927.5,0.1949,F
44.06,94925.64,0.1837,F
44.08,94929.16,0.1122,F
44.1,94929.9,0.0008,F
44.12,94960.92,-0.0017,F
44.14,94967.51,-0.0635,F
44.16,95011.61,-0.0156,F
44.18,95031.7,0.1014,F
44.2,95069.46,0.1684,F
44.22,95086.65,0.2638,F
44.24,95096.06,0.3244,F
44.26,95107.95,0.4159,F
44.28,95109.56,0.5951,F
44.3,95111.57,0.7148,F
44.32,95111.57,0.852,F
44.34,95087.38,1.0062,F
44.36,95087.31,1.1064,F
44.38,95038.14,1.2464,F
44.4,95037.99,1.3164,F
44.42,95055.57,1.4835,F
44.44,95055.66,1.7144,F
44.46,95065.41,1.7901,F
44.48,95065.45,1.9707,F
44.5,95108.64,2.1762,F
44.52,95109.05,2.3069,F
44.54,95158.36,2.3966,F
44.56,95158.83,2.4252,F
44.58,95153.01,2.5165,F
44.6,95152.91,2.5301,F
44.62,95138.65,2.3049,F
44.64,95138.41,2.1495,F
44.66,95156.62,1.9251,F
44.68,95157.2,1.7201,F
44.7,95194.64,1.7327,F
44.72,95195.82,1.2506,F
44.74,95207.4,1.4219,F
44.76,95208.07,1.2894,F
44.78,95222.66,1.1086,F
44.8,95223.5,0.942,F
44.82,95238.92,0.7779,F
44.84,95240.59,0.601,F
44.86,95251.43,0.4631,F
44.88,95252.61,0.3234,F
44.9,95255.39,0.2162,F
44.92,95255.98,0.1443,F
44.94,95242.94,0.0891,F
44.96,95240.17,0.0478,F
44.98,95230.22,0.0035,F
45.0,95225.7,0.0223,F
45.02,95235.22,0.0161,F
45.04,95239.56,-0.0157,F
45.06,95242.66,0.021,F
45.08,95246.59,0.0191,F
45.1,95248.82,0.0497,F
45.12,95251.63,0.0392,F
45.14,95251.63,0.0404,F
45.16,95255.21,-0.0074,F
45.18,95255.22,0.005,F
45.2,95265.98,0.0083,F
45.22,95266.01,0.0054,F
45.24,95311.66,-0.006,F
45.26,95311.91,0.1015,F
45.28,95348.1,0.132,F
45.3,95348.28,0.123,F
45.32,95401.84,0.1836,F
45.34,95402.36,0.2652,F
45.36,95464.6,0.3047,F
45.38,95465.2,0.4273,F
45.4,95485.03,0.5287,F
45.42,95485.37,0.6418,F
45.44,95488.45,0.7429,F
45.46,95488.49,0.8796,F
45.48,95510.05,0.8757,F
45.5,95510.74,0.7606,F
45.52,95551.86,0.6701,F
45.54,95553.17,0.5878,F
45.56,95582.34,0.8198,F
45.58,95584.03,0.9258,F
45.6,95600.12,1.0219,F
45.62,95601.04,1.028,F
45.64,95611.71,1.0913,F
45.66,95612.32,1.0242,F
45.68,95600.6,0.9555,F
45.7,95599.32,1.0672,F
45.72,95583.73,1.0168,F
45.74,95582.82,1.0057,F
45.76,95590.06,1.0281,F
45.78,95590.84,0.9522,F
45.8,95537.4,0.937,F
45.82,95531.59,0.9538,F
45.84,95491.2,0.8218,F
45.86,95482.62,0.9322,F
45.88,95427.29,0.8825,F
45.9,95415.54,0.8701,F
45.92,95438.61,0.8281,F
45.94,95449.13,0.8583,F
45.96,95463.36,0.8984,F
45.98,95469.83,1.0023,F
46.0,95459.05,1.2957,F
46.02,95445.36,1.1704,F
46.04,95449.8,1.292,F
46.06,95455.5,1.3751,F
46.08,95455.51,1.3019,F
46.1,95555.51,1.2767,F
46.12,95555.8,1.3068,F
46.14,95701.2,1.2825,F
46.16,95701.63,1.3237,F
46.18,95796.97,1.2395,F
46.2,95797.48,1.1639,F
46.22,95834.17,1.1327,F
46.24,95834.37,1.2938,F
46.26,95777.8,1.4484,F
46.28,95777.25,1.4135,F
46.3,95743.74,1.3123,F
46.32,95743.41,1.2156,F
46.34,95778.89,1.0935,F
46.36,95779.51,1.0284,F
46.38,95813.1,0.9099,F
46.4,95813.69,0.7962,F
46.42,95824.51,0.7115,F
46.44,95824.85,0.6847,F
46.46,95836.54,0.6404,F
46.48,95836.91,0.6147,F
46.5,95855.09,0.618,F
46.52,95856.15,0.6389,F
46.54,95872.24,0.6118,F
46.56,95873.16,0.7039,F
46.58,95893.93,0.7789,F
46.6,95896.19,0.8119,F
46.62,95924.04,0.9177,F
46.64,95927.07,0.9624,F
46.66,95944.62,0.9842,F
46.68,95948.35,1.024,F
46.7,95970.46,0.9446,F
46.72,95975.16,0.8111,F
46.74,95995.12,0.6944,F
46.76,96004.22,0.5551,F
46.78,96002.79,0.4192,F
46.8,96002.13,0.4515,F
46.82,95999.42,0.3643,F
46.84,95995.98,0.3671,F
46.86,95993.99,0.318,F
46.88,95991.46,0.324,F
46.9,95991.46,0.334,F
46.92,96005.16,0.3078,F
46.94,96005.19,0.2391,F
46.96,96033.17,0.2321,F
46.98,96033.25,0.2933,F
47.0,96055.69,0.3788,F
47.02,96055.8,0.4984,F
47.04,96070.11,0.6309,F
47.06,96070.18,0.6413,F
47.08,96086.75,0.6856,F
47.1,96086.91,0.8186,F
47.12,96106.91,0.8479,F
47.14,96107.1,0.9377,F
47.16,96126.8,0.9762,F
47.18,96127.14,0.977,F
47.2,96117.31,1.0187,F
47.22,96117.14,0.9595,F
47.24,96090.37,0.9475,F
47.26,96089.53,0.926,F
47.28,96088.79,0.9538,F
47.3,96088.78,0.9537,F
47.32,96062.38,0.97,F
47.34,96060.85,1.0523,F
47.36,96011.15,1.0896,F
47.38,96008.26,1.1319,F
47.4,96019.39,1.1602,F
47.42,96020.6,1.2053,F
47.44,96040.57,1.3136,F
47.46,96042.74,1.3543,F
47.48,96081.27,1.3653,F
47.5,96089.45,1.32,F
47.52,96119.96,1.3384,F
47.54,96126.45,1.3714,F
47.56,96156.3,1.4104,F
47.58,96169.9,1.4941,F
47.6,96200.19,1.6044,F
47.62,96213.97,1.749,F
47.64,96225.7,1.8443,F
47.66,96240.53,1.8435,F
47.68,96262.85,1.7642,F
47.7,96291.13,1.7451,F
47.72,96291.2,1.711,F
47.74,96343.96,1.6278,F
47.76,96344.11,1.5243,F
47.78,96362.59,1.4372,F
47.8,96362.64,1.3503,F
47.82,96348.36,1.396,F
47.84,96348.3,1.3833,F
47.86,96297.96,1.3185,F
47.88,96297.69,1.3142,F
47.9,96293.28,1.293,F
47.92,96293.24,1.2854,F
47.94,96287.49,1.3115,F
47.96,96287.43,1.3044,F
47.98,96302.97,1.3188,F
48.0,96303.24,1.3256,F
48.02,96328.75,1.1992,F
48.04,96329.19,0.9372,F
48.06,96378.55,0.7454,F
48.08,96380.12,0.7608,F
48.1,96421.22,0.9039,F
48.12,96422.53,0.7492,F
48.14,96435.91,0.8082,F
48.16,96436.69,0.8107,F
48.18,96441.06,0.8356,F
48.2,96441.3,0.8902,F
48.22,96487.13,0.9877,F
48.24,96492.13,1.1058,F
48.26,96516.05,1.1794,F
48.28,96518.65,1.2872,F
48.3,96514.71,1.3791,F
48.32,96513.87,1.54,F
48.34,96476.18,1.6463,F
48.36,96468.16,1.8297,F
48.38,96439.22,1.8963,F
48.4,96426.04,1.93,F
48.42,96403.49,2.0412,F
48.44,96393.22,2.0831,F
48.46,96387.2,2.141,F
48.48,96379.59,2.1985,F
48.5,96375.81,2.2301,F
48.52,96371.03,2.3271,F
48.54,96371.03,2.2672,F
48.56,96384.38,2.2258,F
48.58,96384.42,2.1927,F
48.6,96409.84,2.116,F
48.62,96409.91,2.0412,F
48.64,96434.44,1.9984,F
48.66,96434.56,1.9218,F
48.68,96476.09,1.827,F
48.7,96476.31,1.6875,F
48.72,96530.04,1.5651,F
48.74,96530.56,1.408,F
48.76,96580.98,1.2517,F
48.78,96581.46,1.0752,F
48.8,96619.93,0.9074,F
48.82,96620.6,0.708,F
48.84,96598.27,0.5968,F
48.86,96597.88,0.4886,F
48.88,96545.75,0.3931,F
48.9,96544.1,0.3995,F
48.92,96514.63,0.4058,F
48.94,96513.7,0.5588,F
48.96,96500.02,0.7683,F
48.98,96499.22,0.9646,F
49.0,96532.55,1.1731,F
49.02,96534.49,1.2626,F
49.04,96568.15,1.3382,F
49.06,96570.11,1.4516,F
49.08,96624.77,1.5843,F
49.1,96630.72,1.6715,F
49.12,96689.13,1.7921,F
49.14,96695.49,1.834,F
49.16,96741.53,1.8415,F
49.18,96751.32,1.9124,F
49.2,96781.45,1.7892,F
49.22,96787.85,1.7337,F
49.24,96797.41,1.4346,F
49.26,96801.77,1.4664,F
49.28,96806.47,1.3841,F
49.3,96808.61,1.2845,F
49.32,96816.16,1.3822,F
49.34,96825.76,1.4163,F
49.36,96824.87,1.3831,F
49.38,96823.71,1.3967,F
49.4,96823.71,1.404,F
49.42,96832.35,1.4774,F
49.44,96832.37,1.5624,F
49.46,96842.18,1.6759,F
49.48,96842.21,1.6766,F
49.5,96848.13,1.6106,F
49.52,96848.16,1.3574,F
49.54,96860.53,1.2765,F
49.56,96860.59,1.1665,F
49.58,96837.46,1.0583,F
49.6,96837.24,0.8736,F
49.62,96821.93,0.8274,F
49.64,96821.78,0.7686,F
49.66,96832.93,0.7931,F
49.68,96833.12,0.7998,F
49.7,96856.26,0.8375,F
49.72,96856.66,0.7448,F
49.74,96860.1,0.8594,F
49.76,96860.2,0.7655,F
49.78,96871.8,0.7312,F
49.8,96872.16,0.6544,F
49.82,96888.64,0.6207,F
49.84,96889.59,0.5162,F
49.86,96905.96,0.4455,F
49.88,96906.9,0.3245,F
49.9,96924.78,0.2537,F
49.92,96926.73,0.1855,F
49.94,96936.72,0.1806,F
49.96,96937.81,0.1264,F
49.98,96941.9,0.1481,F
50.0,96942.77,0.1544,F
50.02,96954.5,0.153,F
50.04,96957.0,0.1768,F
50.06,96953.97,0.2636,F
50.08,96952.59,0.314,F
50.1,96965.83,0.1085,F
50.12,96971.86,0.3215,F
50.14,96972.94,0.3313,F
50.16,96974.31,0.3085,F
50.18,96999.06,0.259,F
50.2,97030.47,0.1907,F
50.22,97030.56,0.1533,F
50.24,97073.41,0.1651,F
50.26,97073.53,0.096,F
50.28,97103.35,0.1032,F
50.3,97103.44,-0.0563,F
50.32,97128.85,-0.0673,F
50.34,97128.97,-0.1222,F
50.36,97133.89,-0.1177,F
50.38,97133.91,-0.2735,F
50.4,97149.91,-0.1125,F
50.42,97150.07,-0.2142,F
50.44,97189.84,-0.1608,F
50.46,97190.23,-0.1221,F
50.48,97223.13,-0.0992,F
50.5,97223.7,-0.1207,F
50.52,97249.38,-0.1275,F
50.54,97249.82,-0.1459,F
50.56,97267.62,-0.1933,F
50.58,97268.18,-0.1744,F
50.6,97292.08,-0.0927,F
50.62,97292.84,-0.1838,F
50.64,97304.71,-0.1322,F
50.66,97305.39,-0.2446,F
50.68,97311.37,-0.4001,F
50.7,97311.71,-0.4575,F
50.72,97305.99,-0.3738,F
50.74,97305.38,-0.3115,F
50.76,97310.15,-0.2708,F
50.78,97310.66,-0.2005,F
50.8,97313.83,-0.2303,F
50.82,97314.5,-0.344,F
50.84,97324.99,-0.4215,F
50.86,97327.22,-0.4877,F
50.88,97338.95,-0.811,F
50.9,97344.3,-0.8223,F
50.92,97350.24,-0.5812,F
50.94,97352.95,-0.6324,F
50.96,97355.68,-0.2492,F
50.98,97359.14,-0.1276,F
51.0,97370.09,0.0105,F
51.02,97383.97,0.0684,F
51.04,97384.0,-0.0409,F
51.06,97404.21,-0.0451,F
51.08,97404.27,-0.031,F
51.1,97431.54,-0.0225,F
51.12,97431.61,0.0757,F
51.14,97444.34,0.1283,F
51.16,97444.4,0.1116,F
51.18,97419.62,0.1207,F
51.2,97419.49,0.1038,F
51.22,97413.2,0.1503,F
51.24,97413.14,0.106,F
51.26,97426.39,0.0617,F
51.28,97426.51,0.0746,F
51.3,97425.72,0.0518,F
51.32,97425.71,-0.0314,F
51.34,97441.66,0.0577,F
51.36,97441.94,0.0877,F
51.38,97446.65,0.0202,F
51.4,97446.8,0.0126,F
51.42,97437.81,0.054,F
51.44,97437.53,0.002,F
51.46,97445.32,0.0799,F
51.48,97445.77,0.0817,F
51.5,97454.71,0.0638,F
51.52,97455.22,0.0422,F
51.54,97466.94,0.0076,F
51.56,97468.21,0.0093,F
51.58,97472.15,0.0236,F
51.6,97472.58,-0.0221,F
51.62,97485.86,-0.0577,F
51.64,97488.69,-0.1688,F
51.66,97504.75,-0.1689,F
51.68,97508.17,-0.2165,F
51.7,97518.56,-0.2451,F
51.72,97523.3,-0.2484,F
51.74,97531.34,-0.2398,F
51.76,97535.0,-0.1991,F
51.78,97545.12,-0.176,F
51.8,97557.97,-0.1501,F
51.82,97577.81,-0.0916,F
51.84,97602.95,-0.125,F
51.86,97603.02,-0.1374,F
51.88,97607.75,-0.1862,F
51.9,97607.76,-0.161,F
51.92,97639.58,-0.274,F
51.94,97639.67,-0.2657,F
51.96,97656.62,-0.2525,F
51.98,97656.66,-0.2639,F
52.0,97674.85,-0.292,F
52.02,97674.95,-0.3169,F
52.04,97702.68,-0.3505,F
52.06,97702.83,-0.3223,F
52.08,97732.28,-0.3069,F
52.1,97732.56,-0.3365,F
52.12,97769.64,-0.293,F
52.14,97769.99,-0.2878,F
52.16,97801.45,-0.2682,F
52.18,97802.0,-0.286,F
52.2,97821.36,-0.2572,F
52.22,97821.7,-0.2707,F
52.24,97841.03,-0.2441,F
52.26,97841.64,-0.2735,F
52.28,97847.75,-0.2753,F
52.3,97847.94,-0.262,F
52.32,97851.25,-0.2877,F
52.34,97851.43,-0.3021,F
52.36,97854.25,-0.3451,F
52.38,97854.41,-0.3434,F
52.4,97855.47,-0.4128,F
52.42,97855.58,-0.4536,F
52.44,97865.69,-0.4572,F
52.46,97866.79,-0.5016,F
52.48,97876.07,-0.5539,F
52.5,97878.05,-0.6685,F
52.52,97872.53,-0.8353,F
52.54,97871.37,-0.8845,F
52.56,97863.67,-0.9981,F
52.58,97860.17,-0.8595,F
52.6,97861.58,-0.6259,F
52.62,97862.23,-0.5304,F
52.64,97866.38,-0.4194,F
52.66,97871.67,-0.3704,F
52.68,97880.58,-0.3178,F
52.7,97891.88,-0.2845,F
52.72,97891.91,-0.2256,F
52.74,97919.91,-0.2178,F
52.76,97919.99,-0.1721,F
52.78,97959.57,-0.0377,F
52.8,97959.69,-0.0089,F
52.82,98002.81,0.0029,F
52.84,98003.05,0.1343,F
52.86,98035.88,0.2529,F
52.88,98036.05,0.2456,F
52.9,98060.41,0.3046,F
52.92,98060.64,0.3307,F
52.94,98088.11,0.3534,F
52.96,98088.37,0.2234,F
52.98,98104.46,0.3662,F
53.0,98104.73,0.256,F
53.02,98115.72,0.1243,F
53.04,98115.91,-0.0496,F
53.06,98103.47,-0.0499,F
53.08,98103.08,0.0057,F
53.1,98062.24,-0.0295,F
53.12,98060.94,-0.0309,F
53.14,98009.08,-0.0264,F
53.16,98006.06,0.0238,F
53.18,97974.93,0.1141,F
53.2,97973.13,0.1696,F
53.22,97979.06,0.2818,F
53.24,97979.71,0.3213,F
53.26,98016.45,0.3415,F
53.28,98020.45,0.3292,F
53.3,98064.47,0.3998,F
53.32,98073.83,0.4332,F
53.34,98111.72,0.24,F
53.36,98119.78,0.3104,F
53.38,98129.36,0.1246,F
53.4,98133.73,-0.0853,F
53.42,98165.47,-0.2151,F
53.44,98179.94,-0.3015,F
53.46,98179.55,-0.2794,F
53.48,98179.01,-0.3666,F
53.5,98177.92,-0.3542,F
53.52,98176.54,-0.3687,F
53.54,98176.54,-0.4163,F
53.56,98177.66,-0.4267,F
53.58,98177.66,-0.4164,F
53.6,98201.93,-0.4976,F
53.62,98202.0,-0.4337,F
53.64,98227.21,-0.3687,F
53.66,98227.34,-0.3086,F
53.68,98277.75,-0.2742,F
53.7,98278.02,-0.212,F
53.72,98333.01,-0.2388,F
53.74,98333.54,-0.1975,F
53.76,98361.57,-0.2121,F
53.78,98361.83,-0.1616,F
53.8,98363.48,-0.1054,F
53.82,98363.49,-0.0474,F
53.84,98382.72,0.0003,F
53.86,98383.05,0.041,F
53.88,98402.86,0.1165,F
53.9,98403.49,0.2203,F
53.92,98422.89,0.2652,F
53.94,98423.5,0.2986,F
53.96,98430.5,0.2889,F
53.98,98430.9,0.2711,F
54.0,98420.48,0.2064,F
54.02,98419.88,0.1473,F
54.04,98397.55,-0.1476,F
54.06,98395.12,-0.6713,F
54.08,98337.12,-1.1184,F
54.1,98330.8,-1.3632,F
54.12,98292.59,-0.8229,F
54.14,98284.47,-0.5063,F
54.16,98309.84,-0.3336,F
54.18,98315.25,-0.1397,F
54.2,98346.74,-0.0305,F
54.22,98361.09,-0.0684,F
54.24,98414.18,0.0109,F
54.26,98438.35,0.0013,F
54.28,98464.36,-0.0693,F
54.3,98497.28,-0.0716,F
54.32,98509.77,-0.1394,F
54.34,98525.49,-0.1933,F
54.36,98525.53,-0.315,F
54.38,98547.54,-0.3077,F
54.4,98547.6,-0.3456,F
54.42,98567.71,-0.5502,F
54.44,98567.77,-0.504,F
54.46,98601.9,-0.5149,F
54.48,98602.0,-0.605,F
54.5,98621.5,-0.8309,F
54.52,98621.6,-12.7221,F
54.54,98629.33,-4.035,F
54.56,98629.36,-0.6333,F
54.58,98647.91,-0.8685,F
54.6,98648.09,-1.0628,F
54.62,98650.3,-1.0594,F
54.64,98650.31,-1.0594,F
54.66,98669.94,-0.8874,F
54.68,98670.28,-0.8072,F
54.7,98689.89,-0.7152,F
54.72,98690.23,-0.6546,F
54.74,98714.48,-0.4396,F
54.76,98715.25,-0.7415,F
54.78,98717.6,-0.6549,F
54.8,98717.67,-1.0468,F
54.82,98727.85,-1.4505,F
54.84,98728.44,-0.6934,F
54.86,98744.29,-0.9278,F
54.88,98745.21,-0.9222,F
54.9,98755.38,-1.1931,F
54.92,98756.49,-1.1105,F
54.94,98776.68,-1.0136,F
54.96,98778.88,-0.9957,F
54.98,98792.02,-0.9817,F
55.0,98794.82,-0.8556,F
55.02,98806.68,-0.9695,F
55.04,98809.2,-0.9589,F
55.06,98815.25,-1.248,F
55.08,98818.01,-1.2504,F
55.1,98814.85,-0.1718,F
55.12,98813.41,-0.7451,F
55.14,98805.9,-0.7476,F
55.16,98796.36,-0.6498,F
55.18,98790.21,-0.966,F
55.2,98782.42,-1.123,F
55.22,98782.4,-1.0227,F
55.24,98747.59,-0.6033,F
55.26,98747.49,-0.6888,F
55.28,98748.09,-0.6675,F
55.3,98748.09,-0.5628,F
55.32,98779.47,-0.7394,F
55.34,98779.63,-0.6126,F
55.36,98795.2,-0.45,F
55.38,98795.28,-0.3271,F
55.4,98800.71,-0.4635,F
55.42,98800.75,-0.2196,F
55.44,98819.9,0.2868,F
55.46,98820.09,0.3885,F
55.48,98812.68,0.2797,F
55.5,98812.55,0.0127,F
55.52,98802.64,1.0523,F
55.54,98802.47,0.2578,F
55.56,98844.24,0.6789,F
55.58,98846.67,1.1794,F
55.6,98877.57,-0.2026,F
55.62,98879.36,-5.5346,F
55.64,98921.06,2.9014,F
55.66,98925.6,6.9864,F
55.68,98967.47,6.1481,F
55.7,98976.38,5.1853,F
55.72,98970.87,4.0405,F
55.74,98969.71,2.9724,F
55.76,98971.61,2.4425,F
55.78,98972.02,2.1886,F
55.8,98980.4,2.0127,F
55.82,98984.22,2.0906,F
55.84,99002.66,1.733,F
55.86,99011.06,1.635,F
55.88,99020.1,1.7787,F
55.9,99030.96,1.9818,F
55.92,99039.54,2.5251,F
55.94,99049.65,2.0219,F
55.96,99049.68,1.6908,F
55.98,99057.28,1.8652,F
56.0,99057.29,2.0306,F
56.02,99039.58,2.3597,F
56.04,99039.53,2.315,F
56.06,99027.8,2.0189,F
56.08,99027.74,1.8212,F
56.1,99027.74,1.8212,F
56.12,99021.34,0.9901,F
56.14,99031.25,0.841,F
56.16,99031.34,0.7049,F
56.18,99001.02,0.643,F
56.2,99000.05,0.5542,F
56.22,98992.99,0.4038,F
56.24,98992.88,0.3065,F
56.26,99020.97,0.2183,F
56.28,99021.45,0.1435,F
56.3,99047.85,0.3223,F
56.32,99059.91,0.2636,F
56.34,99074.27,0.3979,F
56.36,99074.73,0.1036,F
56.38,99085.27,0.4292,F
56.4,99085.88,0.424,F
56.42,99085.88,0.6055,F
56.44,99095.92,0.8463,F
56.46,99109.52,-0.3761,F
56.48,99109.52,-0.3761,F
56.5,99110.25,-0.3826,F
56.52,99109.92,-0.0765,F
56.54,99118.91,-0.0891,F
56.56,99118.91,-0.0891,F
56.58,99124.89,-0.2014,F
56.6,99130.07,-0.4037,F
56.62,99130.07,-0.3634,F
56.64,99138.13,-2.223,F
56.66,99138.13,-6.2229,F
56.68,99131.4,-4.8908,F
56.7,99131.4,-3.1139,F
56.72,99144.13,-0.661,F
56.74,99144.13,-0.5698,F
56.76,99155.06,-0.3673,F
56.78,99155.07,-0.3963,F
56.8,99148.06,-0.6443,F
56.82,99148.03,-1.2198,F
56.84,99157.46,-1.0306,F
56.86,99158.0,-1.8914,F
56.88,99163.24,-2.0037,F
56.9,99164.35,-0.7636,F
56.92,99166.04,-0.6508,F
56.94,99168.18,-1.9038,F
56.96,99168.18,-2.1219,F
56.98,99169.28,-0.7713,F
57.0,99172.05,-0.4667,F
57.02,99172.06,-0.7498,F
57.04,99181.88,-1.3746,F
57.06,99181.98,-0.9383,F
57.08,99189.94,-0.1093,F
57.1,99190.18,-2.6238,F
57.12,99189.64,-2.4735,F
57.14,99189.63,-0.7355,F
57.16,99189.63,-0.7822,F
57.18,99188.64,-0.8527,F
57.2,99188.19,-1.2724,F
57.22,99186.87,-1.4175,F
57.24,99186.87,-1.3532,F
57.26,99186.65,-1.1742,F
57.28,99186.65,-1.1444,F
57.3,99185.56,-0.996,F
57.32,99185.55,-0.9651,F
57.34,99185.55,-0.9651,F
57.36,99186.32,-1.0702,F
57.38,99197.42,-1.0918,F
57.4,99197.53,-1.1724,F
57.42,99205.99,-1.164,F
57.44,99206.9,-1.5204,F
57.46,99212.62,-1.8645,F
57.48,99212.71,-1.991,F
57.5,99214.26,-1.7851,F
57.52,99214.3,-1.7275,F
57.54,99214.3,-1.6429,F
57.56,99219.38,-1.1807,F
57.58,99227.29,-1.1316,F
57.6,99227.75,-0.9701,F
57.62,99236.85,-0.7803,F
57.64,99237.37,-0.8926,F
57.66,99236.01,-0.9583,F
57.68,99235.87,-0.926,F
57.7,99242.07,-0.9895,F
57.72,99242.74,-1.2479,F
57.74,99244.76,-1.2193,F
57.76,99245.18,-0.9243,F
57.78,99248.61,-0.7913,F
57.8,99249.33,-0.6367,F
57.82,99253.52,-0.5087,F
57.84,99254.41,-0.4989,F
57.86,99257.54,-0.6107,F
57.88,99258.2,-0.8131,F
57.9,99261.9,-1.0768,F
57.92,99263.59,-1.6219,F
57.94,99259.99,-1.9928,F
57.96,99258.36,-1.5701,F
57.98,99259.3,-1.0224,F
58.0,99260.49,-0.8562,F
58.02,99260.9,-1.1893,F
58.04,99261.42,-1.5409,F
58.06,99261.42,-1.2793,F
58.08,99266.2,-1.0812,F
58.1,99266.2,-1.1709,F
58.12,99273.41,-1.1419,F
58.14,99273.43,-1.1623,F
58.16,99273.94,-1.2501,F
58.18,99273.94,-1.1307,F
58.2,99281.59,-1.1426,F
58.22,99281.61,-1.1628,F
58.24,99287.59,-1.0767,F
58.26,99287.62,-0.9263,F
58.28,99291.85,-1.0246,F
58.3,99291.86,-1.1005,F
58.32,99292.91,-1.1014,F
58.34,99292.91,-1.1254,F
58.36,99294.85,-1.232,F
58.38,99294.87,-1.2558,F
58.4,99291.47,-1.3397,F
58.42,99291.41,-1.3336,F
58.44,99303.02,-1.3605,F
58.46,99303.22,-1.3348,F
58.48,99302.34,-1.2788,F
58.5,99302.33,-1.1833,F
58.52,99308.42,-1.1214,F
58.54,99308.61,-1.0656,F
58.56,99312.65,-0.8953,F
58.58,99312.88,-0.9048,F
58.6,99317.69,-0.9447,F
58.62,99317.96,-1.0152,F
58.64,99315.78,-1.1118,F
58.66,99315.66,-1.1696,F
58.68,99320.75,-1.1859,F
58.7,99321.04,-1.2276,F
58.72,99321.86,-1.2443,F
58.74,99321.94,-1.3461,F
58.76,99324.9,-1.3695,F
58.78,99325.21,-1.3647,F
58.8,99326.71,-1.2692,F
58.82,99327.02,-1.1578,F
58.84,99329.08,-1.0364,F
58.86,99329.51,-0.9593,F
58.88,99336.05,-0.9217,F
58.9,99339.03,-0.9757,F
58.92,99337.45,-1.0558,F
58.94,99336.72,-1.1042,F
58.96,99340.6,-1.1061,F
58.98,99345.52,-1.0504,F
59.0,99346.17,-1.0175,F
59.02,99346.99,-0.9591,F
59.04,99346.99,-0.8772,F
59.06,99352.79,-0.8318,F
59.08,99352.8,-0.7631,F
59.1,99356.97,-0.7314,F
59.12,99356.98,-0.6954,F
59.14,99360.63,-0.6438,F
59.16,99360.64,-0.6153,F
59.18,99365.59,-0.6096,F
59.2,99365.59,-0.6128,F
59.22,99370.42,-0.6269,F
59.24,99370.43,-0.6645,F
59.26,99365.77,-0.6629,F
59.28,99365.75,-0.657,F
59.3,99373.88,-0.6674,F
59.32,99373.92,-0.6967,F
59.34,99370.9,-0.7578,F
59.36,99370.88,-0.8261,F
59.38,99379.34,-0.8901,F
59.4,99379.41,-0.965,F
59.42,99376.73,-1.009,F
59.44,99376.69,-1.0021,F
59.46,99375.07,-0.9995,F
59.48,99375.05,-0.9842,F
59.5,99373.96,-0.9487,F
59.52,99373.93,-0.9886,F
59.54,99369.03,-0.9877,F
59.56,99368.88,-0.9489,F
59.58,99371.43,-0.9735,F
59.6,99371.58,-1.0661,F
59.62,99377.47,-1.077,F
59.64,99377.8,-1.1126,F
59.66,99382.89,-1.0875,F
59.68,99383.44,-1.109,F
59.7,99385.76,-1.065,F
59.72,99386.0,-1.0081,F
59.74,99386.74,-0.9619,F
59.76,99386.88,-0.9003,F
59.78,99385.84,-0.8567,F
59.8,99385.63,-0.8432,F
59.82,99387.35,-0.839,F
59.84,99388.13,-0.8774,F
59.86,99395.79,-0.8631,F
59.88,99399.29,-0.8131,F
59.9,99400.23,-0.7876,F
59.92,99400.65,-0.7849,F
59.94,99406.25,-0.783,F
59.96,99408.81,-0.8139,F
59.98,99409.95,-0.8442,F
60.0,99411.4,-0.869,F
60.02,99410.44,-0.9948,F
60.04,99409.23,-1.087,F
60.06,99409.23,-1.0838,F
60.08,99413.66,-1.0984,F
60.1,99413.67,-1.0802,F
60.12,99425.18,-1.0865,F
60.14,99425.21,-1.166,F
60.16,99422.86,-1.1671,F
60.18,99422.86,-1.105,F
60.2,99427.27,-1.1209,F
60.22,99427.29,-1.1241,F
60.24,99427.95,-1.1413,F
60.26,99427.95,-1.1813,F
60.28,99429.38,-1.1894,F
60.3,99429.39,-1.1339,F
60.32,99432.44,-1.1077,F
60.34,99432.49,-1.0299,F
60.36,99433.62,-1.0012,F
60.38,99433.64,-0.9298,F
60.4,99442.87,-0.8692,F
60.42,99443.16,-0.7236,F
60.44,99447.5,-0.8464,F
60.46,99447.63,-0.7112,F
60.48,99449.77,-0.7664,F
60.5,99449.9,-0.8614,F
60.52,99453.71,-0.9063,F
60.54,99453.92,-0.9775,F
60.56,99450.45,-0.9804,F
60.58,99450.08,-1.0035,F
60.6,99457.32,-1.0686,F
60.62,99458.1,-1.0758,F
60.64,99458.53,-1.0886,F
60.66,99458.61,-1.0798,F
60.68,99466.5,-1.0554,F
60.7,99468.18,-1.0166,F
60.72,99465.92,-0.892,F
60.74,99464.9,-0.8112,F
60.76,99466.55,-0.7676,F
60.78,99467.3,-0.7976,F
60.8,99465.56,-0.7915,F
60.82,99463.34,-0.8998,F
60.84,99468.07,-1.0568,F
60.86,99474.08,-1.19,F
60.88,99474.38,-1.2483,F
60.9,99474.75,-1.216,F
60.92,99476.56,-1.1471,F
60.94,99478.85,-1.0591,F
60.96,99478.85,-0.9337,F
60.98,99483.14,-0.8113,F
61.0,99483.15,-0.7383,F
61.02,99488.56,-0.7804,F
61.04,99488.57,-0.897,F
61.06,99493.29,-1.0035,F
61.08,99493.3,-1.0437,F
61.1,99498.51,-0.9804,F
61.12,99498.53,-0.9982,F
61.14,99497.28,-1.0111,F
61.16,99497.27,-0.9963,F
61.18,99501.42,-0.9597,F
61.2,99501.46,-0.9649,F
61.22,99504.63,-0.9294,F
61.24,99504.68,-0.9389,F
61.26,99507.01,-0.972,F
61.28,99507.05,-1.0474,F
61.3,99515.72,-1.1567,F
61.32,99515.99,-1.2391,F
61.34,99518.5,-1.2785,F
61.36,99518.57,-1.2449,F
61.38,99515.47,-1.1331,F
61.4,99515.29,-1.0011,F
61.42,99523.11,-0.922,F
61.44,99523.55,-0.9078,F
61.46,99525.1,-1.011,F
61.48,99525.26,-1.0943,F
61.5,99525.16,-1.1281,F
61.52,99525.15,-1.1494,F
61.54,99526.84,-1.0972,F
61.56,99527.19,-1.0395,F
61.58,99531.62,-0.9543,F
61.6,99532.56,-0.8903,F
61.62,99536.11,-0.8237,F
61.64,99537.74,-0.8332,F
61.66,99538.02,-0.8571,F
61.68,99538.15,-0.8958,F
61.7,99539.82,-0.8904,F
61.72,99541.94,-0.9033,F
61.74,99544.51,-0.9253,F
61.76,99547.77,-0.881,F
61.78,99547.77,-0.9214,F
61.8,99549.02,-0.853,F
61.82,99549.02,-0.8399,F
61.84,99555.35,-0.8273,F
61.86,99555.36,-0.8095,F
61.88,99552.6,-0.7765,F
61.9,99552.59,-0.7979,F
61.92,99552.75,-0.8443,F
61.94,99552.75,-0.8635,F
61.96,99554.41,-0.8415,F
61.98,99554.41,-0.8107,F
62.0,99556.02,-0.8232,F
62.02,99556.02,-0.8299,F
62.04,99560.28,-0.8326,F
62.06,99560.35,-0.8746,F
62.08,99559.87,-0.8899,F
62.1,99559.87,-0.915,F
62.12,99566.02,-0.9184,F
62.14,99566.2,-0.907,F
62.16,99565.12,-0.8984,F
62.18,99565.09,-0.896,F
62.2,99573.5,-0.9066,F
62.22,99573.99,-0.9145,F
62.24,99572.25,-0.9343,F
62.26,99572.15,-0.9358,F
62.28,99580.09,-0.9403,F
62.3,99580.95,-0.9137,F
62.32,99583.86,-0.9009,F
62.34,99584.17,-0.8868,F
62.36,99585.77,-0.868,F
62.38,99586.1,-0.884,F
62.4,99590.5,-0.9045,F
62.42,99591.42,-0.9423,F
62.44,99598.33,-0.9509,F
62.46,99601.48,-0.96,F
62.48,99599.14,-0.9256,F
62.5,99598.08,-0.9652,F
62.52,99602.7,-0.9451,F
62.54,99608.58,-0.9488,F
62.56,99604.66,-0.9617,F
62.58,99599.67,-0.9678,F
62.6,99601.03,-0.9523,F
62.62,99602.75,-0.9205,F
62.64,99602.75,-0.8945,F
62.66,99603.85,-0.8502,F
62.68,99603.85,-0.8354,F
62.7,99603.85,-0.8215,F
62.72,99603.85,-0.824,F
62.74,99612.48,-0.8726,F
62.76,99612.52,-0.8668,F
62.78,99616.36,-0.8502,F
62.8,99616.38,-0.8149,F
62.82,99622.38,-0.8083,F
62.84,99622.43,-0.7832,F
62.86,99620.35,-0.7546,F
62.88,99620.34,-0.7059,F
62.9,99622.9,-0.6601,F
62.92,99622.92,-0.6045,F
62.94,99618.91,-0.6272,F
62.96,99618.88,-0.7209,F
62.98,99634.47,-0.7811,F
63.0,99634.74,-0.8322,F
63.02,99636.21,-0.8473,F
63.04,99636.22,-0.827,F
63.06,99639.54,-0.8511,F
63.08,99639.64,-0.8423,F
63.1,99639.39,-0.805,F
63.12,99639.39,-0.7582,F
63.14,99650.15,-0.7543,F
63.16,99650.78,-0.9614,F
63.18,99655.99,-1.0378,F
63.2,99656.29,-1.1483,F
63.22,99667.15,-1.1113,F
63.24,99668.33,-1.0834,F
63.26,99674.85,-0.9653,F
63.28,99675.56,-0.9288,F
63.3,99678.7,-0.9062,F
63.32,99679.36,-1.0444,F
63.34,99681.74,-1.1266,F
63.36,99682.24,-1.1105,F
63.38,99680.22,-1.0953,F
63.4,99679.3,-1.0583,F
63.42,99687.24,-0.9953,F
63.44,99690.86,-0.9758,F
63.46,99691.75,-0.9501,F
63.48,99692.89,-1.0399,F
63.5,99693.83,-1.0556,F
63.52,99695.01,-1.0717,F
63.54,99695.01,-1.0738,F
63.56,99697.48,-1.1119,F
63.58,99697.48,-1.1516,F
63.6,99704.69,-1.1488,F
63.62,99704.71,-1.1417,F
63.64,99710.46,-1.1716,F
63.66,99710.49,-1.0993,F
63.68,99714.04,-1.0635,F
63.7,99714.06,-1.1269,F
63.72,99719.41,-1.1123,F
63.74,99719.45,-1.0608,F
63.76,99724.2,-1.0691,F
63.78,99724.24,-1.0631,F
63.8,99724.24,-1.0531,F
63.82,99724.24,-1.0439,F
63.84,99722.11,-1.072,F
63.86,99722.08,-1.1631,F
63.88,99723.37,-1.1814,F
63.9,99723.41,-1.1603,F
63.92,99727.51,-1.0971,F
63.94,99727.63,-1.1233,F
63.96,99730.84,-1.1937,F
63.98,99731.02,-1.0842,F
64.0,99734.26,-1.1304,F
64.02,99734.44,-1.1553,F
64.04,99738.67,-1.203,F
64.06,99739.13,-1.2404,F
64.08,99743.91,-1.2151,F
64.1,99744.43,-1.1631,F
64.12,99747.88,-1.098,F
64.14,99748.6,-1.0893,F
64.16,99752.33,-1.0532,F
64.18,99753.12,-1.0819,F
64.2,99754.21,-1.0908,F
64.22,99754.71,-1.0819,F
64.24,99755.08,-1.0261,F
64.26,99755.24,-0.9903,F
64.28,99755.79,-0.995,F
64.3,99756.49,-0.9991,F
64.32,99757.74,-1.0208,F
64.34,99759.32,-1.0256,F
64.36,99759.32,-1.0568,F
64.38,99760.32,-1.0065,F
64.4,99760.32,-0.957,F
64.42,99762.42,-0.8701,F
64.44,99762.42,-0.7969,F
64.46,99763.76,-0.8061,F
64.48,99763.76,-0.871,F
64.5,99769.54,-0.912,F
64.52,99769.57,-0.8964,F
64.54,99769.2,-0.8992,F
64.56,99769.2,-0.8931,F
64.58,99774.51,-0.8527,F
64.6,99774.55,-0.7979,F
64.62,99771.39,-0.741,F
64.64,99771.34,-0.6971,F
64.66,99774.51,-0.684,F
64.68,99774.55,-0.7062,F
64.7,99779.74,-0.7448,F
64.72,99779.9,-0.7676,F
64.74,99779.86,-0.7634,F
64.76,99779.86,-0.7063,F
64.78,99784.41,-0.7488,F
64.8,99784.66,-0.8,F
64.82,99786.4,-0.8255,F
64.84,99786.49,-0.8386,F
64.86,99788.37,-0.8521,F
64.88,99788.57,-0.8502,F
64.9,99788.77,-0.8332,F
64.92,99788.79,-0.7997,F
64.94,99793.85,-0.7739,F
64.96,99794.92,-0.8535,F
64.98,99797.22,-0.8872,F
65.0,99797.7,-0.8993,F
65.02,99805.41,-0.9251,F
65.04,99807.05,-0.9129,F
65.06,99810.59,-0.9376,F
65.08,99812.2,-1.0133,F
65.1,99818.91,-1.1223,F
65.12,99821.97,-1.1216,F
65.14,99823.59,-1.145,F
65.16,99825.65,-1.2004,F
65.18,99829.11,-1.3026,F
65.2,99833.51,-1.326,F
65.22,99833.51,-1.4303,F
65.24,99832.5,-1.4731,F
65.26,99832.5,-1.2359,F
65.28,99843.76,-1.3487,F
65.3,99843.79,-1.4742,F
65.32,99847.49,-1.1421,F
65.34,99847.5,-1.289,F
65.36,99858.58,-1.2481,F
65.38,99858.64,-1.2676,F
65.4,99862.77,-1.0864,F
65.42,99862.81,-1.15,F
65.44,99872.47,-1.3171,F
65.46,99872.55,-1.2262,F
65.48,99878.36,-1.0117,F
65.5,99878.46,-0.9672,F
65.52,99882.89,-0.9821,F
65.54,99882.95,-0.9984,F
65.56,99883.76,-1.0236,F
65.58,99883.78,-1.1089,F
65.6,99888.35,-1.148,F
65.62,99888.49,-1.1063,F
65.64,99885.75,-1.0636,F
65.66,99885.6,-0.9882,F
65.68,99885.02,-0.9842,F
65.7,99884.99,-0.9049,F
65.72,99886.33,-0.8116,F
65.74,99886.47,-0.7812,F
65.76,99888.94,-0.7636,F
65.78,99889.2,-0.7758,F
65.8,99893.11,-0.8013,F
65.82,99893.94,-0.8396,F
65.84,99896.26,-0.8463,F
65.86,99896.75,-0.9126,F
65.88,99895.91,-0.9978,F
65.9,99895.54,-1.0076,F
65.92,99900.09,-1.0295,F
65.94,99902.17,-1.043,F
65.96,99903.28,-1.0145,F
65.98,99904.71,-0.9759,F
66.0,99905.26,-0.9277,F
66.02,99905.95,-0.9084,F
66.04,99905.95,-0.9031,F
66.06,99911.87,-0.9136,F
66.08,99911.88,-0.9893,F
66.1,99917.71,-1.0194,F
66.12,99917.72,-1.0454,F
66.14,99916.17,-1.1018,F
66.16,99916.17,-1.1223,F
66.18,99916.14,-1.1536,F
66.2,99916.14,-1.1885,F
66.22,99921.82,-1.2178,F
66.24,99921.87,-1.2274,F
66.26,99928.04,-1.2243,F
66.28,99928.09,-1.2004,F
66.3,99930.02,-1.2063,F
66.32,99930.05,-1.2063,F
66.34,99931.9,-1.2189,F
66.36,99931.93,-1.2535,F
66.38,99943.1,-1.2968,F
66.4,99943.45,-1.2957,F
66.42,99942.96,-1.2613,F
66.44,99942.95,-1.186,F
66.46,99944.95,-1.1112,F
66.48,99945.06,-1.041,F
66.5,99948.79,-0.989,F
66.52,99948.99,-0.9447,F
66.54,99954.98,-0.8901,F
66.56,99955.63,-0.8521,F
66.58,99959.23,-0.8597,F
66.6,99959.61,-0.93,F
66.62,99964.93,-0.9214,F
66.64,99966.06,-0.8911,F
66.66,99972.72,-1.0173,F
66.68,99974.14,-1.0232,F
66.7,99974.31,-0.9667,F
66.72,99974.38,-0.9479,F
66.74,99974.4,-0.9447,F
66.76,99974.41,-0.9602,F
66.78,99978.56,-0.9388,F
66.8,99983.83,-0.9603,F
66.82,99983.46,-0.9902,F
66.84,99982.99,-1.0034,F
66.86,99982.99,-0.9674,F
66.88,99985.78,-0.9024,F
66.9,99985.78,-0.8446,F
66.92,99985.36,-0.8329,F
66.94,99985.36,-0.8464,F
66.96,99987.78,-0.8015,F
66.98,99987.79,-0.7506,F
67.0,99992.87,-0.7562,F
67.02,99992.89,-0.8366,F
67.04,99997.13,-0.8885,F
67.06,99997.16,-0.8286,F
67.08,100000.92,-0.8857,F
67.1,100000.95,-0.849,F
67.12,100008.51,-0.7456,F
67.14,100008.64,-0.7325,F
67.16,100011.57,-0.7294,F
67.18,100011.61,-0.8241,F
67.2,100013.11,-0.9526,F
67.22,100013.15,-0.9878,F
67.24,100020.92,-1.0218,F
67.26,100021.16,-0.9144,F
67.28,100024.65,-0.9851,F
67.3,100024.85,-1.0017,F
67.32,100026.88,-0.9455,F
67.34,100027.0,-0.9048,F
67.36,100031.87,-0.6568,F
67.38,100032.39,-0.6055,F
67.4,100037.92,-0.5352,F
67.42,100038.52,-0.6332,F
67.44,100034.03,-0.7099,F
67.46,100033.09,-0.8139,F
67.48,100037.71,-0.9323,F
67.5,100038.69,-1.0237,F
67.52,100040.57,-1.0648,F
67.54,100041.42,-1.0687,F
67.56,100047.58,-1.1209,F
67.58,100050.38,-1.1747,F
67.6,100050.68,-1.2434,F
67.62,100051.04,-1.3894,F
67.64,100049.85,-1.495,F
67.66,100048.35,-1.6577,F
67.68,100048.35,-1.5532,F
67.7,100062.53,-1.5093,F
67.72,100062.57,-1.3889,F
67.74,100059.58,-1.3037,F
67.76,100059.58,-1.2084,F
67.78,100068.41,-1.0799,F
67.8,100068.45,-1.1125,F
67.82,100074.6,-1.1675,F
67.84,100074.63,-1.2218,F
67.86,100075.94,-1.2224,F
67.88,100075.95,-1.2141,F
67.9,100075.01,-1.3438,F
67.92,100075.01,-1.3084,F
67.94,100076.87,-1.3988,F
67.96,100076.9,-1.3373,F
67.98,100081.87,-1.1256,F
68.0,100081.95,-1.0203,F
68.02,100082.48,-1.0047,F
68.04,100082.49,-0.9494,F
68.06,100082.26,-0.9401,F
68.08,100082.26,-0.8969,F
68.1,100085.36,-0.872,F
68.12,100085.54,-0.8604,F
68.14,100088.71,-0.8353,F
68.16,100088.89,-0.8253,F
68.18,100091.77,-0.8292,F
68.2,100092.08,-0.7944,F
68.22,100094.79,-0.7464,F
68.24,100095.09,-0.6878,F
68.26,100097.85,-0.6329,F
68.28,100098.43,-0.596,F
68.3,100099.63,-0.5803,F
68.32,100099.87,-0.5549,F
68.34,100107.82,-0.5035,F
68.36,100109.52,-0.4791,F
68.38,100109.23,-0.4238,F
68.4,100109.11,-0.427,F
68.42,100119.29,-0.3776,F
68.44,100123.94,-0.336,F
68.46,100124.65,-0.3269,F
68.48,100125.53,-0.3339,F
68.5,100125.48,-0.3804,F
68.52,100125.42,-0.4863,F
68.54,100125.42,-0.6594,F
68.56,100121.64,-0.8115,F
68.58,100121.64,-0.9415,F
68.6,100127.09,-1.0851,F
68.62,100127.09,-0.9095,F
68.64,100134.12,-0.8786,F
68.66,100134.15,-0.8516,F
68.68,100127.11,-0.6914,F
68.7,100127.08,-0.5578,F
68.72,100128.7,-0.5165,F
68.74,100128.7,-0.596,F
68.76,100135.65,-0.8173,F
68.78,100135.71,-1.0198,F
68.8,100133.47,-1.1524,F
68.82,100133.4,-1.2818,F
68.84,100142.27,-1.3872,F
68.86,100142.55,-1.5384,F
68.88,100148.09,-1.5928,F
68.9,100148.41,-1.2954,F
68.92,100156.65,-1.0239,F
68.94,100157.12,-0.9483,F
68.96,100158.25,-1.0005,F
68.98,100158.37,-1.2411,F
69.0,100156.68,-1.5209,F
69.02,100156.5,-1.6427,F
69.04,100155.33,-1.6549,F
69.06,100155.08,-1.5789,F
69.08,100151.5,-1.3818,F
69.1,100150.74,-1.1823,F
69.12,100152.41,-0.9648,F
69.14,100153.17,-0.8872,F
69.16,100156.96,-0.9563,F
69.18,100158.69,-1.2963,F
69.2,100163.15,-0.889,F
69.22,100168.8,-0.6003,F
69.24,100168.77,-0.6518,F
69.26,100168.73,-0.5233,F
69.28,100168.73,-0.609,F
69.3,100173.18,-1.1749,F
69.32,100173.19,-1.1566,F
69.34,100174.41,-0.6005,F
69.36,100174.41,-0.4977,F
69.38,100184.42,-0.751,F
69.4,100184.47,-0.9587,F
69.42,100185.61,-0.9678,F
69.44,100185.61,-1.0064,F
69.46,100195.25,-1.0517,F
69.48,100195.33,-0.5451,F
69.5,100200.22,-1.1526,F
69.52,100200.26,-1.3601,F
69.54,100204.32,-0.9781,F
69.56,100204.39,-0.7287,F
69.58,100200.6,-0.9903,F
69.6,100200.54,-0.695,F
69.62,100202.26,-0.639,F
69.64,100202.31,-1.0926,F
69.66,100208.97,-1.2689,F
69.68,100209.17,-1.3318,F
69.7,100204.89,-1.3481,F
69.72,100204.64,-1.0944,F
69.74,100209.3,-1.0889,F
69.76,100209.56,-0.9389,F
69.78,100215.86,-1.034,F
69.8,100216.55,-0.8415,F
69.82,100213.95,-0.8346,F
69.84,100213.68,-0.6474,F
69.86,100221.97,-0.5153,F
69.88,100223.72,-0.3462,F
69.9,100228.84,-0.2728,F
69.92,100229.93,-0.2474,F
69.94,100233.26,-0.2791,F
69.96,100234.78,-0.4642,F
69.98,100235.54,-0.6752,F
70.0,100235.88,-0.9251,F
70.02,100238.07,-1.2588,F
70.04,100240.84,-1.5,F
70.06,100242.71,-1.7089,F
70.08,100245.09,-1.8661,F
70.1,100245.09,-1.7997,F
70.12,100243.68,-1.5797,F
70.14,100243.68,-1.4322,F
70.16,100249.59,-1.2808,F
70.18,100249.6,-1.0387,F
70.2,100252.65,-0.8871,F
70.22,100252.66,-0.7812,F
70.24,100258.78,-0.612,F
70.26,100258.81,-0.5188,F
70.28,100246.46,-0.4384,F
70.3,100246.34,-0.5795,F
70.32,100258.18,-0.9744,F
70.34,100258.29,-1.4818,F
70.36,100256.43,-1.6081,F
70.38,100256.4,-1.5677,F
70.4,100259.5,-1.3588,F
70.42,100259.59,-1.173,F
70.44,100263.71,-0.9205,F
70.46,100263.84,-0.7676,F
70.48,100262.76,-0.6937,F
70.5,100262.73,-0.6831,F
70.52,100267.82,-0.7272,F
70.54,100268.11,-0.6354,F
70.56,100271.88,-0.6045,F
70.58,100272.09,-0.599,F
70.6,100272.71,-0.6642,F
70.62,100272.77,-0.6942,F
70.64,100272.12,-1.3907,F
70.66,100272.05,-1.0563,F
70.68,100272.37,-0.69,F
70.7,100272.43,-0.6023,F
70.72,100272.43,-0.5945,F
70.74,100278.92,-1.0298,F
70.76,100282.36,-1.0439,F
70.78,100283.93,-0.9805,F
70.8,100282.54,-1.0296,F
70.82,100282.54,-1.0296,F
70.84,100285.27,-1.007,F
70.86,100289.54,-0.7643,F
70.88,100290.33,-0.6132,F
70.9,100291.32,-0.6662,F
70.92,100291.33,-1.0041,F
70.94,100300.29,-1.2791,F
70.96,100300.31,-1.2129,F
70.98,100310.63,-1.0124,F
71.0,100310.66,-0.8983,F
71.02,100315.31,-0.8773,F
71.04,100315.81,-0.9441,F
71.06,100316.6,-1.1081,F
71.08,100316.6,-1.26,F
71.1,100320.78,-1.1774,F
71.12,100320.84,-0.9974,F
71.14,100324.6,-0.9475,F
71.16,100329.39,-0.692,F
71.18,100330.34,-0.6204,F
71.2,100330.39,-0.7374,F
71.22,100329.05,-0.704,F
71.24,100327.35,-0.8882,F
71.26,100327.35,-0.9014,F
71.28,100337.37,-0.9553,F
71.3,100337.37,-0.9553,F
71.32,100337.84,-1.2086,F
71.34,100339.87,-1.238,F
71.36,100340.07,-1.2486,F
71.38,100337.6,-1.2705,F
71.4,100337.35,-1.241,F
71.42,100343.05,-1.2331,F
71.44,100343.59,-1.2282,F
71.46,100344.26,-1.2056,F
71.48,100346.19,-1.1461,F
71.5,100346.19,-1.0498,F
71.52,100348.58,-0.8784,F
71.54,100348.58,-0.8634,F
71.56,100346.73,-1.0068,F
71.58,100346.73,-1.052,F
71.6,100347.8,-1.1018,F
71.62,100347.8,-1.101,F
71.64,100358.01,-1.0437,F
71.66,100358.03,-1.0474,F
71.68,100355.65,-0.9915,F
71.7,100355.65,-0.9922,F
71.72,100362.87,-1.0049,F
71.74,100362.87,-1.0049,F
71.76,100362.07,-0.903,F
71.78,100362.07,-0.901,F
71.8,100371.24,-0.8781,F
71.82,100371.28,-0.8681,F
71.84,100371.28,-0.8222,F
71.86,100371.28,-0.778,F
71.88,100370.5,-0.7239,F
71.9,100370.49,-0.7452,F
71.92,100374.06,-0.772,F
71.94,100374.09,-0.7698,F
71.96,100379.95,-0.8697,F
71.98,100380.05,-0.8876,F
72.0,100380.87,-0.9014,F
72.02,100381.9,-1.0545,F
72.04,100381.51,-1.1026,F
72.06,100381.5,-1.1292,F
72.08,100384.14,-1.0645,F
72.1,100384.2,-1.0309,F
72.12,100388.61,-0.7751,F
72.14,100388.86,-0.7369,F
72.16,100388.86,-0.7345,F
72.18,100390.47,-0.6647,F
72.2,100393.74,-0.7,F
72.22,100394.09,-0.7541,F
72.24,100394.86,-0.9687,F
72.26,100394.94,-1.3726,F
72.28,100397.99,-1.7562,F
72.3,100398.63,-1.8711,F
72.32,100398.63,-1.8283,F
72.34,100405.66,-1.845,F
72.36,100404.22,-1.8132,F
72.38,100403.57,-1.6745,F
72.4,100401.87,-1.5213,F
72.42,100401.1,-1.4269,F
72.44,100400.32,-1.2176,F
72.46,100399.32,-1.1213,F
72.48,100398.52,-0.9817,F
72.5,100397.52,-0.957,F
72.52,100397.52,-0.942,F
72.54,100396.73,-0.9464,F
72.56,100396.73,-0.9257,F
72.58,100398.94,-0.927,F
72.6,100398.94,-0.9122,F
72.62,100411.36,-0.8913,F
72.64,100411.42,-0.8634,F
72.66,100412.23,-0.7643,F
72.68,100412.23,-0.6966,F
72.7,100411.53,-0.6413,F
72.72,100411.53,-0.5997,F
72.74,100412.63,-0.5315,F
72.76,100412.64,-0.4708,F
72.78,100416.41,-0.3937,F
72.8,100416.47,-0.3885,F
72.82,100416.44,-0.4089,F
72.84,100416.44,-0.5215,F
72.86,100420.43,-0.7348,F
72.88,100420.55,-0.9894,F
72.9,100424.74,-1.2597,F
72.92,100424.87,-1.355,F
72.94,100428.7,-1.2716,F
72.96,100428.92,-1.184,F
72.98,100434.7,-1.0757,F
73.0,100435.03,-0.9289,F
73.02,100437.52,-0.7617,F
73.04,100437.79,-0.6499,F
73.06,100441.18,-0.5811,F
73.08,100441.55,-0.5178,F
73.1,100450.02,-0.4538,F
73.12,100451.82,-0.3851,F
73.14,100452.78,-0.3811,F
73.16,100452.97,-0.4313,F
73.18,100456.95,-0.5379,F
73.2,100458.76,-0.7348,F
73.22,100462.52,-0.9503,F
73.24,100464.23,-1.0578,F
73.26,100466.97,-1.0342,F
73.28,100470.45,-1.0419,F
73.3,100475.98,-1.0332,F
73.32,100482.99,-0.9621,F
73.34,100483.0,-0.8358,F
73.36,100486.39,-0.736,F
73.38,100486.4,-0.6819,F
73.4,100490.27,-0.7381,F
73.42,100490.28,-0.8641,F
73.44,100493.71,-1.0508,F
73.46,100493.72,-1.1244,F
73.48,100495.18,-1.1583,F
73.5,100495.18,-1.2299,F
73.52,100491.44,-1.0986,F
73.54,100491.41,-1.1132,F
73.56,100494.84,-1.1343,F
73.58,100494.87,-1.1877,F
73.6,100497.44,-1.1635,F
73.62,100497.48,-1.0721,F
73.64,100494.34,-0.9226,F
73.66,100494.29,-1.6469,F
73.68,100493.18,-2.6965,F
73.7,100493.15,-1.7539,F
73.72,100500.78,-0.8004,F
73.74,100501.02,-0.4297,F
73.76,100505.52,-0.6642,F
73.78,100505.78,-0.4653,F
73.8,100510.96,-1.3696,F
73.82,100511.25,-3.1775,F
73.84,100511.94,-1.4432,F
73.86,100512.01,-0.5126,F
73.88,100523.13,-0.825,F
73.9,100524.33,-1.6006,F
73.92,100519.49,-2.1894,F
73.94,100518.46,-1.77,F
73.96,100519.32,-1.5316,F
73.98,100519.5,-0.7026,F
74.0,100520.31,-0.5694,F
74.02,100520.67,-0.4032,F
74.04,100523.68,-0.7168,F
74.06,100525.04,-1.5438,F
74.08,100527.62,-2.3284,F
74.1,100530.9,-2.2452,F
74.12,100532.28,-0.9374,F
74.14,100534.03,-0.3575,F
74.16,100534.03,-0.5011,F
74.18,100548.49,-1.0522,F
74.2,100548.53,-0.4891,F
74.22,100551.04,-0.5805,F
74.24,100551.04,-0.6362,F
74.26,100547.97,-0.3835,F
74.28,100547.96,-0.271,F
74.3,100551.74,-0.2244,F
74.32,100551.75,-0.1321,F
74.34,100551.06,1.6389,F
74.36,100551.06,1.1249,L
74.38,100548.27,0.5334,L
74.4,100548.25,1.6906,L
74.42,100558.03,1.2961,L
74.44,100558.2,1.0925,L
74.46,100566.55,0.9126,L
74.48,100566.69,0.9786,L
74.5,100564.03,20.3727,L
74.52,100563.95,-1.5353,L
74.54,100566.12,0.0611,L
74.56,100566.18,-0.796,L
74.58,100557.79,-0.0793,L
74.6,100557.31,-0.0705,L
74.62,100559.7,-4.0156,L
74.64,100559.83,-3.0829,L
74.66,100558.69,-0.4911,L
74.68,100558.58,-2.8013,L
74.7,100557.65,1.6078,L
74.72,100557.55,1.7233,L
74.74,100559.78,1.8376,L
74.76,100560.25,4.0743,L
74.78,100559.87,0.313,L
74.8,100559.8,0.2568,L
74.82,100558.59,0.299,L
74.84,100558.33,0.3021,L
74.86,100557.94,0.3548,L
74.88,100557.87,0.2569,L
74.9,100554.57,0.1235,L
74.92,100553.06,-0.7443,L
74.94,100559.42,-1.7985,L
74.96,100562.32,-1.7224,L
74.98,100560.5,-0.3975,L
75.0,100558.18,-0.3574,L
75.02,100560.19,-0.1731,L
75.04,100562.74,21.3631,L
75.06,100562.74,3.5361,L
75.08,100575.23,-0.8478,L
75.1,100575.26,-4.0332,L
75.12,100562.3,-1.1899,L
75.14,100562.26,-0.7861,L
75.16,100566.09,-0.3734,L
75.18,100566.11,-0.3878,L
75.2,100566.3,-0.6663,L
75.22,100566.3,-0.9944,L
75.24,100566.33,-0.0182,L
75.26,100566.33,0.0059,L
75.28,100562.85,0.025,L
75.3,100562.82,0.1392,L
75.32,100560.35,0.1295,L
75.34,100560.31,1.908,L
75.36,100560.57,0.8249,L
75.38,100560.57,0.1729,L
75.4,100565.97,0.767,L
75.42,100566.13,0.1226,L
75.44,100560.08,0.2433,L
75.46,100559.89,0.4953,L
75.48,100565.89,0.8265,L
75.5,100566.23,0.5012,L
75.52,100565.29,0.327,L
75.54,100565.24,0.3194,L
75.56,100569.33,0.6809,L
75.58,100569.77,0.3022,L
75.6,100571.53,0.3245,L
75.62,100571.72,0.4417,L
75.64,100570.89,0.4403,L
75.66,100570.71,0.3082,L
75.68,100567.65,0.2486,L
75.7,100567.0,0.1224,L
75.72,100567.23,-0.0348,L
75.74,100567.33,-0.0434,L
75.76,100567.87,-0.0138,L
75.78,100568.11,-0.0073,L
75.8,100570.15,-0.0135,L
75.82,100572.75,-0.0164,L
75.84,100571.98,-0.0114,L
75.86,100571.0,0.0055,L
75.88,100571.0,0.0217,L
75.9,100574.43,0.0266,L
75.92,100574.43,0.0107,L
75.94,100574.82,0.0411,L
75.96,100574.82,0.0299,L
75.98,100568.84,0.0203,L
76.0,100568.8,0.0252,L
76.02,100570.31,0.0289,L
76.04,100570.31,0.0427,L
76.06,100571.5,0.0311,L
76.08,100571.5,0.0292,L
76.1,100571.22,0.0342,L
76.12,100571.22,0.0451,L
76.14,100570.73,0.0358,L
76.16,100570.73,0.0353,L
76.18,100570.03,0.0366,L
76.2,100570.03,0.0407,L
76.22,100572.25,0.0402,L
76.24,100572.28,0.0313,L
76.26,100573.54,0.0355,L
76.28,100573.58,0.0371,L
76.3,100569.09,0.0338,L
76.32,100568.95,0.0377,L
76.34,100571.62,0.0348,L
76.36,100571.77,0.0333,L
76.38,100575.54,0.0238,L
76.4,100575.75,0.0312,L
76.42,100572.76,0.0553,L
76.44,100572.44,0.0574,L
76.46,100571.12,-0.0393,L
76.48,100570.98,-0.1171,L
76.5,100574.51,-0.309,L
76.52,100575.26,-0.6849,L
76.54,100571.41,-1.0024,L
76.56,100570.59,-0.6979,L
76.58,100573.28,-0.1523,L
76.6,100574.51,-0.0444,L
76.62,100571.39,-0.1972,L
76.64,100569.98,-0.1279,L
76.66,100571.73,-0.0782,L
76.68,100573.97,-0.0413,L
76.7,100573.32,0.0313,L
76.72,100572.49,0.099,L
76.74,100572.49,0.2163,L
76.76,100569.4,0.2772,L
76.78,100569.39,0.2291,L
76.8,100570.53,0.2023,L
76.82,100570.53,0.1904,L
76.84,100575.88,0.1015,L
76.86,100575.9,0.0706,L
76.88,100573.6,-0.0292,L
76.9,100573.59,-0.0045,L
76.92,100573.77,0.0094,L
76.94,100573.77,-0.0573,L
76.96,100569.65,-0.1283,L
76.98,100569.61,-0.1402,L
77.0,100571.52,-0.2316,L
77.02,100571.55,-0.1586,L
77.04,100571.58,-0.0484,L
77.06,100571.58,0.1902,L
77.08,100575.96,0.1413,L
77.1,100576.09,0.2466,L
77.12,100572.91,0.1859,L
77.14,100572.81,-0.0193,L
77.16,100567.77,-0.0091,L
77.18,100567.49,0.0088,L
77.2,100571.66,-0.1665,L
77.22,100571.89,-0.1476,L
77.24,100570.2,-0.025,L
77.26,100570.03,0.0444,L
77.28,100574.31,0.0692,L
77.3,100574.77,0.0795,L
77.32,100571.17,0.0365,L
77.34,100570.42,0.0498,L
77.36,100569.08,0.1006,L
77.38,100568.8,0.0611,L
77.4,100570.39,0.0591,L
77.42,100571.11,0.0215,L
77.44,100572.99,0.0926,L
77.46,100573.85,0.0739,L
77.48,100572.27,-0.0101,L
77.5,100570.27,-0.0988,L
77.52,100572.52,-0.1555,L
77.54,100575.38,-0.0413,L
77.56,100575.38,-0.1107,L
77.58,100573.39,-0.1387,L
77.6,100573.39,-0.1477,L
77.62,100564.99,-0.1041,L
77.64,100564.97,0.0337,L
77.66,100571.23,-0.0754,L
77.68,100571.26,-0.0387,L
77.7,100571.5,0.0771,L
77.72,100571.5,0.0897,L
77.74,100565.85,0.079,L
77.76,100565.8,0.0809,L
77.78,100562.99,0.1741,L
77.8,100562.97,0.3686,L
77.82,100564.09,0.1516,L
77.84,100564.11,0.1205,L
77.86,100565.91,0.1851,L
77.88,100565.94,0.1408,L
77.9,100565.23,0.1166,L
77.92,100565.22,0.1281,L
77.94,100568.66,0.0343,L
77.96,100568.77,-0.0262,L
77.98,100564.69,-0.0586,L
78.0,100564.46,-0.1488,L
78.02,100565.95,-0.2197,L
78.04,100566.03,-0.2912,L
78.06,100564.7,-0.3475,L
78.08,100564.56,-0.3484,L
78.1,100565.36,-0.225,L
78.12,100565.45,-0.1925,L
78.14,100565.09,-0.21,L
78.16,100565.02,-0.1963,L
78.18,100569.04,-0.1677,L
78.2,100569.89,-0.0829,L
78.22,100565.34,-0.0951,L
78.24,100563.26,-0.0894,L
78.26,100562.77,-0.3539,L
78.28,100562.55,-0.3544,L
78.3,100562.29,-0.4683,L
78.32,100561.94,-0.132,L
78.34,100561.46,-0.0284,L
78.36,100560.85,-0.3497,L
78.38,100560.85,-0.4017,L
78.4,100562.47,-0.3489,L
78.42,100562.47,-0.1982,L
78.44,100568.93,0.115,L
78.46,100568.94,-0.2198,L
78.48,100565.01,-0.2767,L
78.5,100565.0,-0.1502,L
78.52,100569.78,-0.063,L
78.54,100569.79,-0.0711,L
78.56,100566.61,0.0643,L
78.58,100566.58,0.0304,L
78.6,100567.69,0.1494,L
78.62,100567.69,0.0804,L
78.64,100564.89,0.0782,L
78.66,100564.85,0.0754,L
78.68,100568.32,0.052,L
78.7,100568.38,-0.0091,L
78.72,100567.27,-0.0707,L
78.74,100567.24,-0.0023,L
78.76,100567.38,0.1271,L
78.78,100567.38,0.058,L
78.8,100567.45,-0.074,L
78.82,100567.45,-0.091,L
78.84,100569.46,-0.0397,L
78.86,100569.57,-0.011,L
78.88,100572.46,-0.0392,L
78.9,100572.77,-0.173,L
78.92,100570.51,-0.1066,L
78.94,100570.27,-0.0659,L
78.96,100564.32,0.0042,L
78.98,100563.07,0.0386,L
79.0,100566.97,0.0806,L
79.02,100567.79,0.1429,L
79.04,100566.91,0.2193,L
79.06,100566.73,0.2558,L
79.08,100568.82,0.3703,L
79.1,100569.77,0.3456,L
79.12,100568.99,0.4134,L
79.14,100568.63,0.405,L
79.16,100568.68,0.4242,L
79.18,100568.74,0.447,L
79.2,100568.79,0.4957,L
79.22,100568.84,0.5117,L
79.24,100568.84,0.448,L
79.26,100562.96,0.4187,L
79.28,100562.95,0.3978,L
79.3,100570.29,0.475,L
79.32,100570.31,0.4194,L
79.34,100567.59,0.3948,L
79.36,100567.58,0.4063,L
79.38,100564.95,0.3669,L
79.4,100564.95,0.3648,L
79.42,100570.5,0.349,L
79.44,100570.55,0.3831,L
79.46,100571.48,0.4108,L
79.48,100571.48,0.4075,L
79.5,100568.05,0.4083,L
79.52,100568.0,0.3852,L
79.54,100566.89,0.431,L
79.56,100566.88,0.4429,L
79.58,100565.94,0.4554,L
79.6,100565.92,0.462,L
79.62,100566.06,0.448,L
79.64,100566.06,0.0608,L
79.66,100567.58,-0.0287,L
79.68,100567.67,0.0057,L
79.7,100566.2,0.0706,L
79.72,100566.12,0.0815,L
79.74,100566.64,0.0526,L
79.76,100566.69,0.0509,L
79.78,100561.79,0.0608,L
79.8,100561.26,0.0678,L
79.82,100566.99,0.0557,L
79.84,100568.21,0.054,L
79.86,100568.13,0.0572,L
79.88,100568.12,0.0636,L
79.9,100567.03,0.0589,L
79.92,100566.53,0.0627,L
79.94,100565.74,0.0625,L
79.96,100565.39,0.0596,L
79.98,100564.26,0.065,L
80.0,100562.82,0.0631,L
80.02,100564.55,0.0657,L
80.04,100566.74,0.0643,L
80.06,100566.74,0.0517,L
80.08,100564.83,0.0154,L
80.1,100564.83,0.0392,L
80.12,100567.72,0.1282,L
80.14,100567.72,-0.0354,L
80.16,100567.46,0.1073,L
80.18,100567.46,0.1642,L
80.2,100565.47,0.0506,L
80.22,100565.46,0.0512,L
80.24,100560.55,0.2123,L
80.26,100560.5,0.2877,L
80.28,100566.23,0.227,L
80.3,100566.28,0.197,L
80.32,100562.35,0.2893,L
80.34,100562.29,0.2053,L
80.36,100560.62,0.1816,L
80.38,100560.6,0.2783,L
80.4,100559.51,0.2931,L
80.42,100559.48,0.2118,L
80.44,100570.48,0.2698,L
80.46,100570.82,0.3785,L
80.48,100564.92,0.3486,L
80.5,100564.58,0.3384,L
80.52,100568.1,0.2379,L
80.54,100568.3,0.3039,L
80.56,100573.18,0.4349,L
80.58,100573.7,0.4908,L
80.6,100568.6,0.3609,L
80.62,100568.05,0.2782,L
80.64,100567.76,0.136,L
80.66,100567.71,0.0621,L
80.68,100570.38,-0.1306,L
80.7,100570.94,-0.2521,L
80.72,100568.99,0.064,L
80.74,100568.1,0.3983,L
80.76,100565.65,0.3183,L
80.78,100564.53,0.2631,L
80.8,100566.91,0.2845,L
80.82,100569.94,0.1428,L
80.84,100570.35,-0.0701,L
80.86,100570.87,-0.2442,L
80.88,100570.87,-0.2813,L
80.9,100569.73,-0.3052,L
80.92,100569.73,-0.337,L
80.94,100565.69,-0.485,L
80.96,100565.68,-0.6138,L
80.98,100566.52,-0.6987,L
81.0,100566.52,-0.698,L
81.02,100565.97,-0.4001,L
81.04,100565.97,-0.4615,L
81.06,100565.39,-0.3356,L
81.08,100565.39,-0.362,L
81.1,100565.07,-0.249,L
81.12,100565.07,-0.0906,L
81.14,100563.55,-0.023,L
81.16,100563.53,-0.0566,L
81.18,100565.09,-0.1808,L
81.2,100565.11,-0.2578,L
81.22,100564.36,-0.3566,L
81.24,100564.34,-0.1574,L
81.26,100569.35,0.0981,L
81.28,100569.5,0.1395,L
81.3,100565.56,-0.1525,L
81.32,100565.34,-0.2088,L
81.34,100566.74,-0.0304,L
81.36,100566.82,0.1179,L
81.38,100564.11,0.0532,L
81.4,100563.82,-0.1218,L
81.42,100566.39,-0.1021,L
81.44,100566.67,-0.1606,L
81.46,100561.6,-0.0188,L
81.48,100560.53,0.1766,L
81.5,100565.81,0.2061,L
81.52,100566.94,0.1625,L
81.54,100566.41,0.2302,L
81.56,100566.17,0.2278,L
81.58,100567.85,0.2741,L
81.6,100568.62,0.5711,L
81.62,100568.63,0.6137,L
81.64,100568.65,0.6155,L
81.66,100567.17,0.4218,L
81.68,100565.29,0.3589,L
81.7,100565.29,0.3406,L
81.72,100565.72,0.3381,L
81.74,100565.72,0.3255,L
81.76,100567.91,0.3738,L
81.78,100567.91,0.2347,L
81.8,100566.17,0.0948,L
81.82,100566.17,0.0526,L
81.84,100566.86,0.023,L
81.86,100566.86,0.1363,L
81.88,100571.78,0.2322,L
81.9,100571.82,0.1767,L
81.92,100567.65,0.0832,L
81.94,100567.61,0.1349,L
81.96,100566.71,0.2879,L
81.98,100566.71,0.3223,L
82.0,100567.03,0.3378,L
82.02,100567.03,0.2425,L
82.04,100559.7,0.1613,L
82.06,100559.58,0.1231,L
82.08,100561.32,0.1348,L
82.1,100561.37,0.2678,L
82.12,100564.12,0.4264,L
82.14,100564.2,0.3515,L
82.16,100562.02,0.3254,L
82.18,100561.9,0.2744,L
82.2,100561.63,0.2452,L
82.22,100561.63,0.136,L
82.24,100561.78,0.0645,L
82.26,100561.79,0.0751,L
82.28,100564.96,0.1113,L
82.3,100565.3,0.0986,L
82.32,100561.87,-0.0173,L
82.34,100561.14,-0.0597,L
82.36,100562.4,0.0492,L
82.38,100562.66,0.0261,L
82.4,100564.75,0.1102,L
82.42,100565.69,0.3402,L
82.44,100564.76,0.3423,L
82.46,100564.34,0.1094,L
82.48,100563.6,-0.1305,L
82.5,100562.68,-0.457,L
82.52,100562.31,-0.7529,L
82.54,100561.85,-1.0603,L
82.56,100561.85,-0.5943,L
82.58,100571.84,-0.0961,L
82.6,100571.87,0.1831,L
82.62,100564.65,0.3744,L
82.64,100564.63,0.3222,L
82.66,100566.33,0.0843,L
82.68,100566.33,-0.2441,L
82.7,100568.27,-0.5869,L
82.72,100568.28,-0.6454,L
82.74,100567.56,-0.4312,L
82.76,100567.56,-0.1108,L
82.78,100563.78,0.1389,L
82.8,100563.75,0.3971,L
82.82,100555.85,0.5567,L
82.84,100555.72,0.2027,L
82.86,100560.99,-0.0984,L
82.88,100561.08,-0.2524,L
82.9,100560.28,-0.3297,L
82.92,100560.26,-0.0756,L
82.94,100562.31,0.1447,L
82.96,100562.37,0.1625,L
82.98,100562.54,0.159,L
83.0,100562.54,0.1156,L
83.02,100564.21,0.1927,L
83.04,100564.3,0.1984,L
83.06,100562.46,0.2653,L
83.08,100562.26,0.2048,L
83.1,100563.67,0.2617,L
83.12,100563.81,0.2571,L
83.14,100561.72,0.2153,L
83.16,100561.29,0.1999,L
83.18,100560.53,0.3054,L
83.2,100560.38,0.2847,L
83.22,100563.04,0.153,L
83.24,100564.25,0.2043,L
83.26,100564.42,0.2168,L
83.28,100564.5,0.2447,L
83.3,100564.32,0.2675,L
83.32,100564.09,0.507,L
83.34,100561.49,0.5221,L
83.36,100558.19,0.3756,L
83.38,100558.18,0.3679,L
83.4,100563.17,0.3014,L
83.42,100563.18,0.3633,L
83.44,100559.78,0.4738,L
83.46,100559.77,0.6105,L
83.48,100558.55,0.6266,L
83.5,100558.55,0.5946,L
83.52,100563.5,0.4935,L
83.54,100563.52,0.2732,L
83.56,100559.58,-0.035,L
83.58,100559.55,0.0643,L
83.6,100561.19,0.102,L
83.62,100561.2,0.0529,L
83.64,100562.84,0.093,L
83.66,100562.86,0.0762,L
83.68,100562.88,0.0635,L
83.7,100562.88,0.073,L
83.72,100566.63,0.0842,L
83.74,100566.74,0.0825,L
83.76,100561.85,0.0693,L
83.78,100561.7,0.0644,L
83.8,100566.26,0.0695,L
83.82,100566.52,0.072,L
83.84,100563.62,0.0776,L
83.86,100563.46,0.0757,L
83.88,100562.9,0.0668,L
83.9,100562.85,0.072,L
83.92,100564.28,0.0747,L
83.94,100564.42,0.0722,L
83.96,100564.42,0.0685,L
83.98,100564.42,0.0732,L
84.0,100560.71,0.0752,L
84.02,100559.92,0.072,L
84.04,100561.34,0.0701,L
84.06,100561.98,0.073,L
84.08,100562.94,0.0737,L
84.1,100563.37,0.0724,L
84.12,100563.78,0.0699,L
84.14,100563.96,0.0743,L
84.16,100565.41,0.0696,L
84.18,100567.25,0.0713,L
84.2,100567.3,0.0723,L
84.22,100567.35,0.0725,L
84.24,100567.35,0.0735,L
84.26,100564.56,0.0726,L
84.28,100564.56,0.0741,L
84.3,100562.24,0.0716,L
84.32,100562.24,0.0735,L
84.34,100562.69,0.0731,L
