t_s,basinc_pa,ivme_g,ncsu_durum
0.0,98918.6,0.9977,S
0.02,98918.6,0.9977,S
0.04,98918.6,0.9977,S
0.06,98918.6,0.9977,S
0.08,98918.6,0.9977,S
0.1,98918.6,0.9977,S
0.12,99021.15,0.9975,S
0.14,99022.04,0.9997,S
0.16,99015.99,1.002,S
0.18,99014.7,0.9974,S
0.2,99013.49,0.9994,S
0.22,99012.95,1.0015,S
0.24,99016.96,0.9983,S
0.26,99018.79,0.9972,S
0.28,99016.98,1.0014,S
0.3,99014.68,1.0024,S
0.32,99015.83,0.9981,S
0.34,99017.28,0.9972,S
0.36,99017.28,1.0021,S
0.38,99020.06,1.0001,S
0.4,99020.06,0.9996,S
0.42,99016.59,0.9994,S
0.44,99016.58,1.0024,S
0.46,99012.88,0.9959,S
0.48,99012.87,0.9996,S
0.5,99014.71,1.0024,S
0.52,99014.72,1.0014,S
0.54,99013.61,0.9942,S
0.56,99013.6,0.9987,S
0.58,99015.87,1.0025,S
0.6,99015.89,1.0001,S
0.62,99021.08,0.9958,S
0.64,99021.16,1.0022,S
0.66,99022.61,1.0024,S
0.68,99022.63,0.9981,S
0.7,99016.55,0.9984,S
0.72,99016.36,1.0012,S
0.74,99014.79,0.9989,S
0.76,99014.75,0.9967,S
0.78,99013.43,1.0019,S
0.8,99013.36,1.0022,S
0.82,99020.76,0.9963,S
0.84,99021.19,0.9959,S
0.86,99018.0,1.0028,S
0.88,99017.66,1.0004,S
0.9,99022.93,0.9943,S
0.92,99023.5,1.001,S
0.94,99021.37,1.001,S
0.96,99020.93,0.9967,S
0.98,99021.34,0.9981,S
1.0,99021.43,1.0018,S
1.02,99022.68,1.0002,S
1.04,99022.94,0.9963,S
1.06,99018.44,0.9993,S
1.08,99016.39,1.0023,S
1.1,99019.33,0.9971,S
1.12,99020.67,1.0,S
1.14,99022.16,1.0011,S
1.16,99024.04,1.0029,S
1.18,99022.88,0.9958,S
1.2,99021.42,0.9995,S
1.22,99021.42,1.0027,S
1.24,99018.76,0.9981,S
1.26,99018.76,0.9969,S
1.28,99022.13,1.0026,S
1.3,99022.14,1.001,S
1.32,99018.84,0.9965,S
1.34,99018.83,0.999,S
1.36,99015.03,1.0043,S
1.38,99015.02,0.9972,S
1.4,99015.13,0.998,S
1.42,99015.13,1.0016,S
1.44,99019.61,1.0,S
1.46,99019.65,0.9975,S
1.48,99021.74,0.9989,S
1.5,99021.77,1.0016,S
1.52,99015.44,0.9999,S
1.54,99015.34,0.9955,S
1.56,99021.7,1.0005,S
1.58,99021.89,1.0006,S
1.6,99019.25,0.9959,S
1.62,99019.17,0.9968,S
1.64,99017.44,1.0027,S
1.66,99017.34,0.9994,S
1.68,99016.99,0.9978,S
1.7,99016.97,1.0008,S
1.72,99012.61,1.0034,S
1.74,99012.14,0.9984,S
1.76,99022.41,1.002,S
1.78,99023.53,1.0024,S
1.8,99020.25,0.9974,S
1.82,99019.56,0.9981,S
1.84,99015.91,0.9996,S
1.86,99015.14,1.0009,S
1.88,99011.33,0.9937,S
1.9,99009.6,0.9973,S
1.92,99011.54,1.0041,S
1.94,99012.42,0.9925,S
1.96,99012.22,0.9994,S
1.98,99011.97,1.0036,S
2.0,99013.16,1.0007,S
2.02,99014.67,0.9989,S
2.04,99014.67,0.9949,S
2.06,99021.17,1.0009,S
2.08,99021.19,0.9971,S
2.1,99017.96,0.9945,S
2.12,99017.95,0.9982,S
2.14,99017.02,1.0017,S
2.16,99017.02,0.9966,S
2.18,99017.3,0.9955,S
2.2,99017.3,0.9979,S
2.22,99017.1,1.0016,S
2.24,99017.1,0.9966,S
2.26,99016.78,1.001,S
2.28,99016.78,1.0047,S
2.3,99018.73,0.9995,S
2.32,99018.74,0.9962,S
2.34,99015.3,0.9997,S
2.36,99015.24,1.0029,S
2.38,99017.73,0.9966,S
2.4,99017.77,0.996,S
2.42,99020.02,1.0039,S
2.44,99020.09,1.0012,S
2.46,99014.91,0.9979,S
2.48,99014.75,0.9999,S
2.5,99019.53,1.0014,S
2.52,99019.79,0.9985,S
2.54,99015.6,0.9977,S
2.56,99015.36,0.9987,S
2.58,99018.07,1.0032,S
2.6,99018.35,0.9964,S
2.62,99017.65,0.9998,S
2.64,99017.58,1.0016,S
2.66,99016.09,0.9999,S
2.68,99015.78,0.9952,S
2.7,99015.12,1.001,S
2.72,99015.0,1.001,S
2.74,99016.56,0.9964,S
2.76,99017.28,1.0004,S
2.78,99013.03,1.0068,S
2.8,99011.09,1.001,S
2.82,99013.89,0.9957,S
2.84,99017.44,1.0037,S
2.86,99015.68,1.0001,S
2.88,99013.43,0.9972,S
2.9,99013.43,0.9997,S
2.92,99019.54,1.0056,S
2.94,99019.55,1.0,S
2.96,99018.61,0.9974,S
2.98,99018.61,1.0032,S
3.0,99020.54,1.0014,S
3.02,99020.55,0.9985,S
3.04,99017.66,1.0008,S
3.06,99017.66,1.0046,S
3.08,99012.4,0.9977,S
3.1,99012.36,0.9976,S
3.12,99019.0,1.0021,S
3.14,99019.06,1.0012,S
3.16,99012.3,0.9977,S
3.18,99012.19,1.0017,S
3.2,99013.67,1.0044,S
3.22,99013.69,0.9953,S
3.24,99013.03,0.9946,S
3.26,99013.02,1.0005,S
3.28,99016.14,1.0019,S
3.3,99016.23,0.9948,S
3.32,99014.92,1.0004,S
3.34,99014.85,0.9993,S
3.36,99016.05,0.9971,S
3.38,99016.11,0.9991,S
3.4,99014.64,0.9996,S
3.42,99014.48,0.9988,S
3.44,99014.92,0.9977,S
3.46,99014.96,0.9959,S
3.48,99012.61,1.0024,S
3.5,99012.12,1.0005,S
3.52,99017.6,0.9981,S
3.54,99018.77,0.9966,S
3.56,99016.36,1.0016,S
3.58,99013.31,1.0042,S
3.6,99015.08,1.0008,S
3.62,99017.33,0.9991,S
3.64,99017.33,1.0037,S
3.66,99014.51,1.0042,S
3.68,99014.51,0.9963,S
3.7,99010.95,1.0,S
3.72,99010.94,1.0011,S
3.74,99016.22,0.9999,S
3.76,99016.23,0.9991,S
3.78,99015.95,1.0005,S
3.8,99015.95,0.9994,S
3.82,99019.49,1.0005,S
3.84,99019.5,0.9938,S
3.86,99015.45,1.0053,S
3.88,99015.41,1.0041,S
3.9,99014.32,0.9943,S
3.92,99014.31,1.0029,S
3.94,99014.69,0.998,S
3.96,99014.69,0.9939,S
3.98,99014.98,0.9984,S
4.0,99014.98,1.0022,S
4.02,99017.5,0.9958,S
4.04,99017.57,1.0054,S
4.06,99012.75,0.9976,S
4.08,99012.6,0.9996,S
4.1,99013.45,1.004,S
4.12,99013.49,1.0009,S
4.14,99014.45,0.9902,S
4.16,99014.5,0.9945,S
4.18,99014.72,0.9978,S
4.2,99014.74,0.9952,S
4.22,99016.13,1.0056,S
4.24,99016.28,0.9904,S
4.26,99014.42,0.9938,S
4.28,99014.02,1.001,S
4.3,99014.7,1.0152,S
4.32,99014.84,0.994,S
4.34,99014.65,1.0014,S
4.36,99014.58,1.0042,S
4.38,99016.22,0.9908,S
4.4,99016.96,1.0036,S
4.42,99018.13,1.0104,S
4.44,99019.62,0.998,S
4.46,99016.27,1.0153,S
4.48,99012.02,0.994,S
4.5,99012.02,1.0105,S
4.52,99011.29,1.0138,S
4.54,99011.29,0.9892,S
4.56,99013.62,1.0157,S
4.58,99013.62,1.0035,S
4.6,99015.52,0.9812,S
4.62,99015.52,0.9902,S
4.64,99017.88,0.9925,S
4.66,99017.89,0.9745,S
4.68,99020.14,1.0021,S
4.7,99020.16,1.0282,S
4.72,99019.27,1.0784,S
4.74,99019.27,1.0291,S
4.76,99016.62,1.011,S
4.78,99016.58,1.0081,S
4.8,99016.91,1.0024,S
4.82,99016.91,0.9882,S
4.84,99017.72,0.9889,S
4.86,99017.74,1.0261,S
4.88,99016.07,1.0271,S
4.9,99016.02,0.9703,S
4.92,99018.16,0.9679,S
4.94,99018.28,0.9744,S
4.96,99015.73,1.005,S
4.98,99015.58,1.409,S
5.0,99020.36,6.6653,S
5.02,99020.87,9.4265,S
5.04,99037.89,9.0886,S
5.06,99039.74,9.0007,S
5.08,99009.01,9.1358,S
5.1,99002.48,9.6777,S
5.12,99003.53,9.7055,S
5.14,99003.75,9.857,M
5.16,99002.04,9.8564,M
5.18,99001.69,9.8896,M
5.2,99002.66,9.9544,M
5.22,99003.09,9.9038,M
5.24,98999.11,10.0441,M
5.26,98997.3,10.0745,M
5.28,98994.81,10.0571,M
5.3,98991.66,10.1724,M
5.32,98989.33,10.1387,M
5.34,98986.38,10.1251,M
5.36,98986.38,10.179,M
5.38,98972.63,10.146,M
5.4,98972.59,10.1895,M
5.42,98964.94,10.2086,M
5.44,98964.92,10.2372,M
5.46,98955.66,10.2803,M
5.48,98955.62,10.2851,M
5.5,98941.14,10.3259,M
5.52,98941.07,10.3274,M
5.54,98929.43,10.3926,M
5.56,98929.33,10.4252,M
5.58,98906.79,10.4262,M
5.6,98906.57,10.4971,M
5.62,98892.63,10.4753,M
5.64,98892.39,10.5202,M
5.66,98870.6,10.533,M
5.68,98870.22,10.5439,M
5.7,98854.74,10.5528,M
5.72,98854.25,10.5252,M
5.74,98829.79,10.6023,M
5.76,98829.01,10.5671,M
5.78,98810.78,10.5905,M
5.8,98809.72,10.575,M
5.82,98785.15,10.5479,M
5.84,98783.72,10.562,M
5.86,98762.3,10.5488,M
5.88,98759.97,10.5435,M
5.9,98735.38,10.5604,M
5.92,98732.7,10.5562,M
5.94,98715.16,10.5638,M
5.96,98711.44,10.5756,M
5.98,98683.92,10.5132,M
6.0,98681.34,10.5016,M
6.02,98662.08,10.537,M
6.04,98654.83,10.5142,M
6.06,98641.74,10.4568,M
6.08,98625.17,10.4926,M
6.1,98625.13,10.3842,M
6.12,98604.19,10.4969,M
6.14,98604.13,10.3982,M
6.16,98577.08,10.4052,M
6.18,98577.01,10.3768,M
6.2,98545.53,10.3916,M
6.22,98544.54,10.3066,M
6.24,98515.2,10.3138,M
6.26,98515.05,10.2753,M
6.28,98476.43,10.2992,M
6.3,98476.23,10.2575,M
6.32,98448.0,10.2008,M
6.34,98447.74,10.1322,M
6.36,98411.22,10.1096,M
6.38,98410.87,10.0648,M
6.4,98376.79,10.1034,M
6.42,98376.39,10.039,M
6.44,98335.7,9.9735,M
6.46,98334.99,9.9383,M
6.48,98293.23,9.8508,M
6.5,98291.9,9.7857,M
6.52,98291.9,9.7857,M
6.54,98253.74,9.7024,M
6.56,98215.19,9.6662,M
6.58,98212.95,9.532,M
6.6,98181.2,9.3978,M
6.62,98174.44,9.3471,M
6.64,98136.27,9.2132,M
6.66,98132.12,9.1205,M
6.68,98093.34,8.9627,M
6.7,98089.24,8.8291,M
6.72,98056.29,8.5255,M
6.74,98049.31,8.3164,M
6.76,98009.55,8.0874,M
6.78,98001.1,7.8819,M
6.8,97962.81,7.7618,M
6.82,97948.39,7.7111,M
6.84,97911.4,7.3408,M
6.86,97895.95,7.1598,M
6.88,97866.6,6.9032,M
6.9,97829.41,6.7116,M
6.92,97829.36,6.7118,M
6.94,97776.63,6.0179,M
6.96,97776.63,6.0179,M
6.98,97703.67,5.2651,M
7.0,97702.96,4.6596,M
7.02,97641.56,4.3249,M
7.04,97637.99,3.0929,M
7.06,97574.86,2.3929,M
7.08,97572.86,1.2188,M
7.1,97496.0,0.9345,M
7.12,97479.62,0.2396,M
7.14,97479.62,0.2164,M
7.16,97408.82,-0.2254,M
7.18,97408.82,-0.1812,M
7.2,97331.57,-0.4384,M
7.22,97254.17,-0.5247,M
7.24,97252.81,-0.5749,M
7.26,97168.91,-0.5704,M
7.28,97167.51,-0.6111,M
7.3,97080.43,-0.5751,M
7.32,97077.75,-0.5979,M
7.34,96996.26,-0.631,M
7.36,96991.55,-0.6499,M
7.38,96918.26,-0.6606,M
7.4,96910.69,-0.6631,M
7.42,96825.09,-0.7238,M
7.44,96816.08,-0.7417,M
7.46,96746.33,-0.6985,M
7.48,96739.81,-0.7024,M
7.5,96660.14,-0.774,M
7.52,96649.69,-0.7554,M
7.54,96591.54,-0.7369,M
7.56,96567.21,-0.7169,C
7.58,96567.21,-0.7169,C
7.6,96478.58,-0.6955,C
7.62,96478.54,-0.7034,C
7.64,96390.61,-0.715,C
7.66,96390.46,-0.6771,C
7.68,96309.83,-0.6471,C
7.7,96274.67,-0.681,C
7.72,96274.67,-0.681,C
7.74,96230.08,-0.6823,C
7.76,96160.06,-0.685,C
7.78,96152.42,-0.6837,C
7.8,96075.65,-0.698,C
7.82,96075.54,-0.7348,C
7.84,95999.34,-0.6501,C
7.86,95998.93,-0.6568,C
7.88,95998.93,-0.674,C
7.9,95916.17,-0.6409,C
7.92,95916.17,-0.6409,C
7.94,95835.04,-0.6891,C
7.96,95759.42,-0.6527,C
7.98,95757.01,-0.6376,C
8.0,95678.41,-0.6502,C
8.02,95673.83,-0.6308,C
8.04,95596.6,-0.6604,C
8.06,95595.25,-0.6225,C
8.08,95541.99,-0.6383,C
8.1,95517.66,-0.6323,C
8.12,95441.77,-0.6512,C
8.14,95439.49,-0.6079,C
8.16,95374.67,-0.6195,C
8.18,95370.91,-0.628,C
8.2,95370.9,-0.6076,C
8.22,95288.39,-0.636,C
8.24,95227.47,-0.5996,C
8.26,95220.84,-0.6154,C
8.28,95153.64,-0.6478,C
8.3,95146.34,-0.6074,C
8.32,95081.41,-0.6316,C
8.34,95067.62,-0.6185,C
8.36,95004.71,-0.5916,C
8.38,94991.35,-0.5683,C
8.4,94936.04,-0.5893,C
8.42,94910.84,-0.5768,C
8.44,94877.48,-0.5841,C
8.46,94835.21,-0.584,C
8.48,94835.09,-0.5774,C
8.5,94762.65,-0.605,C
8.52,94762.43,-0.6044,C
8.54,94688.87,-0.5977,C
8.56,94688.65,-0.599,C
8.58,94618.64,-0.595,C
8.6,94618.27,-0.5813,C
8.62,94542.29,-0.5873,C
8.64,94541.88,-0.5752,C
8.66,94467.11,-0.5436,C
8.68,94466.39,-0.5547,C
8.7,94404.49,-0.6332,C
8.72,94403.89,-0.5474,C
8.74,94324.78,-0.5358,C
8.76,94323.39,-0.5648,C
8.78,94257.27,-0.5476,C
8.8,94256.11,-0.5585,C
8.82,94185.71,-0.5475,C
8.84,94183.48,-0.5676,C
8.86,94112.77,-0.5393,C
8.88,94111.53,-0.5324,C
8.9,94042.08,-0.5552,C
8.92,94039.87,-0.5213,C
8.94,93975.35,-0.5322,C
8.96,93973.3,-0.532,C
8.98,93905.45,-0.5502,C
9.0,93901.5,-0.5094,C
9.02,93839.37,-0.5207,C
9.04,93835.75,-0.5033,C
9.06,93774.24,-0.5343,C
9.08,93767.55,-0.4989,C
9.1,93706.47,-0.5142,C
9.12,93699.82,-0.51,C
9.14,93637.76,-0.5221,C
9.16,93631.0,-0.5244,C
9.18,93582.53,-0.5046,C
9.2,93572.22,-0.4853,C
9.22,93512.59,-0.5143,C
9.24,93499.91,-0.5053,C
9.26,93451.44,-0.5048,C
9.28,93429.36,-0.4698,C
9.3,93385.78,-0.5022,C
9.32,93365.95,-0.5042,C
9.34,93336.18,-0.4772,C
9.36,93298.46,-0.499,C
9.38,93269.85,-0.4872,C
9.4,93233.68,-0.4919,C
9.42,93233.58,-0.4824,C
9.44,93169.36,-0.4785,C
9.46,93169.17,-0.4815,C
9.48,93098.97,-0.4787,C
9.5,93098.76,-0.4831,C
9.52,93040.17,-0.4629,C
9.54,93039.85,-0.4783,C
9.56,92974.21,-0.4584,C
9.58,92973.86,-0.478,C
9.6,92906.88,-0.49,C
9.62,92906.23,-0.4494,C
9.64,92844.72,-0.4601,C
9.66,92844.12,-0.472,C
9.68,92785.19,-0.4863,C
9.7,92784.16,-0.4467,C
9.72,92719.88,-0.4619,C
9.74,92718.76,-0.454,C
9.76,92663.48,-0.4447,C
9.78,92661.72,-0.441,C
9.8,92601.21,-0.4668,C
9.82,92599.3,-0.464,C
9.84,92537.7,-0.4508,C
9.86,92534.12,-0.4428,C
9.88,92481.02,-0.4477,C
9.9,92477.94,-0.444,C
9.92,92418.19,-0.4349,C
9.94,92411.69,-0.4394,C
9.96,92358.42,-0.4327,C
9.98,92352.63,-0.4321,C
10.0,92303.81,-0.4477,C
10.02,92293.44,-0.4219,C
10.04,92248.05,-0.4552,C
10.06,92238.4,-0.425,C
10.08,92192.17,-0.4357,C
10.1,92171.11,-0.43,C
10.12,92125.98,-0.4212,C
10.14,92105.43,-0.4243,C
10.16,92069.84,-0.411,C
10.18,92053.64,-0.4121,C
10.2,92027.77,-0.401,C
10.22,91995.0,-0.4276,C
10.24,91967.83,-0.4131,C
10.26,91933.45,-0.4077,C
10.28,91933.36,-0.3966,C
10.3,91877.27,-0.3864,C
10.32,91877.11,-0.3932,C
10.34,91815.35,-0.4025,C
10.36,91815.17,-0.3888,C
10.38,91759.36,-0.3806,C
10.4,91759.06,-0.3485,C
10.42,91696.41,-0.3751,C
10.44,91696.08,-0.3867,C
10.46,91648.42,-0.384,C
10.48,91647.96,-0.3729,C
10.5,91584.17,-0.3859,C
10.52,91583.55,-0.4005,C
10.54,91527.59,-0.3905,C
10.56,91526.62,-0.3529,C
10.58,91466.94,-0.3919,C
10.6,91465.9,-0.3701,C
10.62,91416.3,-0.3844,C
10.64,91414.73,-0.3723,C
10.66,91360.52,-0.3742,C
10.68,91358.8,-0.3721,C
10.7,91310.64,-0.3571,C
10.72,91307.84,-0.357,C
10.74,91256.1,-0.3752,C
10.76,91253.08,-0.3559,C
10.78,91201.68,-0.3509,C
10.8,91196.09,-0.371,C
10.82,91147.08,-0.36,C
10.84,91141.74,-0.3595,C
10.86,91100.27,-0.3644,C
10.88,91091.46,-0.3694,C
10.9,91042.11,-0.3526,C
10.92,91031.63,-0.3452,C
10.94,90996.39,-0.3459,C
10.96,90980.35,-0.3723,C
10.98,90941.46,-0.3518,C
11.0,90923.76,-0.3533,C
11.02,90899.87,-0.3322,C
11.04,90869.6,-0.3374,C
11.06,90847.56,-0.3465,C
11.08,90819.69,-0.3241,C
11.1,90819.61,-0.3259,C
11.12,90758.29,-0.3444,C
11.14,90758.11,-0.3683,C
11.16,90707.97,-0.3212,C
11.18,90707.82,-0.3189,C
11.2,90656.89,-0.3289,C
11.22,90656.62,-0.3204,C
11.24,90609.61,-0.3332,C
11.26,90609.36,-0.3166,C
11.28,90560.88,-0.3349,C
11.3,90560.63,-0.3319,C
11.32,90504.48,-0.3145,C
11.34,90503.94,-0.3256,C
11.36,90455.16,-0.3196,C
11.38,90454.69,-0.3239,C
11.4,90405.69,-0.3331,C
11.42,90404.84,-0.3114,C
11.44,90354.74,-0.3088,C
11.46,90353.86,-0.3123,C
11.48,90304.97,-0.3223,C
11.5,90303.42,-0.3073,C
11.52,90249.02,-0.3121,C
11.54,90247.3,-0.304,C
11.56,90207.04,-0.2921,C
11.58,90204.69,-0.3018,C
11.6,90149.6,-0.3071,C
11.62,90146.4,-0.2916,C
11.64,90100.52,-0.2876,C
11.66,90095.52,-0.3181,C
11.68,90055.87,-0.2978,C
11.7,90051.55,-0.2789,C
11.72,90012.72,-0.2972,C
11.74,90004.47,-0.2951,C
11.76,89962.63,-0.2884,C
11.78,89953.74,-0.2836,C
11.8,89928.18,-0.2746,C
11.82,89916.54,-0.3014,C
11.84,89881.0,-0.2811,C
11.86,89864.82,-0.2773,C
11.88,89842.44,-0.2694,C
11.9,89814.07,-0.2875,C
11.92,89790.14,-0.2712,C
11.94,89759.86,-0.2712,C
11.96,89759.77,-0.2782,C
11.98,89721.75,-0.2817,C
12.0,89721.64,-0.2683,C
12.02,89672.92,-0.2729,C
12.04,89672.78,-0.2725,C
12.06,89623.03,-0.2662,C
12.08,89622.76,-0.272,C
12.1,89575.9,-0.2701,C
12.12,89575.76,-0.2672,C
12.14,89530.66,-0.261,C
12.16,89530.43,-0.27,C
12.18,89485.67,-0.281,C
12.2,89485.43,-0.2601,C
12.22,89441.61,-0.2613,C
12.24,89441.19,-0.2617,C
12.26,89398.05,-0.2604,C
12.28,89397.64,-0.261,C
12.3,89354.66,-0.2681,C
12.32,89353.91,-0.2412,C
12.34,89307.62,-0.2449,C
12.36,89306.82,-0.2471,C
12.38,89262.81,-0.2506,C
12.4,89261.41,-0.238,C
12.42,89221.37,-0.2481,C
12.44,89220.1,-0.246,C
12.46,89174.79,-0.2477,C
12.48,89172.15,-0.2397,C
12.5,89132.58,-0.2465,C
12.52,89130.28,-0.2485,C
12.54,89087.46,-0.2346,C
12.56,89082.8,-0.248,C
12.58,89049.18,-0.2426,C
12.6,89045.52,-0.2374,C
12.62,89005.89,-0.2368,C
12.64,89001.57,-0.2256,C
12.66,88965.26,-0.2355,C
12.68,88957.54,-0.2232,C
12.7,88924.74,-0.2229,C
12.72,88917.77,-0.2291,C
12.74,88886.15,-0.2221,C
12.76,88871.75,-0.2333,C
12.78,88845.12,-0.2385,C
12.8,88833.0,-0.218,C
12.82,88814.25,-0.2217,C
12.84,88790.48,-0.2219,C
12.86,88772.78,-0.2149,C
12.88,88750.41,-0.2303,C
12.9,88750.35,-0.2207,C
12.92,88711.52,-0.2168,C
12.94,88711.41,-0.2123,C
12.96,88666.44,-0.2172,C
12.98,88666.31,-0.2249,C
13.0,88625.54,-0.2055,C
13.02,88625.32,-0.2042,C
13.04,88592.08,-0.2106,C
13.06,88591.9,-0.2012,C
13.08,88548.44,-0.2041,C
13.1,88548.03,-0.2066,C
13.12,88513.32,-0.2073,C
13.14,88512.99,-0.2043,C
13.16,88475.61,-0.1988,C
13.18,88474.96,-0.1991,C
13.2,88428.89,-0.2119,C
13.22,88428.08,-0.1972,C
13.24,88389.2,-0.2096,C
13.26,88387.97,-0.1924,C
13.28,88348.12,-0.2003,C
13.3,88346.86,-0.1977,C
13.32,88314.9,-0.2082,C
13.34,88313.04,-0.2061,C
13.36,88272.51,-0.1922,C
13.38,88270.15,-0.1885,C
13.4,88244.24,-0.202,C
13.42,88241.41,-0.1913,C
13.44,88212.0,-0.199,C
13.46,88208.8,-0.1961,C
13.48,88170.62,-0.1976,C
13.5,88162.5,-0.1925,C
13.52,88133.78,-0.1965,C
13.54,88127.68,-0.1948,C
13.56,88100.3,-0.1885,C
13.58,88087.83,-0.1896,C
13.6,88065.34,-0.1872,C
13.62,88055.11,-0.1827,C
13.64,88030.43,-0.1756,C
13.66,88019.2,-0.1873,C
13.68,88002.94,-0.1698,C
13.7,87982.34,-0.1832,C
13.72,87966.29,-0.1836,C
13.74,87945.98,-0.1863,C
13.76,87945.93,-0.172,C
13.78,87909.66,-0.1751,C
13.8,87909.55,-0.1699,C
13.82,87871.33,-0.1674,C
13.84,87871.22,-0.1727,C
13.86,87835.03,-0.1706,C
13.88,87834.84,-0.1701,C
13.9,87801.62,-0.158,C
13.92,87801.45,-0.1605,C
13.94,87769.02,-0.1677,C
13.96,87768.71,-0.1585,C
13.98,87732.07,-0.1545,C
14.0,87731.72,-0.1578,C
14.02,87697.07,-0.1521,C
14.04,87696.47,-0.1621,C
14.06,87662.41,-0.1631,C
14.08,87661.82,-0.1567,C
14.1,87629.12,-0.1598,C
14.12,87628.08,-0.167,C
14.14,87600.89,-0.1643,C
14.16,87600.03,-0.1614,C
14.18,87568.08,-0.1623,C
14.2,87566.22,-0.1618,C
14.22,87534.14,-0.1647,C
14.24,87532.28,-0.1578,C
14.26,87502.17,-0.1544,C
14.28,87498.89,-0.1482,C
14.3,87464.8,-0.1423,C
14.32,87461.1,-0.1474,C
14.34,87434.12,-0.1462,C
14.36,87428.39,-0.1441,C
14.38,87399.49,-0.1471,C
14.4,87393.35,-0.1439,C
14.42,87374.6,-0.1356,C
14.44,87366.06,-0.1465,C
14.46,87341.38,-0.1366,C
14.48,87330.14,-0.1427,C
14.5,87316.71,-0.1467,C
14.52,87299.71,-0.1378,C
14.54,87285.58,-0.141,C
14.56,87267.71,-0.144,C
14.58,87267.66,-0.133,C
14.6,87237.37,-0.1435,C
14.62,87237.29,-0.1354,C
14.64,87207.76,-0.1294,C
14.66,87207.67,-0.1299,C
14.68,87171.53,-0.1339,C
14.7,87171.34,-0.1354,C
14.72,87143.9,-0.1331,C
14.74,87143.76,-0.1405,C
14.76,87110.78,-0.1361,C
14.78,87110.21,-0.1309,C
14.8,87088.06,-0.1303,C
14.82,87087.68,-0.1367,C
14.84,87051.95,-0.1307,C
14.86,87050.81,-0.1324,C
14.88,87024.52,-0.1235,C
14.9,87023.69,-0.1305,C
14.92,86992.7,-0.13,C
14.94,86990.9,-0.1253,C
14.96,86961.02,-0.1229,C
14.98,86959.28,-0.1269,C
15.0,86940.26,-0.1275,C
15.02,86938.19,-0.1231,C
15.04,86907.86,-0.1208,C
15.06,86904.55,-0.1272,C
15.08,86880.66,-0.1258,C
15.1,86875.57,-0.1241,C
15.12,86850.29,-0.1179,C
15.14,86844.91,-0.122,C
15.16,86824.13,-0.1191,C
15.18,86819.71,-0.1168,C
15.2,86802.63,-0.1184,C
15.22,86794.85,-0.1095,C
15.24,86773.7,-0.1155,C
15.26,86764.06,-0.1155,C
15.28,86751.8,-0.1185,C
15.3,86736.25,-0.1152,C
15.32,86724.18,-0.1095,C
15.34,86708.91,-0.111,C
15.36,86708.87,-0.1091,C
15.38,86680.0,-0.1096,C
15.4,86679.91,-0.1146,C
15.42,86652.55,-0.1161,C
15.44,86652.47,-0.1179,C
15.46,86623.35,-0.111,C
15.48,86623.2,-0.1137,C
15.5,86601.56,-0.1087,C
15.52,86601.45,-0.1082,C
15.54,86572.16,-0.1052,C
15.56,86571.88,-0.1031,C
15.58,86545.21,-0.1104,C
15.6,86544.95,-0.1079,C
15.62,86517.48,-0.107,C
15.64,86517.0,-0.0975,C
15.66,86494.6,-0.1025,C
15.68,86494.22,-0.1078,C
15.7,86468.19,-0.0992,C
15.72,86467.36,-0.1044,C
15.74,86442.49,-0.1022,C
15.76,86441.71,-0.1036,C
15.78,86418.3,-0.1036,C
15.8,86416.95,-0.103,C
15.82,86394.04,-0.1027,C
15.84,86392.71,-0.1032,C
15.86,86371.98,-0.1018,C
15.88,86369.73,-0.1032,C
15.9,86343.02,-0.097,C
15.92,86340.12,-0.0988,C
15.94,86320.47,-0.0978,C
15.96,86316.3,-0.0996,C
15.98,86298.52,-0.0991,C
16.0,86294.74,-0.0932,C
16.02,86276.12,-0.0994,C
16.04,86267.63,-0.0937,C
16.06,86252.06,-0.0944,C
16.08,86244.96,-0.095,C
16.1,86234.84,-0.0924,C
16.12,86222.01,-0.0876,C
16.14,86212.17,-0.0937,C
16.16,86199.72,-0.087,C
16.18,86199.69,-0.0872,C
16.2,86176.42,-0.084,C
16.22,86176.35,-0.0881,C
16.24,86153.08,-0.0899,C
16.26,86153.01,-0.0907,C
16.28,86133.53,-0.0867,C
16.3,86133.43,-0.0832,C
16.32,86108.34,-0.088,C
16.34,86108.21,-0.085,C
16.36,86087.31,-0.0828,C
16.38,86087.12,-0.0856,C
16.4,86064.84,-0.0783,C
16.42,86064.63,-0.0846,C
16.44,86043.06,-0.0838,C
16.46,86042.85,-0.0793,C
16.48,86016.77,-0.0786,C
16.5,86016.31,-0.0828,C
16.52,85997.35,-0.0788,C
16.54,85997.03,-0.0825,C
16.56,85978.88,-0.0814,C
16.58,85978.3,-0.0785,C
16.6,85950.62,-0.0786,C
16.62,85949.74,-0.0815,C
16.64,85934.63,-0.0771,C
16.66,85933.75,-0.0799,C
16.68,85914.87,-0.0801,C
16.7,85913.78,-0.0769,C
16.72,85891.71,-0.0733,C
16.74,85889.31,-0.0735,C
16.76,85872.63,-0.0763,C
16.78,85870.81,-0.0775,C
16.8,85852.39,-0.0742,C
16.82,85848.47,-0.0752,C
16.84,85834.94,-0.0691,C
16.86,85832.06,-0.0715,C
16.88,85814.57,-0.0766,C
16.9,85806.59,-0.0736,C
16.92,85798.48,-0.0702,C
16.94,85794.79,-0.0723,C
16.96,85785.19,-0.0693,C
16.98,85773.01,-0.0687,C
17.0,85763.69,-0.0683,C
17.02,85751.89,-0.0648,C
17.04,85751.86,-0.0674,C
17.06,85735.57,-0.0715,C
17.08,85735.53,-0.0661,C
17.1,85712.01,-0.0702,C
17.12,85711.94,-0.0651,C
17.14,85695.62,-0.0655,C
17.16,85695.54,-0.069,C
17.18,85682.4,-0.0653,C
17.2,85682.33,-0.0665,C
17.22,85658.95,-0.0633,C
17.24,85658.72,-0.0671,C
17.26,85639.2,-0.0654,C
17.28,85639.02,-0.0615,C
17.3,85621.02,-0.0631,C
17.32,85620.71,-0.0624,C
17.34,85603.36,-0.0642,C
17.36,85603.06,-0.06,C
17.38,85588.6,-0.0645,C
17.4,85588.36,-0.0632,C
17.42,85567.58,-0.0628,C
17.44,85566.93,-0.0603,C
17.46,85553.93,-0.0604,C
17.48,85553.52,-0.0599,C
17.5,85534.3,-0.0612,C
17.52,85533.18,-0.0594,C
17.54,85518.65,-0.059,C
17.56,85517.8,-0.0602,C
17.58,85502.01,-0.0566,C
17.6,85500.3,-0.0556,C
17.62,85484.11,-0.0589,C
17.64,85482.35,-0.0576,C
17.66,85468.52,-0.0544,C
17.68,85465.58,-0.0569,C
17.7,85452.09,-0.0559,C
17.72,85449.22,-0.0546,C
17.74,85440.62,-0.052,C
17.76,85436.71,-0.0527,C
17.78,85423.63,-0.05,C
17.8,85417.67,-0.0505,C
17.82,85410.39,-0.0476,C
17.84,85401.17,-0.052,C
17.86,85395.48,-0.0506,C
17.88,85388.28,-0.0482,C
17.9,85388.26,-0.05,C
17.92,85373.58,-0.0516,C
17.94,85373.54,-0.0494,C
17.96,85355.72,-0.0469,C
17.98,85355.67,-0.0466,C
18.0,85349.89,-0.0467,C
18.02,85349.86,-0.0463,C
18.04,85331.3,-0.0457,C
18.06,85331.21,-0.0457,C
18.08,85312.07,-0.0463,C
18.1,85311.9,-0.0457,C
18.12,85293.3,-0.0448,C
18.14,85293.12,-0.0458,C
18.16,85283.86,-0.0444,C
18.18,85283.7,-0.0412,C
18.2,85268.48,-0.0446,C
18.22,85268.22,-0.0425,C
18.24,85260.64,-0.0449,C
18.26,85260.41,-0.043,C
18.28,85241.36,-0.0426,C
18.3,85240.75,-0.0436,C
18.32,85233.45,-0.0419,C
18.34,85233.04,-0.0409,C
18.36,85218.45,-0.0395,C
18.38,85217.61,-0.0409,C
18.4,85204.02,-0.0425,C
18.42,85202.55,-0.0378,C
18.44,85193.32,-0.0407,C
18.46,85192.32,-0.041,C
18.48,85182.95,-0.0395,C
18.5,85180.96,-0.0402,C
18.52,85171.12,-0.0403,C
18.54,85169.02,-0.0393,C
18.56,85158.51,-0.0392,C
18.58,85156.28,-0.0392,C
18.6,85145.64,-0.0399,C
18.62,85140.78,-0.0364,C
18.64,85136.85,-0.0364,C
18.66,85135.06,-0.0356,C
18.68,85127.65,-0.0349,C
18.7,85118.24,-0.0356,C
18.72,85115.26,-0.034,C
18.74,85111.51,-0.0338,C
18.76,85111.51,-0.0356,C
18.78,85101.81,-0.0351,C
18.8,85101.79,-0.0339,C
18.82,85090.17,-0.0333,C
18.84,85090.14,-0.0325,C
18.86,85078.22,-0.0349,C
18.88,85078.16,-0.0332,C
18.9,85064.23,-0.0303,C
18.92,85064.17,-0.0307,C
18.94,85049.1,-0.0304,C
18.96,85048.96,-0.0314,C
18.98,85041.31,-0.0307,C
19.0,85041.24,-0.032,C
19.02,85035.67,-0.0321,C
19.04,85035.58,-0.0315,C
19.06,85026.53,-0.0296,C
19.08,85026.37,-0.0316,C
19.1,85013.43,-0.0327,C
19.12,85013.02,-0.0319,C
19.14,85004.88,-0.0317,C
19.16,85004.62,-0.0299,C
19.18,84992.96,-0.0298,C
19.2,84992.29,-0.0301,C
19.22,84981.19,-0.0276,C
19.24,84980.55,-0.0307,C
19.26,84975.35,-0.0308,C
19.28,84974.79,-0.0283,C
19.3,84964.63,-0.0291,C
19.32,84963.53,-0.0305,C
19.34,84955.66,-0.0285,C
19.36,84953.99,-0.0286,C
19.38,84948.49,-0.0263,C
19.4,84947.32,-0.0255,C
19.42,84938.89,-0.0257,C
19.44,84935.05,-0.0269,C
19.46,84933.43,-0.028,C
19.48,84932.7,-0.0267,C
19.5,84926.06,-0.0274,C
19.52,84923.03,-0.0246,C
19.54,84919.27,-0.0279,C
19.56,84914.51,-0.0253,C
19.58,84910.95,-0.0269,C
19.6,84906.43,-0.0253,C
19.62,84906.43,-0.0248,C
19.64,84895.64,-0.0248,C
19.66,84895.61,-0.0234,C
19.68,84886.11,-0.0255,C
19.7,84886.09,-0.0262,C
19.72,84881.47,-0.0253,C
19.74,84881.45,-0.0225,C
19.76,84870.23,-0.0246,C
19.78,84870.17,-0.0207,C
19.8,84862.7,-0.0237,C
19.82,84862.63,-0.0229,C
19.84,84856.12,-0.0241,C
19.86,84856.06,-0.0242,C
19.88,84851.98,-0.022,C
19.9,84851.91,-0.022,C
19.92,84848.86,-0.0236,C
19.94,84848.81,-0.0223,C
19.96,84838.37,-0.022,C
19.98,84838.04,-0.022,C
20.0,84831.41,-0.0236,C
20.02,84831.21,-0.0216,C
20.04,84821.36,-0.0222,C
20.06,84820.29,-0.0232,C
20.08,84819.3,-0.0203,C
20.1,84819.2,-0.0219,C
20.12,84811.8,-0.021,C
20.14,84810.24,-0.0214,C
20.16,84808.5,-0.021,C
20.18,84808.14,-0.0209,C
20.2,84807.65,-0.0214,C
20.22,84807.43,-0.019,C
20.24,84801.23,-0.019,C
20.26,84798.39,-0.0216,C
20.28,84795.33,-0.0204,C
20.3,84791.44,-0.0175,C
20.32,84792.15,-0.019,C
20.34,84793.06,-0.0197,C
20.36,84793.06,-0.0207,C
20.38,84778.41,-0.019,C
20.4,84778.38,-0.0204,C
20.42,84779.93,-0.0211,C
20.44,84779.93,-0.0177,C
20.46,84778.04,-0.0197,C
20.48,84778.03,-0.0203,C
20.5,84771.57,-0.0181,C
20.52,84771.54,-0.0187,C
20.54,84766.72,-0.0199,C
20.56,84766.68,-0.0203,C
20.58,84761.24,-0.0178,C
20.6,84761.19,-0.0171,C
20.62,84759.88,-0.0172,C
20.64,84759.87,-0.0155,C
20.66,84756.29,-0.0189,C
20.68,84756.23,-0.0179,C
20.7,84752.92,-0.0183,C
20.72,84752.86,-0.0212,C
20.74,84751.7,-0.0201,C
20.76,84751.67,-0.0172,C
20.78,84751.75,-0.0197,C
20.8,84751.75,-0.0171,C
20.82,84746.15,-0.0193,C
20.84,84745.83,-0.0198,C
20.86,84745.41,-0.0172,C
20.88,84745.39,-0.0162,C
20.9,84743.56,-0.0171,C
20.92,84743.37,-0.0177,C
20.94,84741.95,-0.0169,C
20.96,84741.8,-0.0188,C
20.98,84737.63,-0.0185,C
21.0,84736.75,-0.0191,C
21.02,84733.5,-0.0189,C
21.04,84732.82,-0.0176,C
21.06,84734.45,-0.0177,C
21.08,84735.2,-0.0184,C
21.1,84733.65,-0.0182,C
21.12,84732.94,-0.018,C
21.14,84732.38,-0.0194,C
21.16,84731.67,-0.0189,C
21.18,84730.36,-0.0175,C
21.2,84728.69,-0.0193,C
21.22,84728.69,-0.0196,C
21.24,84730.88,-0.0204,C
21.26,84730.88,-0.0198,C
21.28,84731.41,-0.0203,C
21.3,84731.41,-0.0202,C
21.32,84726.68,-0.0178,C
21.34,84726.67,-0.0199,C
21.36,84729.06,-0.0211,C
21.38,84729.07,-0.0203,C
21.4,84729.24,-0.0178,C
21.42,84729.24,-0.0196,C
21.44,84727.82,-0.0197,C
21.46,84727.81,-0.0187,C
21.48,84726.08,-0.021,C
21.5,84726.06,-0.0203,C
21.52,84729.41,-0.0216,C
21.54,84729.46,-0.0222,C
21.56,84728.36,-0.02,C
21.58,84728.33,-0.0208,C
21.6,84726.38,-0.0181,C
21.62,84726.32,-0.0176,C
21.64,84727.47,-0.0195,C
21.66,84727.53,0.0216,C
21.68,84734.39,0.1456,C
21.7,84734.78,12.3225,C
21.72,84760.46,12.3813,C
21.74,84763.25,-0.4945,C
21.76,84792.69,-0.5912,C
21.78,84795.89,-1.0579,C
21.8,84749.17,-0.1939,C
21.82,84739.24,-0.0601,C
21.84,84731.36,-0.0758,C
21.86,84729.69,-0.2371,C
21.88,84731.24,-0.036,C
21.9,84731.56,-0.2,C
21.92,84730.85,-0.1246,C
21.94,84730.52,-0.2643,C
21.96,84733.57,-0.3049,C
21.98,84734.95,-0.8749,C
22.0,84737.28,-0.619,C
22.02,84740.23,-0.5678,C
22.04,84743.27,-0.5488,C
22.06,84747.13,-0.4995,C
22.08,84747.14,-0.4774,C
22.1,84752.16,-0.4749,C
22.12,84752.17,-0.4312,C
22.14,84751.54,-0.3293,C
22.16,84751.54,-0.338,C
22.18,84754.24,-0.3573,C
22.2,84754.24,-0.3232,C
22.22,84752.81,-0.2872,C
22.24,84752.81,-0.5063,C
22.26,84748.05,-0.5077,C
22.28,84748.0,-0.5572,C
22.3,84749.88,-0.5565,C
22.32,84749.9,-0.3821,C
22.34,84746.14,-0.4121,C
22.36,84746.08,-0.4029,C
22.38,84752.0,-0.4978,C
22.4,84752.09,-0.4656,C
22.42,84756.83,-0.6017,C
22.44,84756.98,-0.6436,C
22.46,84757.79,-0.4847,C
22.48,84757.81,-0.4419,C
22.5,84767.08,-0.444,C
22.52,84767.62,-0.5613,C
22.54,84778.08,-0.8154,C
22.56,84778.68,-1.3306,C
22.58,84784.52,-1.378,C
22.6,84785.15,-2.069,C
22.62,84791.91,-2.9363,C
22.64,84792.65,-3.7286,C
22.66,84797.48,-3.9759,C
22.68,84798.5,-1.0059,C
22.7,84805.87,0.6926,C
22.72,84807.44,0.4871,C
22.74,84793.69,0.5265,C
22.76,84787.42,0.4702,C
22.78,84770.12,0.4004,C
22.8,84762.23,0.2869,C
22.82,84756.93,0.2583,C
22.84,84750.21,0.2626,C
22.86,84746.4,0.1915,C
22.88,84741.56,0.1761,C
22.9,84741.56,0.2038,C
22.92,84730.11,0.2434,C
22.94,84730.08,0.1877,C
22.96,84723.38,0.1016,C
22.98,84723.37,0.1118,C
23.0,84688.96,0.0585,C
23.02,84688.78,-0.0267,C
23.04,84695.3,-0.0063,C
23.06,84695.34,0.0029,C
23.08,84699.25,-0.0326,C
23.1,84699.31,-0.1488,C
23.12,84690.44,-0.0998,C
23.14,84690.29,-0.1215,C
23.16,84705.47,-0.075,C
23.18,84705.95,-0.1165,C
23.2,84708.37,-0.0944,C
23.22,84708.44,0.005,C
23.24,84714.75,-0.0612,C
23.26,84717.62,-0.068,C
23.28,84715.05,-0.0561,C
23.3,84714.9,-0.0256,C
23.32,84737.24,-0.0242,C
23.34,84739.67,-0.0403,C
23.36,84739.67,-0.0303,C
23.38,84768.08,-0.0267,C
23.4,84794.98,-0.0515,C
23.42,84800.69,-0.0072,C
23.44,84824.57,-0.0111,C
23.46,84828.77,-0.0289,C
23.48,84829.53,-0.0194,C
23.5,84829.47,0.0059,C
23.52,84843.9,-0.0047,C
23.54,84850.47,0.0124,C
23.56,84850.47,0.0124,C
23.58,84873.69,0.0214,C
23.6,84880.28,0.0376,C
23.62,84888.6,0.0616,C
23.64,84888.62,0.0766,C
23.66,84904.69,0.0791,C
23.68,84904.73,0.0976,C
23.7,84897.07,0.1227,C
23.72,84897.05,0.147,C
23.74,84889.38,0.1628,C
23.76,84889.36,0.1833,C
23.78,84902.01,0.1991,C
23.8,84902.07,0.2314,C
23.82,84899.06,0.2707,C
23.84,84899.05,0.3063,C
23.86,84904.63,0.316,C
23.88,84907.17,0.3097,C
23.9,84920.81,0.3701,C
23.92,84920.94,0.3409,C
23.94,84927.66,0.377,C
23.96,84927.78,0.3807,C
23.98,84927.78,0.375,C
24.0,84971.19,0.2957,C
24.02,84971.19,0.2957,C
24.04,84979.63,0.2713,C
24.06,84982.1,0.1563,C
24.08,84982.17,0.0915,C
24.1,84998.58,0.0474,C
24.12,84998.58,0.0474,C
24.14,85002.29,0.0342,C
24.16,85003.17,-0.0823,C
24.18,85003.17,-0.0864,C
24.2,85006.34,-0.0451,C
24.22,85006.34,-0.0976,C
24.24,85023.77,-0.0764,C
24.26,85023.77,-0.0694,C
24.28,85038.93,-0.0651,C
24.3,85038.93,-0.0651,C
24.32,85044.92,-0.1072,C
24.34,85056.12,-0.1258,C
24.36,85061.07,-0.1675,C
24.38,85065.9,-0.2586,C
24.4,85070.81,-0.2486,C
24.42,85071.84,-0.1942,C
24.44,85076.39,-0.1896,C
24.46,85082.17,-0.2369,C
24.48,85104.3,-0.2105,C
24.5,85104.36,-0.2478,C
24.52,85103.45,-0.2704,C
24.54,85103.45,-0.3142,C
24.56,85116.97,-0.4316,C
24.58,85117.03,-0.4083,C
24.6,85122.99,-0.4824,C
24.62,85123.09,-0.4271,C
24.64,85130.91,-0.4447,C
24.66,85131.37,-0.4662,C
24.68,85136.98,-0.4852,C
24.7,85138.18,-0.526,C
24.72,85144.24,-0.5479,C
24.74,85147.02,-0.3907,C
24.76,85147.02,-0.441,C
24.78,85156.71,-0.5047,C
24.8,85156.71,-0.5047,C
24.82,85166.79,-0.5208,C
24.84,85166.79,-0.5235,C
24.86,85170.53,-0.5149,C
24.88,85188.02,-0.4635,C
24.9,85188.46,-0.464,C
24.92,85191.32,-0.4111,C
24.94,85191.45,-0.3963,C
24.96,85203.21,-0.4375,C
24.98,85204.49,-0.4834,C
25.0,85208.53,-0.4702,C
25.02,85209.39,-0.5227,C
25.04,85214.93,-0.6231,C
25.06,85221.97,-0.6508,C
25.08,85231.89,-0.6431,C
25.1,85234.0,-0.5975,C
25.12,85237.66,-0.6112,C
25.14,85239.32,-0.6591,C
25.16,85244.0,-0.6507,C
25.18,85246.02,-0.5975,C
25.2,85246.95,-0.3487,C
25.22,85247.99,0.0182,C
25.24,85246.84,0.1353,C
25.26,85245.39,0.2476,C
25.28,85245.39,0.4581,C
25.3,85228.15,0.4659,C
25.32,85228.11,0.2783,C
25.34,85215.3,0.1941,C
25.36,85215.26,0.1072,C
25.38,85192.41,-0.1359,C
25.4,85192.29,-0.1581,C
25.42,85143.65,-0.1839,C
25.44,85143.39,-0.245,C
25.46,85128.13,-0.3097,C
25.48,85127.98,-0.3293,C
25.5,85144.32,-0.4011,C
25.52,85144.48,-0.2615,C
25.54,85178.48,-0.3653,C
25.56,85179.07,-0.2965,C
25.58,85161.51,-0.2248,C
25.6,85161.21,-0.2168,C
25.62,85150.56,-0.2365,C
25.64,85150.23,-0.3718,C
25.66,85155.02,-0.4171,C
25.68,85155.17,-0.2849,C
25.7,85149.55,-0.2117,C
25.72,85149.22,-0.0778,C
25.74,85185.32,-0.0339,C
25.76,85187.42,0.0465,C
25.78,85223.86,0.1563,C
25.8,85227.82,0.2191,C
25.82,85272.03,0.3143,C
25.84,85276.84,0.3854,C
25.86,85294.54,0.4468,C
25.88,85298.3,0.4902,C
25.9,85339.87,0.5007,C
25.92,85348.71,0.5116,C
25.94,85370.66,0.5552,F
25.96,85380.66,0.5696,F
25.98,85391.98,0.5068,F
26.0,85397.13,0.5308,F
26.02,85420.59,0.573,F
26.04,85450.35,0.5529,F
26.06,85461.24,0.4381,F
26.08,85474.96,0.6083,F
26.1,85474.99,0.4464,F
26.12,85480.77,0.4884,F
26.14,85480.78,0.3961,F
26.16,85497.14,0.5878,F
26.18,85497.19,0.5278,F
26.2,85508.75,0.4002,F
26.22,85508.78,0.2949,F
26.24,85517.36,0.3686,F
26.26,85517.4,0.4076,F
26.28,85533.75,0.2773,F
26.3,85533.83,0.2219,F
26.32,85533.38,0.2149,F
26.34,85533.38,0.1019,F
26.36,85533.09,0.1493,F
26.38,85533.09,0.126,F
26.4,85534.09,0.0503,F
26.42,85534.1,-0.0784,F
26.44,85522.18,0.0085,F
26.46,85521.98,-0.0166,F
26.48,85505.32,-0.0373,F
26.5,85504.79,-0.0655,F
26.52,85458.98,-0.0693,F
26.54,85457.53,-0.0199,F
26.56,85459.66,-0.0686,F
26.58,85459.78,-0.0941,F
26.6,85479.58,-0.0984,F
26.62,85480.73,-0.0956,F
26.64,85492.18,-0.1837,F
26.66,85493.43,-0.0934,F
26.68,85518.77,-0.1262,F
26.7,85521.53,-0.1031,F
26.72,85531.59,-0.0564,F
26.74,85533.73,-0.1307,F
26.76,85533.5,-0.1919,F
26.78,85533.45,-0.1696,F
26.8,85520.09,-0.1645,F
26.82,85514.01,-0.124,F
26.84,85507.62,-0.1561,F
26.86,85504.72,-0.1429,F
26.88,85502.05,-0.1806,F
26.9,85498.67,-0.1676,F
26.92,85497.03,-0.1686,F
26.94,85494.95,-0.1632,F
26.96,85494.95,-0.1299,F
26.98,85529.8,-0.0409,F
27.0,85529.9,-0.0462,F
27.02,85572.63,-0.0391,F
27.04,85572.75,-0.006,F
27.06,85610.03,-0.003,F
27.08,85610.22,-0.0025,F
27.1,85634.56,-0.0295,F
27.12,85634.69,-0.0012,F
27.14,85671.88,-0.0139,F
27.16,85672.24,0.0195,F
27.18,85692.11,-0.0165,F
27.2,85692.3,-0.0582,F
27.22,85720.07,-0.0684,F
27.24,85720.55,-0.0693,F
27.26,85742.05,-0.0877,F
27.28,85742.43,-0.0904,F
27.3,85763.37,-0.096,F
27.32,85764.03,-0.1173,F
27.34,85783.39,-0.1157,F
27.36,85784.0,-0.0956,F
27.38,85790.08,-0.1253,F
27.4,85790.42,-0.1778,F
27.42,85802.56,-0.1955,F
27.44,85803.27,-0.2305,F
27.46,85802.19,-0.2425,F
27.48,85802.08,-0.2329,F
27.5,85799.92,-0.2819,F
27.52,85799.69,-0.3309,F
27.54,85811.61,-0.3678,F
27.56,85814.15,-0.4041,F
27.58,85836.25,-0.3356,F
27.6,85840.95,-0.3897,F
27.62,85850.84,-0.3529,F
27.64,85855.33,-0.3161,F
27.66,85876.02,-0.3879,F
27.68,85885.45,-0.4208,F
27.7,85893.98,-0.4326,F
27.72,85897.87,-0.5443,F
27.74,85908.33,-0.658,F
27.76,85913.1,-0.8949,F
27.78,85920.6,-1.034,F
27.8,85924.01,-1.1853,F
27.82,85928.55,-1.5286,F
27.84,85934.31,-1.9941,F
27.86,85942.19,-1.8765,F
27.88,85952.19,-2.2888,F
27.9,85952.22,-1.3898,F
27.92,85961.5,-0.4878,F
27.94,85961.52,-0.078,F
27.96,85972.08,-0.0129,F
27.98,85972.11,0.0259,F
28.0,85976.27,-0.1079,F
28.02,85976.29,-0.0807,F
28.04,85983.46,-0.1108,F
28.06,85983.49,-0.2382,F
28.08,85992.49,-0.0942,F
28.1,85992.57,-0.1742,F
28.12,86013.4,-0.1893,F
28.14,86013.59,-0.0442,F
28.16,86004.94,-0.0976,F
28.18,86004.79,-0.0854,F
28.2,86002.94,-0.0088,F
28.22,86002.91,-0.0237,F
28.24,85999.02,-0.004,F
28.26,85998.91,0.0313,F
28.28,85972.16,-0.0242,F
28.3,85971.32,-0.0061,F
28.32,85966.7,0.0205,F
28.34,85966.44,-0.008,F
28.36,85961.68,0.0307,F
28.38,85961.41,0.027,F
28.4,85947.58,0.0138,F
28.42,85946.08,-0.0057,F
28.44,85949.59,-0.0384,F
28.46,85949.97,-0.0272,F
28.48,85953.98,0.0063,F
28.5,85954.83,0.0129,F
28.52,85966.58,-0.0062,F
28.54,85969.09,-0.004,F
28.56,86005.32,-0.0153,F
28.58,86021.83,-0.0133,F
28.6,86035.78,0.0379,F
28.62,86042.12,0.0141,F
28.64,86063.56,0.0913,F
28.66,86090.77,0.0737,F
28.68,86092.74,0.1245,F
28.7,86095.16,0.0851,F
28.72,86095.16,0.0375,F
28.74,86098.94,-0.0048,F
28.76,86098.94,-0.0186,F
28.78,86106.09,-0.0069,F
28.8,86106.1,-0.1012,F
28.82,86139.17,-0.131,F
28.84,86139.35,-0.2307,F
28.86,86161.94,-0.3463,F
28.88,86162.05,-0.3112,F
28.9,86190.61,-0.2669,F
28.92,86190.89,-0.3109,F
28.94,86206.49,-0.268,F
28.96,86206.63,-0.299,F
28.98,86230.71,-0.3211,F
29.0,86231.12,-0.3154,F
29.02,86243.48,-0.3407,F
29.04,86243.7,-0.3346,F
29.06,86269.21,-0.3455,F
29.08,86269.65,-0.3668,F
29.1,86294.48,-0.309,F
29.12,86295.26,-0.3376,F
29.14,86312.46,-0.3311,F
29.16,86313.01,-0.3584,F
29.18,86324.75,-0.3572,F
29.2,86325.43,-0.3563,F
29.22,86336.6,-0.3915,F
29.24,86337.25,-0.3144,F
29.26,86348.48,-0.3777,F
29.28,86349.7,-0.3903,F
29.3,86356.57,-0.3936,F
29.32,86357.32,-0.4101,F
29.34,86368.77,-0.4139,F
29.36,86371.21,-0.4471,F
29.38,86385.64,-0.474,F
29.4,86388.71,-0.4895,F
29.42,86403.59,-0.5331,F
29.44,86410.38,-0.5092,F
29.46,86418.73,-0.4932,F
29.48,86422.52,-0.6386,F
29.5,86430.09,-0.5465,F
29.52,86439.7,-0.5317,F
29.54,86445.78,-0.6088,F
29.56,86453.47,-0.6944,F
29.58,86453.49,-0.7281,F
29.6,86460.6,-0.7071,F
29.62,86460.61,-0.7076,F
29.64,86473.79,-0.7998,F
29.66,86473.82,-0.7841,F
29.68,86486.69,-0.8532,F
29.7,86486.76,-0.8627,F
29.72,86499.35,-0.9624,F
29.74,86499.41,-1.0219,F
29.76,86511.47,-1.0151,F
29.78,86511.59,-1.1505,F
29.8,86522.63,-1.1568,F
29.82,86522.72,-1.0867,F
29.84,86532.37,-1.1339,F
29.86,86532.54,-1.0992,F
29.88,86534.82,-0.8361,F
29.9,86534.86,-0.7104,F
29.92,86525.54,-0.5857,F
29.94,86525.25,-0.5727,F
29.96,86520.2,-0.4762,F
29.98,86520.05,-0.4387,F
30.0,86521.15,-0.5591,F
30.02,86521.21,-0.5749,F
30.04,86505.66,-0.6182,F
30.06,86504.77,-0.5447,F
30.08,86487.9,-0.4223,F
30.1,86486.07,-0.3373,F
30.12,86485.69,-0.3188,F
30.14,86485.65,-0.2772,F
30.16,86507.84,-0.2623,F
30.18,86512.56,-0.2873,F
30.2,86515.12,-0.2352,F
30.22,86515.67,-0.2763,F
30.24,86514.95,-0.3417,F
30.26,86514.63,-0.3226,F
30.28,86521.72,-0.2944,F
30.3,86524.94,-0.2507,F
30.32,86537.84,-0.2555,F
30.34,86554.2,-0.2648,F
30.36,86561.08,-0.4072,F
30.38,86569.75,-0.372,F
30.4,86569.77,-0.4298,F
30.42,86595.82,-0.4643,F
30.44,86595.89,-0.4919,F
30.46,86574.91,-0.5599,F
30.48,86574.86,-0.5134,F
30.5,86572.81,-0.4471,F
30.52,86572.81,-0.4391,F
30.54,86597.89,-0.5262,F
30.56,86598.02,-0.3529,F
30.58,86639.08,-0.4038,F
30.6,86639.3,-0.3522,F
30.62,86678.64,-0.394,F
30.64,86679.02,-0.3445,F
30.66,86729.27,-0.3225,F
30.68,86729.75,-0.2809,F
30.7,86776.28,-0.1934,F
30.72,86777.09,-0.2726,F
30.74,86767.24,-0.261,F
30.76,86767.07,-0.2678,F
30.78,86759.28,-0.2743,F
30.8,86759.04,-0.2559,F
30.82,86767.62,-0.2049,F
30.84,86767.89,-0.1885,F
30.86,86753.16,-0.229,F
30.88,86752.3,-0.2133,F
30.9,86734.76,-0.1946,F
30.92,86733.75,-0.2196,F
30.94,86725.95,-0.1648,F
30.96,86725.1,-0.1603,F
30.98,86708.46,-0.1788,F
31.0,86706.65,-0.1204,F
31.02,86711.43,-0.075,F
31.04,86712.45,-0.0774,F
31.06,86721.49,-0.0763,F
31.08,86723.41,0.0002,F
31.1,86745.97,0.0537,F
31.12,86756.24,0.0612,F
31.14,86779.38,0.0657,F
31.16,86789.9,0.1468,F
31.18,86811.07,0.1355,F
31.2,86837.91,0.1565,F
31.22,86859.03,0.2207,F
31.24,86885.74,0.2241,F
31.26,86885.81,0.216,F
31.28,86915.26,0.2163,F
31.3,86915.35,0.2727,F
31.32,86945.98,0.2205,F
31.34,86946.06,0.1332,F
31.36,86972.41,0.1211,F
31.38,86972.55,0.1072,F
31.4,87015.73,0.2539,F
31.42,87015.96,0.1798,F
31.44,87049.57,0.0035,F
31.46,87049.9,0.1319,F
31.48,87077.66,0.2068,F
31.5,87077.92,0.0098,F
31.52,87088.12,0.0609,F
31.54,87088.3,-0.0834,F
31.56,87092.94,0.1468,F
31.58,87093.01,0.0659,F
31.6,87092.61,0.0078,F
31.62,87092.61,-0.0975,F
31.64,87097.33,-0.1597,F
31.66,87097.48,-0.1381,F
31.68,87096.77,-0.2069,F
31.7,87096.73,-0.3691,F
31.72,87093.5,-0.4276,F
31.74,87093.32,-0.568,F
31.76,87088.91,-0.8574,F
31.78,87088.43,-0.873,F
31.8,87070.38,-0.8069,F
31.82,87068.41,-0.7089,F
31.84,87060.97,-0.4116,F
31.86,87060.16,-0.371,F
31.88,87069.7,-0.2161,F
31.9,87071.72,-0.1645,F
31.92,87091.69,-0.1022,F
31.94,87095.94,0.0335,F
31.96,87114.86,0.0108,F
31.98,87123.49,0.0512,F
32.0,87130.87,0.0257,F
32.02,87134.22,-0.0033,F
32.04,87140.57,0.0339,F
32.06,87148.63,-0.1323,F
32.08,87156.69,-0.196,F
32.1,87166.89,-0.2985,F
32.12,87166.91,-0.2439,F
32.14,87189.07,-0.1301,F
32.16,87189.13,-0.0959,F
32.18,87199.99,-0.1449,F
32.2,87200.02,-0.1007,F
32.22,87214.47,0.0997,F
32.24,87214.54,0.1492,F
32.26,87231.52,0.2167,F
32.28,87231.61,0.2041,F
32.3,87238.75,0.1803,F
32.32,87238.81,0.2335,F
32.34,87237.37,0.4007,F
32.36,87237.36,0.4202,F
32.38,87252.59,0.5591,F
32.4,87252.85,0.5446,F
32.42,87258.25,0.5301,F
32.44,87258.34,0.6793,F
32.46,87282.34,0.8698,F
32.48,87283.1,0.7915,F
32.5,87286.3,0.8295,F
32.52,87286.4,0.7848,F
32.54,87293.95,0.8093,F
32.56,87294.38,0.6805,F
32.58,87300.92,0.6349,F
32.6,87301.29,0.6747,F
32.62,87314.15,0.6017,F
32.64,87315.55,0.6128,F
32.66,87327.83,0.5306,F
32.68,87329.17,0.554,F
32.7,87345.28,0.4917,F
32.72,87348.69,0.4614,F
32.74,87371.41,0.3903,F
32.76,87376.23,0.4092,F
32.78,87385.61,0.3591,F
32.8,87389.88,0.3893,F
32.82,87403.69,0.3109,F
32.84,87409.99,0.3028,F
32.86,87414.78,0.3286,F
32.88,87420.86,0.2609,F
32.9,87419.54,0.2833,F
32.92,87417.85,0.2974,F
32.94,87417.85,0.2757,F
32.96,87408.64,0.2249,F
32.98,87408.62,0.2935,F
33.0,87409.1,0.3011,F
33.02,87409.1,0.3167,F
33.04,87412.44,0.3582,F
33.06,87412.47,0.4011,F
33.08,87429.18,0.4785,F
33.1,87429.27,0.5126,F
33.12,87457.34,0.4948,F
33.14,87457.83,0.5101,F
33.16,87499.1,0.537,F
33.18,87499.82,0.5543,F
33.2,87523.96,0.5659,F
33.22,87524.73,0.5648,F
33.24,87542.41,0.624,F
33.26,87542.96,0.5923,F
33.28,87563.54,0.7443,F
33.3,87564.74,0.7222,F
33.32,87559.72,0.696,F
33.34,87559.43,0.6335,F
33.36,87550.31,0.5923,F
33.38,87549.32,0.5125,F
33.4,87562.7,0.4732,F
33.42,87564.15,0.5252,F
33.44,87573.32,0.4169,F
33.46,87574.31,0.4026,F
33.48,87571.6,0.4071,F
33.5,87571.03,0.3794,F
33.52,87580.11,0.3304,F
33.54,87582.05,0.3133,F
33.56,87578.55,0.2922,F
33.58,87576.96,0.2752,F
33.6,87587.7,0.3082,F
33.62,87592.59,0.2992,F
33.64,87603.69,0.2609,F
33.66,87617.78,0.2147,F
33.68,87620.02,0.25,F
33.7,87622.82,0.2666,F
33.72,87622.82,0.2414,F
33.74,87608.1,0.1999,F
33.76,87608.06,0.2593,F
33.78,87611.08,0.2803,F
33.8,87611.08,0.3191,F
33.82,87625.6,0.3496,F
33.84,87625.68,0.3677,F
33.86,87638.6,0.3642,F
33.88,87638.67,0.3921,F
33.9,87654.22,0.4104,F
33.92,87654.36,0.4703,F
33.94,87686.47,0.4713,F
33.96,87686.79,0.5592,F
33.98,87711.24,0.5798,F
34.0,87711.66,0.5542,F
34.02,87717.31,0.549,F
34.04,87717.4,0.5726,F
34.06,87730.44,0.5736,F
34.08,87730.85,0.6011,F
34.1,87744.96,0.6098,F
34.12,87745.4,0.6168,F
34.14,87759.55,0.6253,F
34.16,87760.37,0.634,F
34.18,87790.66,0.6492,F
34.2,87792.43,0.5857,F
34.22,87818.07,0.5448,F
34.24,87820.87,0.5208,F
34.26,87846.39,0.4486,F
34.28,87849.16,0.3472,F
34.3,87865.55,0.3998,F
34.32,87869.03,0.3522,F
34.34,87870.87,0.2973,F
34.36,87871.26,0.2434,F
34.38,87862.59,0.2404,F
34.4,87858.63,0.3893,F
34.42,87860.13,0.2663,F
34.44,87860.81,0.21,F
34.46,87876.73,0.224,F
34.48,87896.94,0.2113,F
34.5,87905.63,0.3191,F
34.52,87916.59,0.2399,F
34.54,87916.62,0.293,F
34.56,87938.82,0.3971,F
34.58,87938.89,0.5159,F
34.6,87942.91,0.4303,F
34.62,87942.91,0.3958,F
34.64,87949.87,0.4115,F
34.66,87949.9,0.2298,F
34.68,87969.13,0.1404,F
34.7,87969.23,0.2501,F
34.72,88005.46,0.4029,F
34.74,88005.8,0.4852,F
34.76,88024.33,0.4929,F
34.78,88024.51,0.5737,F
34.8,88055.55,0.6052,F
34.82,88056.1,0.6597,F
34.84,88074.48,0.6706,F
34.86,88074.8,0.6055,F
34.88,88095.43,0.5135,F
34.9,88096.09,0.4815,F
34.92,88107.38,0.4795,F
34.94,88107.73,0.7283,F
34.96,88110.44,0.6208,F
34.98,88110.59,0.6709,F
35.0,88119.2,0.522,F
35.02,88119.7,0.5006,F
35.04,88126.5,0.4643,F
35.06,88127.24,0.472,F
35.08,88135.02,0.4616,F
35.1,88135.86,0.4572,F
35.12,88154.86,0.451,F
35.14,88158.9,0.5669,F
35.16,88142.69,0.5915,F
35.18,88139.25,0.5924,F
35.2,88145.39,0.5912,F
35.22,88146.7,0.5,F
35.24,88159.17,0.4804,F
35.26,88164.85,0.7219,F
35.28,88191.06,0.7121,F
35.3,88202.99,0.718,F
35.32,88192.99,0.7289,F
35.34,88180.26,0.7784,F
35.36,88181.81,0.7629,F
35.38,88183.81,0.7012,F
35.4,88183.81,0.6576,F
35.42,88185.66,0.6159,F
35.44,88185.66,0.5133,F
35.46,88151.76,0.5021,F
35.48,88151.67,0.5354,F
35.5,88127.43,0.4833,F
35.52,88127.3,0.5276,F
35.54,88107.12,0.4859,F
35.56,88107.01,0.4722,F
35.58,88098.79,0.4601,F
35.6,88098.71,0.4721,F
35.62,88067.85,0.4814,F
35.64,88067.56,0.5102,F
35.66,88062.25,0.5573,F
35.68,88062.16,0.57,F
35.7,88057.53,0.5721,F
35.72,88057.45,0.6047,F
35.74,88111.84,0.5868,F
35.76,88113.57,0.6534,F
35.78,88138.44,0.6721,F
35.8,88139.23,0.7481,F
35.82,88163.87,0.7238,F
35.84,88165.3,0.7753,F
35.86,88180.88,0.8215,F
35.88,88181.78,0.8212,F
35.9,88202.12,0.8878,F
35.92,88204.34,0.9237,F
35.94,88234.45,0.9113,F
35.96,88237.73,0.9038,F
35.98,88267.04,0.9248,F
36.0,88273.27,0.9214,F
36.02,88314.76,0.9617,F
36.04,88323.58,0.9372,F
36.06,88349.02,0.9121,F
36.08,88360.61,0.865,F
36.1,88368.45,0.7799,F
36.12,88372.01,0.7438,F
36.14,88373.54,0.6165,F
36.16,88375.46,0.6282,F
36.18,88378.14,0.5343,F
36.2,88381.53,0.4973,F
36.22,88381.54,0.4073,F
36.24,88388.12,0.4411,F
36.26,88388.13,0.3322,F
36.28,88381.59,0.3347,F
36.3,88381.57,0.295,F
36.32,88394.41,0.3262,F
36.34,88394.48,0.2629,F
36.36,88409.66,0.1885,F
36.38,88409.74,-0.0434,F
36.4,88429.08,-0.068,F
36.42,88429.27,-0.094,F
36.44,88450.62,0.0179,F
36.46,88450.82,-0.0838,F
36.48,88479.31,-0.0128,F
36.5,88479.8,0.0224,F
36.52,88504.91,0.017,F
36.54,88505.34,0.0156,F
36.56,88537.43,0.0595,F
36.58,88538.45,0.014,F
36.6,88527.14,0.0167,F
36.62,88526.79,0.0275,F
36.64,88529.64,-0.0385,F
36.66,88529.73,-0.0353,F
36.68,88551.01,-0.1359,F
36.7,88552.24,-0.1561,F
36.72,88614.74,-0.1079,F
36.74,88618.37,-0.1379,F
36.76,88629.9,-0.1684,F
36.78,88631.15,-0.1803,F
36.8,88662.74,-0.1726,F
36.82,88666.17,-0.1162,F
36.84,88678.2,-0.1264,F
36.86,88680.76,-0.0833,F
36.88,88701.29,-0.0281,F
36.9,88705.65,-0.0664,F
36.92,88719.38,-0.0516,F
36.94,88725.64,0.0023,F
36.96,88729.48,-0.0018,F
36.98,88731.22,-0.0804,F
37.0,88735.93,-0.1155,F
37.02,88741.9,-0.3045,F
37.04,88744.07,-0.3004,F
37.06,88746.82,-0.0691,F
37.08,88746.82,-0.0352,F
37.1,88750.48,-0.0546,F
37.12,88750.48,-0.142,F
37.14,88754.24,-0.1596,F
37.16,88754.24,-0.557,F
37.18,88758.5,-0.8173,F
37.2,88758.51,-0.5052,F
37.22,88769.13,-0.3821,F
37.24,88769.18,-0.2737,F
37.26,88779.25,-0.235,F
37.28,88779.34,-0.3005,F
37.3,88789.67,-0.3001,F
37.32,88789.76,-0.3598,F
37.34,88793.03,-0.3851,F
37.36,88793.08,-0.5276,F
37.38,88802.81,-0.5423,F
37.4,88802.97,-0.3986,F
37.42,88800.07,-0.5068,F
37.44,88799.98,-0.5248,F
37.46,88808.87,-0.528,F
37.48,88809.15,-0.4905,F
37.5,88827.54,-0.4833,F
37.52,88828.61,-0.5391,F
37.54,88837.61,-0.4774,F
37.56,88838.13,-0.4476,F
37.58,88862.28,-0.4414,F
37.6,88864.91,-0.3549,F
37.62,88884.18,-0.262,F
37.64,88886.27,-0.4233,F
37.66,88909.42,-0.4912,F
37.68,88914.34,-0.4503,F
37.7,88939.17,-0.4792,F
37.72,88944.45,-0.4664,F
37.74,88959.45,-0.41,F
37.76,88966.29,-0.4708,F
37.78,88981.91,-0.5488,F
37.8,88989.02,-0.6189,F
37.82,88994.08,-0.5006,F
37.84,89000.49,-0.3859,F
37.86,89007.74,-0.3766,F
37.88,89016.89,-0.4035,F
37.9,89016.94,-0.5181,F
37.92,89031.37,-0.5551,F
37.94,89031.44,-0.547,F
37.96,89045.07,-0.581,F
37.98,89045.14,-0.5526,F
38.0,89061.75,-0.5124,F
38.02,89061.91,-0.4146,F
38.04,89070.81,-0.3919,F
38.06,89070.89,-0.3357,F
38.08,89083.83,-0.3174,F
38.1,89083.95,-0.3296,F
38.12,89097.71,-0.3938,F
38.14,89097.94,-0.3507,F
38.16,89102.94,-0.3106,F
38.18,89103.02,-0.3306,F
38.2,89113.44,-0.3359,F
38.22,89113.76,-0.2568,F
38.24,89119.95,-0.3153,F
38.26,89120.14,-0.316,F
38.28,89120.69,-0.3677,F
38.3,89120.72,-0.3141,F
38.32,89122.22,-0.3804,F
38.34,89122.31,-0.3399,F
38.36,89120.57,-0.2914,F
38.38,89120.39,-0.2399,F
38.4,89126.11,-0.164,F
38.42,89126.73,-0.2486,F
38.44,89111.58,-0.2021,F
38.46,89108.36,-0.1773,F
38.48,89097.71,-0.155,F
38.5,89095.44,-0.0867,F
38.52,89102.41,-0.1109,F
38.54,89105.58,-0.0443,F
38.56,89114.45,-0.0315,F
38.58,89118.49,-0.0404,F
38.6,89127.92,0.0851,F
38.62,89139.88,0.1207,F
38.64,89138.21,0.15,F
38.66,89136.04,0.1123,F
38.68,89136.04,0.1075,F
38.7,89142.34,0.1353,F
38.72,89142.35,-0.0112,F
38.74,89180.43,-0.0517,F
38.76,89180.54,-0.0475,F
38.78,89194.58,-0.0854,F
38.8,89194.65,-0.3733,F
38.82,89221.07,-0.2221,F
38.84,89221.21,-0.1526,F
38.86,89232.6,-0.1451,F
38.88,89232.71,-0.2732,F
38.9,89255.68,-0.3864,F
38.92,89255.9,-0.4317,F
38.94,89276.66,-0.6038,F
38.96,89277.02,-0.4899,F
38.98,89282.73,-0.3375,F
39.0,89282.83,-0.418,F
39.02,89307.92,-0.5032,F
39.04,89308.71,-0.607,F
39.06,89338.15,-0.6898,F
39.08,89339.08,-0.7323,F
39.1,89391.98,-0.8281,F
39.12,89395.06,-0.6809,F
39.14,89435.74,-0.4198,F
39.16,89438.1,-0.0827,F
39.18,89452.13,-0.1016,F
39.2,89453.66,0.0167,F
39.22,89467.71,0.0215,F
39.24,89469.23,0.0036,F
39.26,89494.64,-0.0336,F
39.28,89497.41,0.098,F
39.3,89514.36,0.0104,F
39.32,89517.96,-0.0682,F
39.34,89531.21,-0.173,F
39.36,89534.03,-0.151,F
39.38,89536.33,-0.0624,F
39.4,89537.37,-0.0413,F
39.42,89539.54,-0.0744,F
39.44,89540.52,-0.0477,F
39.46,89543.95,-0.1444,F
39.48,89548.3,-0.1395,F
39.5,89555.88,-0.0845,F
39.52,89565.5,-0.1519,F
39.54,89565.52,-0.0689,F
39.56,89563.07,-0.2377,F
39.58,89563.07,-0.171,F
39.6,89576.57,-0.0611,F
39.62,89576.61,-0.1818,F
39.64,89597.2,-0.2368,F
39.66,89597.31,-0.2132,F
39.68,89608.48,-0.1477,F
39.7,89608.54,-0.2622,F
39.72,89622.67,-0.1683,F
39.74,89622.8,-0.1655,F
39.76,89633.01,-0.1449,F
39.78,89633.1,-0.1291,F
39.8,89636.2,-0.1945,F
39.82,89636.25,-0.1668,F
39.84,89652.4,-0.0431,F
39.86,89652.68,-0.0446,F
39.88,89677.88,-0.0511,F
39.9,89678.68,0.0139,F
39.92,89707.46,0.0445,F
39.94,89708.37,0.0045,F
39.96,89725.1,-0.0093,F
39.98,89726.07,-0.0952,F
40.0,89733.94,-0.0958,F
40.02,89734.39,-0.0072,F
40.04,89744.39,-0.0256,F
40.06,89745.48,0.0235,F
40.08,89752.94,-0.1446,F
40.1,89753.75,-0.1123,F
40.12,89762.7,-0.2383,F
40.14,89764.59,-0.2382,F
40.16,89784.97,-0.2746,F
40.18,89789.29,-0.243,F
40.2,89795.96,-0.3589,F
40.22,89798.99,-0.3461,F
40.24,89808.31,-0.5381,F
40.26,89812.56,-0.513,F
40.28,89817.77,-0.7636,F
40.3,89824.18,-0.9023,F
40.32,89828.14,-1.247,F
40.34,89832.9,-1.312,F
40.36,89832.9,-1.2114,F
40.38,89852.34,-1.0509,F
40.4,89852.44,-0.9302,F
40.42,89874.1,-0.6798,F
40.44,89874.21,-0.6069,F
40.46,89891.09,-0.6451,F
40.48,89891.18,-0.5463,F
40.5,89900.68,-0.5461,F
40.52,89912.76,-0.575,F
40.54,89924.54,-0.5981,F
40.56,89924.65,-0.7326,F
40.58,89931.42,-0.7348,F
40.6,89931.48,-0.7343,F
40.62,89947.5,-0.7425,F
40.64,89947.77,-0.6935,F
40.66,89959.56,-0.6865,F
40.68,89959.93,-0.7613,F
40.7,89976.4,-0.7798,F
40.72,89976.92,-0.6895,F
40.74,89998.82,-0.6532,F
40.76,90000.09,-0.6652,F
40.78,90019.01,-0.536,F
40.8,90020.08,-0.56,F
40.82,90031.41,-0.5017,F
40.84,90032.64,-0.4339,F
40.86,90051.02,-0.4047,F
40.88,90053.02,-0.382,F
40.9,90053.02,-0.3893,F
40.92,90064.84,-0.3527,F
40.94,90074.06,-0.3341,F
40.96,90076.02,-0.6053,F
40.98,90084.1,-0.2911,F
41.0,90086.63,-0.3225,F
41.02,90090.23,-0.2008,F
41.04,90091.35,-0.1876,F
41.06,90093.0,-0.1118,F
41.08,90095.09,-0.1328,F
41.1,90095.09,-0.1328,F
41.12,90105.28,-0.2607,F
41.14,90105.29,-0.2972,F
41.16,90086.15,-0.3244,F
41.18,90086.09,-0.4398,F
41.2,90066.36,-0.477,F
41.22,90066.02,-0.5303,F
41.24,90064.7,-0.3576,F
41.26,90064.7,-0.2791,F
41.28,90069.24,-0.186,F
41.3,90069.26,-0.1875,F
41.32,90085.2,-0.2881,F
41.34,90085.34,-0.3155,F
41.36,90112.74,-0.3989,F
41.38,90112.93,-0.4252,F
41.4,90098.58,-0.4021,F
41.42,90098.13,-0.3781,F
41.44,90145.62,-0.2399,F
41.46,90145.99,-0.2921,F
41.48,90190.96,-0.2801,F
41.5,90193.55,-0.3203,F
41.52,90188.59,-0.244,F
41.54,90186.33,-0.2602,F
41.56,90181.46,-0.2163,F
41.58,90180.94,-0.1665,F
41.6,90180.94,-0.1821,F
41.62,90230.41,-0.1007,F
41.64,90230.41,-0.0729,F
41.66,90249.77,-0.1646,F
41.68,90249.77,-0.1683,F
41.7,90278.67,-0.1259,F
41.72,90278.68,-0.1412,F
41.74,90278.06,-0.1625,F
41.76,90299.55,-0.2019,F
41.78,90308.83,-0.2351,F
41.8,90325.21,-0.22,F
41.82,90331.73,-0.2739,F
41.84,90350.79,-0.2193,F
41.86,90370.04,-0.2273,F
41.88,90369.23,-0.2114,F
41.9,90364.95,-0.1931,F
41.92,90362.99,-0.1391,F
41.94,90348.51,-0.1143,F
41.96,90341.9,-0.0058,F
41.98,90342.64,0.0208,F
42.0,90343.57,0.1514,F
42.02,90343.57,0.1514,F
42.04,90325.49,0.1546,F
42.06,90325.49,0.1546,F
42.08,90292.78,0.1555,F
42.1,90280.61,0.1478,F
42.12,90265.12,0.2108,F
42.14,90248.63,0.1641,F
42.16,90248.63,0.1641,F
42.18,90298.29,0.1134,F
42.2,90299.15,0.0679,F
42.22,90358.67,-0.0023,F
42.24,90359.71,-0.0297,F
42.26,90359.71,-0.0285,F
42.28,90397.24,-0.0285,F
42.3,90427.57,-0.0659,F
42.32,90428.37,-0.0401,F
42.34,90485.13,-0.0012,F
42.36,90488.32,0.0264,F
42.38,90497.76,-0.0831,F
42.4,90499.69,0.0055,F
42.42,90499.75,0.0258,F
42.44,90516.11,-0.0147,F
42.46,90517.06,0.0429,F
42.48,90523.47,0.0658,F
42.5,90523.53,0.1644,F
42.52,90541.74,0.1196,F
42.54,90542.06,0.1498,F
42.56,90563.59,0.1772,F
42.58,90563.96,0.1887,F
42.6,90563.96,0.2212,F
42.62,90580.36,0.1893,F
42.64,90598.54,0.086,F
42.66,90599.11,0.1177,F
42.68,90612.49,0.0576,F
42.7,90612.91,0.01,F
42.72,90634.99,-0.0631,F
42.74,90635.69,0.0267,F
42.76,90663.32,0.0917,F
42.78,90664.2,0.0577,F
42.8,90694.31,0.005,F
42.82,90696.06,-0.0643,F
42.84,90708.89,0.0432,F
42.86,90709.64,0.0305,F
42.88,90719.11,-0.0316,F
42.9,90720.14,-0.0811,F
42.92,90726.35,-0.2083,F
42.94,90727.02,-0.4084,F
42.96,90720.67,-0.5546,F
42.98,90719.32,-0.5573,F
43.0,90722.77,-0.2925,F
43.02,90723.5,-0.0732,F
43.04,90733.93,-0.0857,F
43.06,90738.68,0.0075,F
43.08,90745.23,0.0552,F
43.1,90748.21,0.0169,F
43.12,90752.8,-0.1798,F
43.14,90758.62,0.076,F
43.16,90754.69,-0.1165,F
43.18,90749.67,-0.0733,F
43.2,90749.66,-0.004,F
43.22,90752.63,-0.0457,F
43.24,90752.63,-0.0616,F
43.26,90755.36,-0.08,F
43.28,90755.36,-0.1211,F
43.3,90773.77,-0.0993,F
43.32,90773.82,-0.1409,F
43.34,90783.54,-0.1009,F
43.36,90783.56,-0.0953,F
43.38,90804.33,-0.0522,F
43.4,90804.44,-0.0362,F
43.42,90837.2,0.0219,F
43.44,90837.37,0.1151,F
43.46,90867.53,0.1333,F
43.48,90867.82,0.1751,F
43.5,90860.25,0.2705,F
43.52,90860.19,0.3151,F
43.54,90872.15,0.4094,F
43.56,90872.36,0.3821,F
43.58,90877.02,0.3178,F
43.6,90877.09,0.2941,F
43.62,90915.41,0.2555,F
43.64,90916.62,0.1824,F
43.66,90928.79,0.1373,F
43.68,90929.17,0.0407,F
43.7,90965.46,-0.2674,F
43.72,90967.57,-0.0325,F
43.74,90994.9,-0.1375,F
43.76,90995.77,-0.0945,F
43.78,91016.0,-0.2139,F
43.8,91017.18,-0.2682,F
43.82,91012.99,-0.3042,F
43.84,91012.75,-0.3331,F
43.86,91024.1,-0.3603,F
43.88,91025.34,-0.3823,F
43.9,91036.35,-0.4124,F
43.92,91037.54,-0.4449,F
43.94,91054.34,-0.4157,F
43.96,91056.17,-0.3817,F
43.98,91093.3,-0.3376,F
44.0,91101.2,-0.3588,F
44.02,91129.64,-0.3251,F
44.04,91135.68,-0.3425,F
44.06,91152.63,-0.4068,F
44.08,91160.35,-0.349,F
44.1,91172.88,-0.3639,F
44.12,91178.57,-0.386,F
44.14,91192.45,-0.3419,F
44.16,91210.05,-0.3251,F
44.18,91216.36,-0.3645,F
44.2,91224.29,-0.3923,F
44.22,91224.31,-0.263,F
44.24,91243.98,-0.2422,F
44.26,91244.04,-0.2896,F
44.28,91245.38,-0.2707,F
44.3,91245.38,-0.2988,F
44.32,91239.57,-0.3688,F
44.34,91239.56,-0.3748,F
44.36,91235.93,-0.3581,F
44.38,91235.92,-0.4303,F
44.4,91255.49,-0.4307,F
44.42,91255.58,-0.4869,F
44.44,91286.89,-0.4822,F
44.46,91287.05,-0.5117,F
44.48,91311.38,-0.4899,F
44.5,91311.61,-0.4837,F
44.52,91328.55,-0.4953,F
44.54,91328.7,-0.5049,F
44.56,91349.68,-0.5399,F
44.58,91350.04,-0.5318,F
44.6,91366.86,-0.6414,F
44.62,91367.16,-0.5722,F
44.64,91386.19,-0.5009,F
44.66,91386.79,-0.5001,F
44.68,91414.54,-0.5199,F
44.7,91415.42,-0.4425,F
44.72,91433.33,-0.4457,F
44.74,91434.37,-0.3793,F
44.76,91454.42,-0.3772,F
44.78,91455.58,-0.3093,F
44.8,91475.95,-0.2628,F
44.82,91478.17,-0.1967,F
44.84,91489.84,-0.1341,F
44.86,91491.11,-0.039,F
44.88,91491.88,-0.0481,F
44.9,91492.03,-0.0563,F
44.92,91489.67,-0.0293,F
44.94,91489.17,-0.0658,F
44.96,91484.1,-0.2973,F
44.98,91481.79,-0.4852,F
45.0,91471.7,-0.7916,F
45.02,91469.56,-1.216,F
45.04,91463.53,-1.5064,F
45.06,91460.77,-1.3958,F
45.08,91475.45,-0.6646,F
45.1,91482.14,-0.4246,F
45.12,91493.23,-0.359,F
45.14,91507.31,-0.314,F
45.16,91513.11,-0.28,F
45.18,91520.43,-0.4702,F
45.2,91524.3,-0.4713,F
45.22,91529.19,-0.4564,F
45.24,91529.19,-0.4119,F
45.26,91535.46,-0.5632,F
45.28,91535.47,-0.6047,F
45.3,91567.29,-0.5819,F
45.32,91567.38,-0.6683,F
45.34,91613.62,-0.7107,F
45.36,91613.86,-0.6402,F
45.38,91649.24,-0.6751,F
45.4,91649.43,-0.6563,F
45.42,91666.73,-0.6123,F
45.44,91666.89,-0.6399,F
45.46,91691.0,-0.7196,F
45.48,91691.23,-0.6433,F
45.5,91712.76,-0.666,F
45.52,91713.13,-0.5676,F
45.54,91738.31,-0.5874,F
45.56,91738.74,-0.6096,F
45.58,91760.66,-0.4315,F
45.6,91761.35,-0.3654,F
45.62,91777.51,-0.1871,F
45.64,91778.02,-0.1167,F
45.66,91794.27,-0.0554,F
45.68,91795.21,-0.013,F
45.7,91808.34,0.0025,F
45.72,91809.1,-0.0929,F
45.74,91836.73,-0.1972,F
45.76,91839.74,-0.3635,F
45.78,91855.79,-0.1561,F
45.8,91857.54,-0.309,F
45.82,91862.9,-0.2177,F
45.84,91864.03,-0.219,F
45.86,91864.98,-0.309,F
45.88,91865.18,-0.4139,F
45.9,91872.24,-0.3973,F
45.92,91875.45,-0.3506,F
45.94,91882.21,-0.3696,F
45.96,91885.29,-0.221,F
45.98,91888.01,-0.2214,F
46.0,91891.44,-0.2713,F
46.02,91887.83,-0.3481,F
46.04,91883.24,-0.7463,F
46.06,91883.23,-0.8869,F
46.08,91880.96,-0.6097,F
46.1,91880.96,-0.5567,F
46.12,91879.82,-0.5164,F
46.14,91879.82,-0.5468,F
46.16,91887.6,-0.6128,F
46.18,91887.64,-0.448,F
46.2,91937.42,-0.434,F
46.22,91937.57,-0.3367,F
46.24,91953.38,-0.2491,F
46.26,91953.46,-0.2379,F
46.28,91967.53,-0.1884,F
46.3,91967.6,-0.1256,F
46.32,91945.4,-0.147,F
46.34,91945.2,-0.1093,F
46.36,91960.59,-0.0764,F
46.38,91960.74,-0.0073,F
46.4,91974.52,-0.0004,F
46.42,91974.65,-0.005,F
46.44,92010.6,0.1132,F
46.46,92011.22,0.1345,F
46.48,92048.3,-0.0357,F
46.5,92048.94,0.0515,F
46.52,92086.83,0.0923,F
46.54,92088.03,0.0184,F
46.56,92102.92,-0.0457,F
46.58,92103.39,-0.1066,F
46.6,92114.44,-0.1613,F
46.62,92115.08,-0.2532,F
46.64,92135.87,-0.2897,F
46.66,92137.08,-0.2819,F
46.68,92131.91,-0.2055,F
46.7,92131.35,-0.2272,F
46.72,92159.99,-0.5864,F
46.74,92163.1,-0.8367,F
46.76,92185.55,-0.3393,F
46.78,92190.32,-0.6423,F
46.8,92203.13,-0.653,F
46.82,92205.85,-0.5556,F
46.84,92216.83,-0.4192,F
46.86,92221.84,-0.4763,F
46.88,92244.97,-0.3697,F
46.9,92255.51,-0.1781,F
46.92,92264.17,-0.2649,F
46.94,92275.13,-0.3103,F
46.96,92284.81,-0.457,F
46.98,92297.06,-0.434,F
47.0,92297.09,-0.4194,F
47.02,92316.78,-0.6003,F
47.04,92316.84,-0.498,F
47.06,92341.7,-0.4694,F
47.08,92341.77,-0.5405,F
47.1,92362.66,-0.5679,F
47.12,92362.76,-0.6592,F
47.14,92378.26,-0.6824,F
47.16,92378.34,-0.7201,F
47.18,92389.28,-0.7093,F
47.2,92389.37,-0.8157,F
47.22,92403.96,-0.8804,F
47.24,92404.1,-0.8157,F
47.26,92420.8,-0.7745,F
47.28,92421.09,-0.7562,F
47.3,92431.73,-0.7309,F
47.32,92431.9,-0.7323,F
47.34,92446.15,-0.6279,F
47.36,92446.6,-0.6703,F
47.38,92466.34,-0.653,F
47.4,92466.96,-0.6889,F
47.42,92477.3,-0.6845,F
47.44,92477.9,-0.7009,F
47.46,92489.32,-0.7998,F
47.48,92489.98,-0.9161,F
47.5,92503.55,-0.9268,F
47.52,92505.02,-0.7976,F
47.54,92516.89,-0.86,F
47.56,92518.18,-0.963,F
47.58,92525.49,-0.8962,F
47.6,92527.04,-0.9059,F
47.62,92534.19,-0.7204,F
47.64,92535.71,-0.6746,F
47.66,92541.11,-0.7276,F
47.68,92543.57,-0.7393,F
47.7,92550.1,-0.714,F
47.72,92553.07,-0.8385,F
47.74,92562.27,-0.7953,F
47.76,92573.94,-0.6376,F
47.78,92564.69,-0.7593,F
47.8,92552.92,-0.7303,F
47.82,92552.89,-0.6993,F
47.84,92566.61,-0.57,F
47.86,92566.64,-0.6304,F
47.88,92574.93,-0.5686,F
47.9,92574.95,-0.7314,F
47.92,92593.64,-0.6969,F
47.94,92593.7,-0.6759,F
47.96,92605.57,-0.6396,F
47.98,92605.63,-0.8223,F
48.0,92633.12,-0.6057,F
48.02,92633.27,-0.7047,F
48.04,92668.7,-0.8594,F
48.06,92669.04,-0.6307,F
48.08,92687.39,-0.7408,F
48.1,92687.57,-0.5686,F
48.12,92688.32,-0.618,F
48.14,92688.32,-0.4801,F
48.16,92714.89,-0.426,F
48.18,92715.35,-0.4368,F
48.2,92722.19,-0.3862,F
48.22,92722.41,-0.3252,F
48.24,92727.31,-0.3017,F
48.26,92727.46,-0.4145,F
48.28,92758.91,-0.4269,F
48.3,92760.74,-0.4276,F
48.32,92778.99,-0.3877,F
48.34,92780.05,-0.5137,F
48.36,92798.26,-0.4498,F
48.38,92800.24,-0.4496,F
48.4,92775.44,-0.3487,F
48.42,92772.74,-0.4527,F
48.44,92770.7,-0.4303,F
48.46,92770.27,-0.2403,F
48.48,92760.85,-0.1069,F
48.5,92758.84,-0.1819,F
48.52,92750.02,-0.0176,F
48.54,92746.01,-0.1875,F
48.56,92737.02,-0.262,F
48.58,92732.92,-0.181,F
48.6,92732.65,-0.2307,F
48.62,92732.33,-0.1954,F
48.64,92732.2,-0.1189,F
48.66,92732.04,-0.0895,F
48.68,92732.04,-0.0551,F
48.7,92773.07,0.0145,F
48.72,92773.19,-0.0617,F
48.74,92799.58,-0.0254,F
48.76,92799.65,0.1235,F
48.78,92799.59,0.1812,F
48.8,92799.59,0.3149,F
48.82,92783.27,0.3291,F
48.84,92783.18,0.5535,F
48.86,92813.69,0.7164,F
48.88,92813.98,0.9068,F
48.9,92853.06,0.984,F
48.92,92853.44,1.0537,F
48.94,92883.29,0.9927,F
48.96,92883.81,0.9099,F
48.98,92878.53,0.9771,F
49.0,92878.45,0.9659,F
49.02,92877.43,0.9357,F
49.04,92877.4,0.9309,F
49.06,92878.88,0.9742,F
49.08,92878.92,1.0039,F
49.1,92876.18,0.902,F
49.12,92876.03,0.9282,F
49.14,92871.62,0.837,F
49.16,92871.37,0.8195,F
49.18,92858.58,0.8579,F
49.2,92857.18,0.843,F
49.22,92860.08,0.898,F
49.24,92860.39,0.8829,F
49.26,92872.39,0.9419,F
49.28,92874.95,0.9619,F
49.3,92879.8,1.0629,F
49.32,92880.83,1.0391,F
49.34,92891.24,1.072,F
49.36,92893.45,1.0531,F
49.38,92895.33,1.1655,F
49.4,92896.19,1.014,F
49.42,92903.88,0.9427,F
49.44,92907.39,0.9185,F
49.46,92914.18,0.8684,F
49.48,92922.8,0.7919,F
49.5,92936.83,0.7954,F
49.52,92954.61,0.7802,F
49.54,92954.66,0.655,F
49.56,92987.96,0.6119,F
49.58,92988.06,0.6721,F
49.6,93009.0,0.585,F
49.62,93009.05,0.5648,F
49.64,93044.78,0.5325,F
49.66,93044.96,0.4663,F
49.68,93059.91,0.4214,F
49.7,93059.98,0.3385,F
49.72,93095.21,0.2747,F
49.74,93095.55,0.1452,F
49.76,93146.5,0.1485,F
49.78,93146.99,0.1281,F
49.8,93188.36,0.1086,F
49.82,93189.08,0.104,F
49.84,93215.94,0.0352,F
49.86,93216.4,-0.0041,F
49.88,93238.22,-0.0333,F
49.9,93238.91,-0.1259,F
49.92,93257.06,-0.1384,F
49.94,93257.64,-0.1552,F
49.96,93281.65,-0.2643,F
49.98,93283.05,-0.3461,F
50.0,93297.22,-0.2924,F
50.02,93298.04,-0.3393,F
50.04,93338.66,-0.336,F
50.06,93343.08,-0.392,F
50.08,93388.26,-0.3163,F
50.1,93393.18,-0.3322,F
50.12,93423.23,-0.3901,F
50.14,93429.62,-0.2746,F
50.16,93458.26,-0.3621,F
50.18,93464.34,-0.4297,F
50.2,93482.68,-0.6093,F
50.22,93491.04,-0.4568,F
50.24,93504.86,-0.4466,F
50.26,93511.16,-0.5317,F
50.28,93519.43,-0.6414,F
50.3,93529.9,-0.608,F
50.32,93535.48,-0.4585,F
50.34,93542.54,-0.3529,F
50.36,93542.55,-0.3664,F
50.38,93546.03,-0.3284,F
50.4,93546.04,-0.3247,F
50.42,93546.82,-0.3048,F
50.44,93546.82,-0.3263,F
50.46,93537.26,-0.3847,F
50.48,93537.21,-0.4603,F
50.5,93533.54,-0.3895,F
50.52,93533.53,-0.644,F
50.54,93527.77,-0.657,F
50.56,93527.72,-0.7126,F
50.58,93519.27,-0.7465,F
50.6,93519.2,-0.7764,F
50.62,93510.02,-0.7456,F
50.64,93509.87,-0.6353,F
50.66,93525.89,-0.5216,F
50.68,93526.17,-0.4166,F
50.7,93538.34,-0.3818,F
50.72,93538.54,-0.2946,F
50.74,93548.77,-0.2579,F
50.76,93549.09,-0.2463,F
50.78,93575.45,-0.1842,F
50.8,93576.29,-0.2842,F
50.82,93597.33,-0.31,F
50.84,93598.55,-0.297,F
50.86,93617.11,-0.3759,F
50.88,93618.18,-0.4012,F
50.9,93635.44,-0.4593,F
50.92,93637.32,-0.4269,F
50.94,93666.21,-0.5189,F
50.96,93669.35,-0.5532,F
50.98,93697.96,-0.601,F
51.0,93704.03,-0.6387,F
51.02,93731.08,-0.7578,F
51.04,93736.82,-0.5632,F
51.06,93749.79,-0.6397,F
51.08,93755.69,-0.5445,F
51.1,93768.36,-0.4743,F
51.12,93774.13,-0.4836,F
51.14,93780.02,-0.444,F
51.16,93787.48,-0.4581,F
51.18,93793.18,-0.4616,F
51.2,93800.39,-0.4694,F
51.22,93800.41,-0.5064,F
51.24,93806.48,-0.5464,F
51.26,93806.49,-0.5458,F
51.28,93800.95,-0.5801,F
51.3,93800.93,-0.6389,F
51.32,93820.55,-0.705,F
51.34,93820.65,-0.7275,F
51.36,93827.94,-0.8522,F
51.38,93827.97,-0.8768,F
51.4,93846.21,-0.6566,F
51.42,93846.38,-0.5038,F
51.44,93871.29,-0.3927,F
51.46,93871.53,-0.3548,F
51.48,93903.99,-0.4288,F
51.5,93904.56,-0.4246,F
51.52,93928.99,-0.6943,F
51.54,93929.41,-0.5721,F
51.56,93961.6,-0.3409,F
51.58,93962.62,-0.3474,F
51.6,93983.63,-0.4861,F
51.62,93984.3,-0.5491,F
51.64,94004.65,-0.5348,F
51.66,94005.83,-0.5136,F
51.68,94024.48,-0.4999,F
51.7,94025.56,-0.4828,F
51.72,94038.64,-0.6534,F
51.74,94040.06,-0.6417,F
51.76,94046.47,-0.653,F
51.78,94047.16,-0.561,F
51.8,94056.23,-0.528,F
51.82,94058.15,-0.6125,F
51.84,94069.68,-0.5512,F
51.86,94072.14,-0.4493,F
51.88,94072.58,-0.4786,F
51.9,94072.77,-0.5384,F
51.92,94084.47,-0.4228,F
51.94,94089.81,-0.5997,F
51.96,94095.1,-0.6297,F
51.98,94101.81,-0.8606,F
52.0,94109.03,-0.9858,F
52.02,94118.19,-0.7082,F
52.04,94114.01,-0.7694,F
52.06,94108.68,-0.7732,F
52.08,94108.67,-0.7483,F
52.1,94110.42,-0.6697,F
52.12,94110.42,-0.677,F
52.14,94121.2,-0.6452,F
52.16,94121.23,-0.65,F
52.18,94096.62,-0.6745,F
52.2,94096.49,-0.6313,F
52.22,94082.71,-0.6522,F
52.24,94082.65,-0.7064,F
52.26,94089.07,-0.6222,F
52.28,94089.13,-0.6161,F
52.3,94101.37,-0.5293,F
52.32,94101.48,-0.457,F
52.34,94128.07,-0.4438,F
52.36,94128.53,-0.5041,F
52.38,94152.77,-0.3604,F
52.4,94153.19,-0.3963,F
52.42,94175.84,-0.4074,F
52.44,94176.56,-0.4008,F
52.46,94189.81,-0.4276,F
52.48,94190.23,-0.4153,F
52.5,94192.86,-0.4276,F
52.52,94193.01,-0.3638,F
52.54,94205.4,-0.3712,F
52.56,94206.12,-0.3479,F
52.58,94211.46,-0.3689,F
52.6,94212.03,-0.413,F
52.62,94231.01,-0.4258,F
52.64,94233.07,-0.3732,F
52.66,94247.49,-0.3466,F
52.68,94250.56,-0.3328,F
52.7,94259.88,-0.2859,F
52.72,94261.86,-0.2984,F
52.74,94268.28,-0.3214,F
52.76,94271.21,-0.262,F
52.78,94281.48,-0.3341,F
52.8,94286.17,-0.3144,F
52.82,94291.36,-0.3105,F
52.84,94297.93,-0.3043,F
52.86,94309.22,-0.255,F
52.88,94323.54,-0.1838,F
52.9,94323.58,-0.1557,F
52.92,94368.08,-0.1487,F
52.94,94368.21,-0.1185,F
52.96,94374.96,-0.1189,F
52.98,94374.97,-0.0708,F
53.0,94391.63,-0.0279,F
53.02,94391.72,0.0812,F
53.04,94420.91,0.1138,F
53.06,94421.06,0.2173,F
53.08,94478.86,0.3014,F
53.1,94479.41,0.336,F
53.12,94498.45,0.3341,F
53.14,94498.63,0.2567,F
53.16,94525.67,0.4059,F
53.18,94526.14,0.3204,F
53.2,94535.19,0.3298,F
53.22,94535.35,0.0848,F
53.24,94540.7,0.0642,F
53.26,94540.86,-0.1332,F
53.28,94570.56,-0.268,F
53.3,94571.5,-0.2442,F
53.32,94598.31,-0.2426,F
53.34,94599.87,-0.1732,F
53.36,94621.97,-0.0673,F
53.38,94623.26,-0.0203,F
53.4,94635.71,0.0523,F
53.42,94637.05,0.1501,F
53.44,94660.55,0.0408,F
53.46,94663.1,0.1053,F
53.48,94669.35,0.0854,F
53.5,94670.67,0.0725,F
53.52,94680.26,-0.128,F
53.54,94682.29,-0.1516,F
53.56,94701.89,-0.1537,F
53.58,94710.82,-0.1829,F
53.6,94711.76,-0.1335,F
53.62,94712.18,-0.1246,F
53.64,94695.66,-0.188,F
53.66,94674.69,-0.1454,F
53.68,94661.88,-0.1434,F
53.7,94645.68,-0.1743,F
53.72,94632.49,-0.1385,F
53.74,94615.8,-0.1389,F
53.76,94615.75,-0.2226,F
53.78,94564.83,-0.1193,F
53.8,94564.68,-0.1012,F
53.82,94581.49,-0.0423,F
53.84,94581.54,-0.032,F
53.86,94657.89,-0.0085,F
53.88,94658.29,-0.0037,F
53.9,94695.26,-0.006,F
53.92,94695.45,0.0046,F
53.94,94740.14,0.0163,F
53.96,94740.57,-0.1234,F
53.98,94754.68,-0.106,F
54.0,94754.8,-0.2524,F
54.02,94770.23,-0.1686,F
54.04,94770.5,-0.175,F
54.06,94813.98,-0.3819,F
54.08,94814.74,-0.279,F
54.1,94855.02,-0.292,F
54.12,94856.29,-0.2918,F
54.14,94887.37,-0.3758,F
54.16,94889.18,-0.3824,F
54.18,94921.12,-0.3216,F
54.2,94924.6,-0.263,F
54.22,94953.88,-0.4752,F
54.24,94957.07,-0.3423,F
54.26,94980.79,-0.3556,F
54.28,94985.83,-0.2786,F
54.3,95009.83,-0.3561,F
54.32,95014.93,-0.6381,F
54.34,95025.26,-0.7019,F
54.36,95029.97,-0.665,F
54.38,95045.17,-0.7728,F
54.4,95052.11,-0.781,F
54.42,95059.13,-0.7856,F
54.44,95068.04,-0.7601,F
54.46,95071.88,-0.8581,F
54.48,95076.72,-0.923,F
54.5,95076.73,-0.8901,F
54.52,95091.29,-0.83,F
54.54,95091.33,-0.978,F
54.56,95099.58,-1.1398,F
54.58,95099.6,-1.3228,F
54.6,95109.66,-1.3007,F
54.62,95109.71,-1.1837,F
54.64,95121.69,-1.2656,F
54.66,95121.75,-1.2261,F
54.68,95125.4,-1.3169,F
54.7,95125.43,-1.2718,F
54.72,95141.2,-1.015,F
54.74,95141.35,-0.8235,F
54.76,95155.01,-0.7337,F
54.78,95155.24,-0.6634,F
54.8,95164.01,-0.6599,F
54.82,95164.15,-0.6333,F
54.84,95168.44,-0.6395,F
54.86,95168.57,-0.6231,F
54.88,95168.29,-0.6047,F
54.9,95168.29,-0.6022,F
54.92,95170.18,-0.5736,F
54.94,95170.28,-0.5773,F
54.96,95178.52,-0.5662,F
54.98,95179.0,-0.5969,F
55.0,95174.22,-0.6124,F
55.02,95173.71,-0.6502,F
55.04,95178.27,-0.6178,F
55.06,95178.75,-0.5702,F
55.08,95172.04,-0.4817,F
55.1,95170.61,-0.4841,F
55.12,95165.28,-0.4909,F
55.14,95164.14,-0.5792,F
55.16,95160.17,-0.5814,F
55.18,95158.36,-0.3484,F
55.2,95159.46,-0.3914,F
55.22,95159.95,-0.3822,F
55.24,95159.46,-0.3941,F
55.26,95159.23,-0.3991,F
55.28,95166.05,-0.4089,F
55.3,95174.71,-0.4497,F
55.32,95185.06,-0.5078,F
55.34,95198.18,-0.539,F
55.36,95198.21,-0.5978,F
55.38,95221.88,-0.5379,F
55.4,95221.94,-0.5264,F
55.42,95235.68,-0.4977,F
55.44,95235.71,-0.489,F
55.46,95262.11,-0.4378,F
55.48,95262.25,-0.3858,F
55.5,95299.09,-0.309,F
55.52,95299.29,-0.1979,F
55.54,95345.04,-0.1364,F
55.56,95345.48,-0.1223,F
55.58,95395.84,-0.0878,F
55.6,95396.33,-0.2324,F
55.62,95466.99,-0.0832,F
55.64,95468.23,-0.0518,F
55.66,95504.25,-0.2547,F
55.68,95504.88,-0.6403,F
55.7,95537.39,-0.2322,F
55.72,95538.42,-0.0283,F
55.74,95559.22,-0.0178,F
55.76,95559.88,-0.1493,F
55.78,95582.1,-0.215,F
55.8,95583.39,-0.1853,F
55.82,95579.11,-0.2748,F
55.84,95578.86,-0.4019,F
55.86,95574.06,-0.5329,F
55.88,95573.54,-0.294,F
55.9,95581.87,-0.206,F
55.92,95582.78,-0.1465,F
55.94,95584.31,-0.1355,F
55.96,95584.64,-0.2595,F
55.98,95566.65,-0.3429,F
56.0,95562.83,-0.3718,F
56.02,95572.34,-0.3423,F
56.04,95576.67,-0.357,F
56.06,95536.99,-0.3468,F
56.08,95518.9,-0.2869,F
56.1,95520.87,-0.2144,F
56.12,95523.43,-0.3047,F
56.14,95515.33,-0.289,F
56.16,95505.04,-0.2253,F
56.18,95505.01,-0.2203,F
56.2,95494.49,-0.0626,F
56.22,95494.46,-0.0929,F
56.24,95500.1,-0.0736,F
56.26,95500.12,-0.1335,F
56.28,95528.75,-0.1047,F
56.3,95528.9,-0.1154,F
56.32,95546.61,-0.1051,F
56.34,95546.7,-0.1144,F
56.36,95528.31,-0.1254,F
56.38,95528.13,-0.1538,F
56.4,95530.23,-0.1393,F
56.42,95530.24,-0.111,F
56.44,95530.11,-0.0951,F
56.46,95530.11,-0.1053,F
56.48,95520.67,-0.1142,F
56.5,95520.51,-0.0869,F
56.52,95577.27,-0.0922,F
56.54,95579.07,-0.0978,F
56.56,95627.84,-0.095,F
56.58,95629.39,-0.094,F
56.6,95667.76,-0.0947,F
56.62,95669.99,-0.1332,F
56.64,95699.08,-0.1542,F
56.66,95700.78,-0.1729,F
56.68,95742.25,-0.1122,F
56.7,95746.77,-0.2106,F
56.72,95802.84,-0.225,F
56.74,95808.94,-0.2037,F
56.76,95843.05,-0.2701,F
56.78,95850.29,-0.295,F
56.8,95875.76,-0.2868,F
56.82,95881.16,-0.2208,F
56.84,95907.12,-0.2465,F
56.86,95912.63,-0.2712,F
56.88,95920.36,-0.2595,F
56.9,95923.86,-0.2285,F
56.92,95935.87,-0.2329,F
56.94,95941.35,-0.2788,F
56.96,95951.81,-0.1863,F
56.98,95965.07,-0.2783,F
57.0,95966.8,-0.3323,F
57.02,95968.94,-0.3253,F
57.04,95968.94,-0.3987,F
57.06,95998.49,-0.4191,F
57.08,95998.58,-0.4104,F
57.1,95991.16,-0.4103,F
57.12,95991.14,-0.3916,F
57.14,96019.28,-0.342,F
57.16,96019.43,-0.4054,F
57.18,96032.54,-0.3456,F
57.2,96032.61,-0.3564,F
57.22,96057.04,-0.3614,F
57.24,96057.27,-0.357,F
57.26,96081.35,-0.3731,F
57.28,96081.59,-0.4358,F
57.3,96088.89,-0.3704,F
57.32,96089.01,-0.3535,F
57.34,96099.74,-0.3642,F
57.36,96099.92,-0.4207,F
57.38,96115.59,-0.322,F
57.4,96116.08,-0.2577,F
57.42,96134.41,-0.2086,F
57.44,96135.47,-0.2446,F
57.46,96149.74,-0.2376,F
57.48,96151.29,-0.2234,F
57.5,96162.87,-0.1704,F
57.52,96164.13,-0.1778,F
57.54,96173.85,-0.2579,F
57.56,96175.57,-0.2539,F
57.58,96187.22,-0.3568,F
57.6,96189.62,-0.3371,F
57.62,96194.42,-0.4293,F
57.64,96196.6,-0.3634,F
57.66,96196.6,-0.3978,F
57.68,96214.87,-0.5105,F
57.7,96215.79,-0.4843,F
57.72,96216.94,-0.4578,F
57.74,96216.94,-0.5257,F
57.76,96222.77,-0.5236,F
57.78,96222.77,-0.385,F
57.8,96226.89,-0.3899,F
57.82,96226.9,-0.3676,F
57.84,96233.81,-0.3427,F
57.86,96233.93,-0.3442,F
57.88,96234.03,-0.278,F
57.9,96234.03,-0.3668,F
57.92,96238.4,-0.2769,F
57.94,96238.42,-0.1964,F
57.96,96226.89,-0.1855,F
57.98,96226.79,-0.2671,F
58.0,96252.63,-0.2485,F
58.02,96252.87,-0.4493,F
58.04,96271.88,-0.5236,F
58.06,96272.11,-0.5195,F
58.08,96278.96,-0.6359,F
58.1,96279.07,-0.7483,F
58.12,96277.63,-0.4903,F
58.14,96277.59,-0.6234,F
58.16,96277.59,-0.6234,F
58.18,96297.58,-0.4808,F
58.2,96312.3,-0.4117,F
58.22,96313.15,-0.2538,F
58.24,96337.0,-0.1784,F
58.26,96347.89,0.1825,F
58.28,96384.68,0.2924,F
58.3,96388.68,0.3972,F
58.32,96391.27,0.476,F
58.34,96391.54,0.4948,F
58.36,96391.55,0.3492,F
58.38,96391.55,0.3395,F
58.4,96398.51,0.1838,F
58.42,96399.99,0.1604,F
58.44,96400.81,0.3303,F
58.46,96400.95,0.3429,F
58.48,96415.44,0.4208,F
58.5,96422.03,0.4605,F
58.52,96428.69,0.4908,F
58.54,96437.15,0.4971,F
58.56,96437.15,0.5159,F
58.58,96412.42,0.5483,F
58.6,96412.38,0.5035,F
58.62,96404.06,0.5351,F
58.64,96404.06,0.5493,F
58.66,96408.51,0.5062,F
58.68,96408.51,0.5058,F
58.7,96403.94,0.4695,F
58.72,96403.94,0.4262,F
58.74,96417.91,0.2892,F
58.76,96417.97,0.318,F
58.78,96455.69,0.2546,F
58.8,96455.94,0.2475,F
58.82,96532.76,0.2132,F
58.84,96537.23,0.1911,F
58.86,96604.35,0.1956,F
58.88,96606.49,0.195,F
58.9,96623.6,0.1597,F
58.92,96645.38,0.1615,F
58.94,96645.38,0.1493,F
58.96,96661.1,0.0846,F
58.98,96661.1,0.0346,F
59.0,96677.36,0.04,F
59.02,96677.36,0.0575,F
59.04,96694.33,0.0332,F
59.06,96726.01,0.023,F
59.08,96729.36,0.058,F
59.1,96757.9,0.0033,F
59.12,96760.84,-0.0594,F
59.14,96772.38,0.0116,F
59.16,96774.05,0.0615,F
59.18,96797.5,0.0339,F
59.2,96800.82,0.0562,F
59.22,96813.7,0.1161,F
59.24,96828.15,0.1459,F
59.26,96836.41,0.1106,F
59.28,96836.41,0.1106,F
59.3,96850.95,0.1069,F
59.32,96856.98,0.1059,F
59.34,96864.64,0.2302,F
59.36,96873.79,0.2359,F
59.38,96873.8,0.1275,F
59.4,96882.85,0.0692,F
59.42,96883.0,0.0371,F
59.44,96884.49,0.162,F
59.46,96884.49,0.2117,F
59.48,96884.49,0.2205,F
59.5,96880.5,0.2121,F
59.52,96816.74,0.0978,F
59.54,96816.12,0.0158,F
59.56,96772.56,0.0332,F
59.58,96772.15,0.0086,F
59.6,96779.35,0.0173,F
59.62,96779.41,0.0064,F
59.64,96789.3,-0.0658,F
59.66,96789.47,-0.0185,F
59.68,96770.1,0.0526,F
59.7,96765.97,0.1849,F
59.72,96763.1,0.2673,F
59.74,96763.02,0.5076,F
59.76,96817.69,0.718,F
59.78,96819.43,1.0483,F
59.8,96874.75,1.3231,F
59.82,96877.97,1.507,F
59.84,96931.43,1.6136,F
59.86,96934.53,1.5509,F
59.88,96955.26,1.6091,F
59.9,96957.51,1.6419,F
59.92,96969.56,1.7359,F
59.94,96970.87,1.728,F
59.96,96949.36,1.5225,F
59.98,96944.79,1.4553,F
60.0,96958.91,1.1063,F
60.02,96961.91,0.9074,F
60.04,96991.24,1.0268,F
60.06,97004.6,0.7091,F
60.08,97004.3,1.1449,F
60.1,97004.16,0.8233,F
60.12,97008.59,0.8209,F
60.14,97014.22,0.8311,F
60.16,97014.51,0.7178,F
60.18,97014.86,0.4442,F
60.2,97008.26,0.2768,F
60.22,96999.88,0.1834,F
60.24,96999.86,0.0481,F
60.26,97028.28,-0.0801,F
60.28,97028.36,-0.2086,F
60.3,97058.36,-0.2365,F
60.32,97058.44,-0.2601,F
60.34,97044.63,-0.3885,F
60.36,97044.56,-0.4636,F
60.38,97060.53,-0.5707,F
60.4,97060.61,-0.4122,F
60.42,97098.68,-1.3937,F
60.44,97099.04,-13.996,F
60.46,97117.08,-0.1738,F
60.48,97117.25,-0.2448,F
60.5,97123.52,-0.4783,F
60.52,97123.63,-0.3791,F
60.54,97126.89,-0.1168,F
60.56,97126.95,0.3073,F
60.58,97143.71,0.234,F
60.6,97144.23,0.0374,F
60.62,97185.31,-0.4565,F
60.64,97186.61,-0.554,F
60.66,97195.06,-0.4347,F
60.68,97195.55,-0.4849,F
60.7,97214.68,-0.5526,F
60.72,97215.79,-0.5786,F
60.74,97229.42,-0.6529,F
60.76,97230.9,-0.6901,F
60.78,97240.72,-0.8273,F
60.8,97241.79,-0.6197,F
60.82,97262.04,-0.5143,F
60.84,97266.35,-0.3623,F
60.86,97265.03,-0.2902,F
60.88,97264.75,0.1739,F
60.9,97264.01,-0.0326,F
60.92,97263.68,0.4126,F
60.94,97281.73,0.6613,F
60.96,97289.97,0.9434,F
60.98,97303.88,0.9573,F
61.0,97321.53,1.3937,F
61.02,97334.88,1.6736,F
61.04,97351.76,0.8528,F
61.06,97351.8,0.4971,F
61.08,97356.95,0.4193,F
61.1,97356.95,0.496,F
61.12,97362.27,1.2221,F
61.14,97362.27,0.2409,F
61.16,97368.01,0.231,F
61.18,97368.04,0.1338,F
61.2,97373.17,0.1699,F
61.22,97373.19,0.2211,F
61.24,97375.54,0.3051,F
61.26,97375.56,0.3063,F
61.28,97379.86,0.2184,F
61.3,97379.9,0.1323,F
61.32,97401.76,0.058,F
61.34,97402.14,-0.0175,F
61.36,97401.89,0.0348,F
61.38,97401.89,-0.1117,F
61.4,97414.83,0.033,F
61.42,97415.23,-0.0982,F
61.44,97420.56,-0.118,F
61.46,97420.72,-0.1098,F
61.48,97435.0,-0.149,F
61.5,97435.83,-0.1334,F
61.52,97435.05,-0.2607,F
61.54,97435.02,-0.2182,F
61.56,97464.79,-0.2531,F
61.58,97466.52,-0.3193,F
61.6,97508.86,-0.2749,F
61.62,97513.46,0.1715,F
61.64,97541.87,6.5436,F
61.66,97544.96,12.2235,F
61.68,97561.81,15.7303,F
61.7,97565.39,20.5913,F
61.72,97599.52,20.9804,F
61.74,97606.76,20.402,F
61.76,97639.14,2.3264,F
61.78,97653.89,0.9519,F
61.8,97646.59,4.8903,F
61.82,97643.25,2.2785,F
61.84,97649.58,2.0818,F
61.86,97657.62,4.8089,F
61.88,97655.63,3.0853,F
61.9,97653.08,0.3068,F
61.92,97653.08,-19.3522,F
61.94,97651.4,-5.9092,F
61.96,97651.4,4.3241,F
61.98,97660.3,7.6025,F
62.0,97660.32,3.4254,F
62.02,97688.93,3.0463,F
62.04,97689.08,5.1453,F
62.06,97688.53,2.3009,F
62.08,97688.53,2.4252,F
62.1,97690.77,1.9817,F
62.12,97690.79,0.8715,F
62.14,97692.37,1.016,F
62.16,97692.38,0.1138,F
62.18,97686.05,1.7576,F
62.2,97685.94,5.7566,F
62.22,97698.99,2.361,F
62.24,97699.21,-7.3765,F
62.26,97697.28,0.2473,F
62.28,97697.22,7.275,F
62.3,97698.71,5.1486,F
62.32,97698.75,7.0401,F
62.34,97714.51,4.9703,F
62.36,97715.42,4.0295,F
62.38,97714.69,1.059,F
62.4,97714.65,0.9396,F
62.42,97710.97,0.5888,F
62.44,97710.58,0.2425,F
62.46,97711.87,-0.2683,F
62.48,97711.93,-0.313,F
62.5,97715.55,0.5247,F
62.52,97715.94,0.1248,F
62.54,97716.31,0.5867,F
62.56,97716.35,2.1717,F
62.58,97716.76,3.6497,F
62.6,97716.84,4.4446,F
62.62,97722.14,2.5305,F
62.64,97723.26,2.5157,F
62.66,97726.06,3.3405,F
62.68,97727.34,5.3468,F
62.7,97727.15,3.3571,F
62.72,97727.08,0.4557,F
62.74,97725.33,0.7132,F
62.76,97723.1,1.091,F
62.78,97721.69,0.214,F
62.8,97719.9,-0.2666,F
62.82,97719.9,-0.5858,F
62.84,97724.08,-0.9499,F
62.86,97724.09,-0.125,F
62.88,97739.97,1.1583,F
62.9,97740.01,1.7033,F
62.92,97752.13,1.7599,F
62.94,97752.19,1.7379,F
62.96,97757.15,2.6794,F
62.98,97757.17,2.6784,F
63.0,97765.17,1.9429,F
63.02,97765.2,2.6143,F
63.04,97767.48,1.8132,F
63.06,97767.5,1.1661,F
63.08,97766.58,0.6211,F
63.1,97766.58,0.2427,F
63.12,97766.91,0.2139,F
63.14,97766.91,0.8504,F
63.16,97769.01,1.0313,F
63.18,97769.04,1.0771,F
63.2,97777.37,1.7651,F
63.22,97777.63,2.2234,F
63.24,97783.6,1.5197,F
63.26,97783.78,1.9504,F
63.28,97787.81,1.9978,F
63.3,97788.03,1.4763,F
63.32,97791.47,0.7025,F
63.34,97791.67,1.309,F
63.36,97792.44,2.2556,F
63.38,97792.52,1.5865,F
63.4,97798.91,0.9535,F
63.42,97799.6,1.013,F
63.44,97800.87,0.8966,F
63.46,97801.14,0.523,F
63.48,97801.47,0.3452,F
63.5,97801.53,0.8143,F
63.52,97800.89,1.5068,F
63.54,97800.59,1.7042,F
63.56,97803.47,1.0996,F
63.58,97804.78,1.5835,F
63.6,97805.75,1.7148,F
63.62,97806.98,1.9157,F
63.64,97809.8,1.3097,F
63.66,97813.39,1.3058,F
63.68,97813.4,1.8202,F
63.7,97815.13,1.9358,F
63.72,97815.13,1.6832,F
63.74,97816.13,1.5836,F
63.76,97816.13,1.5121,F
63.78,97822.28,1.5151,F
63.8,97822.31,1.2199,F
63.82,97819.67,0.781,F
63.84,97819.66,0.7389,F
63.86,97824.8,0.7649,F
63.88,97824.85,0.5682,F
63.9,97819.43,0.3485,F
63.92,97819.39,0.717,F
63.94,97822.03,0.9283,F
63.96,97822.06,1.1004,F
63.98,97824.06,1.4803,F
64.0,97824.09,1.5918,F
64.02,97827.86,1.8175,F
64.04,97827.97,1.9701,F
64.06,97818.46,1.5733,F
64.08,97818.17,1.4154,F
64.1,97831.59,1.6486,F
64.12,97832.37,1.4115,F
64.14,97826.77,1.1198,F
64.16,97826.45,1.054,F
64.18,97830.14,0.9251,F
64.2,97830.54,0.9613,F
64.22,97836.16,0.9642,F
64.24,97836.76,0.9487,F
64.26,97834.69,1.4608,F
64.28,97834.26,1.8299,F
64.3,97839.53,1.7702,F
64.32,97840.64,1.7046,F
64.34,97840.81,1.4483,F
64.36,97840.89,1.1666,F
64.38,97843.26,1.0426,F
64.4,97844.33,0.774,F
64.42,97842.93,0.5092,F
64.44,97841.14,0.4072,F
64.46,97841.39,0.4612,F
64.48,97841.69,0.5576,F
64.5,97841.69,0.5457,F
64.52,97842.16,0.386,F
64.54,97842.16,0.433,F
64.56,97842.43,0.5469,F
64.58,97842.43,0.6037,F
64.6,97851.0,0.6597,F
64.62,97851.04,0.7511,F
64.64,97847.26,0.833,F
64.66,97847.25,0.8898,F
64.68,97848.87,0.8025,F
64.7,97848.87,0.6729,F
64.72,97852.98,0.66,F
64.74,97853.02,0.7236,F
64.76,97852.55,0.7258,F
64.78,97852.55,0.7139,F
64.8,97850.33,0.7092,F
64.82,97850.3,0.8216,F
64.84,97854.64,0.9213,F
64.86,97854.71,0.8592,F
64.88,97856.56,0.8657,F
64.9,97856.61,0.9205,F
64.92,97863.15,0.9936,F
64.94,97863.35,0.9633,F
64.96,97866.63,1.1437,F
64.98,97866.82,1.3411,F
65.0,97869.78,1.5041,F
65.02,97869.94,1.5102,F
65.04,97874.79,1.3393,F
65.06,97875.31,1.3557,F
65.08,97879.39,1.6476,F
65.1,97879.83,1.5304,F
65.12,97875.12,1.1086,F
65.14,97874.13,1.0107,F
65.16,97877.92,1.0816,F
65.18,97878.73,1.0078,F
65.2,97879.22,0.8427,F
65.22,97879.44,0.724,F
65.24,97882.1,0.6661,F
65.26,97883.32,0.6725,F
65.28,97881.85,0.6611,F
65.3,97879.99,0.6757,F
65.32,97883.03,0.7858,F
65.34,97886.9,1.0234,F
65.36,97886.91,1.2661,F
65.38,97888.47,1.4412,F
65.4,97888.47,1.3155,F
65.42,97886.9,1.3348,F
65.44,97886.9,1.3345,F
65.46,97895.2,0.8327,F
65.48,97895.23,0.52,F
65.5,97893.73,0.7432,F
65.52,97893.73,0.92,F
65.54,97902.24,0.5849,F
65.56,97902.31,0.5887,F
65.58,97902.2,0.7356,F
65.6,97902.2,0.7852,F
65.62,97913.07,0.9397,F
65.64,97913.25,0.9968,F
65.66,97914.43,1.1344,F
65.68,97914.45,1.381,F
65.7,97916.13,1.5617,F
65.72,97916.18,1.6256,F
65.74,97922.24,1.5804,F
65.76,97922.43,1.5009,F
65.78,97924.26,1.3924,F
65.8,97924.36,1.3432,F
65.82,97922.86,1.2081,F
65.84,97922.78,0.9376,F
65.86,97928.75,0.7953,F
65.88,97929.39,0.7987,F
65.9,97929.97,0.6627,F
65.92,97930.02,0.5868,F
65.94,97933.43,0.7659,F
65.96,97934.15,0.7094,F
65.98,97935.71,0.5342,F
66.0,97936.03,0.4055,F
66.02,97930.72,0.4626,F
66.04,97929.6,0.6193,F
66.06,97934.77,0.9596,F
66.08,97937.13,1.4106,F
66.1,97939.39,1.5084,F
66.12,97940.42,1.0957,F
66.14,97941.07,1.4884,F
66.16,97941.89,1.1735,F
66.18,97943.16,1.3587,F
66.2,97944.77,1.8551,F
66.22,97944.77,1.7919,F
66.24,97950.23,1.0883,F
66.26,97950.24,0.8563,F
66.28,97948.61,1.1901,F
66.3,97948.61,1.2558,F
66.32,97952.35,0.9721,F
66.34,97952.36,1.1825,F
66.36,97958.1,1.4758,F
66.38,97958.12,1.3025,F
66.4,97961.2,1.1389,F
66.42,97961.22,1.4345,F
66.44,97960.24,1.6533,F
66.46,97960.24,1.5023,F
66.48,97965.48,1.343,F
66.5,97965.57,1.3773,F
66.52,97966.97,1.4915,F
66.54,97966.99,1.4267,F
66.56,97967.63,1.3334,F
66.58,97967.65,1.0688,F
66.6,97974.79,0.908,F
66.62,97975.02,0.7975,F
66.64,97975.21,0.6056,F
66.66,97975.21,0.5619,F
66.68,97976.1,0.8351,F
66.7,97976.14,0.8176,F
66.72,97977.29,0.6144,F
66.74,97977.41,0.6075,F
66.76,97983.27,0.6918,F
66.78,97983.91,0.7864,F
66.8,97986.22,0.8592,F
66.82,97986.71,0.9271,F
66.84,97988.21,1.0316,F
66.86,97988.52,1.0383,F
66.88,97989.06,1.0521,F
66.9,97989.3,1.0793,F
66.92,97995.74,1.0979,F
66.94,97998.68,1.023,F
66.96,97999.29,0.9838,F
66.98,98000.07,0.975,F
67.0,98002.03,0.8885,F
67.02,98004.51,0.7888,F
67.04,98004.51,0.7087,F
67.06,98008.39,0.6799,F
67.08,98008.39,0.6785,F
67.1,98005.43,0.7377,F
67.12,98005.43,0.8181,F
67.14,98007.73,0.8936,F
67.16,98007.73,0.9861,F
67.18,98011.7,0.993,F
67.2,98011.71,0.8899,F
67.22,98015.64,1.0741,F
67.24,98015.67,1.3587,F
67.26,98016.74,1.4325,F
67.28,98016.74,1.1722,F
67.3,98015.05,1.1003,F
67.32,98015.02,1.3428,F
67.34,98021.37,1.4004,F
67.36,98021.48,1.2315,F
67.38,98021.39,1.0179,F
67.4,98021.39,1.0126,F
67.42,98023.68,1.0715,F
67.44,98023.75,1.1033,F
67.46,98026.44,1.0443,F
67.48,98026.73,0.9658,F
67.5,98025.63,0.9033,F
67.52,98025.52,0.9434,F
67.54,98031.51,1.1107,F
67.56,98032.78,1.0117,F
67.58,98036.21,0.9295,F
67.6,98036.93,0.9979,F
67.62,98036.0,1.0009,F
67.64,98035.58,0.8634,F
67.66,98033.21,0.8598,F
67.68,98032.14,0.904,F
67.7,98029.9,0.9245,F
67.72,98028.89,0.9719,F
67.74,98032.17,0.9897,F
67.76,98036.34,0.9167,F
67.78,98032.97,0.876,F
67.8,98028.67,0.9712,F
67.82,98028.67,0.9679,F
67.84,98035.21,1.0114,F
67.86,98035.22,0.9952,F
67.88,98033.8,0.9297,F
67.9,98033.8,0.9183,F
67.92,98035.93,0.9652,F
67.94,98035.93,0.9296,F
67.96,98036.61,0.9136,F
67.98,98036.61,0.912,F
68.0,98042.79,1.0027,F
68.02,98042.84,1.0378,F
68.04,98044.78,1.0905,F
68.06,98044.79,1.1126,F
68.08,98042.61,1.1032,F
68.1,98042.58,1.1263,F
68.12,98045.05,1.1908,F
68.14,98045.09,1.2408,F
68.16,98047.29,1.2668,F
68.18,98047.36,1.2741,F
68.2,98052.22,1.2944,F
68.22,98052.36,1.261,F
68.24,98048.31,1.214,F
68.26,98048.08,1.1843,F
68.28,98054.63,1.1455,F
68.3,98055.0,1.0905,F
68.32,98063.39,1.0598,F
68.34,98064.3,1.0741,F
68.36,98062.54,1.0757,F
68.38,98062.36,1.008,F
68.4,98063.2,0.9473,F
68.42,98063.37,0.9469,F
68.44,98062.68,0.9652,F
68.46,98062.53,0.9091,F
68.48,98067.57,0.8273,F
68.5,98069.87,0.8125,F
68.52,98070.83,0.7989,F
68.54,98071.26,0.7898,F
68.56,98072.78,0.8319,F
68.58,98074.7,0.9318,F
68.6,98076.52,1.1252,F
68.62,98078.83,1.1918,F
68.64,98078.83,1.0031,F
68.66,98081.17,0.7648,F
68.68,98081.17,0.8401,F
68.7,98086.85,1.1072,F
68.72,98086.86,1.2391,F
68.74,98087.15,1.1734,F
68.76,98087.15,0.9424,F
68.78,98082.91,0.6551,F
68.8,98082.89,0.9408,F
68.82,98084.9,1.1902,F
68.84,98084.91,1.1183,F
68.86,98091.93,1.0462,F
68.88,98091.99,1.0081,F
68.9,98086.17,0.973,F
68.92,98086.11,1.0606,F
68.94,98094.17,1.1821,F
68.96,98094.31,1.1544,F
68.98,98097.02,1.0099,F
69.0,98097.06,1.0224,F
69.02,98097.05,1.1805,F
69.04,98097.05,1.2572,F
69.06,98103.08,1.0841,F
69.08,98103.27,0.9066,F
69.1,98105.23,0.9028,F
69.12,98105.34,1.0041,F
69.14,98100.11,0.9706,F
69.16,98099.81,0.8604,F
69.18,98106.01,0.7772,F
69.2,98106.68,0.7968,F
69.22,98109.44,0.8474,F
69.24,98109.74,0.8503,F
69.26,98109.14,0.7439,F
69.28,98109.01,0.68,F
69.3,98110.46,0.744,F
69.32,98110.76,0.8406,F
69.34,98116.17,0.867,F
69.36,98118.65,0.8426,F
69.38,98114.06,0.8387,F
69.4,98111.97,0.9151,F
69.42,98114.01,1.0225,F
69.44,98116.6,1.0657,F
69.46,98118.02,1.0466,F
69.48,98119.82,1.0214,F
69.5,98119.82,1.0515,F
69.52,98122.21,1.1021,F
69.54,98122.21,1.0543,F
69.56,98121.34,1.0008,F
69.58,98121.34,1.0042,F
69.6,98123.23,0.988,F
69.62,98123.24,0.97,F
69.64,98129.21,0.9555,F
69.66,98129.24,0.9263,F
69.68,98129.24,0.9351,F
69.7,98129.24,0.9255,F
69.72,98132.56,0.9851,F
69.74,98132.59,0.9957,F
69.76,98129.33,0.9627,F
69.78,98129.28,0.9443,F
69.8,98141.24,0.9608,F
69.82,98141.45,0.977,F
69.84,98135.23,0.9683,F
69.86,98135.04,0.9942,F
69.88,98143.91,1.0613,F
69.9,98144.18,1.0618,F
69.92,98142.9,0.994,F
69.94,98142.83,0.9437,F
69.96,98142.2,0.9077,F
69.98,98142.17,0.9096,F
70.0,98147.58,0.9206,F
70.02,98148.16,0.9376,F
70.04,98146.85,0.913,F
70.06,98146.71,0.852,F
70.08,98150.23,0.8783,F
70.1,98150.97,0.914,F
70.12,98149.58,0.8488,F
70.14,98149.3,0.8532,F
70.16,98154.05,0.9133,F
70.18,98156.22,0.9432,F
70.2,98158.12,0.9527,F
70.22,98158.98,0.9437,F
70.24,98158.18,0.9481,F
70.26,98157.82,0.9753,F
70.28,98154.99,0.991,F
70.3,98151.4,0.9928,F
70.32,98153.88,0.9826,F
70.34,98157.02,0.9683,F
70.36,98157.03,0.9916,F
70.38,98156.3,0.9802,F
70.4,98156.3,0.9835,F
70.42,98153.99,0.9471,F
70.44,98153.99,0.9793,F
70.46,98163.11,0.926,F
70.48,98163.15,0.9138,F
70.5,98164.64,0.9346,F
70.52,98164.64,0.9366,F
70.54,98167.46,0.9111,F
70.56,98167.47,0.899,F
70.58,98166.52,0.9225,F
70.6,98166.51,0.9458,F
70.62,98175.55,0.9613,F
70.64,98175.7,0.9644,F
70.66,98169.37,0.9571,F
70.68,98169.27,1.0065,F
70.7,98182.35,1.0092,F
70.72,98182.76,0.9791,F
70.74,98181.84,1.0005,F
70.76,98181.82,1.0324,F
70.78,98183.75,1.0107,F
70.8,98183.86,0.9841,F
70.82,98181.92,1.0037,F
70.84,98181.82,0.9975,F
70.86,98180.71,0.9809,F
70.88,98180.6,0.9787,F
70.9,98189.55,0.9701,F
70.92,98190.52,0.9467,F
70.94,98192.28,0.9446,F
70.96,98192.65,0.9551,F
70.98,98191.32,0.9312,F
71.0,98191.05,0.9057,F
71.02,98192.85,0.9179,F
71.04,98193.67,0.9651,F
71.06,98197.5,0.9812,F
71.08,98199.24,0.9904,F
71.1,98200.99,1.0313,F
71.12,98203.22,1.068,F
71.14,98205.51,1.0883,F
71.16,98208.42,1.1178,F
71.18,98208.42,1.1351,F
71.2,98214.61,1.1482,F
71.22,98214.62,1.1515,F
71.24,98216.4,1.1652,F
71.26,98216.4,1.1722,F
71.28,98220.65,1.1449,F
71.3,98220.67,1.1192,F
71.32,98218.54,1.1249,F
71.34,98218.54,1.1202,F
71.36,98221.72,1.0851,F
71.38,98221.75,1.0645,F
71.4,98223.69,1.0398,F
71.42,98223.7,1.04,F
71.44,98227.37,1.0713,F
71.46,98227.44,1.0511,F
71.48,98227.44,1.019,F
71.5,98227.44,0.9576,F
71.52,98229.47,1.0576,F
71.54,98229.53,1.0258,F
71.56,98231.31,1.0206,F
71.58,98231.37,1.0386,F
71.6,98239.49,1.0309,F
71.62,98239.96,1.0084,F
71.64,98237.71,1.0112,F
71.66,98237.58,1.0013,F
71.68,98246.96,0.981,F
71.7,98247.5,0.9496,F
71.72,98247.05,0.9278,F
71.74,98247.0,0.974,F
71.76,98248.14,0.9496,F
71.78,98248.26,0.9028,F
71.8,98252.43,0.9082,F
71.82,98253.31,0.953,F
71.84,98246.6,0.9665,F
71.86,98245.17,0.9573,F
71.88,98252.67,0.979,F
71.9,98256.09,0.9998,F
71.92,98255.11,0.9982,F
71.94,98254.67,1.0284,F
71.96,98254.49,1.0627,F
71.98,98254.28,1.0815,F
72.0,98255.75,1.0863,F
72.02,98257.61,1.0684,F
72.04,98257.61,1.0695,F
72.06,98249.07,1.0926,F
72.08,98249.05,1.0956,F
72.1,98259.53,1.0843,F
72.12,98259.56,1.0613,F
72.14,98261.49,1.0415,F
72.16,98261.49,1.0465,F
72.18,98261.69,1.0452,F
72.2,98261.69,1.0046,F
72.22,98260.78,0.9987,F
72.24,98260.77,1.0056,F
72.26,98259.35,0.9709,F
72.28,98259.33,0.9501,F
72.3,98264.32,0.9588,F
72.32,98264.47,0.951,F
72.34,98265.19,0.9214,F
72.36,98265.2,0.9344,F
72.38,98268.85,0.9567,F
72.4,98269.06,0.9191,F
72.42,98266.0,0.921,F
72.44,98265.83,0.9583,F
72.46,98265.58,0.9503,F
72.48,98265.56,0.9226,F
72.5,98271.56,0.949,F
72.52,98272.21,0.9813,F
72.54,98273.04,0.9565,F
72.56,98273.21,0.9333,F
72.58,98277.74,0.958,F
72.6,98278.7,0.9781,F
72.62,98278.66,0.9669,F
72.64,98278.64,0.9542,F
72.66,98281.64,0.9456,F
72.68,98283.0,0.9724,F
72.7,98281.37,0.9782,F
72.72,98279.3,0.9603,F
72.74,98282.5,0.9654,F
72.76,98286.56,0.9859,F
72.78,98286.47,0.9749,F
72.8,98286.36,0.9546,F
72.82,98286.36,0.9578,F
72.84,98290.44,0.9588,F
72.86,98290.45,0.9716,F
72.88,98291.6,0.9604,F
72.9,98291.6,0.9695,F
72.92,98290.48,0.9944,F
72.94,98290.48,0.9801,F
72.96,98297.11,1.0016,F
72.98,98297.14,0.9817,F
73.0,98293.18,0.9903,F
73.02,98293.15,1.0027,F
73.04,98302.28,1.0063,F
73.06,98302.36,0.9984,F
73.08,98304.21,1.0011,F
73.1,98304.24,1.0226,F
73.12,98309.93,1.0077,F
73.14,98310.03,1.0167,F
73.16,98304.9,1.0284,F
73.18,98304.74,1.0329,F
73.2,98308.87,1.0349,F
73.22,98309.0,1.0389,F
73.24,98310.83,1.0546,F
73.26,98310.93,1.0575,F
73.28,98317.47,1.0629,F
73.3,98317.84,1.0609,F
73.32,98317.98,1.0709,F
73.34,98317.99,1.0775,F
73.36,98319.42,1.076,F
73.38,98319.57,1.0769,F
73.4,98321.95,1.0673,F
73.42,98322.45,1.0577,F
73.44,98323.21,1.0817,F
73.46,98323.36,1.0508,F
73.48,98325.82,1.025,F
73.5,98326.95,1.0223,F
73.52,98328.75,1.0007,F
73.54,98329.56,0.9869,F
73.56,98332.47,0.9914,F
73.58,98336.17,0.9663,F
73.6,98333.53,0.9408,F
73.62,98330.16,0.9195,F
73.64,98330.16,0.9225,F
73.66,98338.92,0.9089,F
73.68,98338.93,0.8829,F
73.7,98333.15,0.903,F
73.72,98333.14,0.8978,F
73.74,98340.17,0.8843,F
73.76,98340.2,0.9228,F
73.78,98342.47,0.9506,F
73.8,98342.47,0.9296,F
73.82,98348.72,0.9152,F
73.84,98348.77,0.974,F
73.86,98343.48,0.9826,F
73.88,98343.44,0.9367,F
73.9,98344.06,0.9499,F
73.92,98344.06,0.9719,F
73.94,98348.0,0.9561,F
73.96,98348.07,0.9416,F
73.98,98348.74,0.9701,F
74.0,98348.75,0.9825,F
74.02,98350.29,0.9521,F
74.04,98350.34,0.9522,F
74.06,98350.51,0.9637,F
74.08,98350.51,0.9503,F
74.1,98357.23,0.9742,F
74.12,98357.61,1.0068,F
74.14,98359.69,1.0109,F
74.16,98359.81,1.0039,F
74.18,98357.15,1.0112,F
74.2,98356.87,1.0197,F
74.22,98361.37,1.0341,F
74.24,98361.86,1.0267,F
74.26,98367.4,1.0573,F
74.28,98368.57,1.0381,F
74.3,98368.54,1.0262,F
74.32,98368.54,1.0291,F
74.34,98367.83,1.0464,F
74.36,98367.51,1.0416,F
74.38,98369.85,1.0252,F
74.4,98370.92,1.0261,F
74.42,98372.42,1.0383,F
74.44,98374.33,1.0341,F
74.46,98373.14,1.0088,F
74.48,98371.64,0.9989,F
74.5,98371.64,0.9971,F
74.52,98379.74,1.0192,F
74.54,98379.75,1.0197,F
74.56,98383.75,0.9955,F
74.58,98383.76,0.9983,F
74.6,98384.54,1.0243,F
74.62,98384.54,1.0184,F
74.64,98380.05,1.0323,F
74.66,98380.04,1.0239,F
74.68,98386.51,1.0291,F
74.7,98386.51,1.0291,F
74.72,98389.21,1.0368,F
74.74,98389.23,1.0168,F
74.76,98395.31,1.008,F
74.78,98395.5,0.9941,F
74.8,98393.48,0.9981,F
74.82,98393.41,1.0109,F
74.84,98395.46,1.0017,F
74.86,98395.57,0.9598,F
74.88,98399.6,0.9542,F
74.9,98401.43,0.9506,F
74.92,98398.88,0.9461,F
74.94,98398.61,0.9345,F
74.96,98403.08,0.9341,F
74.98,98403.54,0.9315,F
75.0,98402.23,0.9339,F
75.02,98401.96,0.9501,F
75.04,98407.35,0.9534,F
75.06,98408.49,0.9684,F
75.08,98413.99,1.0034,F
75.1,98415.72,1.0102,F
75.12,98415.68,1.0068,F
75.14,98415.31,1.0392,F
75.16,98416.96,1.0482,F
75.18,98419.04,1.0649,F
75.2,98419.04,1.0649,F
75.22,98415.92,1.0719,F
75.24,98417.49,1.0759,F
75.26,98419.48,1.0866,F
75.28,98419.48,1.0964,F
75.3,98417.44,1.1103,F
75.32,98417.44,1.1065,F
75.34,98426.15,1.1038,F
75.36,98426.17,1.1188,F
75.38,98426.89,1.1331,F
75.4,98426.92,1.1121,F
75.42,98431.13,1.0984,F
75.44,98431.15,1.116,F
75.46,98428.88,1.1064,F
75.48,98428.86,1.1083,F
75.5,98428.14,1.1127,F
75.52,98427.23,1.0718,F
75.54,98440.34,1.0764,F
75.56,98440.57,1.0898,F
75.58,98441.22,1.0477,F
75.6,98441.23,1.0418,F
75.62,98439.58,1.0567,F
75.64,98439.53,1.0117,F
75.66,98438.86,0.9781,F
75.68,98438.85,0.9864,F
75.7,98448.21,1.008,F
75.72,98448.66,1.003,F
75.74,98451.48,0.9642,F
75.76,98451.78,0.9904,F
75.78,98456.67,0.9851,F
75.8,98456.67,0.9851,F
75.82,98456.61,0.9723,F
75.84,98456.58,0.9768,F
75.86,98456.55,0.9601,F
75.88,98456.28,0.9531,F
75.9,98457.63,0.9599,F
75.92,98459.34,0.9447,F
75.94,98459.34,0.9463,F
75.96,98462.98,0.9568,F
75.98,98462.98,0.9563,F
76.0,98466.94,0.9527,F
76.02,98466.94,0.9539,F
76.04,98468.3,0.9818,F
76.06,98468.3,0.9818,F
76.08,98474.38,0.9831,F
76.1,98474.41,0.9964,F
76.12,98476.17,1.0154,F
76.14,98476.26,1.0167,F
76.16,98482.78,1.0327,F
76.18,98482.83,1.073,F
76.2,98481.1,1.0837,F
76.22,98480.74,1.0935,F
76.24,98483.52,1.1087,F
76.26,98483.56,1.1315,F
76.28,98486.85,1.1414,F
76.3,98486.9,1.1418,F
76.32,98493.8,1.1471,F
76.34,98493.91,1.1463,F
76.36,98488.22,1.1712,F
76.38,98488.04,1.1504,F
76.4,98493.86,1.1278,F
76.42,98494.04,1.1502,F
76.44,98494.04,1.1511,F
76.46,98495.01,1.1267,F
76.48,98495.01,1.1285,F
76.5,98498.75,1.1481,F
76.52,98495.85,1.1186,F
76.54,98495.71,1.1157,F
76.56,98500.16,1.0772,F
76.58,98500.16,1.0772,F
76.6,98498.77,1.046,F
76.62,98498.37,1.0409,F
76.64,98501.03,1.0189,F
76.66,98501.58,1.0069,F
76.68,98503.5,0.9945,F
76.7,98503.9,0.9859,F
76.72,98503.9,0.986,F
76.74,98506.95,0.9838,F
76.76,98510.76,0.9461,F
76.78,98512.4,0.9442,F
76.8,98513.78,0.9836,F
76.82,98515.4,0.9638,F
76.84,98517.1,0.9584,F
76.86,98519.26,0.9994,F
76.88,98519.26,0.9647,F
76.9,98520.83,0.9634,F
76.92,98521.16,0.979,F
76.94,98521.19,0.9845,F
76.96,98521.19,0.9839,F
76.98,98521.43,0.979,F
77.0,98521.43,0.9581,F
77.02,98521.43,0.9581,F
77.04,98529.58,0.9604,F
77.06,98524.9,1.0005,F
77.08,98524.86,0.9909,F
77.1,98530.44,0.969,F
77.12,98530.49,0.9545,F
77.14,98535.13,0.9582,F
77.16,98535.2,0.9854,F
77.18,98529.95,0.9762,F
77.2,98529.86,0.9404,F
77.22,98534.22,0.9478,F
77.24,98534.34,0.9656,F
77.26,98533.34,0.9681,F
77.28,98533.31,0.963,F
77.3,98542.41,0.9745,F
77.32,98542.94,0.9931,F
77.34,98541.93,0.9857,F
77.36,98541.88,0.9719,F
77.38,98546.21,0.9785,F
77.4,98546.67,0.9773,F
77.42,98550.2,0.9686,F
77.44,98550.58,0.9633,F
77.46,98551.03,0.983,F
77.48,98551.12,0.9883,F
77.5,98547.72,0.9863,F
77.52,98547.0,0.9866,F
77.54,98550.6,1.0069,F
77.56,98552.24,1.0008,F
77.58,98553.47,1.0186,F
77.6,98554.02,1.0356,F
77.62,98556.87,1.0412,F
77.64,98560.49,1.0352,F
77.66,98563.32,1.0564,F
77.68,98566.91,1.0625,F
77.7,98566.91,1.0418,F
77.72,98564.58,1.0615,F
77.74,98564.58,1.0874,F
77.76,98569.86,1.056,F
77.78,98569.87,1.028,F
77.8,98568.51,1.0666,F
77.82,98568.51,1.0545,F
77.84,98564.62,1.0074,F
77.86,98564.61,1.0023,F
77.88,98573.23,1.0427,F
77.9,98573.31,1.0054,F
77.92,98575.85,0.986,F
77.94,98575.87,0.9983,F
77.96,98573.29,0.9817,F
77.98,98573.27,0.9894,F
78.0,98575.69,0.981,F
78.02,98575.73,0.9828,F
78.04,98580.08,0.9588,F
78.06,98580.15,0.9372,F
78.08,98583.77,0.9432,F
78.1,98583.88,0.9402,F
78.12,98583.56,0.9461,F
78.14,98583.55,0.9425,F
78.16,98588.37,0.9096,F
78.18,98588.64,0.9057,F
78.2,98585.56,0.9592,F
78.22,98585.38,0.9505,F
78.24,98588.54,0.9288,F
78.26,98588.89,0.9611,F
78.28,98591.95,0.9716,F
78.3,98592.28,0.9429,F
78.32,98595.06,0.9867,F
78.34,98595.65,1.0167,F
78.36,98597.36,0.977,F
78.38,98597.72,0.9632,F
78.4,98594.24,1.0271,F
78.42,98592.66,1.038,F
78.44,98593.41,1.0041,F
78.46,98593.74,1.0016,F
78.48,98598.43,1.0235,F
78.5,98604.38,1.0014,F
78.52,98603.24,0.9803,F
78.54,98601.79,1.0033,F
78.56,98601.79,1.0122,F
78.58,98602.44,0.9753,F
78.6,98602.44,0.9697,F
78.62,98605.53,0.9846,F
78.64,98605.54,0.9712,F
78.66,98608.14,0.9703,F
78.68,98608.15,0.988,F
78.7,98614.66,0.9803,F
78.72,98614.69,0.9561,F
78.74,98610.44,0.9758,F
78.76,98610.41,1.0008,F
78.78,98613.06,0.98,F
78.8,98613.08,0.974,F
78.82,98617.31,1.0106,F
78.84,98617.38,0.9913,F
78.86,98622.18,0.9635,F
78.88,98622.26,0.9866,F
78.9,98625.79,0.9976,F
78.92,98625.9,0.9621,F
78.94,98621.78,0.9514,F
78.96,98621.66,0.9779,F
78.98,98628.55,0.9975,F
79.0,98628.95,0.9816,F
79.02,98633.4,0.9767,F
79.04,98633.66,1.0154,F
79.06,98631.23,1.0312,F
79.08,98630.96,1.0165,F
79.1,98631.68,1.0132,F
79.12,98631.76,1.0139,F
79.14,98632.77,1.0232,F
79.16,98632.98,1.0265,F
79.18,98638.12,1.0183,F
79.2,98639.2,0.999,F
79.22,98641.97,0.9958,F
79.24,98642.55,1.011,F
79.26,98642.79,1.0161,F
79.28,98642.89,1.0039,F
79.3,98644.43,1.0206,F
79.32,98645.14,1.0177,F
79.34,98644.57,1.0183,F
79.36,98643.85,1.0139,F
79.38,98645.02,1.0061,F
79.4,98646.5,1.0115,F
79.42,98646.5,0.9949,F
79.44,98647.8,0.9849,F
79.46,98647.8,1.0005,F
79.48,98650.63,1.0034,F
79.5,98650.63,0.9589,F
79.52,98653.6,0.961,F
79.54,98653.61,1.024,F
79.56,98658.18,1.0359,F
79.58,98658.2,1.012,F
79.6,98656.95,1.0126,F
79.62,98656.94,1.0316,F
79.64,98661.72,1.0381,F
79.66,98661.76,1.0115,F
79.68,98659.06,1.036,F
79.7,98659.01,1.0762,F
79.72,98663.18,1.052,F
79.74,98663.25,1.0365,F
79.76,98665.17,1.0621,F
79.78,98665.23,1.0444,F
79.8,98672.24,1.0259,F
79.82,98672.45,1.0634,F
79.84,98671.28,1.0517,F
79.86,98671.22,1.0184,F
79.88,98674.52,1.0026,F
79.9,98674.7,1.0171,F
79.92,98680.34,1.0295,F
79.94,98680.95,1.0323,F
79.96,98679.83,1.0208,F
79.98,98679.72,1.0114,F
80.0,98679.9,1.0072,F
80.02,98679.93,1.0006,F
80.04,98686.15,1.0032,F
80.06,98687.47,1.0004,F
80.08,98685.31,0.9909,F
80.1,98684.33,0.9907,F
80.12,98686.43,0.9939,F
80.14,98687.37,0.9649,F
80.16,98687.4,0.9787,F
80.18,98687.42,1.0044,F
80.2,98689.27,0.9746,F
80.22,98691.62,0.9576,F
80.24,98691.62,0.9761,F
80.26,98690.7,0.9836,F
80.28,98690.7,0.9758,F
80.3,98688.53,0.9727,F
80.32,98688.53,0.9679,F
80.34,98698.24,0.9878,F
80.36,98698.28,0.995,F
80.38,98701.14,0.9976,F
80.4,98701.14,1.0007,F
80.42,98704.55,0.9966,F
80.44,98704.58,0.9972,F
80.46,98704.95,1.0016,F
80.48,98704.95,0.9885,F
80.5,98704.67,0.9839,F
80.52,98704.67,0.9842,F
80.54,98707.71,0.9768,F
80.56,98707.76,0.9716,F
80.58,98705.65,0.9823,F
80.6,98705.62,0.9778,F
80.62,98708.17,0.9701,F
80.64,98708.25,0.9635,F
80.66,98712.51,0.9821,F
80.68,98712.64,0.9866,F
80.7,98710.8,0.9697,F
80.72,98710.7,0.9664,F
80.74,98715.14,0.9875,F
80.76,98715.4,0.9796,F
80.78,98720.03,0.9826,F
80.8,98720.53,0.9768,F
80.82,98721.79,0.973,F
80.84,98721.92,0.9777,F
80.86,98723.21,0.9804,F
80.88,98723.48,0.9565,F
80.9,98722.38,0.9538,F
80.92,98722.15,0.976,F
80.94,98726.13,0.9762,F
80.96,98727.95,0.9468,F
80.98,98730.0,0.9608,F
81.0,98730.93,0.9803,F
81.02,98728.35,0.9725,F
81.04,98725.09,0.9742,F
81.06,98731.37,0.971,F
81.08,98739.37,0.9688,F
81.1,98733.28,0.9867,F
81.12,98725.54,1.0086,F
81.14,98732.46,0.9964,F
81.16,98741.28,0.9797,F
81.18,98741.3,0.9978,F
81.2,98741.67,1.0151,F
81.22,98741.67,0.9947,F
81.24,98737.93,1.0033,F
81.26,98737.92,1.0192,F
81.28,98743.52,0.99,F
81.3,98743.55,0.9842,F
81.32,98745.98,1.0089,F
81.34,98745.99,1.017,F
81.36,98751.29,0.9964,F
81.38,98751.34,0.9979,F
81.4,98750.52,1.0161,F
81.42,98750.52,1.0029,F
81.44,98750.52,1.0096,F
81.46,98750.52,1.0205,F
81.48,98756.37,1.0122,F
81.5,98756.46,1.0036,F
81.52,98757.79,1.003,F
81.54,98757.83,1.0192,F
81.56,98755.78,1.0068,F
81.58,98755.72,0.986,F
81.6,98760.3,0.9968,F
81.62,98760.44,1.0033,F
81.64,98765.32,0.9938,F
81.66,98765.59,0.9966,F
81.68,98769.41,0.996,F
81.7,98769.62,0.9774,F
81.72,98769.32,0.9789,F
81.74,98769.29,0.9873,F
81.76,98773.65,0.9765,F
81.78,98774.11,0.9777,F
81.8,98773.74,0.9826,F
81.82,98773.66,0.9705,F
81.84,98775.63,0.9673,F
81.86,98776.04,0.986,F
81.88,98779.46,0.9854,F
81.9,98781.02,0.9581,F
81.92,98783.66,0.9686,F
81.94,98784.86,0.9806,F
81.96,98783.25,0.9713,F
81.98,98781.21,0.9749,F
82.0,98777.97,0.9846,F
82.02,98773.86,0.9706,F
82.04,98773.86,0.9879,F
82.06,98783.45,1.0053,F
82.08,98783.47,0.9778,F
82.1,98792.63,0.9819,F
82.12,98792.65,1.0176,F
82.14,98787.65,1.0152,F
82.16,98787.63,0.9828,F
82.18,98791.12,1.0093,F
82.2,98791.13,1.0261,F
82.22,98794.35,1.0096,F
82.24,98794.38,0.9975,F
82.26,98800.82,0.9949,F
82.28,98800.87,1.0082,F
82.3,98800.59,1.0225,F
82.32,98800.59,1.0099,F
82.34,98803.27,1.0079,F
82.36,98803.31,1.0275,F
82.38,98807.06,1.0245,F
82.4,98807.17,1.0261,F
82.42,98808.53,1.0196,F
82.44,98808.56,1.0153,F
82.46,98812.03,1.0332,F
82.48,98812.23,1.0405,F
82.5,98813.68,1.0213,F
82.52,98813.76,1.0541,F
82.54,98816.52,1.0424,F
82.56,98816.82,1.0361,F
82.58,98815.77,1.0532,F
82.6,98815.66,1.0546,F
82.62,98820.16,1.0258,F
82.64,98821.11,1.0036,F
82.66,98825.3,1.0373,F
82.68,98826.19,1.0464,F
82.7,98824.88,1.0169,F
82.72,98824.3,0.9813,F
82.74,98828.85,0.9908,F
82.76,98830.93,0.994,F
82.78,98830.19,1.0074,F
82.8,98829.25,1.0074,F
82.82,98830.13,0.9615,F
82.84,98831.24,0.9574,F
82.86,98831.24,0.9658,F
82.88,98835.89,0.9699,F
82.9,98835.91,0.9453,F
82.92,98839.29,0.9466,F
82.94,98839.3,0.9366,F
82.96,98834.69,0.9113,F
82.98,98834.65,0.9159,F
83.0,98837.74,0.9272,F
83.02,98837.76,0.9072,F
83.04,98842.6,0.9019,F
83.06,98842.65,0.9148,F
83.08,98841.19,0.8993,F
83.1,98841.17,0.8894,F
83.12,98843.25,0.9194,F
83.14,98843.28,0.9301,F
83.16,98849.46,0.9173,F
83.18,98849.65,0.9348,F
83.2,98849.65,0.961,F
83.22,98849.65,0.9637,F
83.24,98851.68,0.9529,F
83.26,98851.8,0.9626,F
83.28,98854.76,0.9748,F
83.3,98854.93,0.9832,F
83.32,98857.18,0.9931,F
83.34,98857.42,1.0049,F
83.36,98860.5,0.9995,F
83.38,98860.83,1.0038,F
83.4,98859.15,1.0174,F
83.42,98858.8,1.0372,F
83.44,98862.62,1.0316,F
83.46,98863.42,1.0281,F
83.48,98868.05,1.0635,F
83.5,98870.16,1.0562,F
83.52,98871.55,1.0425,F
83.54,98872.19,1.0617,F
83.56,98872.23,1.0765,F
83.58,98872.28,1.048,F
83.6,98874.88,1.0541,F
83.62,98878.16,1.0754,F
83.64,98878.17,1.068,F
83.66,98874.16,1.0636,F
83.68,98874.15,1.066,F
83.7,98875.63,0.9614,F
83.72,98875.63,1.078,F
83.74,98884.59,1.0541,F
83.76,98884.64,1.0473,F
83.78,98878.89,1.0727,F
83.8,98878.86,1.0502,F
83.82,98880.89,1.0332,F
83.84,98880.9,1.0239,F
83.86,98888.62,1.02,F
83.88,98888.69,1.0315,F
83.9,98886.99,1.0208,F
83.92,98886.97,0.9778,F
83.94,98888.76,0.969,F
83.96,98888.79,0.9834,F
83.98,98892.46,1.0091,F
84.0,98892.57,0.9713,F
84.02,98897.66,0.9507,F
84.04,98897.82,0.9715,F
84.06,98896.92,0.9647,F
84.08,98896.88,0.9857,F
84.1,98901.21,0.9765,F
84.12,98901.46,0.9494,F
84.14,98909.3,0.9675,F
84.16,98910.15,0.9848,F
84.18,98905.99,0.97,F
84.2,98905.55,0.9517,F
84.22,98906.53,0.9607,F
84.24,98906.73,0.9808,F
84.26,98906.46,0.9762,F
84.28,98906.4,0.9661,F
84.3,98913.0,0.9729,F
84.32,98916.01,0.9755,F
84.34,98913.68,0.9706,F
84.36,98912.63,0.9891,F
84.38,98917.29,1.0148,F
84.4,98919.4,1.0073,F
84.42,98921.33,0.9988,F
84.44,98923.77,1.0303,F
84.46,98921.53,1.0515,F
84.48,98918.68,1.0435,F
84.5,98918.68,1.0529,F
84.52,98923.72,1.0868,F
84.54,98923.72,1.0955,F
84.56,98923.75,1.0931,F
84.58,98923.75,1.1026,F
84.6,98921.84,1.115,F
84.62,98921.83,1.1097,F
84.64,98925.85,1.1453,F
84.66,98925.87,1.1471,F
84.68,98933.15,1.1178,F
84.7,98933.22,1.1225,F
84.72,98931.37,1.1172,F
84.74,98931.35,1.1215,F
84.76,98943.03,1.1458,F
84.78,98943.23,1.11,F
84.8,98937.6,1.0772,F
84.82,98937.51,1.1093,F
84.84,98942.47,1.1262,F
84.86,98942.62,1.0968,F
84.88,98937.77,1.0511,F
84.9,98937.63,1.0551,F
84.92,98941.89,1.0897,F
84.94,98942.13,1.057,F
84.96,98944.38,1.0336,F
84.98,98944.5,1.0419,F
85.0,98951.66,1.0209,F
85.02,98952.44,0.9832,F
85.04,98949.38,0.9951,F
85.06,98949.05,1.0184,F
85.08,98951.75,0.975,F
85.1,98952.31,0.9546,F
85.12,98956.22,0.9542,F
85.14,98957.05,0.9506,F
85.16,98955.73,0.983,F
85.18,98955.13,0.9726,F
85.2,98954.78,0.8862,F
85.22,98954.62,0.9764,F
85.24,98955.81,0.9915,F
85.26,98957.32,0.9672,F
85.28,98957.01,0.9733,F
85.3,98956.62,0.9967,F
85.32,98956.62,1.0079,F
85.34,98962.1,1.0052,F
85.36,98962.1,1.0184,F
85.38,98963.01,1.0326,F
85.4,98963.01,1.0338,F
85.42,98965.98,1.0297,F
85.44,98965.99,1.0422,F
85.46,98969.42,1.0419,F
85.48,98969.43,1.0183,F
85.5,98979.25,1.0191,F
85.52,98979.34,1.0318,F
85.54,98971.66,1.025,F
85.56,98971.59,1.0243,F
85.58,98971.25,1.0201,F
85.6,98971.25,1.0242,F
85.62,98975.85,1.0223,F
85.64,98975.92,1.0158,F
85.66,98985.78,1.0114,F
85.68,98985.96,1.0076,F
85.7,98988.52,1.0334,F
85.72,98988.59,0.9988,F
85.74,98991.3,0.9767,F
85.76,98991.38,0.9881,F
85.78,98989.49,0.999,F
85.8,98989.39,0.9817,F
85.82,98991.5,0.9638,F
85.84,98991.62,1.4016,F
85.86,98992.93,1.4829,F
85.88,98993.06,1.2381,F
85.9,98997.97,1.2323,F
85.92,98998.5,0.5448,F
85.94,98996.03,0.4899,F
85.96,98995.51,0.5299,F
85.98,98998.03,1.502,F
86.0,98998.55,1.1926,F
86.02,99001.26,0.9591,F
86.04,99002.48,1.1546,F
86.06,99005.44,1.3229,F
86.08,99006.78,1.2046,F
86.1,99007.9,1.1023,F
86.12,99009.32,1.1663,F
86.14,99008.96,1.1015,F
86.16,99008.5,1.0888,F
86.18,99008.5,1.1222,F
86.2,99014.53,1.0487,F
86.22,99014.54,1.0949,F
86.24,99015.79,0.9749,F
86.26,99015.79,1.0867,F
86.28,99016.03,1.219,F
86.3,99016.03,1.0777,F
86.32,99021.65,1.0351,F
86.34,99021.67,1.0791,F
86.36,99024.61,1.0884,F
86.38,99024.63,1.0634,F
86.4,99021.23,1.0535,F
86.42,99021.2,1.0879,F
86.44,99026.42,1.0931,F
86.46,99026.51,1.0965,F
86.48,99023.25,1.1039,F
86.5,99023.2,1.1166,F
86.52,99029.08,1.1182,F
86.54,99029.27,1.1102,F
86.56,99028.97,1.1007,F
86.58,99028.96,1.1004,F
86.6,99027.69,1.0893,F
86.62,99027.62,1.0866,F
86.64,99034.46,1.0892,F
86.66,99034.86,1.063,F
86.68,99033.65,1.0187,F
86.7,99033.53,1.0655,F
86.72,99036.0,1.0168,F
86.74,99036.27,0.9715,F
86.76,99035.15,1.0381,F
86.78,99034.92,1.0421,F
86.8,99039.5,0.809,F
86.82,99040.47,1.0152,F
86.84,99040.52,0.9312,F
86.86,99040.52,0.7545,F
86.88,99043.12,0.6597,F
86.9,99044.31,0.7699,F
86.92,99042.14,0.7372,F
86.94,99041.17,1.4173,F
86.96,99041.4,0.2011,F
86.98,99041.69,-0.0508,F
87.0,99044.29,1.7713,F
87.02,99047.57,1.4441,F
87.04,99047.58,0.6295,F
87.06,99050.36,0.6111,F
87.08,99050.36,0.8062,F
87.1,99051.65,0.7939,F
87.12,99051.65,0.6054,F
87.14,99046.08,0.563,F
87.16,99046.05,0.64,F
87.18,99041.53,0.7198,F
87.2,99041.51,0.7306,F
87.22,99044.02,0.8203,F
87.24,99044.04,1.083,F
87.26,99043.63,1.1217,F
87.28,99043.63,1.0425,F
87.3,99045.9,1.1336,F
87.32,99045.94,1.4761,F
87.34,99046.62,1.2436,F
87.36,99046.62,0.9881,F
87.38,99051.41,0.9003,F
87.4,99051.56,1.003,F
87.42,99058.16,1.0458,F
87.44,99058.37,0.8874,F
87.46,99058.36,0.7516,F
87.48,99058.36,0.8556,F
87.5,99060.13,0.8828,F
87.52,99060.22,0.6749,F
87.54,99062.63,0.9282,F
87.56,99062.88,1.5438,F
87.58,99063.79,1.7582,F
87.6,99063.89,1.8863,F
87.62,99065.28,2.2433,F
87.64,99065.57,2.1238,F
87.66,99062.98,1.2844,F
87.68,99062.43,1.2514,F
87.7,99066.48,0.7424,F
87.72,99068.33,-0.1622,F
87.74,99068.16,-0.3759,F
87.76,99068.1,-0.2489,F
87.78,99069.49,0.6346,F
87.8,99071.26,-0.1381,F
87.82,99072.45,0.043,F
87.84,99073.97,0.6233,F
87.86,99073.97,0.1283,F
87.88,99071.71,0.9768,F
87.9,99071.71,1.3437,F
87.92,99070.05,1.0422,F
87.94,99070.05,0.8633,F
87.96,99076.45,1.1423,F
87.98,99076.48,1.453,F
88.0,99079.99,1.0532,F
88.02,99080.0,0.6732,F
88.04,99073.09,0.5243,F
88.06,99073.03,0.5332,F
88.08,99075.54,0.5146,F
88.1,99075.56,0.6761,F
88.12,99082.14,1.0842,F
88.14,99082.24,1.1535,F
88.16,99079.66,0.9787,F
88.18,99079.62,0.9938,F
88.2,99080.69,0.8181,F
88.22,99080.71,0.5369,F
88.24,99080.88,0.5041,F
88.26,99080.88,0.6625,F
88.28,99083.23,0.5721,F
88.3,99083.29,0.5147,F
88.32,99082.03,0.4439,F
88.34,99081.96,0.3705,F
88.36,99084.59,0.2421,F
88.38,99084.74,0.1323,F
88.4,99088.7,0.1055,F
88.42,99089.13,0.1035,F
88.44,99090.7,0.1917,F
88.46,99090.86,0.4283,F
88.48,99087.85,0.6855,F
88.5,99087.21,0.7418,F
88.52,99091.39,0.8646,F
88.54,99092.28,0.8453,F
88.56,99089.82,0.6828,F
88.58,99088.7,0.5044,F
88.6,99087.72,0.4704,F
88.62,99086.48,0.535,F
88.64,99086.48,0.4402,F
88.66,99092.05,0.4198,F
88.68,99092.06,0.6525,F
88.7,99092.16,0.9241,F
88.72,99092.16,0.9212,F
88.74,99095.93,0.723,F
88.76,99095.94,0.6278,F
88.78,99093.96,0.5516,F
88.8,99093.95,0.5339,F
88.82,99089.16,0.3921,F
88.84,99089.12,0.2681,F
88.86,99097.43,0.2214,F
88.88,99097.5,0.3039,F
88.9,99096.86,0.5114,F
88.92,99096.86,0.5502,F
88.94,99095.82,0.4018,F
88.96,99095.81,0.4098,F
88.98,99095.4,0.4552,F
89.0,99095.39,0.3541,F
89.02,99096.78,0.2619,F
89.04,99096.82,0.1968,F
89.06,99089.93,0.1727,F
89.08,99089.53,0.3337,F
89.1,99096.54,0.4881,F
89.12,99096.94,0.519,F
89.14,99098.77,0.4601,F
89.16,99098.97,0.5254,F
89.18,99099.57,0.4964,F
89.2,99099.63,0.3302,F
89.22,99101.37,0.3061,F
89.24,99101.73,0.2848,F
89.26,99099.96,0.2789,F
89.28,99099.59,0.3351,F
89.3,99102.26,0.3729,F
89.32,99102.83,0.3017,F
89.34,99098.03,0.3103,F
89.36,99095.86,0.2731,F
89.38,99099.97,0.2169,F
89.4,99101.85,0.0934,F
89.42,99099.01,0.1211,F
89.44,99095.4,0.1618,F
89.46,99096.17,0.2177,F
89.48,99097.16,0.2239,F
89.5,99097.16,0.2381,F
89.52,99099.95,0.3326,F
89.54,99099.95,0.4169,F
89.56,99103.23,0.2117,F
89.58,99103.24,0.3035,F
89.6,99103.49,0.9557,F
89.62,99103.49,0.6594,F
89.64,99108.37,0.0581,F
89.66,99108.39,0.2658,F
89.68,99101.78,0.3015,F
89.7,99101.72,0.1481,F
89.72,99108.33,0.2554,F
89.74,99108.39,0.345,F
89.76,99103.89,0.1458,F
89.78,99103.81,0.0835,F
89.8,99109.16,0.1564,F
89.82,99109.25,0.0681,F
89.84,99109.21,0.0291,F
89.86,99109.21,-0.1305,F
89.88,99110.68,-0.2423,F
89.9,99110.71,0.0092,F
89.92,99105.87,-0.0947,F
89.94,99105.6,-0.4296,F
89.96,99107.76,-0.0916,F
89.98,99107.88,-0.1753,F
90.0,99107.93,-0.2248,F
90.02,99107.93,-0.3099,F
90.04,99101.18,-0.4202,F
90.06,99100.45,-0.4167,F
90.08,99103.46,-0.3107,F
90.1,99104.1,-0.3737,F
90.12,99103.64,-0.2568,F
90.14,99103.55,-0.1767,F
90.16,99106.95,0.1402,F
90.18,99108.49,-1.1258,F
90.2,99106.57,-1.1319,F
90.22,99105.69,0.3069,F
90.24,99105.23,0.2199,F
90.26,99104.64,-0.2631,F
90.28,99104.48,-0.057,F
90.3,99104.28,0.1091,F
90.32,99104.28,-0.2648,F
90.34,99107.46,-0.1262,F
90.36,99107.46,0.0521,F
90.38,99107.81,0.1056,F
90.4,99107.81,0.0158,F
90.42,99105.65,0.3194,F
90.44,99105.65,-0.043,F
90.46,99106.49,-0.2307,F
90.48,99106.49,-0.5676,F
90.5,99108.09,-0.4623,F
90.52,99108.1,-0.1112,F
90.54,99106.12,0.0602,F
90.56,99106.11,0.0665,F
90.58,99104.74,-0.0384,F
90.6,99104.72,0.0236,F
90.62,99112.75,0.1163,F
90.64,99112.88,0.1618,F
90.66,99107.52,0.187,F
90.68,99107.35,0.1283,F
90.7,99109.01,0.0609,F
90.72,99109.05,0.0447,F
90.74,99108.59,0.0314,F
90.76,99108.58,0.0574,F
90.78,99108.27,0.0803,F
90.8,99108.26,0.0559,F
90.82,99108.27,0.0243,F
90.84,99108.27,0.0418,F
90.86,99106.58,0.0458,F
90.88,99106.4,0.0014,F
90.9,99105.47,-0.033,F
90.92,99105.38,-0.0513,F
90.94,99106.46,0.0395,F
90.96,99106.68,0.0931,F
90.98,99105.96,-0.0002,F
91.0,99105.82,-0.0834,F
91.02,99106.9,0.0189,F
91.04,99107.39,0.156,F
91.06,99107.98,0.1501,F
91.08,99108.25,-0.2415,F
91.1,99105.95,-0.5638,F
91.12,99103.03,0.0499,F
91.14,99105.67,0.2014,F
91.16,99109.02,-0.0578,F
91.18,99109.03,-0.0867,F
91.2,99115.22,-0.0291,F
91.22,99115.23,0.0159,F
91.24,99112.87,-0.0731,F
91.26,99112.87,-0.013,F
91.28,99115.03,-0.0396,F
91.3,99115.03,-0.0286,F
91.32,99110.4,-0.0259,F
91.34,99110.38,-0.0246,F
91.36,99111.93,-0.0248,F
91.38,99111.93,-0.0013,F
91.4,99102.92,-0.029,F
91.42,99102.84,-0.022,F
91.44,99109.05,-0.0163,F
91.46,99109.15,-0.0132,F
91.48,99111.94,-0.0223,F
91.5,99111.98,-0.0535,F
91.52,99110.8,-0.0309,F
91.54,99110.77,-0.0296,F
91.56,99108.28,-0.0103,F
91.58,99108.21,-0.0215,F
91.6,99112.35,-0.0254,F
91.62,99112.59,-0.0265,F
91.64,99106.46,-0.0442,F
91.66,99106.11,-0.0183,F
91.68,99116.09,-0.0061,F
91.7,99117.18,-0.0222,F
91.72,99113.47,-0.0328,F
91.74,99113.07,-0.0184,F
91.76,99111.17,-0.0312,F
91.78,99110.77,-0.0197,F
91.8,99110.42,0.0068,F
91.82,99110.26,-0.0475,F
91.84,99107.75,-0.0026,F
91.86,99104.55,-0.0032,F
91.88,99108.13,0.0094,F
91.9,99112.68,-0.0098,F
91.92,99112.69,0.0136,F
91.94,99108.59,0.0002,F
91.96,99108.53,-0.0096,F
91.98,99112.81,-0.0044,F
92.0,99112.81,-0.0329,F
92.02,99112.65,-0.0836,F
92.04,99112.65,-0.0523,F
92.06,99108.83,0.0589,F
92.08,99108.82,0.0922,F
92.1,99114.83,0.0377,F
92.12,99114.89,-0.0498,F
92.14,99114.91,-0.0699,F
92.16,99114.94,-0.0218,F
92.18,99109.54,0.0501,F
92.2,99109.45,0.0608,F
92.22,99110.12,0.0592,F
92.24,99110.12,0.0592,F
92.26,99114.11,0.1038,F
92.28,99114.18,0.0741,F
92.3,99110.26,0.1065,F
92.32,99110.14,0.1222,F
92.34,99109.52,0.0825,F
92.36,99109.45,0.1093,F
92.38,99112.34,0.1198,F
92.4,99112.49,0.1219,F
92.42,99114.25,0.1539,F
92.44,99114.35,0.1532,F
92.46,99112.73,0.1336,F
92.48,99112.55,0.1308,F
92.5,99115.5,0.1384,F
92.52,99115.81,0.1533,F
92.54,99115.81,0.1614,F
92.56,99112.99,0.1375,F
92.58,99110.41,0.1533,F
92.6,99109.87,0.1651,F
92.62,99110.18,0.1458,F
92.64,99110.25,0.1461,F
92.66,99111.57,0.1249,F
92.68,99112.13,0.0897,F
92.7,99112.92,0.1157,F
92.72,99113.91,0.0522,F
92.74,99113.91,0.0838,F
92.76,99111.07,0.0169,F
92.78,99111.07,0.062,F
92.8,99112.71,0.0613,F
92.82,99112.71,0.0269,F
92.84,99113.59,-0.0078,F
92.86,99113.59,0.0838,F
92.88,99110.32,0.0874,F
92.9,99110.31,0.1202,F
92.92,99112.73,0.0991,F
92.94,99112.74,0.0987,F
92.96,99112.04,0.0448,F
92.98,99112.04,0.0448,F
93.0,99115.7,-0.0961,F
93.02,99115.77,-0.1885,F
93.04,99109.47,-0.0556,F
93.06,99108.14,0.1225,F
93.08,99114.78,0.0305,F
93.1,99115.5,0.0766,F
93.12,99115.5,0.1034,F
93.14,99107.38,0.1356,F
93.16,99107.38,0.0976,F
93.18,99115.4,0.0943,F
93.2,99115.4,0.0889,F
93.22,99115.74,0.0981,F
93.24,99110.16,0.1048,F
93.26,99109.55,0.0985,F
93.28,99112.32,0.0616,F
93.3,99112.9,0.0416,F
93.32,99110.54,0.0457,F
93.34,99110.08,0.0497,F
93.36,99110.99,0.0568,F
93.38,99111.29,0.0555,F
93.4,99110.52,0.078,F
93.42,99110.34,0.0814,F
93.44,99110.11,0.0763,F
93.46,99112.4,0.0763,F
93.48,99112.4,0.076,F
93.5,99110.85,0.0712,F
93.52,99110.85,0.0767,F
93.54,99108.89,0.0838,F
93.56,99108.89,0.0586,F
93.58,99111.66,0.0954,F
93.6,99111.66,0.0924,F
93.62,99113.23,0.1131,F
93.64,99113.23,0.1204,F
93.66,99108.06,0.0945,F
93.68,99108.04,0.0658,F
93.7,99112.34,0.0082,F
93.72,99112.35,0.0126,F
93.74,99108.29,0.0425,F
93.76,99108.26,0.0462,F
93.78,99107.92,0.0336,F
93.8,99107.92,0.0062,F
93.82,99108.94,0.0674,F
93.84,99108.95,0.1302,F
93.86,99108.7,0.0472,F
93.88,99108.7,0.1049,F
93.9,99109.59,0.0847,F
93.92,99109.61,0.0948,F
93.94,99108.27,0.0315,F
93.96,99108.23,0.0655,F
93.98,99108.23,0.1028,F
94.0,99106.48,0.0458,F
94.02,99110.64,0.1079,F
94.04,99110.88,0.0811,F
94.06,99108.38,0.0796,F
94.08,99108.38,0.0796,F
94.1,99105.97,0.0786,F
94.12,99105.74,0.089,F
94.14,99104.0,0.0916,F
94.16,99103.64,0.0742,F
94.18,99108.03,0.0753,F
94.2,99108.95,0.0627,F
94.22,99110.99,0.0797,F
94.24,99111.91,0.0964,F
94.26,99107.87,0.0831,F
94.28,99106.04,0.0803,F
94.3,99105.7,0.0648,F
94.32,99105.28,0.0857,F
94.34,99105.17,0.0831,F
94.36,99105.04,0.0754,F
94.38,99105.04,0.0744,F
94.4,99104.96,0.103,F
94.42,99104.96,0.0789,F
94.44,99104.79,0.08,F
94.46,99104.79,0.0677,F
94.48,99108.01,0.0605,F
94.5,99108.03,0.0657,F
94.52,99110.07,0.1008,F
94.54,99110.08,0.0275,F
94.56,99113.9,0.0433,F
94.58,99113.93,0.131,F
94.6,99107.58,0.1649,F
94.62,99107.53,0.0847,F
94.64,99112.68,0.0823,F
94.66,99112.76,0.0797,F
94.68,99105.6,0.0803,F
94.7,99105.47,0.0761,F
94.72,99112.66,0.085,F
94.74,99112.88,0.0741,F
94.76,99110.13,0.0979,F
94.78,99110.04,0.0711,F
94.8,99108.19,0.0821,F
94.82,99108.09,0.0837,F
94.84,99105.52,0.0871,F
94.86,99105.38,0.0784,F
94.88,99108.25,0.0865,F
94.9,99108.56,0.0797,F
94.92,99113.06,0.0827,F
94.94,99113.54,0.0819,F
94.96,99109.28,0.0893,F
94.98,99108.38,0.0728,F
95.0,99106.3,0.0873,F
95.02,99105.87,0.087,F
95.04,99107.62,0.0599,F
95.06,99108.42,0.0823,F
95.08,99111.8,0.1021,F
95.1,99113.35,0.0736,F
95.12,99111.15,0.0793,F
95.14,99108.36,0.0771,F
95.16,99108.8,0.0931,F
95.18,99109.37,0.0884,F
95.2,99109.37,0.0808,F
95.22,99112.25,0.0817,F
95.24,99112.25,0.0822,F
95.26,99112.16,0.08,F
95.28,99112.16,0.0854,F
95.3,99111.31,0.0786,F
95.32,99111.31,0.0849,F
95.34,99110.06,0.0805,F
95.36,99110.06,0.0857,F
95.38,99110.81,0.0816,F
95.4,99110.81,0.0804,F
95.42,99115.53,0.0839,F
95.44,99115.57,0.0835,F
95.46,99111.73,0.0844,F
95.48,99111.7,0.0843,F
95.5,99105.31,0.0858,F
95.52,99105.21,0.0821,F
95.54,99110.31,0.0802,F
95.56,99110.39,0.0819,F
95.58,99110.66,0.0837,F
95.6,99110.66,0.0807,F
95.62,99107.52,0.083,F
95.64,99107.43,0.0826,F
95.66,99113.19,0.0819,F
95.68,99113.52,0.0856,F
95.7,99114.61,0.083,F
95.72,99114.67,0.0845,F
95.74,99109.92,0.0839,F
95.76,99109.41,0.0841,F
95.78,99112.44,0.0842,F
95.8,99112.76,0.0818,F
95.82,99113.51,0.0848,F
95.84,99113.67,0.0818,F
95.86,99105.94,0.0848,F
95.88,99104.3,0.0837,F
95.9,99104.75,0.0814,F
95.92,99104.95,0.0821,F
95.94,99104.46,0.0843,F
95.96,99104.23,0.0828,F
95.98,99103.39,0.0838,F
96.0,99102.33,0.0854,F
96.02,99103.42,0.0841,F
96.04,99104.8,0.0811,F
96.06,99104.8,0.0799,F
96.08,99106.15,0.0837,F
96.1,99106.15,0.0836,F
96.12,99102.09,0.083,F
96.14,99102.08,0.0831,F
96.16,99107.37,0.0832,F
96.18,99107.39,0.0835,F
96.2,99104.99,0.0818,F
96.22,99104.99,0.0812,F
96.24,99105.99,0.0825,F
96.26,99106.0,0.0832,F
96.28,99102.45,0.0852,F
96.3,99102.42,0.0824,F
96.32,99105.77,0.0859,F
96.34,99105.83,0.0782,F
96.36,99100.58,0.0814,F
96.38,99100.49,0.0816,F
96.4,99103.4,0.0794,F
96.42,99103.49,0.0787,F
96.44,99105.5,0.0811,F
96.46,99105.56,0.0797,F
96.48,99103.33,0.0787,F
96.5,99103.2,0.0782,F
96.52,99100.62,0.0823,F
96.54,99100.47,0.0819,F
96.56,99103.44,0.0795,F
96.58,99103.75,0.0811,F
96.6,99104.83,0.0804,F
96.62,99104.95,0.0815,F
96.64,99102.66,0.0834,F
96.66,99102.18,0.0762,F
96.68,99103.6,0.0771,F
96.7,99103.9,0.0778,F
96.72,99100.12,0.0839,F
96.74,99099.32,0.0797,F
96.76,99102.3,0.0802,F
96.78,99103.66,0.077,F
96.8,99095.97,0.0829,F
96.82,99094.34,0.085,F
96.84,99098.83,0.0795,F
96.86,99100.87,0.0809,F
96.88,99105.17,0.0745,F
96.9,99107.12,0.0833,F
96.92,99107.53,0.0768,F
96.94,99108.05,0.0801,F
96.96,99105.5,0.0782,F
96.98,99102.26,0.0806,F
97.0,99102.25,0.0791,F
97.02,99102.48,0.0839,F
97.04,99102.48,0.078,F
97.06,99109.16,0.0824,F
97.08,99109.17,0.0741,F
97.1,99105.56,0.0825,F
97.12,99105.55,0.0525,F
97.14,99102.46,0.0598,F
97.16,99102.45,0.098,F
97.18,99103.36,0.1114,F
97.2,99103.36,0.0739,F
97.22,99097.28,0.0783,F
97.24,99097.22,0.063,F
97.26,99101.75,0.0727,F
97.28,99101.82,0.077,F
97.3,99102.58,0.0754,F
97.32,99102.58,0.0666,F
97.34,99103.42,0.0577,F
97.36,99103.44,0.0645,F
97.38,99108.12,0.0778,F
97.4,99108.27,0.0821,F
97.42,99104.93,0.078,F
97.44,99104.74,0.0594,F
97.46,99106.72,0.0554,F
97.48,99106.83,0.085,F
97.5,99105.67,0.0856,F
97.52,99105.55,0.0765,F
97.54,99107.02,0.061,F
97.56,99107.17,0.0588,F
97.58,99108.51,0.0609,F
97.6,99108.78,0.0862,F
97.62,99110.39,0.1072,F
97.64,99110.74,0.0856,F
97.66,99107.07,0.0114,F
97.68,99105.4,-0.0011,F
97.7,99106.42,0.0157,F
97.72,99106.88,0.0516,F
97.74,99108.53,0.0841,F
97.76,99110.64,0.0616,F
97.78,99109.06,0.0787,F
97.8,99107.06,0.1062,F
97.82,99107.06,0.1296,F
97.84,99107.12,0.2178,F
97.86,99107.12,0.1915,F
97.88,99105.84,-0.0505,F
97.9,99105.84,-0.0207,F
97.92,99102.75,0.0973,F
97.94,99102.74,0.0731,F
97.96,99105.43,-0.0962,F
97.98,99105.44,-0.1318,F
98.0,99109.28,0.1179,F
98.02,99109.3,0.315,F
98.04,99106.91,0.1141,F
98.06,99106.89,-0.1993,F
98.08,99107.56,-0.1111,F
98.1,99107.56,0.0961,F
98.12,99106.18,0.2216,F
98.14,99106.16,0.1925,F
98.16,99108.53,-0.1376,F
98.18,99108.56,-0.0912,F
98.2,99108.61,-0.0165,F
98.22,99108.61,0.0306,F
98.24,99109.0,-0.0038,F
98.26,99109.0,-0.1452,F
98.28,99106.91,0.0967,F
98.3,99106.79,0.2219,F
98.32,99103.37,0.2333,F
98.34,99103.18,-0.4949,F
98.36,99106.34,0.5035,F
98.38,99106.68,0.2014,F
98.4,99102.95,0.4774,F
98.42,99102.55,0.1518,L
98.44,99104.19,0.5081,L
98.46,99104.53,-0.0033,L
98.48,99109.11,-0.183,L
98.5,99110.08,0.1819,L
98.52,99107.57,0.2435,L
98.54,99106.43,0.6098,L
98.56,99107.67,-0.6158,L
98.58,99108.22,-1.64,L
98.6,99107.97,0.1095,L
98.62,99107.65,0.3571,L
98.64,99108.6,-1.0087,L
98.66,99109.81,-0.7672,L
98.68,99109.81,-0.0841,L
98.7,99101.49,0.2418,L
98.72,99101.47,0.0539,L
98.74,99100.4,-0.4859,L
98.76,99100.4,-1.0082,L
98.78,99101.8,-0.2702,L
98.8,99101.8,0.2045,L
98.82,99106.69,-0.221,L
98.84,99106.71,-0.5291,L
98.86,99097.72,-0.3677,L
98.88,99097.64,-0.301,L
98.9,99100.02,-0.6902,L
98.92,99100.04,-0.4673,L
98.94,99098.21,-0.228,L
98.96,99098.18,-0.329,L
98.98,99101.72,-0.2827,L
99.0,99101.78,-0.2874,L
99.02,99105.45,-0.4061,L
99.04,99105.56,-0.4657,L
99.06,99098.99,-0.8723,L
99.08,99098.79,0.1039,L
99.1,99100.16,-0.322,L
99.12,99100.24,-0.5715,L
99.14,99101.61,-0.6664,L
99.16,99101.68,-0.4778,L
99.18,99102.44,-1.3802,L
99.2,99102.51,-0.2732,L
99.22,99097.03,-0.6251,L
99.24,99096.44,-0.7702,L
99.26,99101.17,-0.5098,L
99.28,99102.17,-0.3411,L
99.3,99097.99,-0.5368,L
99.32,99097.1,-0.4357,L
99.34,99095.53,-0.558,L
99.36,99095.2,-1.9887,L
99.38,99093.35,-0.6605,L
99.4,99092.51,0.4679,L
99.42,99093.95,-0.2334,L
99.44,99094.6,-0.2058,L
99.46,99096.23,-0.6419,L
99.48,99098.31,0.0853,L
99.5,99098.08,-0.7901,L
99.52,99097.78,-0.6661,L
99.54,99097.78,-0.3407,L
99.56,99097.69,-1.1181,L
99.58,99097.69,-0.3698,L
99.6,99099.02,-0.1268,L
99.62,99099.02,-0.9362,L
99.64,99098.1,-0.7234,L
99.66,99098.1,-0.5281,L
99.68,99093.38,-0.1996,L
99.7,99093.37,-0.5744,L
99.72,99094.37,-0.6231,L
99.74,99094.38,0.1237,L
99.76,99094.4,-0.2071,L
99.78,99094.4,-0.5142,L
99.8,99100.91,-0.4179,L
99.82,99101.02,0.4076,L
99.84,99099.54,-0.3149,L
99.86,99099.52,-0.8123,L
99.88,99099.3,-1.0745,L
99.9,99099.3,0.2994,L
99.92,99097.3,-0.7576,L
99.94,99097.25,0.3249,L
99.96,99102.57,0.5341,L
99.98,99102.87,-0.1743,L
100.0,99100.27,-0.4299,L
100.02,99100.13,-0.5054,L
100.04,99099.37,-0.4267,L
100.06,99099.3,-1.0012,L
100.08,99102.0,0.3846,L
100.1,99102.29,0.0659,L
100.12,99100.64,-0.571,L
100.14,99100.3,-1.109,L
100.16,99105.69,0.4301,L
100.18,99106.83,0.1193,L
100.2,99104.1,-0.4909,L
100.22,99102.86,-0.6735,L
100.24,99104.77,-0.9543,L
100.26,99105.63,-0.1583,L
100.28,99105.02,0.1042,L
100.3,99104.25,-0.7264,L
100.32,99105.83,-0.3296,L
100.34,99107.83,0.0054,L
100.36,99107.83,-0.3326,L
100.38,99100.9,0.1657,L
100.4,99100.89,-0.0259,L
100.42,99105.75,-0.6663,L
100.44,99105.76,-0.104,L
100.46,99103.31,0.289,L
100.48,99103.3,-0.2543,L
100.5,99104.63,-0.4116,L
100.52,99104.63,-0.3864,L
100.54,99102.51,-0.3793,L
100.56,99102.5,-0.2277,L
100.58,99103.48,-0.4076,L
100.6,99103.49,-0.2588,L
100.62,99103.53,0.0636,L
100.64,99103.53,-0.3243,L
100.66,99099.37,-0.8453,L
100.68,99099.3,-0.7384,L
100.7,99103.45,-0.334,L
100.72,99103.58,0.0345,L
100.74,99104.53,-0.1979,L
100.76,99104.56,-0.2494,L
100.78,99108.74,-0.0711,L
100.8,99108.98,-0.1522,L
100.82,99107.46,0.0099,L
100.84,99107.38,0.1996,L
100.86,99109.29,-0.1819,L
100.88,99109.39,-0.4705,L
100.9,99103.85,-0.0471,L
100.92,99103.25,-0.2379,L
100.94,99103.62,-0.2596,L
100.96,99103.66,-0.2189,L
100.98,99105.43,-0.2551,L
101.0,99105.8,-0.1493,L
101.02,99107.89,-0.1504,L
101.04,99108.32,-0.1485,L
101.06,99109.06,-0.1849,L
101.08,99109.39,-0.1903,L
101.1,99109.27,-0.0597,L
101.12,99109.21,-0.0626,L
101.14,99108.26,-0.0234,L
101.16,99107.06,0.0219,L
101.18,99109.19,0.0122,L
101.2,99111.88,-0.0347,L
101.22,99111.88,0.0486,L
101.24,99107.78,0.157,L
101.26,99107.77,0.1429,L
101.28,99109.88,0.1612,L
101.3,99109.88,0.0378,L
101.32,99109.7,0.1155,L
101.34,99109.7,0.1276,L
101.36,99107.99,0.0819,L
101.38,99107.99,0.0642,L
101.4,99106.53,0.0615,L
101.42,99106.52,0.0617,L
101.44,99111.79,0.0306,L
101.46,99111.83,0.0472,L
101.48,99104.98,0.1121,L
101.5,99104.86,0.24,L
101.52,99108.22,0.095,L
101.54,99108.27,-0.0026,L
101.56,99110.78,0.0573,L
101.58,99110.86,0.0342,L
101.6,99107.26,-0.0377,L
101.62,99107.16,-0.0543,L
101.64,99107.16,-0.0414,L
101.66,99107.16,-0.0906,L
101.68,99109.69,-0.0079,L
101.7,99109.83,0.0328,L
101.72,99106.91,0.1634,L
101.74,99106.6,-0.3759,L
101.76,99102.43,0.1156,L
101.78,99101.98,-0.0248,L
101.8,99106.23,-0.1503,L
101.82,99107.12,-0.2145,L
101.84,99107.83,-0.1288,L
101.86,99108.15,0.1453,L
101.88,99107.56,-0.1118,L
101.9,99106.82,-0.1527,L
101.92,99106.71,0.1491,L
101.94,99106.57,0.0638,L
101.96,99106.57,-0.1026,L
101.98,99100.31,-0.0562,L
102.0,99100.3,0.1995,L
102.02,99101.8,0.2837,L
102.04,99101.8,0.1482,L
102.06,99103.31,-0.2541,L
102.08,99103.31,-0.1514,L
102.1,99101.64,0.0841,L
102.12,99101.64,-0.0577,L
102.14,99103.74,0.0501,L
102.16,99103.75,-0.115,L
102.18,99106.59,-0.031,L
102.2,99106.61,-0.0882,L
102.22,99104.8,-0.1863,L
102.24,99104.79,-0.0994,L
102.26,99105.05,-0.1233,L
102.28,99105.05,-0.0612,L
102.3,99102.75,-0.0808,L
102.32,99102.72,-0.1102,L
102.34,99099.85,-0.1131,L
102.36,99099.76,-0.1893,L
102.38,99106.17,-0.0165,L
102.4,99106.37,0.0147,L
102.42,99103.91,-0.1418,L
102.44,99103.77,-0.0942,L
102.46,99107.52,0.2865,L
102.48,99107.73,0.2201,L
102.5,99108.31,0.0275,L
102.52,99108.37,-0.0584,L
102.54,99102.3,0.1553,L
102.56,99101.64,0.2527,L
102.58,99100.55,0.1057,L
102.6,99100.32,-0.2828,L
102.62,99103.39,-0.064,L
102.64,99104.05,-0.0147,L
102.66,99105.49,-0.0693,L
102.68,99106.15,-0.1425,L
102.7,99109.6,-0.0483,L
102.72,99111.18,-0.0146,L
102.74,99111.49,-0.122,L
102.76,99111.88,-0.0687,L
102.78,99107.71,-0.062,L
102.8,99102.4,-0.2794,L
102.82,99102.4,-0.0931,L
102.84,99106.82,0.0404,L
102.86,99106.83,0.1442,L
102.88,99103.96,0.0497,L
102.9,99103.96,-0.0731,L
102.92,99110.1,0.0224,L
102.94,99110.13,0.1121,L
102.96,99107.03,0.0006,L
102.98,99107.01,-0.1066,L
103.0,99108.04,-0.0745,L
103.02,99108.05,0.0256,L
103.04,99106.97,0.1043,L
103.06,99106.96,0.1028,L
103.08,99107.8,0.2066,L
103.1,99107.81,0.1853,L
103.12,99099.87,0.1101,L
103.14,99099.74,0.0613,L
103.16,99107.54,0.0985,L
103.18,99107.78,0.1344,L
103.2,99107.43,0.0837,L
103.22,99107.43,0.0361,L
103.24,99108.3,0.0711,L
103.26,99108.34,-0.0106,L
103.28,99108.23,-0.1044,L
103.3,99108.23,-0.0163,L
103.32,99106.73,0.045,L
103.34,99106.57,-0.0568,L
103.36,99105.8,-0.0681,L
103.38,99105.72,0.0225,L
103.4,99109.58,-0.0192,L
103.42,99110.39,-0.0026,L
103.44,99107.24,-0.0204,L
103.46,99106.57,-0.0609,L
103.48,99107.13,-0.0377,L
103.5,99107.24,-0.0379,L
103.52,99106.92,-0.0727,L
103.54,99106.77,-0.0918,L
103.56,99108.22,-0.1064,L
103.58,99108.88,-0.0925,L
103.6,99106.83,-0.0782,L
103.62,99104.23,-0.0834,L
103.64,99104.96,0.0423,L
103.66,99105.88,0.0047,L
103.68,99105.88,-0.0135,L
103.7,99110.73,-0.0272,L
103.72,99110.74,-0.0658,L
103.74,99105.55,-0.0722,L
103.76,99105.55,-0.056,L
103.78,99112.63,-0.0625,L
103.8,99112.66,-0.059,L
103.82,99115.49,-0.0361,L
103.84,99115.5,-0.084,L
103.86,99104.38,-0.0527,L
103.88,99104.28,-0.08,L
103.9,99102.82,-0.0345,L
103.92,99102.81,0.0294,L
103.94,99108.4,-0.0519,L
103.96,99108.49,-0.0142,L
103.98,99106.27,-0.0247,L
104.0,99106.23,-0.0791,L
104.02,99103.2,-0.0425,L
104.04,99103.11,-0.0113,L
104.06,99105.94,-0.0355,L
104.08,99106.02,-0.0353,L
104.1,99106.99,0.0009,L
104.12,99107.05,0.0277,L
104.14,99111.28,0.0183,L
104.16,99111.52,0.0093,L
104.18,99105.07,0.0047,L
104.2,99104.38,0.0083,L
104.22,99102.52,0.0228,L
104.24,99102.33,0.0241,L
104.26,99105.54,0.0535,L
104.28,99106.22,0.074,L
104.3,99108.6,0.1533,L
104.32,99109.1,0.1617,L
104.34,99108.7,0.1786,L
104.36,99108.53,0.2106,L
104.38,99107.21,0.1877,L
104.4,99106.62,0.1816,L
104.42,99107.45,0.1438,L
104.44,99108.49,0.0518,L
104.46,99108.61,0.0266,L
104.48,99108.76,0.0497,L
104.5,99108.76,0.1713,L
104.52,99106.11,0.1554,L
104.54,99106.11,0.1536,L
104.56,99109.75,0.1281,L
104.58,99109.76,0.1546,L
104.6,99106.73,0.1078,L
104.62,99106.72,0.0783,L
104.64,99102.32,0.1643,L
104.66,99102.3,0.1168,L
104.68,99106.09,0.1244,L
104.7,99106.12,0.1804,L
104.72,99107.89,0.163,L
104.74,99107.9,0.0237,L
104.76,99111.44,-0.0051,L
104.78,99111.49,0.1253,L
104.8,99105.79,0.1466,L
104.82,99105.69,-0.2522,L
104.84,99109.76,-0.1197,L
104.86,99109.88,-0.0264,L
104.88,99105.82,0.0583,L
104.9,99105.69,0.1022,L
104.92,99105.99,-0.028,L
104.94,99106.0,0.1273,L
104.96,99107.57,-0.0477,L
104.98,99107.66,-0.0601,L
105.0,99108.61,0.2056,L
105.02,99108.66,0.2706,L
105.04,99103.63,0.1258,L
105.06,99103.08,-0.0026,L
105.08,99100.74,0.2033,L
105.1,99100.49,0.2745,L
105.12,99102.22,0.0983,L
105.14,99102.58,0.0439,L
105.16,99104.68,0.2068,L
105.18,99105.12,-0.033,L
105.2,99103.62,-0.0146,L
105.22,99102.94,0.1248,L
105.24,99104.88,-0.0378,L
105.26,99105.76,-1.0653,L
105.28,99105.43,0.0136,L
105.3,99105.01,0.1467,L
105.32,99107.2,-0.2964,L
105.34,99109.98,-0.4329,L
105.36,99109.98,-0.2882,L
105.38,99103.88,0.0828,L
105.4,99103.86,-0.027,L
105.42,99102.33,-0.1854,L
105.44,99102.33,-0.4039,L
105.46,99101.64,-0.2292,L
105.48,99101.64,-0.294,L
105.5,99098.53,-0.4757,L
105.52,99098.52,-0.931,L
105.54,99096.28,-0.2545,L
105.56,99096.27,-0.122,L
105.58,99097.16,-0.7151,L
105.6,99097.16,-0.5969,L
105.62,99097.65,-0.1657,L
105.64,99097.65,-0.2841,L
105.66,99100.34,-0.424,L
105.68,99100.38,-0.3454,L
105.7,99094.97,-0.3708,L
105.72,99094.81,-0.4739,L
105.74,99090.7,-0.8952,L
105.76,99090.58,-0.026,L
105.78,99090.95,-0.6745,L
105.8,99090.96,-0.7963,L
105.82,99096.53,-0.578,L
105.84,99096.84,-0.2676,L
105.86,99089.3,-0.3941,L
105.88,99088.48,-0.6052,L
105.9,99090.35,-0.5273,L
105.92,99090.55,-0.4604,L
105.94,99092.63,-0.7583,L
105.96,99093.06,-1.959,L
105.98,99089.75,0.1627,L
106.0,99089.04,-0.3893,L
106.02,99090.86,-0.9658,L
106.04,99091.69,-1.1238,L
106.06,99096.89,-0.8661,L
106.08,99099.26,-0.5077,L
106.1,99094.54,-1.0854,L
106.12,99088.54,-1.4108,L
106.14,99089.34,-1.5645,L
106.16,99090.35,-1.4709,L
106.18,99090.35,-0.6565,L
106.2,99100.14,-0.7133,L
106.22,99100.16,-0.889,L
106.24,99098.42,-0.8785,L
106.26,99098.42,-0.9624,L
106.28,99091.25,-0.8698,L
106.3,99091.22,-0.5959,L
106.32,99097.69,-0.7917,L
106.34,99097.72,-0.1777,L
106.36,99097.15,-0.3311,L
106.38,99097.15,-0.6619,L
106.4,99100.12,-0.0861,L
106.42,99100.14,0.1605,L
106.44,99100.97,-0.1221,L
106.46,99100.97,-0.3956,L
106.48,99102.7,-0.4766,L
106.5,99102.73,-0.2471,L
106.52,99100.01,-0.4564,L
106.54,99099.93,-0.2832,L
106.56,99106.5,-0.0715,L
106.58,99106.88,-0.0891,L
106.6,99105.02,-0.1964,L
106.62,99104.91,-0.4716,L
106.64,99105.99,0.1405,L
106.66,99106.1,0.313,L
106.68,99100.38,0.111,L
106.7,99099.76,-0.0196,L
106.72,99106.36,-0.119,L
106.74,99107.76,-0.3931,L
106.76,99106.17,-0.1703,L
106.78,99105.84,0.1927,L
106.8,99107.46,0.1455,L
106.82,99108.2,0.0813,L
106.84,99105.62,0.0857,L
106.86,99104.45,-0.0066,L
106.88,99104.02,-0.3198,L
106.9,99103.47,-0.3699,L
106.92,99104.78,-0.1676,L
106.94,99106.44,-0.235,L
106.96,99106.44,-0.1533,L
106.98,99103.28,-0.1294,L
107.0,99103.28,-0.1897,L
107.02,99105.17,-0.0659,L
107.04,99105.17,-0.0635,L
107.06,99107.7,0.0309,L
107.08,99107.71,0.099,L
107.1,99103.03,-0.0265,L
107.12,99103.01,-0.014,L
107.14,99105.64,-0.0339,L
107.16,99105.66,-0.0648,L
107.18,99106.05,-0.0172,L
107.2,99106.05,-0.0598,L
107.22,99105.46,0.0668,L
107.24,99105.45,0.1261,L
107.26,99106.29,0.1094,L
107.28,99106.29,0.2333,L
107.3,99109.06,0.2581,L
107.32,99109.15,0.1885,L
107.34,99106.2,0.1437,L
107.36,99106.11,0.0176,L
107.38,99111.43,0.0208,L
107.4,99111.74,0.1396,L
107.42,99109.44,0.1201,L
107.44,99109.31,0.0172,L
107.46,99104.41,-0.1442,L
107.48,99103.89,-0.0823,L
107.5,99104.94,-0.0591,L
107.52,99105.05,-0.1206,L
107.54,99105.66,-0.0358,L
107.56,99105.78,0.0426,L
107.58,99107.17,0.1016,L
107.6,99107.46,0.1158,L
107.62,99107.84,0.0203,L
107.64,99108.0,0.0713,L
107.66,99104.33,0.0854,L
107.68,99102.67,-0.045,L
107.7,99105.57,-0.1394,L
107.72,99109.27,-0.2342,L
107.74,99108.02,-0.6318,L
107.76,99106.43,-0.2465,L
107.78,99106.43,-0.1357,L
107.8,99107.9,0.0167,L
107.82,99107.9,-0.4597,L
107.84,99111.34,-0.0856,L
107.86,99111.35,0.0803,L
107.88,99110.38,0.0572,L
107.9,99110.38,-0.0233,L
107.92,99102.0,-0.0624,L
107.94,99101.96,-0.034,L
107.96,99106.48,0.149,L
107.98,99106.51,-0.0039,L
108.0,99102.22,-0.1321,L
108.02,99102.18,0.1794,L
108.04,99109.69,0.1105,L
108.06,99109.76,-0.1744,L
108.08,99106.41,-0.0569,L
108.1,99106.35,0.1955,L
108.12,99109.08,0.2015,L
108.14,99109.12,0.0105,L
108.16,99111.12,-0.1535,L
108.18,99111.18,0.2102,L
108.2,99110.45,0.2694,L
108.22,99110.43,0.2589,L
108.24,99113.49,0.1591,L
108.26,99113.67,0.0527,L
108.28,99108.62,0.0635,L
108.3,99108.33,-0.0668,L
108.32,99107.56,0.1205,L
108.34,99107.48,0.0355,L
108.36,99104.59,-0.137,L
108.38,99104.28,-0.0591,L
108.4,99104.32,0.0072,L
