t_ms,basinc_pa,sicaklik_c,ax_g,ay_g,az_g,durum
0,101250,22.05,-0.01,-0.01,0.98,0
40,101251,21.99,-0.01,0.01,1.01,0
80,101249,22.00,-0.01,-0.03,0.99,0
120,101247,22.02,0.01,-0.04,0.96,0
160,101249,22.02,-0.01,-0.00,0.99,0
200,101247,22.04,-0.02,-0.01,1.01,0
240,101250,22.02,-0.01,0.01,1.00,0
280,101254,21.97,0.01,0.01,1.00,0
320,101248,22.06,-0.01,0.01,1.00,0
360,101248,21.97,-0.01,0.01,0.99,0
400,101252,22.00,-0.01,-0.01,1.01,0
440,101251,22.13,0.02,0.01,1.01,0
480,101250,22.01,-0.01,-0.01,1.02,0
520,101247,22.01,-0.01,-0.01,1.00,0
560,101250,22.00,0.00,0.00,1.02,0
800,101244,22.06,-0.01,0.01,1.01,0
840,101249,21.93,-0.01,-0.01,1.01,0
880,101246,22.09,-0.01,-0.01,1.00,0
920,101251,22.03,0.01,0.01,1.01,0
960,101250,22.10,0.01,-0.00,0.99,0
1000,101249,22.01,0.01,0.01,1.02,0
1040,101242,22.04,-0.00,0.00,1.02,0
1080,101248,22.07,0.00,-0.01,1.01,0
1120,101250,22.08,-0.01,0.02,0.99,0
1160,101250,22.10,-0.00,0.00,0.99,0
1200,101245,22.03,0.01,-0.00,1.00,0
1240,101248,22.11,0.01,0.00,1.00,0
1280,101247,22.15,-0.00,0.00,1.01,0
1320,101247,22.00,-0.02,0.00,1.01,0
1360,101253,22.08,-0.01,-0.01,1.01,0
1400,101247,22.06,-0.02,0.01,1.00,0
1440,101250,22.09,0.01,0.02,1.01,0
1480,101253,22.07,-0.02,0.00,1.00,0
1520,101248,22.14,0.02,0.01,1.02,0
1560,101249,22.07,-0.00,-0.01,1.00,0
1600,101250,22.09,0.01,-0.01,1.01,0
1640,101250,22.20,-0.02,-0.00,1.00,0
1680,101246,22.13,0.02,0.01,1.00,0
1720,101250,22.04,-0.00,-0.00,1.00,0
1760,101254,22.04,0.02,-0.01,1.01,0
1800,101245,22.10,-0.01,0.00,1.00,0
1840,101252,22.08,0.01,-0.01,1.04,0
1880,101250,22.15,-0.01,-0.03,1.02,0
1920,101248,22.11,0.00,-0.01,0.98,0
1960,101256,22.01,0.03,0.02,0.99,0
2000,101252,22.19,-0.02,0.01,1.01,0
2040,101246,22.06,-0.01,-0.01,1.00,0
2080,101250,22.17,0.01,0.01,1.02,0
2120,101252,22.02,0.02,-0.00,0.98,0
2160,101249,22.09,-0.01,0.00,1.00,0
2200,101252,21.99,0.02,0.02,0.98,0
2240,101249,22.18,0.02,0.01,1.02,0
2280,101252,22.04,0.01,-0.01,1.04,0
2320,101254,22.07,-0.01,0.01,1.01,0
2360,101247,22.12,0.00,0.01,1.03,0
2400,101250,22.08,-0.01,-0.01,1.00,0
2440,101248,22.12,-0.02,0.00,0.98,0
2480,101250,22.11,-0.00,-0.00,1.02,0
2520,101246,22.21,0.01,0.02,1.00,0
2560,101248,22.20,-0.00,0.00,1.00,0
2600,101249,22.06,-0.01,-0.00,1.01,0
2640,101252,22.12,-0.01,-0.01,1.00,0
2680,101253,22.07,-0.01,-0.00,1.00,0
2720,101245,22.09,-0.02,0.00,1.01,0
2760,101247,22.12,-0.00,-0.03,1.01,0
2800,101252,22.08,0.01,-0.01,1.00,0
2840,101243,22.13,-0.02,0.03,0.98,0
2880,101248,22.15,-0.01,-0.00,1.02,0
2920,101249,22.05,-0.00,0.01,1.00,0
2960,101254,22.17,-0.01,-0.02,0.98,0
3000,101252,22.13,0.01,0.00,1.02,0
3040,101249,22.16,0.00,0.00,0.97,0
3080,101248,22.18,-0.01,-0.00,1.04,0
3120,101249,22.09,0.00,0.00,1.00,0
3160,101254,22.16,-0.01,0.02,0.97,0
3200,101248,22.11,0.02,0.01,0.99,0
3240,101249,22.12,-0.00,0.03,1.01,0
3280,101251,22.11,0.00,-0.01,1.02,0
3320,101249,22.18,0.02,0.00,1.03,0
3360,101249,22.19,0.00,-0.01,0.99,0
3400,101246,22.19,-0.01,0.03,1.00,0
3440,101249,22.13,0.01,-0.01,1.01,0
3480,101248,22.17,-0.01,0.02,1.00,0
3520,101253,22.23,-0.00,-0.02,0.98,0
3560,101252,22.15,-0.00,0.00,1.01,0
3600,101249,22.12,0.00,-0.01,0.99,0
3640,101252,22.31,0.02,-0.00,1.03,0
3680,101248,22.25,0.01,0.02,1.00,0
3720,101253,22.18,-0.01,0.01,0.98,0
3760,101249,22.16,0.01,-0.01,1.01,0
3800,101251,22.28,-0.01,0.02,0.99,0
3840,101245,22.14,0.00,0.01,0.99,0
3880,101251,22.16,-0.01,-0.01,1.00,0
3920,101244,22.16,-0.00,0.00,0.99,0
3960,101243,22.25,-0.01,-0.01,1.03,0
4000,101248,22.27,0.00,0.01,1.01,0
4040,101247,22.17,0.01,0.00,1.02,0
4080,101250,22.11,0.01,0.00,0.99,0
4120,101257,22.18,-0.00,-0.02,0.99,0
4160,101247,22.24,-0.02,-0.00,0.96,0
4200,101247,22.18,0.00,-0.00,1.00,0
4240,101250,22.15,0.01,-0.01,1.01,0
4280,101251,22.22,-0.00,0.02,0.99,0
4320,101249,22.26,0.00,0.00,1.02,0
4360,101249,22.24,-0.00,-0.00,1.00,0
4400,101252,22.22,-0.00,-0.01,0.96,0
4440,101251,22.21,-0.00,0.01,1.01,0
4480,101246,22.28,0.02,-0.00,0.99,0
4520,101249,22.26,-0.01,-0.00,1.02,0
4560,101249,22.25,0.01,-0.02,1.00,0
4600,101246,22.28,-0.02,0.00,1.01,0
4640,101250,22.11,0.02,-0.01,1.00,0
4680,101247,22.32,-0.02,0.01,0.99,0
4720,101252,22.24,-0.01,0.02,0.98,0
4760,101250,22.25,0.01,-0.00,1.00,0
4800,101250,22.22,0.01,0.01,1.00,0
4840,101247,22.18,0.00,0.01,1.00,0
4880,101249,22.31,-0.02,0.03,1.00,0
4920,101243,22.19,-0.02,0.01,1.01,0
4960,101246,22.23,-0.00,0.00,0.99,0
5000,101250,22.30,0.01,-0.00,0.98,0
5040,101242,22.32,-0.01,-0.01,1.02,0
5080,101252,22.28,-0.02,-0.02,0.99,0
5120,101244,22.19,-0.00,0.03,1.04,0
5160,101252,22.25,0.01,0.01,1.00,0
5200,101247,22.18,0.01,-0.00,1.01,0
5240,101252,22.29,-0.01,0.02,1.00,0
5280,101250,22.27,-0.01,0.01,1.02,0
5320,101244,22.23,0.01,-0.01,0.98,0
5360,101253,22.25,0.01,0.01,1.02,0
5400,101254,22.23,-0.00,0.00,1.01,0
5440,101249,22.26,-0.01,-0.02,1.02,0
5480,101248,22.32,-0.01,0.02,1.00,0
5520,101249,22.30,0.02,-0.01,0.99,0
5560,101246,22.19,0.00,0.01,1.01,0
5560,101246,22.19,0.00,0.01,1.01,0
5600,101253,22.31,0.00,0.01,0.98,0
5640,101247,22.30,0.01,-0.00,1.03,0
5680,101249,22.30,0.02,0.01,1.00,0
5720,101247,22.38,0.01,0.00,1.00,0
5760,101247,22.23,-0.00,-0.00,1.00,0
5800,101245,22.26,0.01,-0.00,0.98,0
5840,101253,22.26,-0.01,-0.02,1.00,0
5880,101249,22.34,-0.01,-0.02,1.00,0
5920,101252,22.44,-0.01,0.00,0.99,0
5960,101249,22.34,0.02,-0.00,1.02,0
6000,101247,22.24,0.00,-0.02,1.00,0
6040,101248,22.27,0.00,-0.01,1.00,0
6080,101247,22.31,-0.01,-0.01,0.98,0
6120,101249,22.28,0.01,-0.00,1.00,0
6160,101248,22.37,-0.00,0.00,1.01,0
6200,101248,22.33,0.00,0.00,1.03,0
6240,101245,22.30,-0.00,0.01,1.02,0
6280,101246,22.38,0.00,0.01,1.01,0
6320,101254,22.32,0.01,0.01,1.00,0
6360,101247,22.40,-0.00,0.02,1.03,0
6400,101246,22.42,0.00,-0.00,0.98,0
6440,101250,22.31,0.03,-0.02,0.98,0
6480,101254,22.36,0.01,-0.02,1.00,0
6520,101244,22.34,-0.02,0.01,0.98,0
6560,101248,22.38,0.00,-0.01,0.98,0
6600,101247,22.31,-0.00,-0.00,0.99,0
6640,101243,22.32,0.01,-0.01,1.00,0
6680,101251,22.35,0.00,0.01,1.02,0
6720,101249,22.31,0.00,-0.04,1.00,0
6760,101249,22.37,-0.01,0.02,0.97,0
6800,101247,22.40,-0.01,-0.01,0.99,0
6840,101250,22.32,-0.01,-0.02,0.99,0
6880,101247,22.39,0.01,0.02,0.99,0
6920,101249,22.32,-0.00,0.00,1.01,0
6960,101245,22.43,0.01,0.00,1.02,0
7000,101245,22.30,-0.02,0.01,1.00,0
7040,101253,22.35,0.01,-0.00,1.00,0
7080,101247,22.37,0.01,0.01,1.00,0
7120,101250,22.36,-0.03,0.01,0.98,0
7160,101249,22.35,0.03,-0.00,0.98,0
7200,101248,22.43,-0.01,-0.00,1.00,0
7240,101247,22.39,0.01,-0.00,1.02,0
7280,101251,22.31,0.01,-0.01,1.01,0
7320,101248,22.33,-0.01,0.02,0.98,0
7360,101248,22.30,0.01,-0.00,0.99,0
7400,101249,22.36,0.03,-0.01,1.00,0
7440,101253,22.37,-0.01,-0.00,1.01,0
7480,101251,22.32,0.01,-0.01,1.00,0
7520,101250,22.39,0.04,-0.02,1.00,0
7560,101247,22.50,-0.01,0.01,1.00,0
7600,101244,22.30,0.00,-0.01,1.00,0
7640,101252,22.30,0.01,-0.03,1.00,0
7680,101252,22.44,0.01,-0.00,1.00,0
7720,101248,22.36,0.03,-0.00,1.00,0
7760,101251,22.34,-0.01,0.01,0.99,0
7800,101251,22.34,-0.01,-0.00,1.00,0
7840,101252,22.36,-0.00,-0.01,1.02,0
7880,101252,22.39,-0.00,0.00,1.00,0
7920,101247,22.31,-0.00,0.02,1.01,0
7960,101254,22.45,-0.01,-0.02,0.99,0
8000,101245,22.46,-0.01,-0.01,1.02,0
8040,101252,22.38,-0.00,0.00,1.00,0
8080,101250,22.38,0.00,-0.01,1.00,0
8120,101252,22.43,-0.01,-0.00,0.98,0
8160,101255,22.44,0.01,0.01,1.02,0
8200,101254,22.45,0.01,-0.01,1.01,0
8240,101245,22.36,0.03,0.00,1.01,0
8280,101243,22.34,0.01,0.01,0.98,0
8320,101251,22.38,-0.01,-0.01,1.02,0
8360,101246,22.52,-0.01,0.01,1.00,0
8400,101249,22.48,-0.03,-0.01,1.02,0
8440,101251,22.37,0.01,-0.01,1.02,0
8480,101244,22.44,-0.01,-0.01,1.00,0
8520,101242,22.47,-0.00,-0.01,1.05,0
8560,101250,22.34,-0.00,0.01,0.98,0
8600,101249,22.42,-0.01,-0.02,1.01,0
8640,101248,22.36,-0.01,0.01,0.98,0
8680,101249,22.45,0.01,0.01,1.01,0
8720,101246,22.41,-0.02,0.00,1.01,0
8760,101244,22.40,-0.01,0.01,0.98,0
8800,101248,22.45,-0.01,-0.02,1.02,0
8840,101246,22.46,0.01,-0.02,1.00,0
8880,101243,22.45,-0.01,0.02,0.97,0
8920,101250,22.47,-0.02,-0.02,0.98,0
8960,101249,22.46,-0.01,-0.01,0.99,0
9000,101250,22.36,-0.01,-0.01,0.99,0
9040,101246,22.42,-0.03,-0.01,1.02,0
9080,101247,22.42,-0.00,-0.01,0.99,0
9120,101245,22.44,-0.02,-0.00,0.97,0
9160,101246,22.46,-0.02,0.01,1.01,0
9200,101249,22.36,0.01,-0.01,1.02,0
9240,101246,22.42,-0.00,-0.00,1.02,0
9280,101250,22.35,0.01,-0.00,0.99,0
9320,101250,22.44,0.01,0.01,1.02,0
9360,101255,22.42,-0.02,-0.01,1.00,0
9400,101244,22.43,0.01,0.03,1.00,0
9440,101251,22.37,0.01,-0.01,1.00,0
9480,101248,22.50,0.00,-0.00,1.00,0
9520,101249,22.50,0.01,0.02,0.95,0
9560,101244,22.42,-0.01,0.01,1.00,0
9600,101247,22.50,-0.02,-0.00,1.01,0
9640,101251,22.46,-0.01,0.00,1.02,0
9680,101248,22.36,0.02,0.00,0.99,0
9720,101249,22.50,-0.00,0.01,0.99,0
9760,101248,22.52,-0.01,0.00,1.01,0
9800,101252,22.47,0.01,-0.01,1.01,0
9840,101249,22.45,-0.01,-0.00,1.00,0
9880,101242,22.43,0.01,-0.00,1.01,0
9920,101246,22.40,-0.02,-0.00,0.98,0
9960,101242,22.47,0.01,0.01,1.02,0
10000,101238,22.52,-0.01,0.01,0.99,0
10040,101247,22.51,-0.01,0.01,1.00,0
10080,101253,22.47,-0.02,0.00,0.99,0
10120,101249,22.50,-0.01,-0.01,1.01,0
10160,101245,22.56,-0.02,-0.00,1.00,0
10200,101246,22.48,-0.01,0.02,0.99,0
10240,101252,22.51,-0.01,-0.00,0.96,0
10280,101249,22.54,-0.00,-0.01,1.02,0
10320,101249,22.48,-0.01,-0.01,1.01,0
10360,101248,22.50,-0.00,-0.02,0.98,0
10400,101249,22.52,-0.00,-0.03,0.99,0
10440,101251,22.51,0.03,-0.01,0.97,0
10480,101250,22.54,-0.01,-0.02,1.01,0
10520,101249,22.49,-0.01,-0.02,1.00,0
10560,101245,22.51,-0.02,0.01,0.98,0
10600,101250,22.58,0.00,-0.00,1.00,0
10640,101246,22.48,-0.00,0.02,0.99,0
10680,101252,22.55,-0.01,-0.00,1.01,0
10720,101244,22.46,0.00,-0.03,0.98,0
10760,101248,22.50,0.01,0.01,0.98,0
10800,101248,22.51,0.00,-0.02,1.00,0
10840,101244,22.59,0.01,-0.01,0.99,0
10880,101254,22.48,-0.01,-0.00,1.01,0
10920,101253,22.53,-0.01,0.01,1.01,0
10960,101247,22.50,-0.00,-0.00,0.97,0
11000,101251,22.54,0.01,0.02,1.00,0
11040,101250,22.52,-0.00,0.01,1.01,0
11080,101240,22.49,0.00,0.01,0.97,0
11120,101249,22.60,-0.00,0.01,1.00,0
11160,101248,22.52,-0.00,0.00,1.01,0
11200,101249,22.52,-0.01,-0.01,0.98,0
11240,101245,22.58,-0.01,0.02,1.00,0
11280,101248,22.54,0.01,-0.01,0.99,0
11320,101248,22.58,0.01,-0.01,1.04,0
11360,101252,22.57,-0.02,-0.00,1.01,0
11400,101249,22.56,0.01,0.03,1.01,0
11440,101248,22.65,0.01,-0.01,1.02,0
11480,101253,22.52,0.01,0.01,0.99,0
11520,101247,22.52,-0.00,0.00,1.02,0
11560,101247,22.56,0.02,0.01,0.99,0
11600,101243,22.53,0.00,-0.01,1.00,0
11640,101253,22.60,0.00,0.01,0.99,0
11680,101251,22.52,-0.02,-0.02,0.99,0
11720,101251,22.57,-0.00,-0.00,1.03,0
11760,101250,22.51,-0.00,-0.01,0.99,0
11800,101249,22.64,-0.00,0.01,0.98,0
11840,101249,22.67,0.03,-0.01,1.00,0
11880,101247,22.57,0.01,-0.02,1.01,0
11920,101248,22.61,-0.01,-0.03,0.99,0
11960,101248,22.56,0.01,-0.01,0.98,0
12000,101253,22.61,0.00,0.01,1.00,0
12040,101250,22.63,0.01,-0.02,1.00,0
12080,101248,22.62,0.00,0.02,0.99,0
12120,101246,22.62,-0.01,-0.00,0.99,0
12160,101246,22.54,-0.02,0.00,1.01,0
12200,101253,22.56,-0.02,-0.01,1.01,0
12240,101250,22.53,0.01,-0.02,1.00,0
12280,101248,22.63,0.01,-0.01,0.99,0
12320,101247,22.52,0.01,-0.00,0.99,0
12360,101245,22.58,0.00,0.00,1.02,0
12400,101248,22.49,0.01,-0.01,1.00,0
12440,101251,22.58,-0.00,0.01,1.00,0
12480,101247,22.53,-0.00,-0.00,1.01,0
12520,101247,22.61,-0.00,0.01,0.98,0
12560,101247,22.72,-0.01,-0.01,1.01,0
12600,101249,22.66,0.01,0.02,1.01,0
12640,101243,22.61,0.00,-0.00,0.99,0
12680,101247,22.69,0.02,0.00,1.00,0
12720,101245,22.59,-0.02,-0.01,0.99,0
12760,101251,22.61,-0.01,-0.02,1.01,0
12800,101246,22.70,-0.03,-0.00,1.01,0
12840,101250,22.56,-0.02,0.00,1.00,0
12880,101253,22.59,0.02,0.02,1.01,0
12920,101247,22.62,-0.00,0.01,1.00,0
12960,101246,22.70,0.02,-0.01,1.01,0
13000,101249,22.71,0.01,-0.01,1.00,0
13040,101248,22.61,0.00,0.00,1.00,0
13080,101245,22.68,0.02,-0.01,0.98,0
13120,101250,22.65,0.00,0.01,0.99,0
13160,101255,22.65,-0.01,0.01,1.03,0
13200,101247,22.59,-0.03,-0.01,0.99,0
13240,101247,22.65,0.00,0.01,1.04,0
13280,101245,22.62,-0.00,0.01,0.97,0
13320,101249,22.68,-0.01,-0.02,0.99,0
13360,101244,22.67,0.01,0.02,1.01,0
13400,101245,22.61,0.01,-0.00,1.04,0
13440,101252,22.55,0.02,0.01,1.01,0
13480,101245,22.65,-0.01,-0.01,0.98,0
13520,101252,22.76,0.01,0.01,1.01,0
13560,101253,22.56,-0.00,0.00,1.02,0
13600,101249,22.61,0.00,-0.00,1.00,0
13640,101250,22.62,0.01,0.00,0.97,0
13680,101254,22.72,0.03,-0.01,1.02,0
13720,101247,22.62,-0.01,0.02,1.00,0
13760,101246,22.74,0.00,0.01,1.00,0
13800,101244,22.74,0.02,0.01,0.99,0
13840,101248,22.65,-0.01,0.01,1.01,0
13880,101253,22.64,0.01,-0.01,1.03,0
13920,101251,22.72,0.02,-0.01,0.99,0
13960,101245,22.59,0.01,-0.01,1.02,0
14000,101245,22.69,0.01,-0.01,0.99,0
14040,101246,22.69,0.01,-0.01,1.01,0
14080,101249,22.64,0.01,-0.00,1.00,0
14120,101247,22.71,0.02,-0.00,1.02,0
14160,101249,22.64,0.01,-0.01,1.01,0
14200,101249,22.64,0.00,0.01,0.99,0
14240,101247,22.60,-0.00,0.01,1.01,0
14280,101248,22.65,0.01,-0.00,1.01,0
14320,101249,22.65,0.01,0.02,0.99,0
14360,101248,22.68,0.01,0.01,1.01,0
14400,101250,22.69,-0.02,0.00,0.98,0
14440,101254,22.70,-0.03,0.02,1.03,0
14480,101250,22.72,-0.01,-0.00,1.02,0
14520,101248,22.74,-0.01,0.02,1.01,0
14560,101243,22.73,-0.00,0.00,0.99,0
14600,101249,22.72,-0.01,0.02,1.00,0
14640,101242,22.72,0.01,0.01,0.98,0
14680,101243,22.77,0.00,-0.01,0.99,0
14720,101251,22.68,-0.01,0.00,0.99,0
14760,101250,22.72,0.00,-0.01,1.03,0
14800,101247,22.71,0.01,0.00,1.00,0
14840,101242,22.75,0.02,0.00,0.99,0
14880,101247,22.75,-0.02,0.00,1.00,0
14920,101246,22.74,-0.02,-0.00,0.99,0
14960,101250,22.70,0.01,-0.00,0.99,0
15000,101255,22.78,0.00,-0.02,0.99,0
15040,101249,22.75,0.01,0.00,1.01,0
15080,101245,22.68,-0.00,-0.01,0.99,0
15120,101244,22.68,-0.01,-0.00,1.00,0
15160,101248,22.69,0.01,-0.00,1.02,0
15200,101247,22.78,-0.01,0.01,0.98,0
15240,101244,22.80,0.00,-0.01,0.97,0
15280,101248,22.71,-0.02,0.01,0.98,0
15320,101244,22.72,0.01,0.00,1.00,0
15360,101251,22.72,0.01,-0.01,1.01,0
15400,101251,22.68,0.00,-0.01,1.00,0
15440,101251,22.77,0.01,-0.02,0.99,0
15480,101246,22.69,0.01,-0.01,1.01,0
15520,101249,22.72,-0.02,0.00,0.98,0
15560,101247,22.78,0.01,0.02,0.98,0
15600,101247,22.82,0.01,-0.02,1.03,0
15640,101247,22.83,-0.01,0.00,0.98,0
15680,101244,22.74,0.00,0.01,0.99,0
15720,101243,22.75,-0.01,0.00,1.01,0
15760,101250,22.76,0.01,0.01,1.01,0
15800,101247,22.81,-0.01,-0.00,0.97,0
15840,101248,22.76,-0.01,0.01,0.99,0
15880,101251,22.73,-0.00,-0.00,1.01,0
15920,101242,22.72,-0.02,-0.02,1.02,0
15960,101245,22.70,-0.01,-0.01,1.01,0
16000,101248,22.74,0.01,-0.01,1.00,0
16040,101249,22.80,0.01,-0.01,0.99,0
16080,101247,22.76,-0.02,0.01,1.01,0
16120,101251,22.80,-0.02,0.00,1.01,0
16160,101248,22.82,-0.01,0.01,1.03,0
16200,101244,22.75,-0.00,-0.00,0.98,0
16240,101245,22.76,0.02,-0.01,1.00,0
16280,101250,22.84,0.01,0.00,0.99,0
16320,101249,22.77,0.00,0.01,1.00,0
16360,101242,22.83,-0.02,0.01,0.99,0
16400,101252,22.78,-0.01,0.01,1.00,0
16440,101250,22.82,-0.01,0.00,1.02,0
16480,101252,22.84,-0.00,0.00,0.99,0
16520,101246,22.78,0.00,0.01,1.01,0
16560,101247,22.86,0.02,-0.01,1.00,0
16600,101244,22.77,-0.02,-0.01,0.99,0
16640,101256,22.88,0.00,-0.00,1.00,0
16680,101247,22.76,0.00,-0.00,0.98,0
16720,101253,22.77,0.04,0.01,1.00,0
16760,101246,22.83,-0.01,0.00,1.01,0
16800,101248,22.72,-0.01,-0.00,1.00,0
16840,101242,22.78,0.00,0.01,1.01,0
16880,101246,22.86,0.01,-0.01,1.00,0
16920,101251,22.79,0.01,-0.00,1.00,0
16960,101244,22.89,-0.00,-0.02,1.00,0
17000,101251,22.83,-0.01,0.00,1.02,0
17040,101249,22.79,-0.00,-0.01,1.01,0
17080,101244,22.81,-0.01,-0.00,1.03,0
17120,101246,22.73,-0.02,0.00,0.98,0
17160,101246,22.91,-0.02,-0.02,0.99,0
17200,101247,22.87,0.01,0.01,1.00,0
17240,101246,22.89,-0.02,0.00,1.02,0
17280,101245,22.77,0.00,0.01,1.02,0
17320,101247,22.82,0.02,0.01,1.02,0
17360,101244,22.78,-0.01,-0.01,1.03,0
17400,101243,22.72,-0.02,0.01,1.00,0
17440,101247,22.69,-0.00,-0.00,1.02,0
17480,101250,22.74,-0.01,0.01,1.01,0
17520,101243,22.79,-0.00,-0.02,1.02,0
17560,101248,22.82,0.02,0.01,0.99,0
17600,101245,22.83,0.01,0.01,1.02,0
17640,101244,22.90,0.00,0.01,0.99,0
17680,101250,22.81,0.01,0.00,0.98,0
17720,101246,22.84,-0.01,-0.01,1.02,0
17760,101252,22.80,-0.01,0.01,1.00,0
17800,101245,22.86,-0.02,0.00,1.00,0
17840,101249,22.81,-0.01,-0.00,1.01,0
17880,101247,22.94,0.00,0.02,1.00,0
17920,101245,22.78,0.00,0.02,1.02,0
17960,101249,22.81,0.03,-0.01,0.99,0
18000,101247,22.83,0.02,0.01,1.01,0
18040,101249,22.75,-0.00,-0.00,1.01,0
18080,101247,22.84,0.01,-0.01,0.98,0
18120,101244,22.78,0.02,0.01,0.99,0
18160,101247,22.92,-0.00,-0.00,0.98,0
18200,101248,22.84,0.00,0.00,0.99,0
18240,101251,22.92,0.02,-0.01,1.01,0
18280,101245,22.80,0.01,-0.01,1.00,0
18320,101247,22.88,-0.00,0.01,0.99,0
18360,101242,22.85,0.00,0.00,1.00,0
18400,101250,22.87,-0.01,0.01,1.00,0
18440,101244,22.92,0.02,-0.00,0.99,0
18480,101242,22.86,-0.01,-0.02,1.02,0
18520,101247,22.90,0.03,-0.01,1.01,0
18560,101251,22.90,-0.00,0.01,1.00,0
18600,101243,22.88,0.00,-0.03,0.99,0
18640,101244,22.85,0.02,0.01,1.01,0
18680,101245,22.92,-0.00,0.02,1.00,0
18720,101244,22.82,0.01,0.01,1.00,0
18760,101249,22.91,0.01,0.02,1.01,0
18800,101245,22.98,0.00,0.02,0.98,0
18840,101245,22.94,0.00,0.00,0.98,0
18880,101249,22.95,-0.00,-0.01,0.99,0
18920,101245,22.89,0.00,-0.01,0.99,0
18960,101249,22.92,-0.00,0.02,0.99,0
19000,101244,22.94,0.02,-0.00,1.02,0
19040,101243,22.92,0.00,0.02,0.99,0
19080,101241,22.88,-0.02,-0.00,1.02,0
19120,101253,22.90,0.01,-0.01,1.02,0
19160,101246,22.91,-0.00,0.02,1.00,0
19200,101248,22.94,0.00,0.01,1.00,0
19240,101247,22.86,0.00,0.01,1.01,0
19720,101246,23.01,-0.01,-0.00,0.98,0
19760,101252,22.93,-0.02,0.00,1.02,0
19800,101238,22.96,0.00,-0.00,1.01,0
19840,101249,22.89,-0.00,0.03,0.98,0
19880,101244,22.92,-0.02,0.01,1.00,0
19920,101251,22.88,-0.01,0.01,1.01,0
19960,101244,22.99,-0.00,0.01,1.02,0
20000,101246,22.98,-0.02,-0.02,0.98,0
20040,101242,22.96,-0.02,-0.01,1.00,0
20080,101244,22.91,-0.01,0.01,1.01,0
20120,101252,22.99,0.01,0.02,1.00,0
20160,101250,22.95,-0.02,-0.00,0.99,0
20200,101246,23.01,0.01,0.02,1.02,0
20240,101244,23.01,0.01,0.00,0.99,0
20280,101241,22.96,-0.01,0.00,1.00,0
20320,101246,22.86,-0.03,-0.01,0.99,0
20360,101247,22.95,0.01,-0.01,0.98,0
20400,101247,22.98,0.01,0.02,0.99,0
20440,101247,22.95,-0.00,0.02,1.01,0
20480,101244,22.97,0.01,-0.00,1.00,0
20520,101247,22.97,-0.01,-0.00,1.00,0
20560,101247,22.98,0.02,0.01,1.00,0
20600,101251,22.87,-0.02,-0.01,0.99,0
20640,101253,22.91,-0.00,0.00,0.99,0
20680,101247,22.97,-0.00,-0.01,0.99,0
20720,101245,22.97,0.00,-0.01,0.97,0
20760,101247,22.93,0.01,-0.02,1.01,0
20800,101245,22.95,0.00,-0.01,1.01,0
20840,101245,22.98,0.00,-0.02,1.01,0
20880,101247,22.90,-0.00,0.01,1.00,0
20920,101244,23.01,0.00,0.00,0.99,0
20960,101249,23.04,0.01,-0.01,0.99,0
21000,101247,23.00,-0.01,0.00,1.01,0
21040,101248,23.02,0.02,0.00,0.98,0
21080,101246,22.95,0.01,0.02,0.99,0
21120,101245,22.95,0.02,-0.00,1.01,0
21160,101244,23.05,-0.01,-0.00,0.99,0
21200,101246,23.02,0.01,-0.01,1.01,0
21240,101245,22.92,0.00,0.00,1.00,0
21280,101248,22.93,-0.00,-0.01,1.02,0
21320,101247,22.99,-0.00,-0.00,1.01,0
21360,101243,23.01,0.01,-0.01,1.02,0
21400,101247,22.98,0.01,0.00,1.01,0
21440,101243,23.01,-0.02,-0.01,1.00,0
21480,101245,23.08,-0.01,0.00,1.02,0
21520,101246,22.99,0.00,0.00,0.99,0
21560,101240,23.02,0.01,0.01,0.99,0
21600,101247,23.15,0.00,-0.00,0.99,0
21640,101247,22.97,0.01,-0.03,1.00,0
21680,101246,22.95,-0.00,-0.00,0.98,0
21720,101246,22.97,0.01,-0.01,1.00,0
21760,101246,23.01,0.01,0.01,1.01,0
21800,101244,23.05,0.01,-0.01,1.02,0
21840,101246,23.00,-0.01,-0.00,0.99,0
21880,101245,23.05,0.01,0.01,1.00,0
21920,101247,23.00,-0.00,-0.01,0.99,0
21960,101243,23.13,-0.01,-0.01,1.01,0
22000,101248,23.05,0.01,-0.01,0.98,0
22040,101247,23.10,-0.01,-0.00,1.00,0
22080,101246,22.95,-0.00,-0.01,1.01,0
22120,101246,23.02,-0.03,0.01,0.96,0
22160,101249,23.02,-0.01,-0.01,1.00,0
22200,101242,23.09,-0.01,-0.01,1.01,0
22240,101248,23.07,0.01,0.00,1.00,0
22280,101248,23.02,-0.01,0.01,1.02,0
22320,101248,23.14,-0.01,-0.00,1.00,0
22360,101248,23.04,-0.01,0.02,1.02,0
22400,101245,23.04,-0.01,-0.00,0.98,0
22440,101246,23.04,0.01,0.02,1.01,0
22480,101249,23.12,-0.01,-0.04,1.02,0
22520,101248,23.07,-0.00,0.02,0.99,0
22560,101248,23.01,-0.01,0.02,1.01,0
22600,101242,22.98,0.02,-0.00,1.01,0
22640,101249,23.03,0.02,0.00,1.02,0
22680,101251,23.02,0.01,0.00,1.00,0
22720,101250,23.03,-0.01,-0.01,0.99,0
22760,101248,23.07,0.01,-0.02,0.98,0
22800,101242,23.04,-0.02,-0.00,1.00,0
22840,101250,23.06,0.00,0.01,1.01,0
22880,101246,23.09,0.01,-0.01,0.99,0
22920,101239,23.10,0.01,0.02,1.00,0
22960,101248,23.03,0.00,-0.01,0.99,0
23000,101242,23.14,0.02,0.00,0.99,0
23040,101243,23.09,-0.00,-0.02,1.01,0
23080,101245,23.10,0.01,-0.01,1.00,0
23120,101251,23.08,-0.02,0.03,0.97,0
23160,101246,23.03,-0.00,-0.02,1.01,0
23200,101248,23.06,0.00,0.00,1.00,0
23240,101252,23.09,-0.00,0.00,1.01,0
23280,101252,23.08,-0.01,-0.00,1.00,0
23320,101246,23.07,-0.00,-0.02,1.03,0
23360,101246,23.04,0.02,0.01,1.01,0
23400,101243,23.11,0.01,0.00,1.01,0
23440,101245,23.14,0.02,-0.01,1.01,0
23480,101248,23.18,0.02,-0.01,1.00,0
23520,101248,23.12,0.00,-0.03,1.01,0
23560,101247,23.03,0.03,0.01,1.00,0
23600,101250,23.14,0.00,-0.01,1.00,0
23640,101244,23.12,-0.01,0.01,1.02,0
23680,101247,23.16,0.01,0.02,1.01,0
23720,101249,23.17,0.00,0.00,1.02,0
23760,101249,23.21,-0.00,-0.02,1.03,0
23800,101250,23.17,0.02,0.01,1.00,0
23840,101248,23.09,-0.01,0.02,1.01,0
23880,101246,23.13,-0.01,-0.01,0.99,0
23920,101248,23.11,-0.03,0.00,1.02,0
23960,101243,23.10,0.00,0.00,0.99,0
24000,101241,23.15,-0.01,-0.00,1.00,0
24040,101249,23.12,0.00,-0.01,1.01,0
24040,101249,23.12,0.00,-0.01,1.01,0
24080,101247,23.08,0.01,-0.01,0.98,0
24120,101248,23.13,-0.01,-0.01,1.00,0
24160,101241,23.17,0.01,0.01,1.00,0
24200,101246,23.06,-0.00,-0.00,1.00,0
24240,101245,23.11,-0.01,0.01,0.98,0
24280,101244,23.14,0.01,-0.01,0.99,0
24320,101239,23.13,-0.00,0.00,1.02,0
24360,101246,23.13,0.01,-0.01,0.99,0
24400,101250,23.16,-0.01,0.01,0.99,0
24440,101248,23.14,-0.01,-0.00,0.99,0
24480,101245,23.12,-0.02,0.00,1.03,0
24520,101247,23.06,0.02,-0.00,1.01,0
24560,101249,23.10,0.02,-0.01,1.00,0
24600,101238,23.23,-0.01,-0.03,1.00,0
24640,101246,23.11,-0.01,-0.01,0.98,0
24680,101248,23.22,0.01,-0.02,1.00,0
24720,101249,23.13,0.01,-0.01,1.02,0
24760,101252,23.16,-0.01,-0.00,0.99,0
24760,101252,23.16,-0.01,-0.00,0.99,0
24800,101250,23.27,0.00,-0.01,1.00,0
24840,101248,23.23,-0.01,-0.02,1.02,0
24880,101248,23.19,-0.01,-0.00,1.02,0
24920,101249,23.03,0.02,-0.00,1.01,0
24960,101245,23.16,0.04,-0.01,1.02,0
25000,101246,23.04,0.00,0.01,0.98,0
25040,101249,23.07,0.00,0.01,1.02,0
25080,101253,23.14,0.00,-0.02,1.03,0
25120,101246,23.14,0.02,-0.00,1.00,0
25160,101246,23.26,-0.01,0.02,0.99,0
25200,101247,23.13,-0.01,0.01,1.00,0
25240,101251,23.16,-0.02,0.01,1.02,0
25280,101246,23.20,0.01,-0.04,0.99,0
25320,101251,23.19,0.00,-0.01,1.00,0
25360,101243,23.15,-0.01,-0.01,1.00,0
25400,101246,23.15,-0.01,0.02,1.00,0
25440,101246,23.18,-0.02,-0.01,1.01,0
25480,101249,23.22,0.00,-0.00,1.00,0
25520,101250,23.21,-0.00,-0.03,1.03,0
25560,101242,23.25,-0.00,0.02,0.98,0
25600,101244,23.26,0.00,0.01,0.99,0
25640,101248,23.20,0.01,0.01,1.01,0
25680,101244,23.22,-0.01,0.02,1.00,0
25720,0,23.19,-0.00,-0.01,0.99,0
25760,101250,23.12,0.00,-0.00,1.00,0
25800,101248,23.14,-0.01,-0.01,1.01,0
25840,101248,23.13,-0.02,0.02,1.01,0
25880,101245,23.13,0.02,0.02,1.02,0
25920,101250,23.10,0.00,-0.01,1.00,0
25960,101246,23.13,0.02,-0.01,1.00,0
26000,101250,23.25,0.01,0.00,0.99,0
26040,101244,23.22,-0.00,-0.03,1.01,0
26080,101244,23.18,-0.01,-0.00,0.98,0
26120,101247,23.15,-0.02,0.01,1.02,0
26160,101244,23.22,-0.01,0.02,1.00,0
26200,101249,23.14,-0.02,0.00,1.02,0
26240,101247,23.20,-0.01,-0.00,0.99,0
26280,101243,23.20,0.00,-0.01,1.01,0
26320,101247,23.18,0.01,0.00,0.99,0
26360,101245,23.21,-0.00,0.02,0.99,0
26400,101249,23.29,0.01,-0.00,1.02,0
26440,101244,23.11,0.00,0.00,1.00,0
26480,101245,23.27,-0.00,-0.00,1.02,0
26520,101250,23.23,-0.01,0.01,1.00,0
26560,101254,23.21,0.01,-0.01,0.99,0
26600,101253,23.22,-0.00,0.00,0.98,0
26640,101247,23.32,0.01,0.00,1.00,0
26680,101247,23.11,0.01,-0.01,1.01,0
26720,101251,23.18,0.01,-0.01,1.00,0
26760,101246,23.32,0.01,-0.02,0.99,0
26800,101243,23.25,-0.00,0.01,0.99,0
26840,101247,23.15,-0.01,-0.00,1.01,0
26880,101248,23.29,0.01,0.00,1.00,0
26920,101244,23.29,-0.00,-0.01,0.99,0
26960,101241,23.30,0.02,0.02,0.98,0
27000,101242,23.31,-0.01,-0.00,1.01,0
27040,101248,23.19,-0.01,-0.01,1.03,0
27080,101244,23.31,-0.01,0.00,1.00,0
27120,101246,23.27,-0.01,0.02,0.99,0
27160,101247,23.30,-0.02,0.00,1.00,0
27200,101248,23.33,-0.03,0.01,1.01,0
27240,101245,23.25,0.02,0.03,1.01,0
27280,101248,23.31,0.02,0.01,1.02,0
27320,101243,23.30,-0.01,-0.01,1.02,0
27360,101245,23.30,-0.01,0.00,1.02,0
27400,101243,23.18,-0.01,0.01,1.01,0
27440,101250,23.21,-0.01,0.00,1.02,0
27480,101246,23.27,-0.03,0.01,1.00,0
27520,101244,23.25,-0.01,0.01,1.00,0
27560,101245,23.30,0.00,0.01,1.01,0
27600,101246,23.36,-0.01,-0.00,0.99,0
27640,101248,23.37,-0.00,-0.02,1.00,0
27680,101241,23.25,-0.01,-0.01,0.98,0
27720,101243,23.19,0.02,-0.00,0.99,0
27760,101245,23.32,0.02,-0.02,0.99,0
27800,101254,23.30,-0.01,0.01,0.98,0
27840,101249,23.26,-0.00,0.01,1.00,0
27880,101246,23.26,-0.00,-0.03,1.03,0
27920,101248,23.27,-0.00,0.00,1.01,0
27960,101253,23.31,-0.01,-0.02,1.00,0
28000,101245,23.26,-0.01,-0.00,1.00,0
28040,101245,23.36,-0.00,-0.02,1.01,0
28080,101250,23.35,-0.02,0.01,1.00,0
28120,101248,23.27,0.00,0.00,1.01,0
28160,101248,23.36,-0.00,-0.00,1.04,0
28200,101245,23.25,-0.00,-0.00,1.01,0
28240,101252,23.36,-0.02,0.01,0.98,0
28280,101252,23.44,-0.01,0.01,1.00,0
28320,101248,23.35,-0.01,0.00,1.00,0
28360,101248,23.32,0.01,-0.01,1.00,0
28400,101240,23.25,-0.00,-0.01,1.01,0
28440,101248,23.35,-0.01,0.01,1.02,0
28480,101246,23.31,-0.01,0.03,1.01,0
28520,101248,23.35,0.03,-0.01,1.00,0
28560,101248,23.23,0.01,0.00,0.99,0
28600,101245,23.28,-0.00,-0.00,1.02,0
28640,101241,23.31,-0.00,-0.00,0.98,0
28680,101247,23.30,-0.02,0.00,0.97,0
28720,101244,23.27,0.00,-0.03,0.98,0
28760,101245,23.38,-0.02,-0.00,1.00,0
28800,101244,23.28,-0.02,0.02,0.99,0
28840,101245,23.36,-0.01,0.00,0.98,0
28880,101239,23.26,-0.01,-0.01,0.99,0
28920,101250,23.32,0.01,-0.01,1.01,0
28960,101247,23.30,0.01,0.02,1.03,0
29000,101250,23.24,0.02,-0.02,1.02,0
29040,101252,23.34,0.00,-0.01,1.01,0
29080,101246,23.38,-0.01,-0.01,1.01,0
29120,101240,23.40,0.01,-0.00,1.00,0
29160,101243,23.39,0.01,0.01,1.00,0
29200,101242,23.31,0.00,0.01,0.99,0
29240,101244,23.37,-0.01,0.00,0.99,0
29280,101244,23.46,0.01,0.00,0.98,0
29320,101240,23.29,0.01,-0.00,1.00,0
29360,101247,23.28,-0.02,0.00,1.00,0
29400,101241,23.29,-0.01,0.01,0.99,0
29440,101247,23.39,0.02,0.00,1.00,0
29480,101246,23.33,0.01,-0.02,0.98,0
29520,101245,23.36,-0.02,0.01,0.99,0
29560,101246,23.39,-0.00,-0.00,1.00,0
30000,101246,23.29,-0.01,-0.01,1.01,0
30040,101246,23.39,-0.00,-0.02,1.00,0
30080,101245,23.42,0.00,0.01,1.00,0
30120,101246,23.42,0.01,-0.01,1.02,0
30160,101245,23.41,0.01,-0.01,0.98,0
30200,101246,23.38,-0.01,0.01,1.01,0
30240,101242,23.45,0.01,-0.01,1.01,0
30280,101245,23.36,-0.01,0.00,1.00,0
30320,101253,23.45,0.03,0.00,1.02,0
30360,101246,23.39,0.00,-0.01,0.99,0
30400,101245,23.46,0.01,0.01,0.99,0
30440,101248,23.48,-0.00,-0.01,1.00,0
30480,101248,23.43,0.01,0.02,0.98,0
30520,101242,23.38,0.02,0.03,0.99,0
30560,101245,23.40,-0.02,-0.01,0.99,0
31000,101244,23.45,-0.01,-0.02,0.98,0
31040,101248,23.37,0.01,0.00,1.00,0
31080,101248,23.47,0.00,0.00,0.99,0
31120,101250,23.40,0.00,-0.01,1.02,0
31640,101251,23.54,-0.00,0.01,1.01,0
31680,101245,23.42,-0.01,-0.00,0.99,0
31720,101241,23.44,-0.00,-0.01,1.01,0
31760,101243,23.40,-0.01,0.01,1.01,0
31800,101243,23.53,0.00,-0.01,1.02,0
31840,101242,23.45,-0.00,-0.01,1.01,0
31880,101247,23.34,0.01,-0.02,1.01,0
31920,101244,23.38,0.01,0.03,1.00,0
31960,101239,23.40,0.02,-0.01,0.98,0
32000,101248,23.53,-0.03,-0.02,0.98,0
32040,101245,23.43,-0.02,0.01,1.02,0
32080,101247,23.47,-0.01,-0.02,1.01,0
32120,101246,23.43,0.01,0.01,1.00,0
32160,101248,23.37,-0.01,0.02,1.00,0
32200,101246,23.54,-0.03,-0.00,1.00,0
32240,101250,23.39,-0.01,0.01,1.01,0
32280,101247,23.45,0.00,0.01,0.98,0
32320,101247,23.49,0.01,-0.01,1.02,0
32360,101247,23.48,0.01,0.01,1.00,0
32400,101241,23.47,-0.01,0.00,1.00,0
32440,101245,23.55,-0.00,0.00,1.03,0
32480,101245,23.50,0.01,0.02,1.00,0
32520,101246,23.51,0.01,-0.00,0.98,0
32560,101241,23.42,-0.00,0.01,1.01,0
32600,101251,23.57,0.01,-0.01,0.98,0
32640,101246,23.47,-0.00,-0.01,1.01,0
32680,101242,23.45,0.01,0.01,0.97,0
32720,101240,23.47,0.01,0.01,1.00,0
32760,101245,23.44,-0.01,0.00,1.02,0
32800,101245,23.52,-0.00,0.00,1.01,0
32840,101243,23.41,-0.01,0.00,1.02,0
32880,101246,23.56,-0.01,0.00,0.99,0
32920,101244,23.48,0.00,-0.00,0.99,0
32960,101247,23.45,-0.02,-0.00,1.00,0
33000,101243,23.54,-0.01,-0.01,1.02,0
33040,101245,23.53,0.01,-0.01,0.99,0
33080,101249,23.45,0.01,-0.01,0.97,0
33120,101254,23.47,0.01,0.00,1.00,0
33160,101242,23.52,-0.00,-0.00,0.98,0
33200,101244,23.60,-0.00,0.01,0.98,0
33240,101243,23.54,-0.01,-0.02,1.00,0
33280,101248,23.57,0.02,0.02,1.00,0
33320,101242,23.56,-0.01,-0.01,1.00,0
33360,101244,23.52,0.01,-0.02,1.02,0
33400,101245,23.49,0.02,0.01,0.98,0
33440,101242,23.52,0.01,-0.01,0.99,0
33480,101242,23.51,0.01,0.01,0.99,0
33520,101244,23.57,0.02,0.01,0.99,0
33560,101239,23.49,0.00,0.01,1.01,0
33600,101241,23.51,-0.01,0.01,1.00,0
33640,101244,23.63,-0.01,-0.00,0.99,0
33680,101246,23.63,0.01,-0.01,0.97,0
33720,101245,23.59,0.00,-0.01,0.98,0
33760,101240,23.56,-0.00,0.00,1.01,0
33800,101244,23.52,-0.00,0.01,1.00,0
33840,101248,23.53,0.01,-0.02,1.02,0
33880,101247,23.57,-0.01,-0.00,1.02,0
33920,101245,23.57,-0.02,-0.01,1.00,0
33960,101243,23.64,0.01,-0.00,1.01,0
34000,101248,23.55,-0.00,0.00,0.97,0
34040,101244,23.60,0.01,-0.01,0.99,0
34080,101242,23.49,0.00,0.00,1.00,0
34120,101243,23.64,-0.03,-0.01,0.99,0
34160,101250,23.60,-0.00,-0.01,1.00,0
34200,101246,23.58,0.02,0.00,0.99,0
34240,101249,23.53,-0.01,0.01,1.01,0
34280,101244,23.55,-0.00,0.02,1.00,0
34320,101248,23.59,-0.01,-0.01,0.97,0
34360,101244,23.50,0.00,0.01,1.00,0
34400,101245,23.51,0.00,0.01,1.00,0
34440,101253,23.61,-0.00,-0.01,0.99,0
34480,101248,23.56,0.03,0.01,1.00,0
34520,101244,23.59,0.00,-0.01,1.00,0
34560,101245,23.56,0.01,0.02,1.02,0
34600,101246,23.56,0.01,-0.01,0.98,0
34640,101249,23.58,0.01,-0.00,1.01,0
34680,101244,23.62,0.01,-0.00,0.98,0
34720,101240,23.67,-0.01,0.01,1.01,0
34760,101244,23.56,0.02,0.01,1.00,0
34800,101245,23.56,-0.01,-0.02,1.01,0
34840,101246,23.56,-0.01,0.01,0.99,0
34880,101250,23.62,-0.01,-0.01,1.01,0
34920,101246,23.55,0.01,0.01,1.00,0
34960,101248,23.51,-0.02,-0.01,0.98,0
35000,101242,23.63,-0.01,-0.01,0.99,0
35040,101248,23.59,-0.02,0.01,1.01,0
35080,101252,23.56,0.01,-0.02,0.99,0
35120,101248,23.59,0.00,0.01,1.00,0
35160,101246,23.55,0.00,0.00,1.01,0
35200,101246,23.58,0.00,-0.01,1.01,0
35240,101251,23.57,-0.01,0.01,0.99,0
35280,101242,23.60,0.01,-0.00,1.01,0
35320,101245,23.57,0.01,-0.02,0.98,0
35360,101247,23.61,0.02,0.02,0.99,0
35400,101248,23.61,-0.01,-0.03,1.01,0
35440,101244,23.59,0.02,0.00,0.99,0
35480,101246,23.58,-0.00,0.01,0.99,0
35520,101244,23.75,0.00,-0.01,1.00,0
35560,101246,23.67,0.01,-0.00,0.99,0
35600,101245,23.58,-0.01,-0.01,1.00,0
35640,101242,23.59,0.02,0.00,0.99,0
35680,101245,23.62,0.02,-0.02,1.00,0
35720,101248,23.75,0.01,-0.01,1.00,0
35760,101242,23.61,0.03,-0.01,1.00,0
35800,101244,23.61,-0.02,-0.04,1.00,0
35840,101247,23.65,-0.01,0.01,1.01,0
35880,101242,23.66,-0.02,0.02,1.01,0
35920,101246,23.67,0.00,-0.00,0.99,0
35960,101242,23.65,0.01,-0.01,1.01,0
36000,101249,23.61,0.01,-0.00,1.01,0
36000,101249,23.61,0.01,-0.00,1.01,0
36040,101253,23.73,0.00,-0.01,0.99,0
36080,101252,23.67,-0.01,0.01,1.00,0
36120,101245,23.68,-0.01,-0.01,0.99,0
36160,101248,23.66,-0.01,0.01,0.97,0
36200,101246,23.61,-0.00,-0.02,0.99,0
36240,101246,23.57,-0.00,-0.00,1.01,0
36280,101250,23.60,-0.02,-0.01,1.00,0
36320,101241,23.65,0.00,0.01,0.99,0
36360,101249,23.64,-0.01,-0.01,1.02,0
36400,101245,23.67,-0.03,0.01,0.97,0
36440,101250,23.63,0.01,0.00,1.01,0
36480,101246,23.69,0.00,-0.01,1.01,0
36520,101243,23.62,-0.03,-0.00,1.01,0
36560,101246,23.66,0.00,0.02,1.00,0
36600,101248,23.70,0.00,0.02,0.99,0
36640,101245,23.72,0.02,-0.00,1.02,0
36680,101247,23.59,0.00,0.01,0.99,0
36720,101243,23.57,0.00,-0.00,1.00,0
36760,101238,23.68,0.01,0.02,1.01,0
36800,101248,23.59,0.01,0.00,1.00,0
36840,101247,23.74,0.00,-0.00,1.01,0
36880,101246,23.59,0.01,0.00,1.03,0
36920,101245,23.70,0.00,0.00,0.98,0
36960,101248,23.67,0.00,0.01,1.01,0
37000,101244,23.71,0.01,-0.01,1.00,0
37040,101243,23.66,-0.01,-0.02,1.01,0
37080,101245,23.75,0.02,-0.01,1.02,0
37120,101249,23.76,-0.01,0.01,1.03,0
37160,101241,23.69,0.01,-0.01,1.00,0
37200,101249,23.73,-0.00,0.00,1.00,0
37240,101243,23.63,0.02,-0.00,1.00,0
37280,101242,23.66,0.00,-0.01,1.01,0
37320,101249,23.67,0.01,-0.01,0.99,0
37360,101245,23.64,0.00,-0.02,1.01,0
37400,101241,23.67,0.01,-0.00,1.01,0
37440,101244,23.64,-0.01,0.01,0.99,0
37480,101248,23.75,-0.01,0.01,0.99,0
37520,101249,23.61,0.02,-0.00,1.01,0
37560,101244,23.71,-0.02,0.01,1.02,0
37600,101246,23.76,0.02,0.00,1.00,0
37640,101247,23.70,-0.01,0.01,1.01,0
37680,101243,23.72,-0.01,0.01,0.99,0
37720,101246,23.76,-0.01,-0.01,1.00,0
37760,101245,23.65,-0.01,-0.00,0.96,0
37800,101243,23.80,0.00,0.00,0.99,0
37840,101243,23.72,0.00,0.00,0.98,0
37880,101245,23.70,-0.02,-0.00,0.99,0
37920,101245,23.68,-0.00,0.01,1.02,0
37960,101243,23.71,-0.01,0.02,0.98,0
38000,101244,23.69,-0.00,-0.01,1.02,0
38040,101249,23.73,0.01,-0.00,1.01,0
38080,101246,23.71,-0.00,0.00,1.01,0
38120,101248,23.75,-0.00,-0.02,1.00,0
38160,101249,23.59,-0.00,-0.01,1.01,0
38200,101247,23.59,0.02,-0.00,0.98,0
38240,101252,23.74,0.01,0.01,1.03,0
38280,101242,23.68,0.00,0.00,0.99,0
38320,101248,23.74,0.01,-0.01,1.01,0
38360,101244,23.78,0.01,-0.02,1.00,0
38400,101251,23.71,0.01,-0.00,1.03,0
38440,101250,23.67,0.01,-0.01,1.03,0
38480,101239,23.81,-0.01,0.01,1.00,0
38520,101242,23.65,-0.01,0.00,1.01,0
38560,101247,23.72,0.00,0.00,1.00,0
38600,101247,23.68,0.00,0.01,0.98,0
38640,101247,23.82,0.02,0.00,1.03,0
38680,101245,23.70,-0.01,-0.01,0.99,0
38720,101246,23.83,0.00,-0.00,1.01,0
38760,101247,23.82,0.00,-0.00,1.00,0
38800,101245,23.81,-0.00,0.02,1.00,0
38840,101248,23.74,0.01,0.02,1.00,0
38880,101238,23.82,0.01,0.00,1.00,0
38920,101247,23.79,0.01,0.00,1.01,0
38960,101242,23.71,-0.01,-0.01,0.99,0
39000,101248,23.74,-0.00,0.01,0.99,0
39040,101244,23.74,0.01,0.02,1.00,0
39080,101242,23.82,0.02,-0.01,1.00,0
39120,101246,23.71,-0.00,0.00,0.98,0
39160,101242,23.79,-0.00,-0.00,1.01,0
39200,101242,23.72,-0.02,0.00,0.99,0
39240,101240,23.75,-0.01,-0.01,0.98,0
39280,101245,23.70,-0.01,-0.01,1.00,0
39320,101246,23.92,-0.01,-0.02,1.01,0
39360,101248,23.71,-0.01,-0.00,1.00,0
39400,101244,23.77,0.00,-0.00,1.02,0
39440,101248,23.81,-0.01,-0.00,0.98,0
39480,101245,23.80,-0.00,0.02,0.99,0
39520,101245,23.85,-0.01,-0.02,0.99,0
39560,101247,23.79,0.01,-0.01,1.01,0
39600,101248,23.75,-0.01,-0.00,1.02,0
39640,101244,23.79,0.00,-0.02,1.00,0
39680,101244,23.79,0.02,-0.01,0.99,0
39720,101244,23.74,-0.01,0.01,0.99,0
39760,101245,23.85,0.00,-0.01,0.99,0
39800,101242,23.72,-0.02,0.01,1.01,0
39840,101248,23.74,-0.01,0.02,0.99,0
39880,101244,23.80,0.01,-0.00,1.00,0
39920,101246,23.77,0.00,-0.02,1.00,0
39960,101242,23.80,-0.02,0.00,0.99,0
40000,101246,23.66,-0.02,0.00,1.01,0
40040,101246,23.77,-0.02,-0.00,1.01,0
40080,101243,23.79,-0.02,0.01,1.00,0
40120,101251,23.79,0.00,0.01,1.00,0
40160,101246,23.75,-0.00,0.00,1.02,0
40200,101250,23.74,-0.00,-0.01,1.00,0
40240,101248,23.77,-0.04,0.01,0.99,0
40280,101243,23.75,-0.02,-0.01,0.98,0
40320,101244,23.80,0.00,-0.00,1.00,0
40360,101246,23.76,0.01,-0.00,1.01,0
40400,101245,23.84,-0.00,0.01,1.01,0
40440,101245,23.79,0.02,0.02,0.98,0
40480,101244,23.70,-0.01,0.00,1.01,0
40520,101239,23.84,-0.00,0.01,1.01,0
40560,101244,23.79,0.00,0.01,0.99,0
40600,101238,23.79,-0.01,0.02,1.01,0
40640,101246,23.86,-0.00,-0.00,1.02,0
40680,101242,23.81,0.01,-0.00,1.00,0
40720,101242,23.85,0.01,0.02,0.99,0
40760,101244,23.90,-0.01,-0.01,0.97,0
40800,101246,23.87,0.02,-0.01,0.99,0
40840,101240,23.81,-0.02,0.00,1.00,0
40880,101239,23.80,-0.01,0.00,1.01,0
40920,101241,23.76,-0.00,0.01,0.96,0
40960,101238,23.85,0.02,-0.02,1.02,0
41000,101242,23.82,0.01,-0.00,0.98,0
41040,101250,23.75,0.03,-0.02,1.00,0
41080,101241,23.91,0.00,0.00,0.97,0
41120,101247,23.81,-0.02,-0.02,1.01,0
41160,101240,23.88,-0.01,-0.01,1.01,0
41200,101246,23.88,-0.01,0.01,1.01,0
41240,101244,23.84,-0.01,0.01,1.01,0
41280,101244,23.93,-0.01,0.02,0.99,0
41320,101246,23.87,-0.00,0.00,1.02,0
41360,101250,23.81,0.01,-0.00,1.00,0
41400,101245,23.81,0.00,-0.02,1.00,0
41440,101245,23.90,0.01,-0.02,0.98,0
41480,101242,23.83,0.02,-0.01,1.00,0
41520,101246,23.84,0.00,-0.01,1.00,0
41560,101244,23.88,0.01,-0.01,1.01,0
41600,101247,23.95,0.01,0.01,0.96,0
41640,101244,23.92,0.02,0.01,1.01,0
41680,101250,23.90,0.04,-0.01,0.99,0
41720,101238,23.92,0.00,-0.03,1.00,0
41760,101244,23.88,-0.01,0.00,1.00,0
41800,101247,23.78,0.01,0.03,1.03,0
41840,101243,23.81,-0.02,0.00,1.00,0
41880,101242,23.80,-0.01,0.02,1.00,0
41920,101244,23.92,-0.00,0.01,0.99,0
41960,101240,23.85,-0.01,-0.02,0.99,0
42000,101245,23.81,-0.01,0.00,1.00,0
42040,101252,23.89,-0.00,-0.00,1.02,0
42080,101248,23.87,0.00,-0.03,0.98,0
42120,101241,23.93,-0.01,-0.01,1.01,0
42160,101242,23.82,0.01,-0.00,0.99,0
42200,101243,23.78,0.02,-0.02,0.98,0
42240,101248,23.92,-0.02,0.01,1.00,0
42280,101242,23.87,-0.01,-0.01,1.00,0
42320,101242,23.84,0.01,0.00,1.01,0
42360,101247,23.90,0.01,0.00,1.01,0
42400,101247,23.91,0.00,-0.01,0.97,0
42440,101243,23.89,0.01,-0.01,0.98,0
42480,101241,23.86,0.00,0.01,0.99,0
42520,101240,23.83,-0.00,0.01,1.00,0
42560,101242,23.94,-0.01,0.01,1.02,0
42600,101237,23.85,-0.01,0.01,1.05,0
42640,101247,23.92,-0.00,0.02,1.00,0
42680,101242,23.82,-0.01,0.02,0.97,0
42720,101246,23.83,0.01,0.00,1.02,0
42760,101250,23.85,-0.01,-0.00,0.98,0
42800,101248,23.89,-0.00,0.01,1.00,0
42840,101241,23.89,0.01,0.01,1.02,0
42880,101247,23.92,-0.00,-0.01,0.98,0
42920,101248,23.91,-0.00,0.02,1.00,0
42960,101242,23.95,0.02,-0.02,0.99,0
43000,101241,23.90,0.00,-0.01,1.01,0
43040,101244,23.96,0.01,0.01,0.98,0
43080,101239,23.97,-0.01,-0.02,1.00,0
43120,101249,23.94,-0.01,-0.02,0.98,0
43160,101237,23.91,-0.03,0.01,1.01,0
43200,101241,23.91,0.01,-0.00,0.98,0
43240,101244,23.95,0.01,-0.01,0.98,0
43280,101244,23.87,0.01,-0.00,1.04,0
43320,101245,23.89,0.01,0.00,1.00,0
43360,101245,23.97,-0.01,-0.00,0.98,0
43400,101244,23.82,0.00,-0.01,0.98,0
43440,101248,23.96,-0.00,0.00,1.03,0
43480,101238,23.94,0.01,-0.01,1.01,0
43520,101244,23.97,-0.01,0.01,1.00,0
43560,101242,23.92,0.00,0.03,0.99,0
43600,101245,23.92,0.00,-0.00,0.97,0
43640,101245,23.97,0.01,0.02,0.99,0
43680,101241,23.88,0.01,-0.01,1.00,0
43720,101242,23.92,0.00,-0.01,1.01,0
43760,101247,23.90,0.03,0.01,0.99,0
43800,101245,23.89,-0.00,-0.01,0.99,0
43840,101242,24.01,0.01,-0.01,1.01,0
43880,101251,23.95,0.01,-0.01,1.03,0
43920,101252,23.95,0.02,-0.01,1.02,0
43960,101240,23.94,0.02,-0.00,0.98,0
44000,101245,23.90,-0.01,0.01,1.01,0
44040,101252,23.96,0.01,0.02,0.98,0
44080,101247,24.00,0.03,-0.01,0.99,0
44120,101245,23.98,0.00,-0.01,1.00,0
44160,101244,24.04,0.01,-0.01,0.97,0
44200,101243,23.90,0.00,-0.01,0.99,0
44240,101244,24.00,-0.00,-0.00,1.00,0
44280,101243,24.03,0.00,0.01,1.00,0
44320,101247,24.04,-0.01,-0.01,0.99,0
44360,101243,24.07,0.02,-0.01,0.99,0
44400,101243,23.99,0.00,0.01,0.99,0
44440,101240,23.89,0.01,0.01,0.98,0
44480,101244,23.88,-0.01,-0.02,1.01,0
44520,101241,23.91,0.01,-0.00,1.00,0
44560,101244,24.01,-0.00,-0.01,1.01,0
44600,101248,23.90,0.02,-0.01,0.99,0
44640,101245,24.00,0.01,0.01,0.98,0
44680,101246,23.93,0.00,0.00,1.00,0
44720,101245,24.04,-0.00,0.01,1.02,0
44760,101244,24.00,-0.00,0.01,1.01,0
44800,101244,24.01,-0.01,0.01,1.02,0
44840,101243,23.97,0.00,-0.00,1.01,0
44880,101247,23.88,0.02,0.01,1.00,0
44920,101241,24.00,0.01,0.00,1.01,0
44960,101249,24.05,0.00,0.01,1.02,0
45000,101244,24.02,-0.01,0.01,1.03,0
45040,101242,23.98,0.01,0.01,1.01,0
45080,101243,23.97,-0.00,0.02,1.01,0
45120,101242,23.97,0.01,0.00,1.02,0
45160,101245,23.92,0.00,0.01,0.98,0
45200,101242,23.96,0.01,0.00,1.00,0
45240,101248,24.02,-0.02,-0.01,1.03,0
45280,101242,23.97,0.01,-0.00,1.01,0
45320,101237,24.02,0.01,0.01,1.01,0
45360,101242,23.92,-0.01,0.02,1.02,0
45400,101238,24.00,-0.02,-0.01,1.03,0
45440,101244,24.07,0.01,-0.02,0.98,0
45480,101248,23.98,-0.02,0.00,0.98,0
45520,101246,24.04,-0.00,-0.01,1.01,0
45560,101240,24.04,0.00,-0.00,1.00,0
45600,101242,23.92,-0.02,-0.01,1.00,0
45640,101250,24.10,0.00,-0.01,0.99,0
45680,101245,23.96,-0.00,-0.00,1.00,0
45720,101244,24.03,0.01,0.01,0.98,0
45760,101248,24.06,-0.01,0.00,1.00,0
45800,101252,24.11,-0.00,-0.00,1.00,0
45840,101248,24.07,0.00,-0.00,1.01,0
45880,101245,24.13,0.02,0.02,0.99,0
45920,101245,24.02,0.00,-0.02,1.03,0
45960,101246,23.96,0.00,-0.01,1.00,0
46000,101242,24.07,0.01,-0.01,0.99,0
46040,101241,24.08,-0.00,0.00,1.01,0
46080,101244,23.91,0.00,0.02,1.03,0
46120,101241,24.07,-0.01,0.01,1.03,0
46160,101244,24.01,-0.01,-0.00,0.99,0
46200,101244,23.94,-0.03,-0.02,0.99,0
46240,101252,24.06,-0.01,0.00,1.02,0
46280,101241,24.19,0.01,-0.01,1.02,0
46320,101244,24.04,0.00,0.01,1.01,0
46360,101244,23.98,-0.01,0.00,1.01,0
46400,101245,24.15,0.01,-0.00,0.99,0
46440,101247,24.01,-0.02,-0.02,0.99,0
46480,101243,24.05,-0.01,0.00,1.00,0
46520,101241,24.04,-0.00,0.00,1.00,0
46560,101239,23.92,0.00,0.00,0.99,0
46600,101241,24.06,-0.01,0.00,0.99,0
46640,101246,24.09,0.00,-0.02,0.99,0
46680,101244,24.09,0.00,0.00,0.98,0
46720,101241,24.02,0.00,0.00,1.00,0
46760,101243,24.02,-0.00,-0.01,0.98,0
46800,101244,24.01,-0.01,-0.02,1.01,0
46840,101246,24.10,0.01,-0.01,0.99,0
46880,101242,24.08,-0.01,-0.00,1.00,0
46920,101243,23.99,0.01,-0.02,0.98,0
46960,101238,24.11,-0.01,0.01,1.01,0
47000,101240,24.09,-0.00,-0.02,0.98,0
47040,101249,24.07,-0.00,-0.01,0.98,0
47080,101237,24.03,-0.00,0.01,1.01,0
47120,101243,24.05,0.02,0.01,1.02,0
47160,101245,24.03,0.01,0.01,0.97,0
47200,101243,24.12,0.00,0.01,1.00,0
47240,101241,24.13,-0.00,-0.01,1.01,0
47280,101244,24.11,-0.02,0.01,1.02,0
47320,101244,24.13,-0.01,0.01,1.01,0
47360,101244,24.13,-0.00,-0.00,0.99,0
47400,101238,24.05,0.01,-0.01,0.99,0
47440,101243,24.10,-0.00,-0.02,0.99,0
47480,101241,24.07,0.02,0.01,0.99,0
47520,101242,24.03,-0.01,0.00,0.99,0
47560,101245,24.11,-0.02,0.00,1.02,0
47600,101246,23.96,-0.00,0.00,1.01,0
47640,101247,24.10,-0.00,0.00,1.00,0
47680,101242,24.10,0.02,0.01,1.01,0
47720,101247,24.07,-0.01,0.01,0.98,0
47760,101248,24.15,-0.02,0.02,1.02,0
47800,101248,24.07,-0.01,-0.02,1.00,0
47840,101248,24.16,0.01,-0.00,1.03,0
47880,101243,24.13,0.00,-0.00,1.01,0
47920,101243,24.23,0.01,-0.02,1.00,0
47960,101247,24.20,0.01,-0.01,1.01,0
48000,101240,24.04,0.01,-0.01,0.99,0
48040,101245,24.08,-0.01,0.02,1.02,0
48080,101242,24.10,0.00,0.02,1.00,0
48120,101243,24.09,-0.01,0.02,1.00,0
48160,101238,24.11,-0.00,-0.01,1.01,0
48200,101241,24.08,-0.01,-0.02,0.98,0
48240,101244,24.09,-0.01,-0.02,0.99,0
48280,101247,24.11,-0.03,0.01,1.00,0
48320,101247,24.05,-0.00,0.01,1.00,0
48360,101244,24.12,0.00,0.01,0.98,0
48400,101243,24.09,0.00,0.00,0.98,0
48440,101241,24.11,-0.01,0.00,0.98,0
48480,101245,24.05,-0.02,-0.00,1.04,0
48520,101243,24.17,0.01,-0.00,1.02,0
48560,101246,24.14,0.00,0.01,0.98,0
48600,101249,24.02,-0.01,0.02,1.01,0
48640,101244,24.14,-0.00,-0.00,1.01,0
48680,101239,24.09,0.01,-0.01,1.02,0
48720,101241,24.12,-0.01,-0.00,0.99,0
48760,101239,24.13,-0.02,-0.01,1.00,0
48800,101240,24.15,-0.00,0.01,0.98,0
48840,101248,24.13,-0.01,-0.00,1.00,0
48880,101245,24.21,-0.00,-0.01,1.04,0
48920,101239,24.14,-0.00,0.01,0.99,0
48960,101246,24.13,0.01,-0.01,0.99,0
49000,101248,24.19,0.02,-0.00,1.00,0
49040,101243,24.20,-0.02,-0.01,0.99,0
49080,101242,24.05,-0.03,-0.01,1.01,0
49120,101243,24.18,0.01,-0.03,1.00,0
49160,101245,24.21,-0.01,-0.02,1.00,0
49200,101246,24.15,0.01,-0.00,1.02,0
49240,101248,24.19,0.00,-0.00,1.01,0
49280,101248,24.12,0.01,0.01,1.01,0
49320,101248,24.09,0.00,0.00,1.01,0
49360,101248,24.08,-0.01,-0.00,1.02,0
49400,101246,24.13,0.01,0.00,1.03,0
49440,101239,24.18,-0.02,-0.00,1.00,0
49480,101243,24.22,0.01,-0.00,0.98,0
49520,101245,24.17,-0.00,0.02,1.01,0
49560,101243,24.10,-0.03,-0.01,1.00,0
49600,101247,24.12,-0.01,0.01,1.01,0
49640,101243,24.08,0.00,0.00,1.00,0
49680,101241,24.20,0.01,0.03,1.00,0
49720,101248,24.14,-0.01,0.01,1.03,0
49760,101246,24.20,0.01,0.00,0.99,0
49800,101244,24.18,-0.01,0.01,1.01,0
49840,101247,24.19,-0.01,-0.00,0.99,0
49880,101247,24.19,-0.00,0.00,1.01,0
49920,101245,24.24,-0.01,-0.00,0.98,0
49960,101236,24.24,-0.01,0.02,0.99,0
50000,101242,24.23,-0.01,-0.00,1.00,0
50040,101242,24.19,-0.00,0.01,1.02,0
50080,101241,24.23,-0.01,-0.02,1.00,0
50120,101244,24.05,0.01,0.01,0.98,0
50160,101247,24.22,-0.01,0.01,0.99,0
50200,101242,24.15,-0.01,0.00,0.98,0
50240,101240,24.30,-0.00,0.02,1.00,0
50280,101250,24.18,-0.01,-0.01,1.01,0
50320,101242,24.25,0.00,-0.01,1.00,0
50360,101240,24.16,-0.03,0.00,0.97,0
50400,101244,24.17,0.00,-0.00,1.00,0
50440,101245,24.28,0.01,0.02,1.00,0
50480,101241,24.21,0.02,-0.01,1.00,0
50520,101246,24.21,0.00,0.01,1.00,0
50560,101242,24.24,-0.01,0.01,0.98,0
50600,101241,24.26,0.01,-0.00,0.99,0
50640,101244,24.21,0.01,-0.02,0.99,0
50680,101246,24.25,-0.00,-0.02,0.97,0
50720,101242,24.19,-0.02,0.00,1.00,0
50760,101245,24.30,-0.01,0.01,0.98,0
50800,101243,24.16,-0.00,-0.01,1.03,0
50840,101253,24.21,-0.01,0.03,0.99,0
50880,101241,24.20,-0.00,-0.01,1.01,0
50920,101248,24.27,-0.02,-0.01,0.99,0
50960,101243,24.15,-0.02,-0.00,0.99,0
51000,101243,24.23,0.01,0.00,1.00,0
51040,101246,24.18,-0.01,0.00,1.01,0
51080,101246,24.22,0.01,-0.00,0.98,0
51120,101248,24.24,-0.01,-0.02,1.01,0
51160,101245,24.24,0.01,-0.01,1.02,0
51200,101242,24.25,0.01,-0.01,0.99,0
51240,101242,24.29,-0.00,-0.00,1.02,0
51280,101245,24.28,0.00,0.02,0.98,0
51320,101245,24.23,-0.01,0.02,1.02,0
51360,101248,24.21,0.00,0.01,1.01,0
51400,101245,24.25,0.01,0.02,1.00,0
51440,101247,24.18,-0.00,-0.00,0.99,0
51480,101248,24.27,0.01,0.01,1.01,0
51520,101244,24.25,-0.01,-0.00,0.99,0
51560,101239,24.26,-0.00,-0.00,1.01,0
51600,101240,24.23,0.01,0.01,0.99,0
51640,101239,24.31,-0.00,-0.01,0.99,0
51680,101249,24.18,0.00,0.01,0.98,0
51720,101241,24.27,0.01,0.01,1.01,0
51760,101247,24.27,-0.01,0.01,1.00,0
51800,101245,24.29,0.00,-0.00,1.00,0
51840,101249,24.28,0.01,-0.02,0.98,0
51880,101247,24.17,-0.01,-0.01,1.00,0
51920,101243,24.24,0.01,-0.01,0.99,0
51960,101243,24.22,-0.00,0.00,0.99,0
52000,101244,24.21,-0.02,0.00,0.99,0
52040,101244,24.21,-0.00,0.00,1.03,0
52080,101242,24.34,-0.01,-0.01,0.97,0
52120,101243,24.17,-0.02,0.01,1.00,0
52160,101249,24.19,-0.01,-0.01,0.99,0
52200,101238,24.33,-0.02,-0.01,1.00,0
52240,101244,24.29,-0.03,0.00,0.98,0
52280,101241,24.24,-0.02,0.01,1.04,0
52320,101244,24.32,-0.00,-0.02,1.01,0
52360,101246,24.33,-0.01,0.01,0.97,0
52400,101243,24.21,0.00,-0.02,1.01,0
52440,101246,24.34,0.00,0.01,1.02,0
52480,101238,24.30,0.01,0.02,0.98,0
52520,101247,24.38,0.01,0.00,1.01,0
52560,101241,24.29,0.00,-0.01,0.99,0
52600,101245,24.26,0.01,0.01,1.01,0
52640,101244,24.28,0.01,-0.03,0.99,0
52680,101235,24.33,-0.00,0.01,1.02,0
52720,101241,24.32,-0.02,-0.00,0.98,0
52760,101244,24.31,0.01,-0.00,1.01,0
52800,101248,24.28,0.02,0.00,1.00,0
52840,101244,24.32,0.01,0.01,1.00,0
52880,101244,24.29,0.01,0.01,0.99,0
52920,101239,24.26,-0.00,0.01,0.99,0
52960,101248,24.24,-0.00,-0.01,1.01,0
53000,101249,24.27,-0.00,0.02,1.01,0
53040,101243,24.25,0.01,-0.00,0.99,0
53080,101243,24.33,-0.02,-0.00,1.01,0
53120,101238,24.34,-0.01,-0.01,1.00,0
53160,101246,24.36,-0.02,0.01,1.00,0
53200,101252,24.37,-0.01,0.01,0.99,0
53240,101246,24.32,-0.00,-0.03,1.00,0
53280,101247,24.32,0.01,-0.01,0.98,0
53320,101245,24.34,-0.00,0.01,1.02,0
53360,101240,24.30,-0.00,-0.01,0.97,0
53400,101248,24.31,0.01,0.01,1.00,0
53440,101239,24.40,-0.01,-0.00,0.99,0
53480,101243,24.29,-0.00,-0.01,0.99,0
53520,101244,24.33,0.00,-0.01,1.01,0
53560,101246,24.28,0.01,0.00,0.97,0
53600,101245,24.27,0.01,-0.01,0.99,0
53640,101245,24.30,0.00,0.01,1.00,0
53680,101241,24.40,-0.01,-0.01,1.00,0
53720,101239,24.33,0.02,0.03,1.00,0
53760,101244,24.32,0.01,-0.00,1.01,0
53800,101241,24.28,0.01,-0.02,1.01,0
53840,101239,24.36,0.03,-0.01,1.01,0
53880,101239,24.36,-0.01,0.00,0.99,0
53920,101242,24.27,-0.02,-0.00,0.99,0
53960,101237,24.23,0.00,-0.02,1.01,0
54000,101239,24.34,-0.01,-0.02,0.99,0
54040,101238,24.27,-0.00,-0.00,1.04,0
54080,101244,24.24,-0.01,0.01,1.01,0
54120,101245,24.40,-0.01,0.01,0.96,0
54160,101250,24.33,0.01,0.01,0.98,0
54200,101238,24.30,-0.03,-0.01,0.98,0
54240,101241,24.35,-0.01,0.01,1.00,0
54280,101246,24.33,0.02,0.01,0.98,0
54320,101243,24.41,0.01,0.02,1.01,0
54360,101242,24.26,-0.00,-0.03,0.98,0
54400,101249,24.31,0.01,0.00,1.00,0
54440,101242,24.38,-0.01,0.01,1.00,0
54480,101240,24.30,-0.01,-0.00,1.01,0
54520,101239,24.42,-0.00,-0.00,1.03,0
54560,101244,24.51,0.02,0.00,0.99,0
54600,101244,24.39,0.00,-0.01,1.02,0
54640,101239,24.48,-0.01,-0.01,0.99,0
54680,101240,24.30,0.01,-0.02,1.01,0
54720,101245,24.38,0.01,-0.02,1.00,0
54760,101245,24.37,0.01,0.00,0.99,0
54800,101241,24.42,0.02,0.02,0.99,0
54840,101245,24.39,-0.01,-0.00,1.01,0
54880,101245,24.29,0.03,0.01,0.99,0
54920,101237,24.34,-0.00,-0.00,0.98,0
54960,101242,24.36,-0.02,-0.01,1.03,0
55000,101245,24.37,-0.00,0.02,1.00,0
55040,101241,24.40,-0.01,0.01,1.00,0
55080,101236,24.42,0.01,0.02,1.01,0
55120,101242,24.37,-0.01,-0.00,0.99,0
55160,101246,24.45,-0.01,-0.03,1.01,0
55200,101248,24.42,-0.01,0.01,0.98,0
55240,101236,24.39,-0.00,0.00,1.01,0
55280,101252,24.35,0.01,-0.01,1.00,0
55320,101240,24.45,-0.01,0.00,1.02,0
55360,101246,24.44,-0.01,-0.01,1.01,0
55400,101247,24.35,0.00,-0.02,1.01,0
55440,101246,24.31,0.00,0.01,0.99,0
55480,101244,24.31,-0.02,-0.02,1.03,0
55520,101239,24.29,-0.02,0.00,1.00,0
55560,101245,24.44,0.02,0.01,1.00,0
55600,101241,24.36,-0.00,0.01,1.01,0
55640,101235,24.42,-0.02,-0.01,0.99,0
55680,101252,24.37,-0.01,0.01,1.02,0
55720,101245,24.49,-0.01,-0.00,1.00,0
55760,101249,24.40,-0.01,0.01,0.97,0
55800,101240,24.37,-0.02,0.01,0.98,0
55840,101248,24.34,-0.00,-0.01,1.00,0
55880,101248,24.38,0.02,-0.01,0.99,0
55920,101248,24.43,0.00,0.01,1.00,0
55960,101243,24.45,0.00,0.02,0.98,0
56000,101239,24.42,-0.00,0.00,0.99,0
56040,101243,24.45,-0.02,0.01,1.01,0
56080,101236,24.32,0.00,-0.02,1.01,0
56120,101238,24.33,-0.00,-0.00,0.98,0
56160,101243,24.32,0.01,-0.01,1.02,0
56200,101240,24.41,0.03,0.00,1.03,0
56240,101243,24.43,0.00,0.01,0.99,0
56280,101243,24.38,0.02,-0.00,0.98,0
56320,101249,24.44,-0.01,0.00,1.02,0
56360,101247,24.48,0.02,0.01,1.01,0
56400,101243,24.45,0.00,-0.00,1.03,0
56440,101247,24.42,0.02,-0.00,1.02,0
56480,101241,24.28,0.00,-0.01,1.02,0
56520,101242,24.50,-0.01,-0.00,1.01,0
56560,101246,24.44,0.00,0.01,0.98,0
56600,101239,24.51,0.01,-0.03,0.99,0
56640,101242,24.43,0.03,0.00,0.98,0
56680,101239,24.50,0.01,0.00,1.02,0
56720,101243,24.42,-0.00,0.01,1.01,0
56760,101248,24.49,-0.00,0.02,0.98,0
56800,101241,24.37,0.01,-0.00,1.00,0
56840,101244,24.44,-0.00,-0.01,1.01,0
56880,101240,24.51,-0.01,0.02,1.03,0
56920,101239,24.40,0.01,-0.01,1.00,0
56960,101239,24.39,-0.00,-0.02,1.00,0
57000,101248,24.40,-0.01,-0.02,1.00,0
57040,101251,24.55,-0.00,-0.00,0.98,0
57080,101245,24.43,-0.01,-0.02,0.99,0
57120,101241,24.43,0.01,-0.00,1.01,0
57160,101245,24.52,0.01,-0.00,0.98,0
57200,101242,24.45,0.00,0.01,1.00,0
57240,101246,24.60,-0.00,0.01,0.99,0
57280,101244,24.41,-0.00,0.00,1.01,0
57320,101244,24.30,0.01,0.02,1.02,0
57360,101245,24.50,-0.00,0.01,1.02,0
57400,101241,24.41,0.01,0.01,1.00,0
57440,101242,24.55,-0.01,-0.01,1.00,0
57480,101237,24.43,0.02,-0.02,0.98,0
57520,101242,24.48,0.01,-0.01,1.02,0
57560,101238,24.37,0.01,-0.01,0.99,0
57600,101242,24.56,0.00,-0.01,1.00,0
57640,101240,24.56,0.00,-0.01,1.00,0
57680,101243,24.41,-0.01,-0.01,1.01,0
57720,101244,24.45,0.01,0.01,1.02,0
57760,101238,24.39,0.00,-0.01,1.01,0
57800,101240,24.49,0.00,-0.01,0.99,0
57840,101240,24.39,0.01,-0.00,1.00,0
57880,101245,24.49,0.01,0.02,1.00,0
57920,101248,24.51,-0.02,-0.00,0.99,0
57960,101246,24.45,0.01,0.00,1.00,0
58000,101242,24.49,-0.00,-0.00,0.99,0
58040,101248,24.46,-0.00,-0.00,0.97,0
58080,101238,24.49,0.00,0.01,0.98,0
58120,101248,24.44,0.01,-0.01,1.01,0
58160,101241,24.45,-0.01,-0.02,0.99,0
58200,101234,24.47,-0.01,0.02,1.00,0
58240,101251,24.45,0.02,0.01,0.99,0
58280,101248,24.44,-0.00,0.01,0.98,0
58320,101240,24.55,-0.00,0.01,1.00,0
58360,101243,24.52,0.01,0.02,0.99,0
58400,101242,24.59,-0.01,0.00,1.01,0
58440,101243,24.50,0.01,-0.02,1.00,0
58480,101238,24.55,0.00,-0.01,1.00,0
58520,101241,24.51,-0.01,0.02,0.99,0
58560,101244,24.45,0.00,-0.01,1.00,0
58600,101244,24.52,-0.00,0.01,1.01,0
58640,101247,24.57,-0.01,0.00,1.00,0
58680,101243,24.52,-0.02,-0.01,1.01,0
58720,101250,24.54,0.00,0.00,1.02,0
58760,101241,24.49,-0.01,0.02,1.01,0
58800,101244,24.50,-0.01,0.02,1.00,0
58840,101237,24.47,0.02,-0.02,1.00,0
58880,101239,24.55,-0.00,-0.01,1.01,0
58920,101247,24.46,-0.00,0.01,0.98,0
58960,101240,24.59,-0.00,-0.00,0.99,0
59000,101244,24.55,-0.00,0.00,1.02,0
59040,101243,24.58,-0.02,0.02,0.99,0
59080,101239,24.54,0.00,0.00,0.99,0
59120,101242,24.55,0.01,-0.01,1.00,0
59160,101241,24.56,0.01,0.00,1.01,0
59200,101241,24.55,-0.00,0.00,1.00,0
59240,101245,24.51,-0.03,-0.02,1.01,0
59280,101245,24.57,0.01,0.00,1.00,0
59320,101241,24.56,-0.00,0.00,1.02,0
59360,101240,24.46,-0.01,-0.00,0.97,0
59400,101244,24.47,0.01,0.01,1.00,0
59440,101242,24.60,-0.01,0.02,1.00,0
59480,101246,24.51,0.01,0.01,1.00,0
59520,101251,24.53,-0.02,-0.02,1.00,0
59560,101245,24.59,-0.01,0.00,0.98,0
59600,101243,24.47,-0.00,0.01,1.01,0
59640,101242,24.60,-0.01,-0.00,1.01,0
59680,101240,24.49,-0.00,0.00,1.00,0
59720,101240,24.59,0.01,-0.00,0.97,0
59760,101239,24.58,0.01,0.01,1.01,0
59800,101241,24.57,0.01,-0.01,1.00,0
59840,101241,24.50,-0.00,-0.01,0.99,0
59880,101245,24.45,-0.00,0.01,0.96,0
59920,101241,24.61,-0.00,-0.01,1.00,0
59960,101242,24.54,-0.00,0.02,1.00,0
60000,101239,24.57,-0.00,-0.00,0.99,0
60040,101248,24.55,-0.01,0.01,1.00,0
60080,101244,24.59,0.02,0.01,0.99,0
60120,101248,24.64,-0.02,0.02,0.96,0
60160,101245,24.51,-0.00,-0.01,0.97,0
60200,101247,24.49,0.00,-0.02,1.01,0
60240,101242,24.62,0.02,0.00,1.00,0
60280,101245,24.54,0.03,0.01,1.01,0
60320,101251,24.58,0.01,-0.02,1.01,0
60360,101239,24.54,-0.03,0.01,0.99,0
60400,101246,24.59,-0.01,-0.00,1.02,0
60440,101248,24.58,0.00,-0.02,1.01,0
60480,101244,24.54,0.01,-0.01,1.01,0
60520,101245,24.60,-0.02,0.00,0.99,0
60560,101247,24.63,0.00,0.00,1.05,0
60600,101240,24.61,-0.00,0.01,1.00,0
60640,101244,24.64,-0.01,0.02,0.99,0
60680,101240,24.56,-0.01,-0.00,1.03,0
60720,101240,24.59,-0.01,-0.00,1.00,0
60760,101241,24.63,-0.00,0.00,1.04,0
60800,101242,24.57,0.00,-0.01,1.01,0
60840,101243,24.56,0.02,0.01,1.01,0
60880,101244,24.56,-0.00,-0.00,1.00,0
60920,101238,24.57,-0.01,0.00,1.00,0
60960,101249,24.57,0.01,0.01,0.99,0
61000,101246,24.69,0.00,0.01,1.03,0
61040,101245,24.52,0.01,0.01,1.02,0
61080,101241,24.63,0.01,-0.02,0.99,0
61120,101242,24.62,-0.02,-0.01,1.00,0
61160,101244,24.61,0.01,0.00,0.99,0
61200,101244,24.55,0.01,0.01,1.01,0
61240,101237,24.60,0.00,-0.02,1.00,0
61280,101245,24.64,-0.01,0.01,1.01,0
61320,101252,24.71,-0.00,-0.00,0.98,0
61360,101236,24.55,-0.02,-0.02,1.01,0
61400,101246,24.60,0.00,-0.02,0.97,0
61440,101244,24.52,0.02,0.01,0.98,0
61480,101242,24.61,0.00,-0.01,0.99,0
61520,101247,24.65,0.01,0.01,1.01,0
61560,101239,24.61,0.01,-0.00,1.03,0
61600,101243,24.62,0.01,-0.00,0.99,0
61640,101247,24.61,-0.00,-0.01,1.01,0
61680,101242,24.71,0.00,-0.00,0.99,0
61720,101241,24.54,0.01,0.01,0.99,0
61760,101243,24.62,-0.01,0.02,1.00,0
61800,101241,24.64,0.02,-0.03,1.01,0
61840,101248,24.63,-0.00,0.00,1.02,0
61880,101240,24.59,-0.01,0.02,1.02,0
61880,101240,24.59,-0.01,0.02,1.02,0
61920,101245,24.65,0.01,0.00,1.00,0
61960,101238,24.62,0.00,-0.00,0.98,0
62000,101245,24.62,0.00,-0.00,1.01,0
62040,101242,24.64,0.01,0.00,1.00,0
62080,101234,24.66,0.01,-0.00,0.99,0
62120,101242,24.70,-0.01,0.01,0.99,0
62160,101239,24.64,0.02,0.02,0.98,0
62200,101241,24.56,-0.04,0.01,1.02,0
62240,101248,24.65,-0.00,0.01,0.99,0
62280,101239,24.67,0.02,0.02,1.01,0
62320,101239,24.61,-0.00,-0.01,1.03,0
62360,101247,24.70,0.00,-0.00,1.00,0
62400,101243,24.61,0.01,0.01,1.01,0
62440,101248,24.64,-0.03,-0.00,0.98,0
62480,101243,24.56,0.03,-0.01,1.00,0
62520,101240,24.63,-0.01,0.02,0.97,0
62560,101242,24.67,-0.01,0.02,1.01,0
62600,101246,24.65,-0.02,0.01,1.02,0
62640,101246,24.68,-0.00,0.01,0.99,0
62680,101242,24.66,0.00,-0.00,0.99,0
62720,101243,24.64,-0.01,-0.01,1.02,0
62760,101242,24.64,-0.01,-0.01,1.01,0
62800,101240,24.64,-0.01,0.00,1.00,0
62840,101249,24.61,-0.01,0.02,1.00,0
62880,101242,24.71,0.01,-0.00,1.00,0
62920,101239,24.74,-0.01,-0.00,0.99,0
62960,101241,24.65,-0.01,0.00,0.98,0
63000,101245,24.69,0.00,0.00,0.99,0
63040,101244,24.72,0.02,-0.00,0.99,0
63080,101242,24.69,-0.00,0.00,1.01,0
63120,101240,24.60,0.01,-0.01,0.98,0
63160,101242,24.65,0.02,-0.01,1.01,0
63200,101237,24.62,0.01,0.00,1.02,0
63240,101238,24.68,0.00,-0.02,1.01,0
63280,101245,24.71,0.00,0.00,1.01,0
63320,101241,24.71,-0.01,-0.00,1.01,0
63360,101244,24.68,-0.01,-0.02,1.01,0
63400,101246,24.71,0.02,0.01,0.99,0
63440,101244,24.70,-0.00,-0.01,0.98,0
63480,101242,24.59,-0.01,-0.00,1.00,0
63520,101249,24.68,0.00,0.02,1.00,0
63560,101245,24.75,-0.01,-0.01,0.99,0
63600,101241,24.59,0.02,0.00,1.01,0
63640,101245,24.77,0.01,0.02,0.97,0
63680,101244,24.75,0.00,-0.01,1.02,0
63680,101244,24.75,0.00,-0.01,1.02,0
63720,101239,24.69,-0.01,-0.02,1.03,0
63760,101243,24.56,0.00,0.02,1.01,0
63800,101242,24.66,-0.00,-0.01,1.00,0
63840,101236,24.68,-0.02,-0.02,1.02,0
63880,101242,24.63,-0.01,0.03,0.99,0
63920,101241,24.63,-0.01,0.01,0.99,0
63960,101241,24.68,-0.03,-0.01,1.00,0
64000,101237,24.70,0.02,0.01,0.96,0
64040,101241,24.61,-0.01,-0.00,1.00,0
64080,101242,24.73,-0.02,-0.03,1.01,0
64120,101243,24.65,-0.03,-0.01,0.99,0
64160,101239,24.64,-0.01,0.01,0.98,0
64200,101244,24.71,0.00,-0.00,1.03,0
64240,101238,24.63,0.03,-0.01,1.00,0
64280,101242,24.72,0.01,0.01,0.99,0
64320,101247,24.69,0.01,0.02,0.99,0
64360,101240,24.77,0.01,0.00,0.98,0
64400,101241,24.64,0.00,-0.03,0.99,0
64440,101246,24.73,-0.02,0.02,1.02,0
64480,101241,24.66,-0.00,-0.00,0.99,0
64520,101241,24.69,0.01,0.02,1.00,0
64560,101243,24.72,0.00,-0.01,1.01,0
64600,101246,24.69,-0.01,0.01,0.97,0
64640,101235,24.69,-0.00,-0.00,0.98,0
64680,101239,24.67,-0.00,0.01,1.00,0
64720,101239,24.71,-0.01,0.00,0.96,0
64760,101239,24.75,0.01,-0.00,0.99,0
64800,101239,24.79,-0.01,0.02,1.00,0
64840,101239,24.68,-0.00,-0.01,1.00,0
64880,101243,24.75,-0.00,-0.01,1.00,0
64920,101239,24.74,0.00,0.01,1.01,0
64960,101243,24.74,0.01,0.00,1.02,0
65000,101243,24.75,0.01,-0.00,0.98,0
65040,101240,24.71,0.00,0.00,1.00,0
65080,101243,24.80,-0.02,-0.02,1.00,0
65080,101243,24.80,-0.02,-0.02,1.00,0
65120,101248,24.70,0.00,0.01,1.04,0
65160,101243,24.67,-0.01,-0.00,0.98,0
65200,101240,24.70,0.02,-0.00,1.00,0
65240,101242,24.79,-0.02,0.00,1.00,0
65280,101239,24.75,-0.01,-0.01,1.00,0
65320,101243,24.78,-0.01,0.01,0.97,0
65360,101245,24.76,0.01,-0.01,1.00,0
65400,101239,24.74,0.00,0.01,1.00,0
65440,101241,24.73,-0.00,0.00,1.01,0
65480,101246,24.76,-0.01,-0.00,0.99,0
65520,101241,24.70,-0.01,-0.01,1.01,0
65560,101243,24.69,0.00,-0.01,1.01,0
65600,101239,24.76,0.01,0.01,0.99,0
65640,101239,24.75,-0.01,-0.01,0.99,0
65680,101240,24.74,0.00,0.00,1.04,0
65720,101249,24.75,0.00,-0.00,1.00,0
65760,101241,24.74,0.00,-0.00,1.01,0
65800,101240,24.78,-0.01,0.00,1.00,0
65840,101240,24.74,-0.00,-0.00,1.01,0
65880,101242,24.77,-0.01,-0.00,1.02,0
65920,101244,24.71,0.01,-0.00,1.05,0
65960,101243,24.79,0.00,-0.00,0.98,0
66000,101249,24.74,0.02,0.00,1.00,0
66040,101243,24.76,0.00,-0.01,1.00,0
66080,101247,24.79,-0.02,-0.00,0.96,0
66120,101243,24.69,0.01,0.01,1.03,0
66160,101244,24.71,-0.00,-0.00,1.02,0
66200,101237,24.79,0.00,0.01,0.99,0
66840,101240,24.73,-0.01,0.00,0.99,0
66880,101239,24.82,0.00,-0.00,1.01,0
66920,101242,24.78,0.00,-0.01,1.02,0
66960,101246,24.78,0.01,0.02,1.02,0
67000,101239,24.80,0.00,-0.00,1.00,0
67040,101247,24.76,-0.02,0.00,1.00,0
67080,101245,24.87,0.02,-0.02,0.99,0
67120,101241,24.84,0.01,0.00,1.00,0
67160,101244,24.71,0.03,-0.01,1.01,0
67200,101237,24.82,-0.01,0.01,1.02,0
67240,101236,24.80,0.00,0.01,1.01,0
67280,101238,24.85,-0.01,-0.01,0.99,0
67320,101241,24.68,-0.02,-0.00,0.99,0
67360,101241,24.77,0.01,0.00,1.01,0
67400,101240,24.80,-0.00,-0.01,1.00,0
67440,101242,24.73,-0.01,0.01,1.01,0
67480,101235,24.81,-0.01,0.01,0.99,0
67520,101244,24.81,-0.01,0.02,1.02,0
67560,101237,24.78,-0.01,-0.00,1.01,0
67600,101240,24.88,-0.00,-0.01,1.00,0
67640,101241,24.83,-0.02,-0.00,1.00,0
67680,101238,24.77,0.00,0.01,1.01,0
67720,101238,24.78,-0.01,0.01,1.00,0
67760,101239,24.81,0.03,-0.03,0.99,0
67800,101242,24.78,-0.00,0.02,1.00,0
67840,101244,24.81,0.00,-0.00,1.01,0
67880,101244,24.95,-0.01,-0.00,1.00,0
67920,101239,24.73,0.01,-0.00,0.97,0
67960,101239,24.82,0.00,-0.01,1.02,0
68000,101239,24.80,-0.02,0.01,1.00,0
68040,101243,24.84,-0.02,-0.02,0.99,0
68080,101235,24.83,-0.00,0.02,1.02,0
68120,101246,24.84,-0.00,0.02,1.00,0
68720,101241,24.90,-0.00,0.01,1.03,0
68760,101244,24.85,-0.00,0.01,0.97,0
68800,101238,24.80,-0.01,-0.02,1.00,0
68840,101244,24.87,-0.00,-0.00,1.01,0
68880,101243,24.91,0.01,-0.00,1.00,0
68920,101243,24.93,0.00,0.02,0.99,0
68960,101235,24.86,-0.01,-0.00,1.01,0
69000,101241,24.84,0.02,-0.02,1.01,0
69040,101244,24.82,0.00,-0.01,1.00,0
69080,101244,24.87,-0.01,-0.01,0.99,0
69120,101242,24.87,0.01,0.02,0.98,0
69160,101234,24.89,-0.01,0.00,1.00,0
69200,101244,24.91,0.00,-0.00,1.02,0
69240,101240,24.89,-0.00,0.01,0.98,0
69280,101245,24.83,0.02,-0.00,0.97,0
69320,101236,24.91,0.01,-0.01,0.98,0
69360,101244,24.88,0.00,-0.01,0.99,0
69400,101241,24.90,0.01,-0.02,0.98,0
69440,101244,24.86,-0.01,0.00,1.01,0
69480,101239,24.97,0.00,0.01,0.98,0
69520,101240,24.85,0.01,-0.02,1.02,0
69560,101249,24.91,0.00,-0.00,0.98,0
69600,101239,24.83,-0.01,-0.01,1.02,0
69640,101239,24.84,-0.01,-0.02,1.00,0
69680,101241,24.89,0.01,0.02,1.01,0
69720,101238,24.85,0.00,0.00,1.00,0
69760,101246,24.84,0.00,-0.01,1.00,0
69800,101247,24.88,-0.03,0.01,1.03,0
69840,101239,24.88,-0.01,0.01,0.98,0
69880,101236,24.90,0.00,-0.01,1.00,0
69920,101245,24.86,-0.01,0.01,0.99,0
69960,101245,24.87,-0.01,0.01,0.99,0
70000,101244,24.86,0.00,-0.02,0.97,0
70040,101245,24.91,0.02,-0.01,1.00,0
70080,101239,24.84,0.00,0.00,1.01,0
70120,101241,24.87,0.02,-0.01,1.02,0
70160,101237,24.85,0.01,0.01,1.03,0
70200,101237,24.90,-0.02,0.01,0.99,0
70240,101245,24.86,-0.01,-0.01,1.01,0
70280,101240,24.92,0.01,0.01,0.99,0
70320,101249,24.94,0.01,0.02,1.00,0
70360,101242,24.90,-0.01,-0.00,1.00,0
70400,101240,24.92,-0.02,-0.00,1.00,0
70440,101244,24.89,-0.01,0.00,0.99,0
70480,101247,24.94,-0.01,0.00,0.98,0
70520,101243,24.97,0.01,0.02,0.99,0
70560,101238,24.86,-0.02,-0.00,1.01,0
70560,101238,24.86,-0.02,-0.00,1.01,0
70600,101243,24.95,0.01,-0.01,1.02,0
70640,101246,24.96,-0.01,-0.03,0.99,0
70680,101240,24.92,0.02,0.00,1.00,0
70720,101239,25.00,0.02,0.00,1.01,0
70760,101245,24.98,-0.01,0.00,0.99,0
70800,101242,24.88,0.01,0.01,1.03,0
70840,101238,24.96,0.01,-0.00,0.98,0
70880,101240,24.90,0.00,-0.01,1.03,0
70920,101239,24.99,-0.00,0.02,1.01,0
70960,101243,25.01,-0.00,0.01,1.00,0
71000,101242,24.93,0.01,0.02,1.00,0
71040,101245,24.95,-0.01,-0.00,1.01,0
71080,101244,24.88,-0.00,-0.01,1.00,0
71120,101237,24.98,0.00,-0.00,0.99,0
71160,101243,24.86,0.00,0.02,1.00,0
71200,101244,24.94,-0.01,-0.01,1.02,0
71240,101243,24.98,-0.02,-0.01,1.02,0
71280,101245,24.90,-0.00,-0.01,1.00,0
71320,101240,24.91,-0.01,-0.01,1.03,0
71360,101239,25.07,0.00,0.01,1.01,0
71400,101245,24.95,-0.00,-0.00,1.01,0
71440,101238,24.89,-0.01,0.01,0.98,0
71480,101235,25.03,-0.00,0.00,1.02,0
71520,101245,24.95,0.00,-0.01,1.01,0
71560,101239,24.99,-0.01,0.01,1.01,0
71600,101241,24.98,-0.01,0.01,1.02,0
71640,101237,24.93,-0.02,-0.01,1.00,0
71680,101237,25.02,0.01,0.01,0.99,0
71720,101238,24.99,0.00,-0.01,0.97,0
71760,101240,25.01,-0.02,0.01,1.03,0
71800,101243,24.96,-0.01,-0.01,0.99,0
71840,101234,24.98,0.01,-0.01,1.00,0
71880,101244,24.93,0.01,0.01,0.99,0
71920,101238,24.95,0.00,-0.02,0.99,0
71960,101238,24.97,-0.02,0.00,1.00,0
72000,101244,24.94,0.01,-0.01,1.01,0
72040,0,24.96,0.01,-0.01,1.01,0
72080,101237,25.00,0.01,0.02,0.98,0
72120,101247,24.97,-0.01,0.01,1.02,0
72160,101239,24.96,0.00,0.02,1.00,0
72200,101242,24.97,-0.02,-0.01,1.01,0
72240,101242,24.91,0.00,0.00,1.00,0
72280,101246,25.02,-0.01,0.02,0.99,0
72320,101240,25.03,-0.01,0.00,1.00,0
72360,101245,25.06,-0.01,-0.01,1.02,0
72400,101239,25.02,-0.00,-0.00,0.98,0
72440,101245,24.97,0.00,0.01,1.01,0
72480,101239,25.05,0.00,-0.01,1.00,0
72520,101240,25.06,0.00,0.02,0.98,0
72560,101248,24.96,-0.01,0.00,0.99,0
72600,101242,24.92,-0.00,-0.03,0.99,0
72640,101242,25.01,-0.01,-0.00,0.99,0
72680,101249,24.97,0.00,0.01,1.01,0
72720,101243,24.96,0.02,0.00,0.99,0
72760,101239,25.06,-0.00,0.02,1.01,0
72800,101244,24.99,-0.01,-0.01,0.99,0
72840,101238,24.98,0.02,0.00,1.00,0
72880,101245,25.02,-0.00,-0.01,0.98,0
72920,101245,25.07,-0.00,0.02,1.03,0
72960,101240,25.01,0.01,-0.00,1.00,0
73000,101239,25.01,0.00,0.02,1.00,0
73040,101242,25.05,0.00,0.01,1.03,0
73080,101241,24.93,0.01,-0.01,1.00,0
73120,101238,24.99,-0.01,-0.02,0.96,0
73160,101243,25.11,0.01,-0.00,0.97,0
73200,101235,25.04,0.02,0.01,0.98,0
73240,101240,24.98,0.00,-0.00,1.02,0
73280,101240,24.96,-0.01,-0.03,1.02,0
73320,101241,25.04,-0.00,-0.02,1.01,0
73360,101242,24.94,-0.01,-0.02,0.98,0
73400,101237,24.97,-0.01,0.01,1.01,0
73440,101243,25.02,-0.01,-0.00,0.98,0
73480,101241,25.04,-0.01,-0.01,1.01,0
73520,101239,24.97,-0.02,0.01,0.97,0
73560,101237,24.96,-0.01,-0.01,1.00,0
73600,101238,24.86,-0.01,0.02,1.02,0
73640,101243,25.07,-0.00,0.00,0.99,0
73680,101238,24.94,0.00,0.01,1.00,0
73720,101242,25.02,0.01,0.00,1.02,0
73760,101245,25.00,-0.02,0.01,1.01,0
73800,101245,24.99,0.00,0.01,0.96,0
73840,101246,25.15,0.01,-0.00,0.98,0
73880,101240,24.95,0.04,-0.00,1.01,0
73920,101238,25.00,-0.00,0.01,0.99,0
73960,101245,25.03,-0.00,0.01,1.01,0
74000,101242,25.02,0.02,-0.01,0.99,0
74040,101245,25.04,-0.00,0.01,0.96,0
74080,101241,24.95,-0.03,0.02,1.01,0
74120,101245,25.00,0.00,-0.02,1.00,0
74160,101244,25.11,0.01,0.03,0.99,0
74200,101244,25.10,0.00,0.00,1.00,0
74240,101243,25.08,0.02,0.00,1.01,0
74280,101243,25.04,0.00,-0.01,1.02,0
74320,101242,25.08,0.00,-0.00,0.99,0
74360,101242,25.00,-0.01,-0.01,1.01,0
74400,101244,25.07,-0.02,-0.01,1.02,0
74440,101240,25.13,0.01,0.03,0.99,0
74480,101247,25.07,-0.01,0.03,1.01,0
74520,101241,25.07,0.01,-0.01,1.00,0
74560,101244,24.94,-0.00,-0.01,1.01,0
74600,101241,25.12,0.00,-0.01,0.98,0
74640,101240,25.10,-0.00,-0.00,0.98,0
74680,101248,25.07,0.00,0.01,0.99,0
74720,101240,25.06,-0.02,0.00,1.00,0
74760,101237,25.04,0.01,-0.01,1.02,0
74800,101239,25.08,0.01,0.00,0.99,0
74840,101240,25.04,0.01,0.00,1.01,0
74880,101248,25.05,0.01,0.01,0.98,0
74920,101242,25.17,0.01,0.01,1.01,0
74960,101244,25.07,0.01,0.03,1.00,0
75000,101238,25.02,0.00,0.00,1.02,0
75040,101242,25.01,-0.00,-0.00,1.02,0
75080,101243,25.13,0.00,0.01,1.00,0
75120,101247,25.08,-0.03,-0.01,0.98,0
75160,101239,25.10,0.00,-0.01,1.00,0
75200,101243,25.07,0.01,-0.01,0.99,0
75240,101242,25.14,-0.00,0.01,0.99,0
75280,101238,25.07,-0.00,-0.01,1.01,0
75320,101241,25.01,0.00,-0.03,1.01,0
75360,101240,25.08,0.01,0.02,0.99,0
75400,101234,25.08,-0.02,-0.01,1.00,0
75440,101243,25.08,0.01,0.01,1.02,0
75480,101243,25.05,0.00,-0.01,1.00,0
75520,101240,24.95,-0.00,0.00,0.99,0
75560,101237,25.07,-0.02,-0.01,0.99,0
75600,101246,25.10,0.01,-0.01,1.00,0
75640,101242,25.11,-0.01,0.01,1.03,0
75680,101244,25.11,-0.01,0.00,1.02,0
75720,101246,25.16,-0.02,0.00,0.99,0
75760,101240,25.07,0.00,0.01,1.00,0
75800,101244,25.05,-0.00,-0.01,1.03,0
75840,101240,25.02,0.01,0.00,1.00,0
75880,101241,25.04,-0.01,-0.00,0.99,0
75920,101241,25.09,0.00,-0.01,1.01,0
75960,101241,25.14,-0.01,0.01,1.00,0
76000,101245,25.07,0.01,0.01,1.00,0
76040,101242,25.01,0.01,0.01,0.98,0
76080,101241,25.10,0.01,-0.03,1.01,0
76120,101240,25.14,0.01,0.02,0.98,0
76160,101242,25.15,0.03,-0.03,0.99,0
76200,101238,25.14,-0.01,-0.02,1.00,0
76240,101240,25.12,-0.01,0.00,1.01,0
76280,101241,25.16,0.00,-0.02,1.00,0
76320,101239,25.00,-0.01,0.00,1.01,0
76360,101241,25.11,-0.00,-0.02,0.98,0
76400,101239,25.05,-0.01,-0.01,1.03,0
76440,101248,25.16,-0.01,-0.01,0.99,0
76480,101245,25.08,-0.01,-0.03,1.02,0
76520,101243,25.15,0.01,0.00,1.01,0
76560,101241,25.10,-0.02,0.00,1.00,0
76600,101248,25.05,-0.03,0.01,0.98,0
76640,101242,25.11,-0.01,0.02,0.98,0
76680,101241,25.17,-0.03,0.01,0.99,0
76720,101242,25.01,0.00,-0.00,0.97,0
76760,101242,25.14,-0.00,0.01,0.98,0
76800,101246,25.09,-0.01,0.00,0.99,0
76840,101241,25.07,0.02,-0.01,1.02,0
76880,101248,25.17,-0.01,-0.02,1.00,0
76920,101238,25.16,0.01,0.00,1.01,0
76960,101243,25.10,-0.01,0.04,1.02,0
77000,101238,25.06,0.00,0.00,0.97,0
77040,101247,25.12,0.01,0.02,1.02,0
77080,101240,25.11,-0.00,-0.01,1.00,0
77120,101241,25.18,-0.01,-0.00,0.99,0
77160,101244,25.10,-0.01,0.02,1.03,0
77200,101245,25.21,-0.02,0.00,1.04,0
77240,101237,25.16,-0.01,0.01,1.00,0
77280,101240,25.12,0.00,0.01,1.00,0
77320,101237,25.14,-0.01,-0.00,1.01,0
77360,101241,25.15,-0.00,-0.02,1.02,0
77400,101241,25.08,0.01,-0.00,1.01,0
77440,101240,25.20,-0.00,-0.04,0.97,0
77480,101239,25.10,-0.01,0.00,1.03,0
77520,101240,25.18,-0.00,0.02,1.00,0
77560,101239,25.19,0.00,-0.02,1.01,0
77600,101243,25.24,-0.00,0.01,1.01,0
77640,101246,25.14,-0.00,0.01,0.99,0
77680,101235,25.13,0.01,0.01,1.02,0
77720,101241,25.12,-0.02,0.01,0.98,0
77760,101240,25.13,-0.00,0.02,1.00,0
77800,101243,25.10,-0.00,0.02,0.97,0
77840,101238,25.09,0.01,0.00,0.98,0
77880,101241,25.15,0.00,-0.01,0.99,0
77920,101238,25.23,0.00,0.01,1.00,0
77960,101243,25.13,0.00,-0.01,1.01,0
78000,101241,25.15,-0.00,-0.00,0.99,0
78040,101240,25.23,-0.02,0.00,0.98,0
78080,101242,25.21,-0.00,0.00,1.01,0
78120,101240,25.19,0.00,0.00,1.00,0
78160,101236,25.15,-0.00,-0.00,0.99,0
78200,101243,25.14,0.02,-0.02,1.03,0
78240,101242,25.15,0.01,-0.00,1.00,0
78280,101240,25.20,0.02,-0.00,1.00,0
78320,101244,25.15,0.02,0.01,1.02,0
78360,101245,25.18,-0.02,0.01,0.97,0
78400,101237,25.15,0.01,-0.01,0.99,0
78440,101238,25.07,0.01,0.00,0.99,0
78480,101238,25.20,-0.02,-0.01,1.00,0
78520,101245,25.22,-0.00,-0.02,0.99,0
78560,101239,25.24,-0.01,0.00,1.01,0
78600,101237,25.16,0.00,-0.02,0.99,0
78640,101239,25.19,0.01,0.02,0.99,0
78680,101239,25.21,-0.00,-0.01,0.99,0
78720,101236,25.18,-0.00,-0.01,1.04,0
78760,101241,25.19,0.01,-0.00,1.04,0
78800,101237,25.08,-0.00,0.00,1.02,0
78840,101237,25.19,-0.01,0.02,1.01,0
78880,101244,25.18,-0.00,-0.00,1.00,0
78920,101239,25.11,0.00,-0.01,1.01,0
78960,101241,25.21,-0.01,0.02,1.01,0
79000,101243,25.15,-0.01,-0.01,1.00,0
79040,101243,25.26,-0.01,-0.01,1.01,0
79080,101240,25.20,-0.00,-0.00,0.99,0
79120,101241,25.29,0.01,-0.00,1.02,0
79160,101238,25.29,0.01,0.00,0.99,0
79200,101246,25.21,0.00,0.02,0.99,0
79240,101243,25.12,-0.01,0.00,0.97,0
79280,101237,25.19,-0.01,-0.01,1.00,0
79320,101241,25.26,-0.02,0.00,1.00,0
79360,101243,25.24,-0.00,-0.01,1.01,0
79400,101242,25.23,-0.01,-0.02,0.99,0
79440,101247,25.22,0.01,-0.01,0.99,0
79480,101245,25.12,-0.01,0.00,0.99,0
79520,101239,25.21,-0.01,-0.01,1.00,0
79560,101241,25.14,-0.00,0.01,0.99,0
79600,101237,25.19,-0.01,-0.02,0.99,0
79640,101242,25.15,-0.00,-0.01,0.98,0
79680,101241,25.22,0.01,0.01,0.99,0
79720,101249,25.22,-0.01,-0.00,1.01,0
79760,101241,25.25,0.01,-0.02,1.02,0
79800,101234,25.24,0.02,-0.00,1.02,0
79840,101239,25.22,-0.01,0.00,0.99,0
79880,101241,25.22,0.01,0.01,1.01,0
79920,101237,25.27,-0.02,0.01,0.99,0
79960,101238,25.23,-0.01,-0.01,1.01,0
80000,101240,25.17,-0.01,0.02,0.97,0
80040,101242,25.14,0.01,-0.01,1.01,0
80080,101240,25.23,-0.01,0.01,0.99,0
80120,101238,25.20,0.00,-0.01,0.98,0
80160,101243,25.15,0.01,0.02,1.02,0
80200,101239,25.20,-0.01,-0.01,1.00,0
80240,101239,25.28,-0.00,-0.00,0.95,0
80280,101236,25.25,-0.02,-0.00,1.00,0
80320,101238,25.24,0.01,0.02,0.96,0
80360,101243,25.16,0.02,0.00,0.99,0
80400,101236,25.23,-0.00,0.01,0.99,0
80440,101241,25.24,-0.02,0.02,1.01,0
80480,101243,25.22,-0.02,-0.00,1.01,0
80520,101240,25.36,0.02,-0.01,0.99,0
80560,101242,25.20,0.00,-0.01,1.01,0
80600,101237,25.26,0.00,-0.01,1.02,0
80640,101245,25.24,-0.02,-0.00,1.00,0
80680,101244,25.25,0.01,0.01,1.03,0
80720,101241,25.25,0.01,-0.03,1.03,0
80760,101235,25.25,0.01,-0.00,1.01,0
80800,101237,25.28,-0.01,-0.01,0.96,0
80840,101244,25.28,-0.00,-0.00,1.02,0
80880,101246,25.27,0.00,-0.02,1.00,0
80920,101242,25.24,0.01,-0.01,0.98,0
80960,101245,25.25,0.02,-0.01,1.02,0
81000,101239,25.25,-0.02,0.01,1.04,0
81040,101240,25.28,-0.01,-0.00,0.99,0
81080,101241,25.41,0.01,-0.03,1.01,0
81120,101242,25.29,-0.01,-0.01,1.00,0
81160,101236,25.35,-0.01,-0.01,1.01,0
81200,101244,25.23,-0.01,-0.00,1.01,0
81240,101245,25.28,-0.00,0.02,1.02,0
81280,101237,25.19,-0.01,-0.01,1.00,0
81320,101236,25.28,-0.00,0.00,1.01,0
81360,101242,25.21,-0.03,0.00,1.02,0
81400,101239,25.28,-0.01,0.01,0.99,0
81440,101233,25.21,-0.00,0.01,1.00,0
81480,101243,25.31,-0.01,0.01,1.02,0
81520,101241,25.26,-0.01,0.01,1.00,0
81560,101239,25.22,-0.01,0.02,1.01,0
81600,101247,25.37,0.01,0.00,1.02,0
81640,101241,25.25,0.01,-0.00,1.00,0
81680,101238,25.30,-0.01,-0.01,0.99,0
81720,101241,25.31,0.00,0.00,1.01,0
81760,101237,25.24,-0.00,0.02,0.99,0
81800,101238,25.35,-0.00,0.01,1.00,0
81840,101242,25.28,0.00,0.01,0.99,0
81880,101239,25.24,0.01,-0.00,1.00,0
81920,101239,25.28,-0.01,-0.02,1.00,0
81960,101246,25.27,-0.02,-0.01,1.00,0
82000,101243,25.38,-0.01,0.02,0.99,0
82040,101243,25.32,-0.00,0.01,1.00,0
82080,101242,25.28,-0.02,0.01,0.98,0
82120,101242,25.27,0.02,0.00,1.00,0
82160,101245,25.30,0.00,-0.00,1.01,0
82200,101241,25.29,-0.00,0.01,1.01,0
82240,101247,25.32,0.01,0.02,1.03,0
82280,101238,25.31,-0.01,0.01,1.00,0
82320,101240,25.34,-0.00,0.01,0.98,0
82360,101236,25.31,-0.02,0.02,1.00,0
82400,101239,25.20,0.02,0.01,1.02,0
82440,101242,25.25,0.00,0.02,1.00,0
82480,101245,25.33,-0.00,-0.00,1.02,0
82520,101238,25.27,0.00,0.01,1.00,0
82560,101241,25.35,-0.02,0.01,0.98,0
82600,101239,25.30,-0.00,0.01,1.00,0
82640,101238,25.29,0.01,0.02,0.99,0
82680,101237,25.28,-0.01,-0.01,0.98,0
82720,101241,25.29,0.01,-0.01,0.99,0
82760,101235,25.31,-0.01,0.03,1.02,0
82800,101241,25.32,-0.02,-0.01,0.99,0
82840,101241,25.28,-0.03,-0.01,0.99,0
82880,101238,25.29,-0.01,0.00,0.99,0
82920,101237,25.21,-0.01,0.01,1.02,0
82960,101236,25.27,-0.00,0.01,1.01,0
83000,101247,25.30,0.00,-0.00,0.97,0
83040,101236,25.37,-0.00,0.01,1.00,0
83080,101246,25.28,-0.01,0.00,0.98,0
83120,101242,25.40,0.03,-0.03,1.01,0
83160,101239,25.31,0.01,0.00,1.00,0
83200,101237,25.38,0.00,0.02,1.00,0
83240,101244,25.26,-0.00,0.00,0.99,0
83280,101246,25.27,0.02,-0.00,1.00,0
83320,101238,25.26,0.01,-0.00,1.02,0
83360,101240,25.42,-0.01,-0.01,1.02,0
83400,101244,25.39,0.00,0.01,1.00,0
83440,101242,25.34,0.00,-0.02,1.01,0
83480,101247,25.38,-0.01,-0.01,1.00,0
83520,101239,25.38,0.00,-0.01,1.01,0
83560,101242,25.35,-0.01,-0.00,0.99,0
83600,101236,25.38,-0.02,-0.01,0.99,0
83640,101247,25.35,0.03,-0.00,1.02,0
83680,101238,25.39,0.02,0.02,1.01,0
83720,101233,25.30,-0.00,0.02,1.03,0
83760,101240,25.41,0.03,0.01,0.99,0
83800,101240,25.36,0.00,0.01,1.01,0
83840,101247,25.31,0.01,-0.01,1.00,0
83880,101239,25.39,0.01,0.01,0.99,0
83920,101239,25.35,0.01,-0.01,0.98,0
83960,101242,25.23,0.00,-0.01,1.00,0
84000,101246,25.30,-0.00,-0.00,1.01,0
84040,101240,25.32,-0.01,0.00,1.01,0
84080,101244,25.31,0.01,0.00,1.01,0
84120,101242,25.27,0.00,-0.00,1.00,0
84160,101239,25.33,-0.00,-0.03,1.00,0
84200,101241,25.43,0.00,0.00,1.01,0
84240,101241,25.43,-0.01,-0.02,0.98,0
84280,101237,25.33,0.00,0.01,0.99,0
84320,101244,25.32,0.01,0.01,0.99,0
84360,101236,25.41,-0.00,-0.01,1.00,0
84400,101244,25.33,-0.02,-0.02,0.99,0
84440,101243,25.38,0.00,0.01,0.99,0
84480,101240,25.37,-0.02,-0.01,1.02,0
84520,101238,25.37,0.02,0.01,0.99,0
84560,101240,25.34,-0.02,0.02,1.01,0
84600,101242,25.55,0.02,0.00,0.98,0
84640,101243,25.29,-0.00,-0.00,0.98,0
84680,101241,25.41,0.01,-0.01,1.00,0
84720,101244,25.31,0.01,-0.01,0.98,0
84760,101239,25.28,-0.01,-0.02,1.02,0
84800,101241,25.41,-0.01,-0.01,1.00,0
84840,101235,25.39,-0.01,0.02,1.01,0
84880,101243,25.48,-0.03,-0.02,1.01,0
84920,101241,25.40,-0.00,-0.01,1.01,0
84960,101239,25.36,0.02,0.01,1.01,0
85000,101244,25.29,0.00,0.02,1.03,0
85040,0,25.45,0.01,-0.01,1.02,0
85080,101231,25.48,0.01,0.01,1.00,0
85120,101240,25.40,-0.00,0.01,1.00,0
85160,101236,25.32,-0.01,0.00,1.00,0
85200,101244,25.47,0.01,0.02,1.00,0
85240,101248,25.45,-0.01,-0.01,1.01,0
85280,101239,25.41,-0.01,0.01,1.02,0
85320,101241,25.44,0.02,0.01,1.01,0
85360,101240,25.36,-0.02,-0.00,0.95,0
85400,101241,25.37,-0.01,0.00,0.99,0
85440,101242,25.40,-0.01,-0.00,1.02,0
86080,101242,25.45,0.01,-0.01,1.00,0
86120,101242,25.51,0.00,0.03,0.98,0
86160,101245,25.39,0.00,-0.01,1.01,0
86200,101242,25.37,0.00,-0.02,0.99,0
86240,101243,25.44,0.01,-0.01,0.98,0
86280,101242,25.45,-0.01,0.00,1.02,0
86320,101246,25.46,-0.02,0.01,1.02,0
86360,101234,25.40,-0.01,0.02,1.00,0
86400,101244,25.45,0.01,0.01,1.04,0
86440,101239,25.50,0.00,0.00,1.00,0
86480,101239,25.49,-0.01,0.01,0.99,0
86520,101237,25.34,0.01,0.01,1.00,0
86560,101234,25.42,-0.00,-0.01,1.02,0
86600,101239,25.51,-0.00,0.00,1.00,0
86640,101238,25.48,0.00,-0.01,1.00,0
86680,101242,25.45,-0.00,-0.00,1.02,0
86720,101235,25.46,0.01,-0.01,1.01,0
86760,101245,25.44,-0.00,-0.01,0.99,0
86800,101241,25.42,0.00,-0.00,1.03,0
86840,101239,25.47,0.00,-0.00,0.99,0
86880,101238,25.41,0.00,-0.02,1.02,0
86920,101238,25.53,-0.02,0.02,1.02,0
86960,101237,25.51,0.01,0.02,0.99,0
87000,101238,25.43,0.01,0.00,0.98,0
87040,101240,25.49,0.01,-0.00,1.01,0
87080,101240,25.50,-0.02,-0.01,0.99,0
87120,101236,25.45,-0.01,-0.01,1.00,0
87160,101239,25.55,-0.01,0.02,1.02,0
87200,101237,25.51,0.02,-0.00,1.02,0
87240,101241,25.38,-0.01,0.00,1.01,0
87280,101246,25.39,-0.02,0.01,1.01,0
87320,101242,25.50,-0.00,-0.02,1.02,0
87360,101239,25.50,0.00,0.03,1.00,0
87400,101235,25.54,-0.00,-0.03,0.98,0
87440,101236,25.33,-0.00,0.01,0.97,0
87480,101235,25.50,-0.00,0.01,1.01,0
87520,101242,25.42,0.01,0.00,1.01,0
87560,101238,25.57,-0.00,0.02,1.00,0
87600,101240,25.50,0.00,-0.01,1.00,0
87640,101238,25.45,0.01,-0.01,0.99,0
87680,101240,25.52,0.01,0.01,1.01,0
87720,101245,25.53,0.01,0.01,0.99,0
87760,101238,25.50,-0.01,-0.01,1.00,0
87800,101239,25.51,0.00,0.02,1.01,0
87840,101238,25.50,0.00,-0.02,1.00,0
87880,101243,25.48,0.02,-0.01,1.00,0
87920,101237,25.44,0.00,-0.02,1.01,0
87960,101236,25.48,0.00,0.03,1.00,0
88000,101236,25.51,0.00,0.01,1.03,0
88040,101236,25.57,0.00,-0.01,1.01,0
88080,101242,25.40,-0.01,-0.01,0.98,0
88120,101248,25.49,-0.00,-0.01,1.01,0
88160,101237,25.45,0.02,0.01,0.99,0
88200,101243,25.51,-0.01,-0.01,1.02,0
88240,101241,25.41,0.01,0.02,0.97,0
88280,101237,25.61,-0.02,-0.03,0.97,0
88320,101239,25.43,-0.01,-0.02,1.00,0
88360,101239,25.53,-0.01,0.00,1.01,0
88400,101238,25.58,-0.00,0.01,1.01,0
88440,101246,25.50,-0.00,0.00,1.01,0
88480,101234,25.43,-0.00,0.00,1.01,0
88520,101241,25.51,0.02,0.01,0.98,0
88560,101241,25.58,-0.01,-0.01,1.02,0
88600,101238,25.48,-0.02,0.01,1.01,0
88640,101241,25.53,-0.02,0.01,0.99,0
88680,101243,25.55,-0.01,-0.01,0.97,0
88720,101241,25.46,0.01,0.00,0.99,0
88760,101241,25.57,0.00,0.01,1.01,0
88800,101242,25.50,0.00,0.01,1.02,0
88840,101234,25.54,0.01,-0.01,0.97,0
88880,101245,25.52,0.00,0.01,0.98,0
88920,101247,25.52,-0.01,0.00,1.00,0
88960,101243,25.50,0.00,-0.01,1.00,0
89000,101243,25.55,0.02,0.01,1.01,0
89040,101236,25.54,0.02,0.03,0.99,0
89080,101240,25.55,0.00,0.02,0.96,0
89120,101237,25.48,-0.02,0.02,1.00,0
89160,101238,25.55,0.01,0.00,1.01,0
89200,101243,25.50,-0.02,0.00,1.00,0
89240,101237,25.49,-0.01,0.02,0.99,0
89280,101240,25.47,0.01,0.02,0.98,0
89320,101234,25.47,-0.01,0.00,1.01,0
89360,101239,25.59,-0.00,-0.00,0.99,0
89400,101240,25.58,-0.01,-0.01,1.00,0
89440,101238,25.52,0.01,-0.01,1.03,0
89480,101238,25.62,-0.01,0.00,0.98,0
89520,101246,25.51,-0.01,-0.00,1.00,0
89560,101236,25.54,-0.02,-0.02,0.97,0
89600,101237,25.59,-0.00,0.00,1.02,0
89640,101237,25.48,0.01,-0.01,1.00,0
89680,101244,25.44,-0.00,-0.00,1.00,0
89720,101247,25.46,-0.00,0.01,1.00,0
89760,101241,25.58,0.01,0.00,0.99,0
89800,101238,25.54,-0.01,0.01,1.01,0
89840,101239,25.60,0.03,0.01,1.01,0
89880,101243,25.55,0.01,0.02,1.00,0
89920,101237,25.47,-0.02,0.01,1.01,0
89960,101245,25.57,-0.02,-0.01,0.98,0
90000,101244,25.48,-0.01,-0.01,1.02,0
90040,101240,25.48,-0.01,-0.01,1.00,0
90080,101242,25.58,-0.01,-0.02,0.99,0
90120,101242,25.57,-0.01,0.01,0.98,0
90160,101245,25.51,-0.01,0.02,1.01,0
90200,101237,25.57,-0.01,-0.01,0.99,0
90240,101244,25.63,0.02,0.00,0.99,0
90280,101239,25.46,-0.01,0.01,1.01,0
90320,101237,25.57,-0.01,0.01,1.00,0
90360,101240,25.60,0.00,0.01,1.01,0
90400,101239,25.53,0.01,-0.01,1.01,0
90440,101237,25.53,-0.00,0.00,0.99,0
90480,101235,25.50,-0.01,-0.01,1.00,0
90520,101237,25.57,-0.00,-0.02,1.00,0
90560,101245,25.61,-0.01,-0.01,1.01,0
90920,101240,25.53,-0.02,0.01,0.99,0
90960,101239,25.63,0.02,-0.00,1.02,0
91000,101236,25.63,0.00,-0.00,1.02,0
91040,101241,25.61,-0.00,-0.01,1.00,0
91080,101239,25.62,0.01,-0.01,1.00,0
91120,101243,25.58,-0.00,-0.00,0.99,0
91160,101240,25.54,0.00,0.00,1.00,0
91200,101239,25.69,-0.00,0.01,1.00,0
91240,101240,25.56,0.01,0.01,1.00,0
91280,101239,25.61,0.03,-0.01,1.00,0
91320,101238,25.61,0.00,-0.01,0.99,0
91360,101239,25.57,-0.00,0.00,1.02,0
91920,101243,25.59,0.01,0.01,1.02,0
91960,101238,25.64,-0.01,-0.01,1.00,0
92000,101242,25.58,-0.02,-0.02,1.01,0
92040,101237,25.61,0.02,-0.01,1.02,0
92080,101243,25.61,0.01,0.00,1.02,0
92360,101240,25.62,-0.02,-0.02,1.02,0
92400,101238,25.67,-0.01,-0.02,0.97,0
92440,101228,25.67,0.00,0.02,1.02,0
92480,101240,25.72,0.01,-0.01,0.99,0
92520,101234,25.67,-0.02,0.01,0.99,0
92560,101240,25.68,-0.01,-0.01,1.01,0
92600,101243,25.46,0.01,0.00,0.99,0
92640,101241,25.65,-0.01,0.01,1.00,0
92680,101238,25.66,-0.01,-0.01,1.03,0
92720,101239,25.64,-0.00,-0.01,0.99,0
92760,101239,25.64,-0.01,-0.00,1.00,0
92800,101238,25.53,0.00,0.01,0.99,0
92840,101238,25.62,0.00,-0.01,0.97,0
92880,101237,25.63,-0.01,-0.01,1.02,0
92920,101243,25.63,-0.01,-0.01,1.02,0
92960,101240,25.67,-0.02,0.01,0.99,0
93000,101243,25.60,0.01,0.01,0.99,0
93040,101239,25.63,0.01,-0.00,1.01,0
93080,101240,25.60,0.02,0.02,0.99,0
93120,101239,25.56,-0.01,0.01,1.00,0
93160,101241,25.63,0.00,-0.02,1.00,0
93200,101242,25.63,-0.01,0.01,0.99,0
93240,101240,25.61,0.01,0.01,1.00,0
93280,101237,25.65,0.00,0.00,0.99,0
93320,101237,25.68,0.02,0.00,1.00,0
93360,101245,25.70,0.01,-0.01,1.00,0
93400,101239,25.61,0.01,-0.02,1.02,0
93440,101239,25.61,0.00,-0.01,1.01,0
93480,101244,25.70,0.01,-0.01,1.00,0
93520,101243,25.65,0.02,-0.01,0.99,0
93560,101241,25.61,-0.00,0.01,0.99,0
93600,101238,25.72,0.02,0.01,1.01,0
93640,101247,25.77,-0.01,-0.01,1.03,0
93680,101241,25.59,0.00,-0.00,0.99,0
93720,101241,25.61,-0.00,0.00,1.01,0
93760,101239,25.68,0.00,0.00,1.01,0
93800,101235,25.62,-0.02,0.01,0.97,0
93840,101235,25.68,0.02,-0.02,0.97,0
93880,101241,25.61,0.00,-0.01,1.02,0
93920,101241,25.69,-0.01,0.01,0.98,0
93960,101239,25.64,0.00,0.02,1.01,0
94000,101236,25.74,-0.02,0.04,0.99,0
94040,101235,25.68,0.02,0.01,1.02,0
94080,101239,25.60,-0.01,-0.01,0.99,0
94120,101235,25.67,-0.00,-0.01,1.00,0
94160,101242,25.59,-0.01,0.00,0.99,0
94200,101243,25.67,0.01,0.02,1.02,0
94240,101249,25.71,0.01,-0.02,0.99,0
94280,101242,25.63,-0.01,-0.00,0.99,0
94320,101238,25.65,0.01,-0.01,0.97,0
94360,101237,25.66,-0.00,-0.00,1.03,0
94400,101229,25.72,0.02,-0.01,1.01,0
94440,101238,25.69,-0.00,-0.01,1.00,0
94480,101239,25.58,0.01,0.03,1.02,0
94520,101243,25.57,0.00,-0.01,0.99,0
94560,101241,25.66,0.01,0.01,0.99,0
94600,101241,25.71,0.00,0.02,0.98,0
94640,101240,25.67,-0.01,-0.00,0.97,0
94680,101242,25.63,-0.00,-0.01,0.99,0
94720,101244,25.67,-0.01,-0.01,1.00,0
94760,101236,25.68,0.00,-0.02,0.99,0
94800,101238,25.74,-0.02,0.00,0.99,0
94840,101235,25.74,0.01,0.00,0.99,0
94880,101245,25.61,-0.01,-0.01,1.00,0
94920,101244,25.76,0.02,0.00,1.00,0
94960,101242,25.68,0.00,-0.00,1.03,0
95000,101236,25.65,0.00,-0.01,1.01,0
95040,101240,25.78,0.01,0.00,1.00,0
95080,101239,25.72,-0.01,0.02,1.03,0
95120,101240,25.74,0.01,-0.00,1.03,0
95160,101239,25.63,-0.01,0.03,0.99,0
95200,101241,25.66,-0.02,0.01,1.02,0
95240,101238,25.71,-0.02,-0.00,0.99,0
95280,101242,25.74,0.02,0.01,1.01,0
95320,101240,25.78,0.02,-0.01,1.01,0
95360,101239,25.64,-0.01,0.01,0.98,0
95400,101239,25.70,0.02,0.01,0.98,0
95440,101238,25.70,-0.00,-0.01,1.03,0
95480,101242,25.71,0.00,0.01,1.00,0
95520,101239,25.64,0.00,0.01,1.00,0
95560,101240,25.76,0.01,0.01,1.00,0
95600,101238,25.71,0.02,-0.02,1.02,0
95640,101235,25.73,-0.01,0.00,1.01,0
95680,101242,25.64,0.00,0.01,0.99,0
95720,101236,25.72,0.02,0.00,0.99,0
95760,101242,25.64,-0.02,0.01,1.00,0
95800,101241,25.71,-0.00,-0.01,1.03,0
95840,101234,25.75,0.02,-0.01,1.01,0
95880,101236,25.75,-0.01,-0.01,0.99,0
95920,101238,25.77,0.00,-0.01,1.01,0
95960,101237,25.69,0.00,0.00,0.99,0
96000,101236,25.77,0.00,-0.03,1.00,0
96040,101242,25.80,-0.03,0.01,1.00,0
96080,101239,25.67,0.00,-0.01,0.98,0
96120,101241,25.75,0.00,-0.02,0.99,0
96160,101238,25.73,-0.02,0.01,0.99,0
96200,101240,25.75,0.01,-0.01,1.01,0
96240,101237,25.74,0.01,-0.00,1.02,0
96280,101239,25.77,0.02,0.01,0.98,0
96320,101241,25.71,0.01,0.01,0.99,0
96360,101240,25.73,0.00,-0.00,1.02,0
96400,101238,25.69,0.01,-0.01,1.01,0
96440,101236,25.69,-0.00,0.01,0.99,0
96480,101240,25.74,0.01,-0.00,1.00,0
96520,101240,25.74,-0.01,0.01,1.01,0
96560,101239,25.83,0.00,0.01,0.99,0
96600,101237,25.76,-0.01,0.00,1.00,0
96640,101241,25.79,-0.02,-0.00,1.00,0
96680,101247,25.78,-0.01,-0.00,1.02,0
96720,101238,25.71,-0.00,0.01,0.97,0
96760,101240,25.77,0.00,0.00,0.97,0
96800,101241,25.68,-0.01,-0.01,1.01,0
96840,101231,25.73,0.02,0.00,1.01,0
96880,101240,25.72,-0.01,0.01,1.01,0
96920,101237,25.72,0.02,-0.00,1.02,0
96960,101244,25.69,-0.00,0.01,1.00,0
97000,101239,25.73,0.01,0.01,1.00,0
97040,101237,25.79,-0.00,-0.01,1.02,0
97080,101239,25.73,-0.00,0.01,0.99,0
97120,101240,25.71,-0.00,0.00,1.01,0
97160,101238,25.75,-0.01,-0.01,1.00,0
97200,101239,25.74,0.01,-0.02,0.98,0
97240,101235,25.67,-0.00,0.01,1.02,0
97280,101239,25.68,0.00,-0.01,1.02,0
97320,101242,25.78,0.02,0.00,1.02,0
97360,101246,25.78,-0.01,0.01,1.00,0
97400,101242,25.65,-0.00,-0.01,1.01,0
97440,101242,25.84,0.00,0.01,0.98,0
97480,101243,25.73,-0.01,0.02,0.99,0
97520,101243,25.78,-0.02,-0.01,1.00,0
97560,101245,25.76,-0.00,0.01,1.01,0
97600,101243,25.71,-0.02,0.01,1.01,0
97640,101239,25.70,0.01,-0.02,1.00,0
97680,101240,25.83,-0.02,0.00,1.00,0
97720,101240,25.72,0.01,-0.01,0.99,0
97760,101240,25.72,0.01,0.01,1.02,0
97800,101240,25.76,-0.01,0.02,0.99,0
97840,101237,25.81,0.02,0.01,0.97,0
97880,101233,25.73,-0.01,0.01,0.99,0
97920,101237,25.82,0.00,0.00,1.00,0
97960,101233,25.74,0.02,0.00,1.02,0
98000,101239,25.73,-0.02,0.02,0.98,0
98040,101239,25.79,-0.00,-0.00,1.00,0
98080,101234,25.73,-0.01,0.00,0.99,0
98120,101241,25.87,0.00,0.02,0.99,0
98160,101242,25.82,-0.01,-0.01,1.00,0
98200,101240,25.77,0.03,-0.02,0.99,0
98240,101245,25.82,-0.00,0.00,1.01,0
98280,101245,25.78,-0.01,-0.02,1.00,0
98320,101235,25.81,0.00,0.01,0.99,0
98360,101243,25.80,-0.01,-0.02,1.01,0
98400,101241,25.77,0.01,-0.01,0.98,0
98440,101241,25.75,-0.00,-0.01,1.00,0
98480,101242,25.82,-0.00,0.01,1.00,0
98520,101237,25.76,-0.01,-0.03,1.01,0
98560,101237,25.85,-0.01,-0.01,0.99,0
98600,101237,25.81,0.00,-0.00,1.00,0
98640,101237,25.71,-0.00,-0.00,1.01,0
98680,101239,25.76,-0.01,0.00,1.04,0
98720,101235,25.77,0.02,-0.01,1.00,0
98760,101236,25.75,0.02,0.00,1.00,0
98800,101241,25.85,0.02,-0.01,1.00,0
98840,101239,25.78,0.01,-0.03,1.03,0
98880,101240,25.79,-0.02,0.00,0.99,0
98920,101233,25.81,0.00,0.01,0.97,0
98960,101237,25.83,0.01,-0.02,1.01,0
99000,101237,25.85,-0.01,-0.02,1.00,0
99040,101239,25.78,0.02,-0.00,1.01,0
99080,101237,25.83,0.00,-0.01,0.99,0
99120,101242,25.82,-0.00,-0.00,1.01,0
99160,101239,25.81,0.01,0.00,1.01,0
99200,101239,25.79,-0.02,0.01,1.01,0
99240,101239,25.85,-0.01,0.01,1.00,0
99280,101241,25.82,-0.01,-0.01,0.99,0
99320,101238,25.83,-0.01,-0.00,0.99,0
99360,101243,25.75,0.00,0.00,1.00,0
99400,101241,25.67,0.01,-0.00,0.99,0
99440,101240,25.91,0.00,0.01,1.00,0
99480,101239,25.71,0.01,-0.01,1.02,0
99520,101241,25.82,-0.01,-0.03,0.99,0
99560,101242,25.77,0.00,-0.01,1.01,0
99600,101242,25.80,-0.01,0.02,1.01,0
99640,101240,25.79,0.00,-0.02,0.99,0
99680,101242,25.82,-0.01,-0.01,1.01,0
99720,101239,25.80,-0.01,-0.01,0.99,0
99760,101243,25.87,0.00,-0.02,1.02,0
99800,101239,25.88,-0.00,-0.01,1.00,0
99840,101232,25.80,0.01,-0.00,1.02,0
99880,101243,25.75,-0.01,0.00,0.99,0
99920,101239,25.81,-0.01,0.02,1.00,0
99960,101235,25.87,-0.01,-0.01,1.00,0
100000,101238,25.92,0.02,0.02,1.02,0
100040,101236,25.91,-0.00,-0.01,1.02,0
100080,101246,25.80,0.01,-0.01,0.98,0
100120,101241,25.84,-0.01,-0.00,1.01,0
100160,101234,25.83,0.01,-0.01,1.00,0
100200,101241,25.79,0.02,-0.02,1.00,0
100240,101238,25.87,-0.03,-0.02,0.98,0
100280,101245,25.84,-0.00,-0.00,1.01,0
100320,101236,25.96,-0.01,0.00,1.00,0
100360,101232,25.90,-0.03,-0.02,0.98,0
100400,101239,25.79,0.00,-0.01,0.97,0
100440,101238,25.81,-0.02,-0.01,1.00,0
100480,101238,25.81,0.01,0.03,1.01,0
100520,101232,25.77,0.02,0.02,1.00,0
100560,101240,25.87,0.01,0.00,1.02,0
100600,101244,25.88,-0.01,-0.01,1.00,0
100640,101233,25.82,0.01,0.00,1.00,0
100680,101243,25.89,0.00,0.01,1.02,0
100720,101237,25.86,-0.01,-0.01,1.03,0
100760,101247,25.87,-0.01,-0.00,0.98,0
100800,101240,25.92,0.00,-0.00,0.98,0
100840,101238,25.96,0.00,-0.03,0.99,0
100880,101243,25.86,0.00,-0.01,1.02,0
100920,101241,25.89,0.00,-0.01,0.97,0
100960,101237,25.84,-0.00,-0.01,1.00,0
101000,101241,25.90,-0.01,-0.01,1.00,0
101040,101237,25.95,0.02,-0.02,0.99,0
101080,101233,25.99,-0.00,0.02,1.01,0
101120,101246,25.93,-0.00,0.00,1.01,0
101160,101238,25.87,-0.00,0.02,1.00,0
101200,101237,25.93,-0.01,-0.00,1.01,0
101240,101240,25.90,0.01,0.00,1.00,0
101280,101234,25.85,-0.02,-0.01,1.01,0
101320,101235,25.87,0.00,0.01,0.99,0
101320,101235,25.87,0.00,0.01,0.99,0
101360,101237,25.89,-0.01,0.01,0.98,0
101400,101237,25.86,-0.01,-0.00,0.99,0
101440,101239,25.97,-0.00,-0.00,0.98,0
101480,101243,25.81,-0.01,-0.01,1.01,0
101520,101237,25.85,-0.01,-0.00,0.99,0
101560,101241,25.82,-0.01,0.00,1.00,0
101600,101241,25.84,0.02,0.00,1.01,0
101640,101235,25.96,-0.01,0.01,1.00,0
101680,101240,25.90,-0.02,-0.01,1.00,0
101720,101236,25.88,0.02,-0.00,1.00,0
101760,101242,25.87,-0.02,-0.00,1.00,0
101800,101240,25.97,0.01,-0.01,0.99,0
101840,101239,25.89,-0.01,0.03,1.01,0
101880,101235,25.89,-0.01,-0.01,1.00,0
101920,0,25.77,-0.00,-0.01,1.02,0
101960,101236,25.81,0.01,-0.00,1.01,0
102000,101241,25.86,0.00,0.01,1.04,0
102040,101239,25.85,-0.00,-0.00,0.99,0
102080,101236,25.89,0.00,-0.00,0.97,0
102120,101242,25.91,-0.02,-0.00,1.01,0
102160,101241,25.84,-0.00,0.00,1.00,0
102200,101237,25.88,0.00,0.01,0.99,0
102240,101243,25.89,0.01,-0.01,0.98,0
102280,101238,25.94,0.01,0.01,1.00,0
102320,101238,25.87,0.02,0.01,1.01,0
102360,101239,25.88,0.00,-0.01,0.98,0
102400,101236,25.91,0.00,0.01,1.00,0
102440,101237,26.00,-0.01,0.02,0.99,0
102480,101238,25.95,-0.01,0.03,1.02,0
102520,101244,25.83,0.02,0.00,1.01,0
102560,101244,25.91,-0.00,-0.02,0.99,0
102600,101238,25.91,-0.02,-0.01,1.00,0
102640,101244,25.93,-0.01,0.02,0.99,0
102680,101239,25.94,0.02,-0.01,1.02,0
102720,101240,25.91,-0.01,0.02,1.02,0
102760,101242,25.90,0.01,0.01,1.00,0
102800,101240,26.02,-0.00,-0.01,1.00,0
102840,101247,25.91,-0.00,-0.00,0.98,0
102840,101247,25.91,-0.00,-0.00,0.98,0
102880,101240,25.95,-0.02,0.01,1.01,0
102920,101235,25.90,-0.00,-0.01,1.00,0
102960,101243,26.01,0.00,-0.00,1.03,0
103000,101238,25.90,-0.00,0.03,1.01,0
103040,101238,25.98,0.01,0.01,1.01,0
103080,101229,25.96,0.03,-0.01,0.97,0
103120,101242,25.91,-0.02,0.00,0.98,0
103160,101241,25.93,0.01,-0.01,0.99,0
103200,101241,25.97,-0.01,-0.00,1.00,0
103240,101242,25.87,0.01,-0.01,1.01,0
103280,101244,25.95,-0.01,-0.00,1.01,0
103320,101239,25.92,0.03,-0.01,1.02,0
103360,101242,25.85,-0.00,0.01,0.97,0
103400,101236,25.95,-0.01,-0.01,0.99,0
103440,101238,25.91,-0.01,-0.01,0.99,0
103480,101242,25.81,0.02,0.03,1.01,0
103520,101240,25.92,-0.01,0.00,1.00,0
103560,101235,25.90,-0.00,0.01,1.00,0
103600,101240,25.94,0.00,-0.01,1.00,0
103640,101238,25.94,-0.01,-0.00,1.01,0
103680,101236,25.99,-0.03,-0.02,1.02,0
103720,101240,25.96,0.01,-0.02,1.00,0
103760,101237,25.97,0.01,-0.01,0.99,0
103800,101234,25.96,0.00,0.02,0.97,0
103840,101235,25.92,0.01,-0.01,1.00,0
103880,101244,26.02,-0.01,0.00,1.03,0
103920,101234,25.89,-0.02,0.01,0.99,0
103960,101239,25.95,0.00,0.01,1.00,0
104000,101241,26.00,0.01,0.00,1.02,0
104040,101241,25.97,-0.00,0.04,0.97,0
104080,101235,25.90,-0.01,-0.00,1.00,0
104120,101238,25.94,0.03,-0.01,0.98,0
104160,101239,25.96,-0.00,-0.01,1.01,0
104200,101241,25.97,0.01,-0.01,1.01,0
104240,101237,25.96,-0.01,-0.02,1.00,0
104280,101235,25.90,0.01,0.01,1.01,0
104320,101242,26.10,0.02,-0.02,1.01,0
104360,101242,25.97,0.00,-0.01,1.01,0
104400,101240,25.82,-0.02,0.01,1.00,0
104440,101237,26.01,-0.00,-0.01,1.01,0
104480,101240,25.97,-0.02,0.01,0.98,0
104520,101239,26.01,0.00,0.01,1.02,0
104560,101241,25.92,0.01,-0.00,1.00,0
104600,101235,25.97,-0.01,0.00,1.00,0
104640,101239,25.94,0.01,0.00,0.98,0
104680,101238,25.99,0.01,-0.02,1.00,0
104720,101235,25.95,0.00,-0.00,1.01,0
104760,101239,25.98,-0.03,0.00,1.01,0
104800,101239,26.01,0.01,0.00,1.02,0
104840,101237,26.02,-0.01,-0.01,1.02,0
104880,101240,26.01,-0.02,-0.01,1.02,0
104920,101234,25.98,-0.02,0.01,1.01,0
104960,101239,26.01,-0.00,-0.00,0.99,0
105000,101240,25.95,0.00,0.03,1.04,0
105040,101240,25.97,-0.02,-0.00,1.00,0
105080,101242,25.97,-0.02,-0.00,0.99,0
105120,101235,25.98,-0.02,0.00,0.98,0
105160,101234,25.94,-0.01,-0.01,0.99,0
105200,101239,25.96,-0.01,-0.01,0.99,0
105240,101240,25.97,0.02,0.01,0.99,0
105280,101245,25.92,0.01,-0.00,1.01,0
105320,101241,26.04,-0.02,-0.01,1.00,0
105360,101236,26.06,-0.00,0.00,1.00,0
105400,101241,25.99,0.00,-0.01,0.99,0
105440,101236,25.97,0.01,0.01,1.00,0
105480,101234,25.98,0.01,0.01,1.01,0
105520,101247,25.99,-0.00,0.01,1.00,0
105560,101240,26.05,-0.01,0.00,1.00,0
105600,101241,25.94,-0.00,-0.01,0.99,0
105640,101240,25.98,0.03,-0.01,1.01,0
105680,101244,25.97,0.00,-0.00,0.99,0
105720,101240,26.07,0.01,-0.02,1.00,0
105760,101243,25.98,-0.02,0.00,1.01,0
105800,101235,26.00,0.01,0.02,0.99,0
105840,101234,26.06,0.03,-0.03,1.00,0
105880,101243,26.07,0.00,-0.01,1.02,0
105920,101243,26.05,-0.02,0.01,1.00,0
105960,101240,26.02,-0.01,0.01,1.00,0
106000,101239,25.96,-0.00,0.02,1.02,0
106040,101239,25.93,0.01,-0.00,0.99,0
106080,101236,26.02,0.02,0.01,0.99,0
106120,101244,26.01,0.01,0.01,1.00,0
106160,101241,26.02,0.00,0.01,0.97,0
106200,101240,26.08,0.00,0.00,0.98,0
106240,101240,26.03,0.02,-0.01,0.98,0
106280,101242,26.04,0.00,-0.00,0.98,0
106320,101240,26.04,0.01,-0.05,1.00,0
106360,101241,26.05,-0.01,-0.02,1.00,0
106400,101235,26.12,0.00,0.03,1.01,0
106440,101240,26.01,-0.01,0.02,0.98,0
106480,101246,25.99,-0.00,0.00,1.00,0
106520,101237,25.95,-0.01,0.02,1.00,0
106560,101238,26.02,-0.00,0.00,0.99,0
106600,101241,26.08,0.01,0.00,1.01,0
106640,101242,26.02,-0.00,0.01,1.00,0
106680,101241,25.99,0.02,-0.00,1.01,0
107240,101237,25.97,-0.01,0.00,1.00,0
107280,101235,26.13,0.02,0.00,1.00,0
107320,101236,26.08,0.01,-0.01,1.01,0
107360,101238,26.02,-0.00,-0.00,0.99,0
107400,101235,26.01,0.00,-0.00,0.98,0
107440,101234,26.13,0.02,0.02,1.02,0
107480,101234,26.04,-0.01,-0.01,0.97,0
107520,101240,26.03,-0.02,0.00,1.00,0
107560,101239,26.02,-0.01,-0.00,1.01,0
107600,101242,26.03,0.02,-0.01,0.99,0
107640,101242,26.03,-0.00,0.00,1.01,0
107680,101237,26.04,0.02,-0.02,1.00,0
107720,101241,26.06,-0.02,-0.02,1.00,0
107760,101234,26.11,0.00,-0.00,1.00,0
107800,101246,26.03,-0.00,0.01,1.02,0
107840,101246,26.08,-0.01,0.01,1.01,0
107880,101238,25.97,0.00,-0.01,1.00,0
107920,101235,26.00,-0.01,-0.00,0.99,0
107960,101240,26.03,-0.01,0.00,1.02,0
108000,101232,26.01,0.00,-0.01,1.00,0
108040,101236,26.11,0.00,-0.00,0.98,0
108080,101241,26.12,0.02,-0.02,1.01,0
108120,101239,26.05,-0.02,0.02,1.01,0
108160,101237,26.17,-0.01,-0.01,0.98,0
108200,101241,26.07,-0.02,-0.00,1.02,0
108240,101235,26.09,0.01,0.00,1.01,0
108280,101239,26.06,-0.02,0.01,1.00,0
108320,101237,26.03,-0.01,0.01,0.98,0
108360,101236,26.03,0.00,0.01,1.00,0
108400,101240,26.00,0.01,-0.00,0.98,0
108440,101235,26.12,-0.00,-0.02,0.96,0
108480,101245,26.06,-0.01,0.00,1.00,0
108520,101237,26.04,0.00,0.00,0.98,0
108560,101245,26.11,0.00,-0.00,1.00,0
108600,101235,26.04,-0.01,-0.00,0.99,0
108640,101240,26.15,0.00,0.01,1.03,0
108680,101235,26.15,0.02,-0.01,1.02,0
108720,101234,26.06,-0.00,0.00,1.00,0
108760,101239,26.08,0.00,0.02,0.97,0
108800,101241,26.01,-0.02,0.00,1.00,0
108840,101234,26.10,0.02,0.00,0.98,0
108880,101242,26.11,0.02,0.02,1.00,0
108920,101236,26.09,0.00,0.01,1.00,0
108960,101239,26.06,0.02,0.02,1.00,0
109000,101240,26.06,-0.01,-0.01,0.98,0
109040,101240,26.08,-0.01,0.00,0.99,0
109080,101233,26.05,-0.00,-0.03,1.01,0
109120,101244,26.08,0.02,-0.01,1.00,0
109160,101240,26.05,0.02,0.00,1.02,0
109200,101237,26.08,0.01,-0.01,0.99,0
109240,101235,26.08,-0.01,0.01,1.01,0
109280,101233,26.15,-0.01,-0.01,1.00,0
109320,101234,26.13,-0.01,-0.00,1.01,0
109360,101240,26.10,-0.00,-0.01,0.99,0
109400,101237,26.13,0.01,-0.02,1.01,0
109440,101235,26.08,-0.01,0.02,1.01,0
109480,101237,26.05,-0.01,0.00,0.98,0
109520,101243,26.09,0.01,-0.02,1.00,0
109560,101237,26.12,-0.01,0.00,1.01,0
109600,101236,26.12,-0.01,0.01,0.99,0
109640,101243,26.11,0.00,-0.00,0.97,0
109680,101240,26.15,0.00,0.00,1.01,0
109720,101238,26.08,-0.00,0.01,0.97,0
109760,101236,26.07,-0.01,-0.00,0.99,0
109800,101233,26.07,0.00,0.01,1.01,0
109840,101235,26.16,0.01,0.02,1.02,0
109880,101237,26.09,-0.01,-0.01,0.99,0
109920,101238,26.15,0.01,0.00,0.99,0
109960,101239,26.09,-0.00,0.00,0.96,0
110000,101240,26.12,0.01,-0.01,1.02,0
110040,101239,26.15,0.01,-0.02,1.01,0
110080,101239,26.12,0.00,-0.03,0.98,0
110120,101235,26.10,-0.02,0.01,0.98,0
110160,101231,26.15,0.00,0.03,1.00,0
110200,101237,26.19,-0.01,-0.01,1.00,0
110240,101235,26.18,-0.01,0.01,1.01,0
110280,101236,26.12,0.00,0.00,0.99,0
110320,101237,26.13,0.00,-0.01,0.96,0
110360,101234,26.15,-0.01,0.01,0.99,0
110400,101235,26.14,-0.00,-0.00,1.00,0
110440,101238,26.14,-0.02,0.01,1.01,0
110480,101239,26.14,-0.02,0.01,1.00,0
110520,101236,26.21,-0.01,-0.00,1.01,0
110560,101240,26.02,-0.01,-0.00,0.97,0
110600,101238,26.08,0.00,0.00,1.02,0
110640,101235,26.18,-0.02,0.01,1.01,0
110680,101238,26.14,-0.01,0.02,1.03,0
110720,101244,26.15,-0.01,-0.01,0.98,0
110760,101236,26.18,-0.02,0.01,1.00,0
110800,101242,26.15,0.01,0.03,1.01,0
110840,101243,26.13,0.00,0.00,1.00,0
110880,101243,26.14,-0.01,0.00,0.98,0
110920,101236,26.19,-0.00,-0.01,1.01,0
110960,101245,26.17,0.00,-0.02,0.98,0
111000,101239,26.17,0.03,0.00,1.00,0
111040,101239,26.17,-0.01,0.01,0.99,0
111080,101237,26.15,-0.01,-0.01,0.99,0
111120,101240,26.10,-0.00,0.02,1.00,0
111160,101238,26.12,0.00,-0.01,1.02,0
111200,101238,26.19,-0.00,-0.00,1.00,0
111240,101242,26.10,-0.01,-0.00,0.99,0
111280,101236,26.15,0.01,-0.00,1.01,0
111320,101235,26.24,-0.01,0.02,0.99,0
111360,101235,26.10,0.00,-0.00,0.98,0
111400,101240,26.22,0.01,-0.01,1.00,0
111440,101242,26.15,-0.01,0.00,0.98,0
111480,101235,26.07,0.02,-0.01,0.99,0
111520,101242,26.15,-0.01,0.03,1.01,0
111560,101240,26.20,0.01,0.03,0.97,0
111600,101244,26.20,0.00,0.00,1.02,0
111640,101234,26.19,-0.02,0.00,1.00,0
111680,101239,26.22,-0.02,0.01,1.00,0
111720,101237,26.19,0.00,-0.02,1.01,0
111760,101233,26.16,-0.01,0.01,1.00,0
111800,101236,26.24,0.01,-0.01,1.01,0
111840,101242,26.16,-0.00,-0.00,1.01,0
111880,101237,26.13,0.01,-0.02,1.00,0
111920,101236,26.11,-0.01,-0.00,0.98,0
111960,101241,26.22,-0.01,0.02,1.01,0
112000,101241,26.17,0.01,0.00,1.03,0
112040,101241,26.20,-0.01,0.00,1.00,0
112080,101236,26.17,-0.01,-0.01,1.01,0
112120,101238,26.17,0.01,-0.00,1.00,0
112160,101241,26.15,0.02,0.02,1.00,0
112200,101236,26.22,-0.02,-0.01,1.01,0
112240,101236,26.09,0.03,0.01,1.03,0
112280,101241,26.17,-0.02,-0.01,0.99,0
112320,101243,26.22,-0.01,-0.01,1.02,0
112360,101234,26.12,-0.01,0.02,1.04,0
112400,101230,26.10,-0.03,-0.01,1.00,0
112440,101233,26.18,-0.01,-0.02,1.01,0
112480,101235,26.16,-0.01,0.00,1.02,0
112520,101238,26.19,0.03,-0.00,1.01,0
112560,101240,26.08,-0.01,-0.00,0.99,0
112600,101238,26.15,-0.01,-0.01,0.99,0
112640,101236,26.19,0.00,-0.01,1.00,0
112680,101239,26.15,0.01,0.02,1.00,0
112720,101235,26.21,-0.00,0.01,1.00,0
112760,101238,26.13,0.02,0.03,1.01,0
112800,101236,26.19,0.01,0.02,0.99,0
112840,101247,26.23,0.00,-0.03,1.00,0
112880,101241,26.22,0.00,-0.00,0.98,0
112920,101235,26.21,0.00,0.01,1.03,0
112960,101235,26.20,0.01,0.01,1.04,0
113000,101237,26.22,0.03,-0.01,0.98,0
113040,101233,26.22,-0.00,0.02,1.01,0
113080,101236,26.24,-0.01,0.00,1.01,0
113120,101236,26.17,0.00,0.02,1.00,0
113160,101241,26.22,0.02,0.01,0.98,0
113200,101237,26.21,0.00,0.01,1.04,0
113240,101236,26.26,0.00,-0.01,1.01,0
113280,101234,26.22,0.02,0.01,1.02,0
113320,101234,26.17,-0.00,0.00,0.99,0
113360,101238,26.23,-0.00,-0.00,0.99,0
113400,101237,26.21,-0.02,0.01,1.01,0
113440,101242,26.24,0.02,0.00,1.00,0
113480,101236,26.28,-0.00,0.00,0.97,0
113520,101241,26.19,0.00,0.01,1.01,0
113560,101239,26.26,-0.01,-0.01,1.00,0
113600,101238,26.18,-0.00,0.00,0.97,0
113640,101232,26.14,0.01,-0.01,1.01,0
113680,101234,26.19,-0.01,0.01,1.00,0
113720,101240,26.24,-0.01,-0.01,1.00,0
113760,101242,26.18,-0.00,-0.01,1.01,0
113800,101239,26.26,0.01,-0.01,1.02,0
113840,101240,26.13,0.00,0.00,1.01,0
113880,101237,26.19,-0.01,0.01,1.02,0
113920,101237,26.17,-0.00,-0.01,0.96,0
113960,101236,26.28,-0.01,0.00,1.00,0
114000,101241,26.16,0.01,-0.01,0.98,0
114040,101239,26.24,0.00,-0.01,1.00,0
114080,101237,26.31,0.01,0.00,0.99,0
114120,101237,26.32,-0.01,-0.02,1.02,0
114160,101240,26.20,-0.03,-0.02,0.98,0
114200,101239,26.12,-0.01,-0.01,1.02,0
114240,101235,26.23,-0.01,-0.00,1.00,0
114280,101243,26.28,0.02,-0.02,0.98,0
114320,101239,26.23,0.02,-0.01,1.02,0
114360,101238,26.20,-0.01,-0.00,1.02,0
114400,101243,26.21,0.00,0.00,1.01,0
114440,101241,26.24,0.01,0.02,1.01,0
114480,101238,26.22,-0.00,0.00,1.00,0
114520,101240,26.18,-0.01,-0.01,0.97,0
114560,101235,26.38,0.01,-0.01,0.99,0
114600,101236,26.30,-0.02,-0.01,1.02,0
114640,101231,26.24,0.01,0.00,1.00,0
114680,101242,26.21,0.01,0.00,1.00,0
114720,101232,26.22,0.01,0.00,1.01,0
114760,101240,26.19,-0.02,0.01,0.99,0
114800,101235,26.20,0.00,0.02,1.00,0
114840,101235,26.23,0.01,0.01,1.00,0
114880,101237,26.16,0.01,-0.01,1.03,0
114920,101239,26.21,0.00,-0.00,1.00,0
114960,101240,26.37,-0.00,0.01,1.00,0
115000,101244,26.23,0.01,0.00,1.00,0
115040,101239,26.20,0.01,0.04,1.00,0
115080,101241,26.28,-0.01,0.04,0.98,0
115120,101236,26.22,-0.02,0.01,1.00,0
115160,101240,26.28,0.00,0.02,1.02,0
115200,101238,26.31,-0.03,-0.01,1.00,0
115240,101236,26.30,-0.03,0.02,1.01,0
115280,101238,26.34,-0.01,-0.01,0.98,0
115320,101238,26.23,-0.01,-0.02,1.02,0
115360,101238,26.29,-0.01,-0.02,1.02,0
115400,101239,26.15,-0.01,-0.01,0.99,0
115440,101236,26.28,0.01,0.00,0.98,0
115480,101236,26.33,0.01,0.01,1.04,0
115520,101240,26.21,-0.01,-0.01,0.99,0
115560,101232,26.30,0.00,-0.00,1.02,0
115600,101236,26.26,-0.01,-0.01,0.98,0
115640,101243,26.25,-0.01,-0.00,1.01,0
115680,101229,26.29,-0.01,0.02,0.98,0
115720,101236,26.30,0.00,0.00,0.99,0
115760,101240,26.23,0.01,-0.02,1.00,0
115800,101233,26.20,-0.02,0.00,0.99,0
115840,101246,26.37,-0.02,0.00,1.00,0
115880,101230,26.28,-0.01,-0.02,1.01,0
115920,101242,26.31,0.00,0.00,1.02,0
115960,101243,26.32,0.01,-0.01,1.02,0
116000,101241,26.23,0.00,-0.01,1.00,0
116040,101237,26.32,-0.00,0.01,0.99,0
116080,101239,26.36,-0.00,0.03,1.01,0
116120,101235,26.28,-0.01,-0.01,1.03,0
116160,101240,26.22,-0.02,0.00,1.02,0
116200,101234,26.26,-0.01,-0.00,1.00,0
116240,101237,26.34,0.02,-0.00,0.99,0
116280,101241,26.22,-0.02,-0.00,0.98,0
116320,101234,26.32,-0.00,-0.01,1.02,0
116360,101237,26.20,0.01,0.00,1.00,0
116400,101238,26.28,-0.01,0.01,1.02,0
116440,101234,26.18,0.00,-0.00,1.00,0
116480,101242,26.31,-0.00,-0.01,1.02,0
116520,101239,26.24,-0.01,-0.01,0.99,0
116560,101233,26.26,0.02,-0.01,1.04,0
116600,101238,26.21,-0.03,-0.01,0.98,0
116640,101235,26.35,0.01,-0.01,1.00,0
116680,101236,26.28,0.03,0.00,1.00,0
116720,101238,26.32,0.00,-0.00,0.99,0
116760,101236,26.30,0.00,-0.02,1.00,0
116800,101241,26.23,-0.02,-0.00,1.01,0
116840,101236,26.34,-0.01,-0.02,0.99,0
116880,101241,26.28,-0.00,0.01,1.00,0
116920,101238,26.35,-0.01,0.01,1.01,0
116960,101241,26.32,0.01,-0.01,1.01,0
117000,101236,26.27,-0.00,-0.01,1.01,0
117040,101236,26.28,-0.01,0.01,0.99,0
117080,101234,26.32,0.00,0.01,1.00,0
117120,101240,26.24,0.00,0.00,1.03,0
117160,101241,26.40,0.01,0.01,0.96,0
117200,101245,26.28,-0.01,0.01,1.01,0
117240,101242,26.33,0.01,0.00,1.00,0
117280,101239,26.28,0.01,-0.00,1.02,0
117320,101237,26.29,-0.00,-0.01,1.01,0
117360,101239,26.27,-0.03,-0.01,0.99,0
117400,101238,26.31,-0.00,0.02,1.00,0
117440,101242,26.36,0.02,0.01,1.01,0
117480,0,26.29,0.01,-0.00,1.01,0
117520,101235,26.29,0.01,-0.01,1.01,0
117560,101236,26.38,0.01,-0.00,1.02,0
117600,101242,26.23,0.00,-0.02,1.00,0
117640,101239,26.26,-0.00,-0.01,1.02,0
117680,101237,26.43,0.01,0.01,1.01,0
117720,101242,26.32,-0.00,-0.01,0.99,0
117760,101236,26.36,-0.00,0.00,0.99,0
117800,101237,26.44,0.02,-0.00,1.03,0
117840,101236,26.35,0.01,-0.00,0.99,0
117880,101231,26.40,0.01,0.01,1.02,0
117920,101240,26.33,-0.00,0.01,0.97,0
117960,101234,26.33,0.01,-0.00,1.03,0
118000,101236,26.31,-0.01,0.01,1.00,0
118040,101235,26.36,-0.01,0.01,1.00,0
118080,101240,26.34,0.01,-0.01,1.00,0
118120,101237,26.39,0.02,0.01,0.98,0
118160,101238,26.34,-0.00,-0.00,0.98,0
118200,101232,26.23,0.01,0.01,0.98,0
118240,101237,26.32,0.00,-0.01,1.01,0
118280,101233,26.32,-0.02,-0.00,1.01,0
118320,101239,26.29,0.01,0.01,1.01,0
118360,101239,26.37,-0.00,0.01,0.99,0
118400,101238,26.22,-0.01,0.02,1.02,0
118440,101244,26.29,-0.00,-0.01,0.98,0
118480,101239,26.32,0.01,0.00,1.00,0
118520,101240,26.23,0.03,-0.01,1.00,0
118560,101238,26.38,0.00,0.01,0.97,0
118600,101237,26.30,-0.01,-0.02,0.98,0
118640,101241,26.39,-0.02,0.01,1.01,0
118680,101241,26.33,-0.02,-0.01,0.99,0
118720,101233,26.31,-0.01,0.00,1.00,0
118760,101241,26.34,-0.00,0.01,1.03,0
118800,101239,26.35,-0.00,-0.00,1.01,0
118840,101241,26.38,0.00,-0.00,1.01,0
118880,101239,26.40,-0.01,0.01,0.97,0
118920,101234,26.32,0.01,-0.02,0.98,0
118960,101234,26.36,-0.02,-0.00,1.03,0
119000,101243,26.37,0.02,0.02,0.99,0
119040,101238,26.34,0.00,0.01,1.02,0
119080,101233,26.39,0.00,-0.01,1.02,0
119120,101239,26.33,0.01,0.02,0.98,0
119160,101236,26.46,-0.00,0.01,1.01,0
119200,101232,26.45,0.01,0.02,1.01,0
119240,101230,26.32,-0.00,0.01,1.01,0
119280,101232,26.37,-0.01,-0.01,1.00,0
119520,101231,26.37,0.01,0.00,1.00,0
119560,101237,26.24,0.01,0.02,1.00,0
119600,101235,26.36,0.00,-0.00,0.97,0
119640,101234,26.35,0.00,0.01,0.99,0
119680,101236,26.36,0.00,0.01,1.03,0
119720,101237,26.41,0.01,-0.01,1.02,0
119760,101237,26.29,0.02,0.01,1.00,0
119800,101233,26.32,0.01,-0.01,1.02,0
119840,101236,26.23,0.00,-0.03,1.00,0
119880,101244,26.36,0.01,-0.01,0.99,0
119920,101234,26.27,-0.01,0.00,1.00,0
119960,101232,26.33,-0.00,0.01,1.00,0
120000,101238,26.28,-0.01,-0.01,0.96,0
120320,101237,26.35,-0.02,-0.00,1.01,0
120360,101240,26.37,0.01,0.01,1.00,0
120400,101239,26.39,-0.00,0.01,1.01,0
120440,101237,26.40,0.02,0.01,1.00,0
120480,101240,26.36,0.00,0.02,1.01,0
120520,101238,26.40,-0.00,-0.01,0.99,0
120560,101240,26.45,0.00,0.00,1.02,0
120600,101233,26.38,-0.01,0.02,1.01,0
120640,101232,26.32,0.00,-0.01,0.99,0
120680,101240,26.39,-0.02,-0.01,1.03,0
120720,101233,26.39,-0.01,0.01,0.98,0
120760,101237,26.39,0.02,0.00,1.01,0
120800,101237,26.39,0.00,0.01,1.00,0
120840,101236,26.41,0.00,-0.02,1.01,0
120880,101236,26.50,0.01,0.00,1.00,0
120920,101242,26.42,0.02,0.02,0.99,0
120960,101229,26.48,-0.01,-0.01,1.00,0
121000,101240,26.44,-0.00,0.01,1.01,0
121040,101245,26.49,-0.02,0.00,1.01,0
121080,101238,26.49,-0.02,-0.00,0.97,0
121120,101237,26.43,-0.01,0.00,1.02,0
121160,101240,26.46,-0.00,0.01,1.05,0
121200,101243,26.39,0.01,-0.00,1.01,0
121240,101234,26.38,0.01,-0.02,1.00,0
121280,101238,26.54,-0.01,-0.01,1.02,0
121320,101237,26.36,-0.03,-0.02,1.00,0
121360,101239,26.47,0.00,0.00,1.02,0
121400,101238,26.42,0.02,0.02,1.00,0
121440,101240,26.48,0.01,-0.00,1.00,0
121480,101236,26.48,-0.01,-0.02,1.02,0
121520,101238,26.52,0.00,0.01,0.98,0
121560,101235,26.36,-0.01,-0.00,1.00,0
121600,101235,26.40,0.00,-0.00,1.01,0
121640,101237,26.48,0.01,0.02,1.00,0
121680,101237,26.40,-0.02,-0.02,1.01,0
121720,101234,26.45,0.00,-0.00,0.98,0
121760,101242,26.32,-0.01,-0.00,0.96,0
121800,101237,26.49,-0.01,0.01,1.02,0
121840,101233,26.50,-0.00,0.01,1.01,0
121880,101241,26.43,0.00,-0.01,1.00,0
121920,101235,26.40,-0.00,0.00,1.02,0
121960,101239,26.42,-0.00,-0.00,1.04,0
122000,101237,26.41,0.01,-0.02,1.00,0
122040,101238,26.37,-0.01,0.01,1.03,0
122080,101238,26.44,0.01,0.00,0.99,0
122120,101236,26.44,0.01,0.00,1.00,0
122160,101237,26.41,0.01,-0.00,1.01,0
122200,101244,26.37,0.01,-0.01,1.00,0
122240,101230,26.55,0.01,-0.01,1.00,0
122280,101238,26.49,0.01,0.00,1.01,0
122320,101239,26.42,-0.03,0.01,0.99,0
122360,101234,26.47,-0.00,-0.00,0.99,0
122400,101233,26.48,0.01,0.02,1.01,0
122440,101244,26.47,-0.01,0.00,1.01,0
122480,101236,26.32,-0.01,-0.00,1.01,0
122520,101244,26.52,0.02,-0.01,1.00,0
122560,101239,26.42,-0.01,-0.00,1.00,0
122600,101238,26.49,-0.02,-0.00,0.99,0
122640,101239,26.52,0.02,-0.01,0.99,0
122680,101239,26.48,0.01,-0.01,0.99,0
122720,101241,26.46,-0.01,0.02,1.00,0
122760,101239,26.46,-0.01,0.02,0.98,0
122800,101238,26.42,-0.01,-0.00,0.98,0
122840,101238,26.41,0.01,-0.00,1.00,0
122880,101242,26.50,0.01,0.01,1.00,0
122920,101240,26.41,0.02,-0.02,0.98,0
122960,101234,26.40,0.03,0.00,1.02,0
123000,101235,26.38,-0.01,0.00,0.99,0
123040,101238,26.46,0.01,0.00,1.00,0
123080,101235,26.47,-0.00,0.00,1.02,0
123120,101236,26.41,0.00,0.01,1.00,0
123160,101234,26.46,0.02,0.01,1.04,0
123200,101236,26.56,-0.00,-0.01,1.00,0
123240,101239,26.51,-0.04,0.00,1.02,0
123280,101240,26.47,0.00,-0.00,0.98,0
123320,101237,26.51,-0.00,0.01,1.00,0
123360,101244,26.57,0.01,0.01,1.00,0
123400,101237,26.43,0.01,0.01,1.00,0
123440,101247,26.36,-0.01,0.02,0.99,0
123480,101240,26.48,-0.02,-0.01,0.99,0
123520,101239,26.51,0.01,0.01,1.02,0
123560,101236,26.45,0.02,-0.00,1.01,0
123600,101228,26.58,-0.01,0.01,1.00,0
123640,0,26.48,0.00,-0.00,1.00,0
123680,101238,26.51,-0.02,-0.01,0.99,0
123720,101243,26.41,0.00,-0.00,0.99,0
123760,101233,26.41,-0.01,0.01,0.98,0
123800,101243,26.52,0.01,0.00,0.98,0
123840,101236,26.44,0.01,-0.00,0.99,0
123880,101240,26.44,0.01,-0.02,1.02,0
123920,101229,26.49,-0.01,0.01,0.96,0
123960,101238,26.42,0.00,0.02,0.98,0
124000,101236,26.41,-0.00,0.00,0.99,0
124040,101239,26.44,0.02,-0.01,0.98,0
124080,101238,26.46,0.02,0.01,1.00,0
124120,101234,26.42,-0.00,0.03,1.01,0
124160,101240,26.54,-0.02,-0.00,0.99,0
124200,101239,26.57,-0.00,-0.00,0.99,0
124240,101239,26.35,0.01,-0.02,0.99,0
124280,101240,26.41,-0.01,-0.01,0.99,0
124320,101241,26.56,-0.01,-0.00,1.01,0
124360,101237,26.47,-0.01,0.02,1.01,0
124400,101233,26.45,0.00,-0.01,1.01,0
124440,101233,26.42,0.01,0.00,1.01,0
124480,101242,26.49,0.00,-0.01,1.00,0
124520,101239,26.52,0.01,-0.01,1.01,0
124560,101238,26.44,-0.01,-0.01,0.99,0
124600,101236,26.49,0.01,0.01,1.01,0
124640,101237,26.46,0.01,0.01,0.99,0
124680,101237,26.44,-0.00,0.02,1.00,0
124720,101236,26.49,0.01,-0.01,0.98,0
124760,101235,26.49,0.01,-0.00,0.99,0
124800,101244,26.42,0.02,-0.02,1.02,0
124840,101238,26.47,0.01,0.02,0.99,0
124880,101235,26.53,0.01,0.02,1.00,0
124920,101233,26.57,0.00,-0.01,1.02,0
124960,101235,26.57,-0.00,-0.00,1.01,0
125000,101239,26.59,-0.01,0.01,1.03,0
125040,101240,26.46,0.01,0.00,1.01,0
125080,101236,26.57,-0.02,-0.01,0.98,0
125120,101237,26.49,0.02,-0.01,0.99,0
125160,101236,26.48,0.00,-0.00,0.99,0
125200,101234,26.47,-0.00,-0.01,0.96,0
125240,101241,26.57,0.00,-0.01,1.00,0
125280,101238,26.55,-0.01,0.00,0.99,0
125320,101245,26.58,-0.03,-0.02,1.02,0
125360,101235,26.45,-0.01,-0.01,0.96,0
125400,101237,26.51,0.01,0.00,0.98,0
125440,101240,26.49,0.02,-0.00,0.99,0
125480,101236,26.56,-0.00,-0.02,0.99,0
125520,101233,26.56,-0.00,-0.00,1.01,0
125560,101234,26.48,-0.02,-0.00,0.99,0
125600,101237,26.52,-0.01,-0.01,0.98,0
125640,101238,26.54,0.02,-0.02,1.02,0
125680,101237,26.56,-0.01,-0.01,1.01,0
125720,101240,26.51,-0.00,-0.01,1.03,0
125760,101240,26.44,0.01,0.02,1.00,0
125800,101238,26.63,0.00,0.00,1.01,0
125840,101237,26.49,0.00,0.01,0.99,0
125880,101236,26.55,0.01,-0.01,1.00,0
125920,101239,26.55,-0.01,0.01,1.02,0
125960,101240,26.50,0.00,-0.01,1.00,0
126000,101237,26.56,-0.00,0.00,0.99,0
126040,101239,26.59,0.01,-0.01,1.01,0
126080,101236,26.67,-0.01,0.02,1.04,0
126120,101233,26.53,0.01,-0.03,1.02,0
126160,101234,26.57,0.01,0.00,1.02,0
126200,101240,26.59,0.01,-0.00,1.00,0
126240,101238,26.54,-0.00,-0.01,0.98,0
126280,101242,26.53,-0.01,-0.00,0.98,0
126320,101237,26.47,-0.00,-0.00,1.03,0
126360,101240,26.54,0.01,0.01,1.01,0
126400,101241,26.53,0.01,0.01,0.98,0
126440,101240,26.58,-0.00,-0.02,0.99,0
126480,101235,26.58,0.01,-0.00,1.02,0
126520,101236,26.59,-0.02,-0.01,1.01,0
126560,101237,26.50,-0.01,0.00,1.00,0
126600,101234,26.51,-0.02,0.03,0.98,0
126640,101239,26.53,0.01,-0.00,0.99,0
126680,101240,26.49,0.01,0.01,0.97,0
126720,101235,26.48,0.01,0.02,0.99,0
126760,101243,26.60,-0.02,-0.02,0.98,0
126800,101236,26.58,0.00,0.01,0.97,0
126840,101236,26.64,-0.00,0.03,1.00,0
126880,101236,26.46,-0.00,-0.01,1.02,0
126920,101235,26.57,0.02,-0.01,0.99,0
126960,101238,26.56,0.00,-0.01,1.01,0
127000,101237,26.62,-0.00,-0.01,0.99,0
127040,101242,26.58,-0.00,0.01,1.02,0
127080,101239,26.54,-0.00,-0.00,1.02,0
127120,101239,26.55,0.00,-0.00,1.01,0
127160,101236,26.58,-0.01,0.01,1.01,0
127200,101232,26.62,0.01,-0.00,0.98,0
127240,101237,26.61,0.02,-0.01,1.00,0
127280,101234,26.59,-0.00,0.00,0.99,0
127320,101240,26.53,0.01,-0.02,1.01,0
127360,101237,26.52,0.00,-0.01,1.00,0
127400,101242,26.53,0.00,-0.02,0.98,0
127440,101239,26.56,0.01,-0.01,1.03,0
127480,101240,26.55,0.01,-0.02,0.98,0
127520,101238,26.52,-0.01,-0.02,0.99,0
127560,101238,26.53,0.02,-0.00,1.00,0
127600,101239,26.46,0.02,0.02,0.98,0
127640,101240,26.52,-0.01,0.02,0.98,0
127680,101235,26.52,-0.02,0.00,1.01,0
127720,101239,26.52,0.01,0.00,0.99,0
127760,101245,26.60,0.02,0.02,1.01,0
127800,101237,26.64,0.00,0.00,1.03,0
127840,101236,26.57,-0.01,-0.01,0.99,0
127880,101235,26.48,-0.01,-0.01,1.00,0
127920,101232,26.51,-0.00,-0.00,1.01,0
127960,101241,26.63,0.02,-0.00,0.98,0
128000,101237,26.62,0.01,-0.01,1.01,0
128040,101238,26.68,0.00,-0.00,1.00,0
128080,101243,26.54,0.02,-0.01,0.98,0
128120,101245,26.64,-0.00,-0.01,1.01,0
128160,101234,26.64,-0.02,0.01,1.02,0
128200,101240,26.68,0.01,0.01,1.00,0
128240,101239,26.62,0.02,0.01,0.99,0
128280,101238,26.58,0.02,-0.01,0.99,0
128320,101238,26.56,0.02,-0.01,0.99,0
128360,101237,26.59,0.01,0.01,0.98,0
128400,101242,26.53,-0.02,0.01,1.00,0
128440,101239,26.60,0.00,-0.02,0.98,0
128480,101238,26.54,0.02,-0.00,1.01,0
128520,101241,26.54,0.03,0.00,0.98,0
128560,101240,26.57,0.00,0.01,0.99,0
128600,101238,26.63,0.00,0.00,0.99,0
128640,101238,26.62,0.01,0.00,1.00,0
128680,101243,26.74,0.01,0.01,0.98,0
128720,101239,26.65,-0.02,0.01,1.01,0
128760,101237,26.58,-0.01,0.00,0.99,0
128800,101234,26.51,0.01,-0.02,1.00,0
128840,101236,26.58,0.02,-0.02,1.02,0
128880,101234,26.63,-0.04,-0.02,0.99,0
128920,101237,26.55,0.00,0.01,1.02,0
128960,101238,26.57,0.01,-0.00,1.01,0
129000,101230,26.60,-0.00,-0.00,1.01,0
129040,101237,26.61,-0.01,-0.03,1.02,0
129080,101239,26.65,-0.00,0.01,1.00,0
129120,101237,26.60,-0.01,0.02,1.03,0
129160,101234,26.60,-0.01,0.01,1.01,0
129200,101241,26.64,-0.02,0.00,1.00,0
129240,101235,26.60,0.01,-0.00,1.01,0
129280,101233,26.61,-0.00,0.02,1.00,0
129320,101233,26.64,0.01,-0.01,1.00,0
129360,101237,26.57,-0.00,-0.01,1.01,0
129400,101240,26.62,-0.01,0.01,0.99,0
129440,101241,26.54,0.01,0.00,0.99,0
129480,101238,26.65,0.01,0.00,1.02,0
129520,101233,26.63,0.02,0.00,1.01,0
129560,101235,26.48,-0.00,0.02,0.99,0
129600,101234,26.61,-0.00,-0.02,1.01,0
129640,101236,26.72,0.02,-0.00,0.99,0
129680,101231,26.60,0.01,-0.00,1.01,0
129720,101237,26.64,-0.01,-0.01,1.01,0
129760,101239,26.67,0.00,0.02,1.00,0
129800,101236,26.61,-0.00,0.01,0.97,0
129840,101238,26.63,0.00,-0.01,0.99,0
129880,101234,26.69,-0.01,-0.00,1.01,0
129920,101232,26.57,0.03,-0.01,0.99,0
129960,101235,26.56,-0.01,-0.01,0.99,0
130000,101240,26.57,-0.03,0.01,1.01,0
130040,101240,26.66,0.01,0.01,0.99,0
130080,101235,26.78,-0.01,-0.01,1.03,0
130120,101241,26.61,0.00,-0.01,1.00,0
130160,101236,26.66,0.00,-0.01,1.01,0
130200,101242,26.60,-0.02,0.01,1.01,0
130240,101238,26.62,-0.01,0.01,1.00,0
130280,101235,26.60,0.01,0.00,0.98,0
130320,101239,26.70,-0.02,-0.01,1.01,0
130360,101234,26.63,0.01,0.01,0.96,0
130400,101234,26.71,-0.01,0.00,0.99,0
130440,101232,26.59,0.01,0.01,1.00,0
130480,101238,26.61,0.02,0.00,1.01,0
130520,101237,26.65,0.00,0.01,1.02,0
130560,101236,26.70,0.00,0.00,0.98,0
130600,101235,26.64,-0.01,-0.01,1.00,0
130640,101241,26.65,-0.01,-0.02,1.00,0
130680,101235,26.65,0.00,-0.01,0.98,0
130720,101234,26.56,0.00,-0.01,1.01,0
130760,101241,26.58,0.02,-0.00,1.00,0
130800,101241,26.66,0.01,0.01,0.97,0
130840,101238,26.62,0.01,0.01,1.00,0
130880,101231,26.61,0.01,-0.00,1.00,0
130920,101235,26.71,-0.00,0.01,1.02,0
130960,101239,26.70,-0.01,-0.01,0.97,0
131000,101237,26.71,-0.00,-0.01,1.00,0
131040,101242,26.60,0.01,-0.01,1.01,0
131080,101232,26.67,-0.00,0.01,1.00,0
131120,101239,26.66,0.01,0.02,1.01,0
131160,101235,26.73,-0.02,0.00,1.00,0
131200,101235,26.64,0.01,0.02,1.01,0
131240,101236,26.72,0.02,0.02,1.00,0
131280,101240,26.63,0.01,0.01,0.99,0
131320,101235,26.74,-0.01,-0.01,1.00,0
131360,101232,26.60,-0.00,-0.00,0.99,0
131400,101233,26.67,-0.01,-0.03,1.01,0
131440,101235,26.71,0.01,-0.00,1.01,0
131480,101233,26.65,0.01,-0.01,1.00,0
131520,101241,26.65,0.01,0.00,0.97,0
131560,101241,26.65,-0.01,0.01,1.01,0
131600,101238,26.61,0.01,-0.01,0.99,0
131640,101233,26.68,0.01,0.01,1.01,0
131680,101236,26.65,-0.00,0.01,1.00,0
131720,101234,26.68,0.01,0.02,1.02,0
131760,101241,26.74,0.01,-0.01,0.98,0
131800,101238,26.68,-0.01,-0.02,1.00,0
131840,101238,26.79,0.00,0.00,1.00,0
131880,101235,26.69,-0.01,0.00,1.01,0
131920,101230,26.69,0.00,0.00,1.01,0
131960,101234,26.62,-0.02,-0.00,1.00,0
132000,101233,26.71,-0.01,0.00,1.00,0
132040,101238,26.72,-0.00,0.01,1.01,0
132080,101237,26.67,-0.00,-0.00,0.99,0
132120,101234,26.65,-0.01,0.01,1.01,0
132160,101235,26.68,0.00,0.00,1.02,0
132200,101242,26.73,-0.00,0.01,0.98,0
132240,101234,26.66,-0.01,0.00,0.99,0
132280,101234,26.65,-0.01,-0.02,0.98,0
132320,101236,26.64,0.00,0.00,1.01,0
132360,101234,26.77,0.01,-0.02,0.99,0
132400,101235,26.76,0.00,0.00,1.00,0
132440,101238,26.62,0.01,-0.00,0.99,0
132480,101242,26.71,0.02,-0.00,0.98,0
132520,101231,26.69,-0.01,-0.03,0.99,0
132560,101237,26.71,-0.01,-0.00,1.00,0
132600,101237,26.67,-0.00,-0.00,1.00,0
132640,101236,26.69,0.01,-0.01,0.99,0
132680,101236,26.72,-0.01,0.03,1.00,0
132720,101235,26.79,0.00,0.00,1.01,0
132760,101240,26.72,-0.00,-0.00,0.99,0
132800,101235,26.65,0.01,-0.03,1.03,0
132840,101236,26.74,-0.00,0.02,1.03,0
132880,101237,26.75,-0.03,-0.02,1.01,0
132920,101237,26.64,0.00,-0.00,1.01,0
132960,101236,26.68,-0.00,-0.02,1.00,0
133000,101240,26.66,0.01,-0.01,1.01,0
133040,101237,26.73,-0.00,-0.01,1.00,0
133080,101237,26.69,0.01,-0.01,0.98,0
133120,101236,26.74,0.00,0.01,1.02,0
133160,101233,26.61,0.00,0.00,1.00,0
133200,101234,26.75,0.02,-0.00,1.00,0
133240,101233,26.74,0.01,-0.00,1.01,0
133280,101237,26.77,-0.01,0.01,0.99,0
133320,101234,26.77,-0.01,-0.01,0.98,0
133360,101233,26.69,-0.00,-0.00,0.99,0
133400,101237,26.69,-0.01,-0.01,1.00,0
133440,101238,26.68,0.00,-0.01,0.98,0
133480,101231,26.74,-0.01,-0.00,0.98,0
133520,101242,26.63,-0.02,-0.01,1.02,0
133560,101237,26.67,0.00,-0.01,1.00,0
133600,101236,26.65,0.01,0.00,0.99,0
133640,101240,26.75,-0.02,-0.01,1.00,0
133680,101237,26.79,-0.01,0.02,1.02,0
133720,101235,26.67,0.00,0.01,0.98,0
133760,101244,26.79,-0.02,0.01,1.02,0
133800,101233,26.80,0.01,0.00,0.98,0
133840,101236,26.80,0.01,0.01,0.99,0
133880,101239,26.61,0.00,-0.01,1.00,0
133920,101233,26.75,-0.02,0.00,0.99,0
133960,101236,26.69,0.01,-0.02,0.99,0
134000,101238,26.71,0.01,-0.00,1.01,0
134040,101244,26.67,-0.02,-0.00,1.02,0
134080,101234,26.75,-0.01,-0.01,1.02,0
134120,101236,26.75,-0.02,-0.02,1.03,0
134160,101239,26.73,-0.00,0.00,1.00,0
134200,101237,26.72,-0.00,-0.02,0.99,0
134240,101233,26.70,0.01,0.01,0.99,0
134280,101238,26.72,-0.00,0.02,1.01,0
134320,101237,26.69,0.02,-0.01,1.02,0
134360,101238,26.73,-0.02,-0.01,1.00,0
134400,101240,26.78,0.01,-0.02,0.99,0
134440,101240,26.78,0.00,0.00,1.01,0
134480,101238,26.77,0.01,-0.01,0.97,0
134520,101237,26.76,-0.01,-0.02,1.00,0
134560,101233,26.70,-0.00,-0.03,1.01,0
134600,101236,26.73,0.00,-0.01,0.99,0
134640,101237,26.78,0.01,-0.00,0.98,0
134680,101235,26.76,-0.01,0.01,0.99,0
134720,101237,26.75,0.00,-0.01,1.01,0
134760,101234,26.67,0.01,-0.01,0.99,0
134800,101241,26.73,-0.01,-0.01,1.00,0
134840,101243,26.71,-0.00,0.00,1.00,0
134880,101235,26.70,0.01,0.02,0.99,0
134920,101238,26.78,-0.01,-0.00,0.98,0
134960,101236,26.71,-0.01,-0.00,0.99,0
135000,101240,26.85,-0.01,0.01,1.01,0
135040,101240,26.66,-0.02,0.01,0.98,0
135080,101237,26.73,-0.03,-0.01,0.99,0
135120,101236,26.80,0.02,-0.01,1.02,0
135160,101237,26.75,-0.00,-0.00,1.00,0
135200,101233,26.68,-0.00,-0.01,1.00,0
135240,101239,26.88,-0.02,0.02,0.98,0
135280,101234,26.74,0.01,0.01,1.02,0
135320,101238,26.82,-0.00,-0.01,1.01,0
135360,101237,26.78,0.02,-0.03,1.01,0
135400,101240,26.78,-0.00,-0.01,0.99,0
135440,101236,26.72,0.02,-0.00,1.00,0
135480,101240,26.76,0.01,0.01,1.00,0
135520,101233,26.75,-0.01,-0.00,1.00,0
135560,101238,26.73,-0.00,0.01,1.01,0
135600,101236,26.77,0.01,0.00,1.02,0
135640,101237,26.76,0.02,0.01,0.99,0
135680,101237,26.70,0.00,0.00,0.98,0
135720,101239,26.75,-0.01,0.00,0.98,0
135760,101230,26.76,0.02,0.01,1.00,0
135800,101237,26.84,-0.01,0.01,1.00,0
135840,101232,26.75,0.01,0.03,0.99,0
135880,101240,26.72,0.02,-0.01,1.00,0
135920,101230,26.75,-0.01,0.01,0.98,0
135960,101233,26.72,-0.00,0.01,1.02,0
136000,101231,26.77,0.01,0.02,1.01,0
136040,101242,26.81,-0.00,-0.02,1.01,0
136080,101232,26.72,0.01,-0.01,0.98,0
136120,101237,26.77,-0.02,0.00,1.00,0
136160,101235,26.76,0.02,0.01,1.00,0
136200,101231,26.81,0.00,-0.00,0.98,0
136240,101235,26.74,0.02,0.00,1.01,0
136280,101238,26.86,-0.01,0.01,0.96,0
136320,101236,26.73,-0.03,-0.00,1.00,0
136360,101239,26.74,-0.01,0.03,1.01,0
136400,101235,26.81,-0.01,-0.01,1.00,0
136440,101236,26.76,-0.00,-0.00,0.97,0
136480,101235,26.80,0.00,0.01,1.01,0
136520,101237,26.87,-0.01,0.00,1.02,0
136560,101242,26.77,0.01,-0.01,0.99,0
136600,101237,26.73,-0.00,0.02,1.03,0
136640,101237,26.79,0.01,0.01,0.98,0
136680,101234,26.77,-0.00,-0.02,0.99,0
136720,101234,26.76,-0.00,-0.00,0.97,0
136760,101241,26.81,-0.01,0.00,1.01,0
136800,101233,26.78,0.02,-0.02,1.00,0
136840,101233,26.79,0.02,-0.00,1.01,0
136880,101236,26.80,0.02,-0.00,0.99,0
136920,101235,26.77,0.00,0.02,0.96,0
136960,101243,26.73,0.02,-0.01,0.99,0
137000,101229,26.77,-0.01,-0.01,1.00,0
137040,101237,26.76,0.02,-0.03,1.01,0
137080,101239,26.76,0.02,-0.01,1.01,0
137120,101233,26.88,0.01,-0.01,1.00,0
137160,101234,26.81,0.02,0.00,1.01,0
137200,101238,26.74,-0.00,0.01,0.99,0
137240,101241,26.77,-0.01,0.01,1.01,0
137280,101233,26.82,-0.01,-0.02,1.01,0
137320,101231,26.78,0.01,0.01,0.99,0
137360,101239,26.75,0.01,-0.03,0.96,0
137400,101241,26.88,-0.01,0.00,1.01,0
137440,101235,26.91,-0.01,-0.00,1.01,0
137480,101229,26.80,-0.01,0.01,0.97,0
137520,101241,26.85,-0.00,-0.00,0.99,0
137560,101236,26.79,0.01,0.00,1.02,0
137600,101240,26.83,-0.01,-0.00,1.00,0
137640,101236,26.78,0.02,-0.01,1.02,0
137680,101235,26.77,-0.01,-0.00,0.98,0
137720,101235,26.89,0.02,0.02,1.02,0
137760,101241,26.87,-0.02,0.01,0.99,0
137800,101241,26.85,-0.00,-0.01,0.98,0
137840,101229,26.84,0.01,-0.01,1.00,0
137880,101233,26.83,-0.00,-0.00,1.02,0
137920,101242,26.88,0.01,0.01,1.01,0
137960,101235,26.78,-0.00,-0.00,0.98,0
138000,101232,26.85,0.02,0.02,1.00,0
138040,101236,26.79,-0.01,0.01,1.00,0
138080,101236,26.87,-0.01,0.00,0.99,0
138120,101236,26.83,-0.00,-0.02,1.01,0
138160,101235,26.82,0.00,-0.00,0.98,0
138200,101235,26.82,0.01,0.02,1.00,0
138480,101237,26.75,0.00,0.00,1.00,0
138520,101236,26.86,-0.00,0.01,1.00,0
138560,101238,26.81,-0.01,-0.01,1.01,0
138600,101237,26.81,0.01,-0.00,1.00,0
138640,101240,26.90,-0.01,-0.00,1.01,0
138680,101238,26.86,0.00,0.02,0.99,0
138720,101242,26.84,0.02,-0.01,1.01,0
138760,101240,26.87,0.00,0.01,0.99,0
138800,101236,26.85,-0.00,0.00,1.00,0
138840,101235,26.93,0.01,0.03,1.02,0
138880,101239,26.86,0.01,0.02,0.99,0
138920,101238,26.77,-0.02,0.01,1.00,0
138960,101236,26.83,0.00,0.01,0.99,0
139000,101231,26.80,-0.01,0.01,1.00,0
139040,101230,26.87,0.01,-0.00,0.99,0
139080,101237,26.79,-0.01,-0.01,1.00,0
139120,101239,26.78,0.00,-0.00,1.01,0
139160,101239,26.79,0.00,0.01,0.98,0
139200,101232,26.86,-0.01,-0.01,0.98,0
139240,101239,26.85,-0.01,-0.00,1.01,0
139280,101234,26.70,0.01,0.03,1.00,0
139320,101237,26.83,-0.00,0.01,1.04,0
139360,101237,26.81,-0.04,0.00,1.00,0
139400,101234,26.84,-0.00,-0.03,1.00,0
139440,101234,26.82,0.00,-0.01,0.99,0
139480,101229,26.76,0.02,-0.00,1.00,0
139520,101233,26.93,0.01,0.00,0.97,0
139560,101230,26.91,0.01,-0.01,0.98,0
139600,101237,26.87,-0.00,0.02,0.98,0
139640,101236,26.85,0.01,0.00,0.98,0
139680,101239,26.79,-0.01,0.02,0.99,0
139720,101237,26.83,0.01,0.00,1.02,0
139760,101234,26.82,-0.01,0.01,1.00,0
139800,101237,26.86,-0.01,-0.01,0.99,0
139840,101235,26.83,-0.01,-0.00,0.99,0
139880,101238,26.91,0.02,-0.00,1.02,0
139920,101237,26.88,-0.03,0.00,0.98,0
139960,101233,26.92,-0.01,0.02,1.02,0
140000,101236,26.84,-0.01,0.01,0.99,0
140040,101236,26.86,0.01,-0.00,1.01,0
140080,101235,26.96,0.00,0.01,0.99,0
140120,101239,26.74,0.00,-0.00,1.01,0
140160,101242,26.87,-0.01,-0.01,1.00,0
140200,101235,26.82,-0.02,0.00,1.00,0
140240,101235,26.90,-0.01,-0.00,0.99,0
140280,101229,26.85,0.01,0.02,1.00,0
140320,101236,26.89,-0.01,-0.02,0.99,0
140360,101235,26.86,-0.00,-0.01,1.00,0
140400,101229,26.93,-0.01,0.00,1.01,0
140440,101237,26.92,0.01,0.01,1.00,0
140480,101238,26.81,-0.01,-0.01,0.99,0
140520,101234,26.84,-0.00,-0.00,0.99,0
140560,101235,26.89,0.02,-0.01,0.99,0
140600,101233,26.82,0.01,0.01,0.98,0
140640,101238,26.90,-0.02,0.00,1.00,0
140680,101231,26.88,-0.02,0.00,1.00,0
140720,101235,26.94,0.00,-0.00,0.99,0
141000,101237,26.90,0.01,0.01,0.99,0
141040,101233,26.81,0.01,-0.00,1.00,0
141080,101237,26.94,-0.02,0.00,1.00,0
141120,101240,26.91,-0.00,0.01,0.98,0
141160,101239,26.87,-0.01,0.01,1.02,0
141200,101231,26.90,0.01,-0.00,0.99,0
141200,101231,26.90,0.01,-0.00,0.99,0
141240,101233,26.96,-0.00,0.02,1.04,0
141280,101231,26.84,0.01,-0.00,1.01,0
141320,101239,26.79,0.01,-0.01,1.00,0
141360,101238,26.92,0.01,0.00,1.01,0
141400,101238,26.89,-0.02,-0.01,0.99,0
141440,101233,26.88,0.00,0.00,1.02,0
141480,101232,27.00,-0.01,0.00,1.01,0
141520,101236,26.89,0.01,-0.03,1.01,0
141560,101236,26.89,-0.02,-0.00,1.03,0
141600,101233,26.90,0.02,0.03,1.01,0
141640,101236,26.89,0.01,0.02,1.03,0
141680,101238,26.92,-0.01,0.02,0.97,0
141720,101237,26.90,0.00,0.01,0.99,0
141760,101233,26.92,0.01,0.00,0.99,0
141800,101229,26.95,0.00,-0.01,0.99,0
141840,101235,27.00,-0.00,0.01,0.99,0
141880,101236,26.90,0.00,-0.01,1.01,0
141920,101235,26.96,0.01,-0.00,0.99,0
141960,101235,26.82,0.01,-0.00,0.98,0
142000,101234,26.86,0.01,-0.00,1.01,0
142040,101238,26.92,0.01,0.00,0.96,0
142080,101236,26.98,-0.01,0.02,1.00,0
142120,101236,26.88,-0.01,-0.01,1.01,0
142160,101233,26.94,-0.01,-0.02,1.02,0
142200,101234,26.94,-0.01,0.01,1.02,0
142240,101236,26.94,0.01,-0.01,0.96,0
142280,101233,26.96,-0.01,0.02,0.99,0
142320,101232,26.95,-0.01,-0.02,0.99,0
142360,101235,27.03,0.00,-0.02,1.02,0
142400,101240,26.98,-0.01,0.00,1.00,0
142440,101236,26.89,0.00,-0.02,1.01,0
142480,101241,26.97,-0.01,0.01,1.01,0
142520,101235,26.95,0.02,0.00,0.99,0
142560,101235,26.97,0.01,-0.03,1.00,0
142600,101231,26.89,-0.00,0.00,1.02,0
142640,101234,26.95,-0.01,-0.01,1.00,0
142680,101240,26.95,0.03,-0.01,0.99,0
142720,101237,26.98,-0.00,0.00,0.98,0
142760,101238,26.85,0.01,-0.01,1.01,0
142800,101238,26.91,0.00,0.01,0.99,0
142840,101236,26.89,0.01,0.00,1.00,0
142880,101235,26.98,-0.01,-0.00,0.98,0
142920,101236,26.87,0.01,0.01,1.00,0
142960,101238,26.86,-0.00,0.00,1.00,0
143000,101237,26.99,-0.01,0.00,1.00,0
143040,101237,26.93,-0.00,0.01,0.98,0
143080,101236,26.92,0.00,0.01,1.02,0
143120,101233,26.95,0.01,0.02,1.00,0
143160,101235,27.04,0.02,-0.00,1.00,0
143200,101233,26.92,-0.00,0.00,1.00,0
143240,101239,26.92,0.01,0.01,1.01,0
143280,101229,26.97,-0.00,-0.00,1.03,0
143320,101235,26.94,-0.01,0.01,1.02,0
143360,101243,26.87,0.02,-0.01,1.01,0
143400,101235,26.95,-0.01,-0.01,0.99,0
143440,101232,26.88,-0.00,0.01,1.00,0
143480,101236,27.04,-0.00,-0.01,1.00,0
143520,101240,27.03,-0.01,0.00,1.02,0
143560,101235,26.92,0.01,-0.00,1.00,0
143600,101238,26.94,-0.00,0.01,0.98,0
143640,101236,26.89,-0.01,-0.02,0.99,0
143680,101235,26.89,-0.00,-0.02,1.00,0
143720,101246,26.92,0.01,-0.02,0.98,0
143760,101236,26.87,-0.01,-0.01,1.01,0
143800,101234,26.91,-0.00,-0.00,1.01,0
143840,101234,26.88,-0.01,-0.00,1.02,0
143880,101237,26.92,-0.01,0.01,1.00,0
143920,101237,26.95,0.02,-0.01,1.01,0
143960,0,27.05,-0.01,0.03,1.01,0
144000,101236,26.97,0.02,0.00,0.96,0
144040,101231,26.97,-0.00,-0.02,1.01,0
144080,101237,26.93,-0.01,0.03,1.02,0
144120,101235,27.03,0.02,-0.02,1.03,0
144160,101235,26.91,-0.01,0.00,0.99,0
144200,101231,27.04,-0.00,0.01,1.00,0
144240,101234,26.92,-0.00,-0.01,1.00,0
144280,101233,26.96,0.01,-0.00,1.00,0
144320,101236,27.04,0.01,0.03,1.00,0
144360,101231,26.98,0.01,0.01,1.01,0
144400,101236,26.96,-0.00,-0.00,1.00,0
144440,101236,26.89,-0.01,-0.01,1.02,0
144480,101232,26.98,0.01,-0.00,1.01,0
144520,101234,26.93,-0.02,-0.00,0.99,0
144560,101233,26.94,-0.02,0.01,1.01,0
144600,101239,27.00,0.01,-0.01,1.01,0
144640,101228,26.97,-0.01,0.00,0.99,0
144680,101235,26.96,-0.00,-0.02,1.02,0
144720,101230,27.02,0.01,0.02,1.01,0
144760,101234,27.00,0.02,-0.01,0.98,0
144800,101238,27.02,-0.00,0.01,1.01,0
144840,101234,26.94,-0.00,-0.01,1.00,0
144880,101236,26.97,0.01,0.02,1.00,0
144920,101233,26.96,0.00,-0.00,0.99,0
144960,101242,26.99,-0.01,-0.01,1.00,0
145000,101239,27.03,0.01,-0.00,1.02,0
145040,101239,27.00,0.02,0.01,1.00,0
145080,101231,26.92,0.02,0.01,1.02,0
145120,101232,26.96,-0.01,0.02,1.00,0
145160,101239,26.86,0.01,-0.01,1.02,0
145200,101235,27.04,-0.02,0.00,1.00,0
145240,101235,27.01,-0.01,-0.02,1.01,0
145280,101237,26.89,-0.00,0.01,1.01,0
145320,101232,27.00,0.03,0.01,1.00,0
145360,101238,26.98,-0.01,0.00,1.03,0
145400,101236,27.02,-0.00,-0.01,0.96,0
145440,101237,26.98,-0.01,0.00,0.98,0
145480,101234,27.03,-0.00,-0.01,1.00,0
145520,101237,26.97,-0.00,-0.01,1.01,0
145560,101233,26.91,-0.00,0.01,1.01,0
145600,101239,27.02,0.02,0.00,1.04,0
145600,101239,27.02,0.02,0.00,1.04,0
145640,101239,26.97,-0.02,-0.03,0.97,0
145680,101239,26.99,-0.02,-0.02,1.01,0
145720,101237,26.91,0.00,0.01,1.02,0
145760,101238,27.01,-0.02,-0.01,1.02,0
145800,101227,27.07,-0.01,0.01,1.01,0
145840,101238,26.98,0.01,-0.01,1.01,0
145880,101235,27.03,-0.00,-0.01,1.02,0
145920,101236,26.96,-0.01,-0.02,1.00,0
145960,101235,26.99,-0.01,0.01,1.00,0
146000,101231,27.03,-0.02,-0.00,1.02,0
146040,101234,27.05,0.01,0.01,1.01,0
146080,101238,27.02,0.01,0.01,0.99,0
146120,101240,27.09,0.03,0.00,1.00,0
146160,101234,27.12,0.01,0.01,1.01,0
146200,101233,27.01,-0.00,0.01,0.98,0
146240,101240,27.06,0.02,-0.00,1.00,0
146280,101233,27.11,-0.00,-0.01,1.02,0
146320,101242,26.96,-0.02,0.00,0.99,0
146360,101236,26.97,-0.01,-0.01,1.00,0
146400,101233,26.90,0.01,-0.00,1.00,0
146440,101239,27.00,0.01,0.00,1.03,0
146480,101241,26.91,0.01,0.01,0.96,0
146520,101231,27.04,-0.00,-0.00,1.00,0
146560,101241,27.04,-0.00,-0.01,1.02,0
146600,101235,27.02,0.01,0.03,0.98,0
146640,101240,26.97,-0.01,-0.00,1.03,0
146680,101234,27.04,0.01,0.02,0.97,0
146720,101231,27.00,-0.01,0.01,0.99,0
146760,101237,27.10,-0.01,-0.01,0.98,0
146800,101239,26.95,-0.00,-0.01,1.01,0
146840,101242,27.00,0.01,0.00,1.02,0
146880,101241,27.06,-0.01,0.02,0.99,0
146920,101238,26.98,0.01,-0.01,0.99,0
146960,101235,26.95,-0.02,0.00,0.99,0
147000,101234,27.11,0.02,0.00,0.99,0
147040,101235,27.02,-0.00,0.01,0.97,0
147080,101233,27.02,0.00,0.00,1.01,0
147120,101235,27.01,0.01,-0.01,1.02,0
147160,101227,27.05,-0.00,0.01,0.99,0
147200,101236,26.94,0.01,0.00,0.99,0
147240,101235,26.99,0.01,0.01,0.99,0
147280,101244,26.96,0.01,-0.01,1.02,0
147320,101238,27.10,-0.01,0.03,1.00,0
147360,101234,27.03,-0.00,0.01,1.01,0
147400,101237,27.05,-0.01,-0.00,0.98,0
147440,101232,26.98,0.00,0.00,0.99,0
147480,101234,27.04,-0.01,-0.00,1.00,0
147520,101230,27.08,0.01,-0.01,0.99,0
147560,101240,26.95,0.02,-0.03,1.00,0
147600,101237,26.96,0.00,0.00,1.01,0
147640,101232,27.01,0.01,-0.01,0.99,0
147680,101235,27.00,-0.01,0.02,1.01,0
147720,101239,27.07,-0.02,-0.00,1.01,0
147760,101237,26.95,0.01,-0.01,1.00,0
147800,101237,27.05,-0.00,-0.00,1.01,0
147840,101233,27.10,0.02,0.02,1.00,0
147880,101233,26.94,-0.01,-0.01,1.01,0
147920,101236,27.10,-0.00,-0.01,1.00,0
147960,101238,27.05,0.01,0.01,1.00,0
148000,101233,26.92,-0.01,-0.04,1.00,0
148040,101232,27.18,0.01,0.00,1.03,0
148080,101239,26.99,0.00,0.01,0.99,0
148120,101232,27.02,0.01,0.00,0.99,0
148160,101239,27.04,0.01,-0.00,0.99,0
148200,101236,27.07,-0.00,0.00,0.98,0
148240,101238,27.05,-0.00,-0.02,1.02,0
148280,101241,27.06,0.00,0.01,1.02,0
148320,101238,27.10,-0.01,0.00,0.99,0
148360,101238,27.04,0.00,0.01,0.98,0
148400,101233,27.09,0.00,-0.01,1.04,0
148440,101233,27.05,0.01,-0.00,1.01,0
148480,101238,27.10,0.00,0.00,1.02,0
148520,101240,27.11,0.03,0.00,0.97,0
148560,101240,26.99,0.01,-0.01,0.98,0
148600,101243,27.12,-0.02,-0.02,1.00,0
148640,101236,27.12,0.01,-0.01,1.01,0
148680,101236,27.01,0.00,-0.04,0.98,0
148720,101239,27.08,-0.00,0.00,0.94,0
148760,101235,27.13,0.01,0.03,0.99,0
148800,101235,27.11,0.01,-0.00,1.01,0
148840,101232,27.07,0.01,-0.00,1.00,0
148880,101239,27.03,-0.00,0.00,1.01,0
148920,101232,27.09,0.01,-0.01,0.99,0
148960,101237,26.98,0.02,0.02,1.01,0
149000,101231,27.10,-0.01,0.00,1.02,0
149040,101239,27.09,-0.02,0.00,1.00,0
149080,101232,27.11,0.02,0.00,1.01,0
149120,101238,27.12,-0.01,-0.00,0.98,0
149160,101230,27.09,0.01,0.00,1.01,0
149200,101234,27.04,-0.01,0.02,1.01,0
149240,101239,27.06,0.01,-0.01,0.99,0
149280,101233,27.09,-0.00,0.00,1.04,0
149320,101236,27.10,0.00,0.03,0.99,0
149360,101236,27.07,-0.01,-0.00,1.04,0
149400,101228,26.98,0.02,-0.02,0.98,0
149440,101236,27.07,-0.00,-0.00,0.98,0
149480,101237,27.11,-0.01,0.01,1.04,0
149520,101232,27.01,0.00,0.00,0.98,0
149560,101237,27.08,0.01,0.01,1.01,0
149600,101233,27.05,-0.00,-0.01,1.02,0
149640,101232,27.05,-0.01,-0.01,1.03,0
149680,101235,27.00,0.01,0.01,0.99,0
149720,101233,27.10,-0.02,0.01,1.01,0
149760,101243,27.05,0.00,0.00,1.01,0
149800,101230,27.12,0.01,-0.00,1.01,0
149840,101238,27.13,0.02,0.00,0.99,0
149880,101239,27.06,-0.00,-0.02,0.99,0
149920,101229,27.13,0.03,0.02,0.99,0
149960,101230,27.15,0.01,-0.01,1.02,0
150000,101237,27.14,0.01,0.01,1.02,0
150040,101234,27.08,-0.00,-0.01,1.02,0
150080,101237,27.12,0.01,-0.00,1.00,0
150120,101239,27.10,0.00,-0.00,1.02,0
150160,101234,27.11,-0.03,-0.01,1.01,0
150160,101234,27.11,-0.03,-0.01,1.01,0
150200,101232,27.11,0.00,-0.00,1.02,0
150240,101227,27.06,0.01,0.01,1.02,0
150280,101236,27.21,-0.01,-0.01,1.01,0
150320,101232,27.13,0.01,-0.01,1.00,0
150360,101236,27.18,0.01,0.01,1.02,0
150960,101239,27.09,0.01,-0.00,0.97,0
151000,101236,27.05,-0.01,-0.00,0.98,0
151040,101227,27.18,-0.00,-0.01,0.99,0
151080,101233,27.11,-0.01,-0.01,0.98,0
151120,101235,27.11,0.02,-0.03,0.99,0
151160,101238,27.11,-0.01,0.03,1.00,0
151200,101234,27.03,0.00,-0.01,1.01,0
151240,101234,27.11,0.01,-0.01,1.01,0
151280,101233,27.20,-0.00,-0.01,0.99,0
151320,101237,27.13,-0.00,0.00,1.02,0
151360,101234,27.07,-0.02,-0.01,0.98,0
151400,101233,27.08,-0.00,-0.02,1.00,0
151440,101233,27.11,-0.02,-0.01,0.97,0
151480,101237,27.15,-0.00,0.00,1.02,0
151520,101237,27.15,-0.00,0.00,0.99,0
151560,101230,27.11,0.02,-0.01,1.00,0
151600,101237,27.13,0.00,0.01,0.98,0
151640,101233,27.09,-0.00,0.00,1.01,0
151680,101236,27.14,-0.00,-0.01,0.98,0
151720,101236,27.06,0.01,0.02,0.98,0
151760,101239,27.05,-0.01,0.00,0.99,0
151800,101239,27.11,0.01,0.00,0.99,0
151840,101233,27.06,-0.00,0.01,0.97,0
151880,101235,27.20,-0.00,0.02,0.99,0
151920,101231,27.08,-0.02,0.00,1.00,0
151960,101241,27.11,-0.00,0.00,0.99,0
152000,101237,27.17,-0.02,-0.01,1.00,0
152040,101240,27.11,-0.00,-0.02,0.99,0
152080,101234,27.12,-0.02,0.00,0.98,0
152120,101229,27.08,-0.02,-0.00,0.99,0
152160,101240,27.15,0.01,-0.01,1.00,0
152200,101235,27.21,-0.02,-0.02,1.02,0
152240,101236,27.08,0.03,0.01,0.96,0
152280,101235,27.17,-0.00,-0.00,1.01,0
152320,101237,27.10,-0.01,-0.00,0.97,0
152360,101237,27.12,0.00,-0.00,1.00,0
152400,101230,27.13,-0.03,-0.01,0.97,0
152440,101239,27.15,0.01,-0.00,0.97,0
152480,101233,27.12,0.01,0.00,1.01,0
152520,101234,27.18,-0.01,0.00,1.00,0
152560,101241,27.09,-0.01,-0.00,1.03,0
152600,101238,27.19,-0.00,-0.00,0.97,0
152640,101234,27.14,0.01,-0.01,1.01,0
152680,101229,27.21,-0.00,-0.02,1.00,0
152720,101236,27.13,0.03,-0.00,1.00,0
152760,101237,27.19,-0.01,-0.01,1.00,0
152800,101235,27.13,0.00,0.00,0.96,0
152840,101231,27.20,-0.01,0.01,1.00,0
152880,101233,27.18,0.01,-0.00,0.99,0
152920,101231,27.17,-0.00,0.02,1.00,0
152960,101236,27.12,0.02,-0.01,1.01,0
153000,101238,27.12,0.01,0.02,1.02,0
153040,101238,27.13,0.01,0.01,1.00,0
153080,101233,27.24,0.02,0.02,1.00,0
153120,101236,27.17,-0.01,-0.01,1.01,0
153160,101237,27.12,0.00,-0.01,0.99,0
153200,101233,27.10,0.00,-0.01,1.00,0
153240,101235,27.19,-0.00,-0.00,1.03,0
153280,101242,27.18,0.02,0.02,1.01,0
153320,101236,27.18,-0.02,0.01,0.98,0
153360,101238,27.09,-0.00,0.01,1.01,0
153400,101234,27.20,0.01,0.01,0.98,0
153440,101235,27.11,0.00,0.01,1.00,0
153480,101230,27.12,-0.01,-0.01,0.99,0
153520,101235,27.11,0.02,0.00,0.97,0
153560,101239,27.17,0.01,0.01,0.98,0
153600,101242,27.07,0.03,-0.02,0.98,0
153640,101239,27.17,0.01,0.01,0.99,0
153680,101237,27.17,-0.01,-0.00,0.99,0
153720,101235,27.29,0.01,-0.00,1.00,0
153760,101233,27.24,-0.01,-0.00,0.99,0
153800,101235,27.17,0.02,-0.01,0.98,0
153840,101237,27.11,-0.01,-0.02,0.98,0
153880,101233,27.13,0.01,0.00,0.99,0
153920,101238,27.19,0.00,-0.00,0.99,0
153960,101232,27.21,-0.00,-0.00,0.99,0
154000,101229,27.18,-0.00,-0.02,0.99,0
154040,101232,27.11,-0.04,-0.02,1.04,0
154080,101230,27.09,-0.00,0.01,1.00,0
154120,101231,27.17,-0.01,-0.01,0.99,0
154160,101239,27.12,-0.00,0.01,1.01,0
154200,101234,27.26,0.01,0.04,1.00,0
154240,101236,27.12,-0.02,0.00,1.01,0
154280,101239,27.23,0.00,0.02,1.00,0
154320,101239,27.16,-0.00,0.00,1.01,0
154360,101233,27.12,-0.01,0.01,0.99,0
154400,101239,27.24,0.01,0.00,1.02,0
154440,101236,27.18,0.01,0.01,1.02,0
154480,101235,27.14,-0.00,0.02,1.01,0
154520,101236,27.26,0.02,-0.01,1.00,0
154560,101230,27.26,0.01,-0.01,1.01,0
154600,101232,27.21,-0.01,-0.00,1.01,0
154640,101235,27.23,-0.01,-0.01,1.00,0
154680,101237,27.19,-0.00,-0.01,1.01,0
154720,101234,27.09,-0.01,0.00,1.00,0
154760,101235,27.19,0.00,0.00,1.00,0
154800,101238,27.27,-0.00,0.03,0.97,0
154840,101240,27.24,-0.02,-0.02,0.99,0
154880,101237,27.05,-0.01,-0.00,0.98,0
154920,101239,27.17,0.01,-0.01,1.01,0
154960,101234,27.16,0.02,-0.00,0.98,0
155000,101234,27.23,0.00,-0.02,1.03,0
155040,101236,27.17,0.01,0.03,0.99,0
155080,101234,27.16,0.01,-0.03,1.02,0
155120,101233,27.15,0.02,0.02,0.98,0
155160,101240,27.13,0.02,-0.01,1.00,0
155200,101234,27.22,0.01,0.00,0.99,0
155240,101232,27.24,0.01,0.01,0.98,0
155280,101237,27.28,0.01,-0.00,1.01,0
155320,101241,27.20,-0.02,-0.01,1.01,0
155360,101235,27.22,0.00,-0.01,0.98,0
155400,101239,27.18,0.00,-0.00,1.01,0
155440,101234,27.17,-0.01,-0.01,1.00,0
155480,101233,27.18,-0.00,-0.01,1.02,0
155520,101233,27.17,-0.01,0.01,1.03,0
155560,101234,27.20,-0.01,0.01,0.98,0
155600,101241,27.20,-0.00,-0.01,1.01,0
155640,101231,27.23,-0.00,0.00,0.98,0
155680,101240,27.19,0.00,0.01,0.97,0
155720,101232,27.23,-0.01,-0.03,1.01,0
155760,101234,27.27,-0.01,0.01,1.00,0
155800,101238,27.25,0.02,0.01,1.00,0
155840,101237,27.15,-0.01,-0.00,0.99,0
155880,101236,27.23,0.01,0.02,1.02,0
155920,101230,27.15,0.03,-0.00,0.99,0
155960,101236,27.13,0.00,0.03,1.00,0
156000,101232,27.25,0.01,0.01,0.99,0
156040,101243,27.18,0.01,0.01,0.99,0
156080,101234,27.24,0.01,0.00,0.99,0
156120,101236,27.33,0.02,0.01,1.00,0
156160,101231,27.16,-0.01,0.00,0.99,0
156200,101233,27.28,-0.02,0.02,0.99,0
156240,101231,27.18,-0.00,0.01,1.02,0
156280,101238,27.17,0.01,-0.01,0.98,0
156320,101234,27.16,0.01,-0.02,0.99,0
156360,101237,27.23,0.02,-0.03,1.00,0
156400,101233,27.23,-0.02,-0.01,0.99,0
156440,101233,27.25,-0.00,-0.01,1.00,0
156480,101239,27.28,-0.02,0.00,1.00,0
156520,101232,27.22,0.01,-0.01,0.98,0
156560,101229,27.22,-0.02,0.02,1.02,0
156600,101236,27.17,-0.00,-0.02,1.00,0
156640,101231,27.20,0.02,0.01,1.00,0
156680,101233,27.29,-0.01,0.01,0.99,0
156720,101238,27.20,0.02,-0.04,1.01,0
156760,101232,27.19,0.01,-0.01,1.00,0
156800,101238,27.16,0.01,-0.01,0.98,0
156840,101233,27.07,-0.02,0.01,0.98,0
156880,101240,27.17,-0.00,-0.00,1.00,0
156920,101239,27.22,0.02,-0.01,0.99,0
156960,0,27.22,0.01,0.02,1.00,0
157000,101234,27.28,0.00,0.04,0.99,0
157040,0,27.31,-0.00,0.00,1.01,0
157080,101235,27.30,-0.01,-0.00,0.99,0
157120,101239,27.10,0.03,0.00,1.00,0
157160,101230,27.20,-0.00,0.00,1.02,0
157200,101238,27.26,0.00,-0.01,0.99,0
157240,101231,27.24,-0.02,-0.01,1.00,0
157280,101232,27.33,-0.02,-0.02,1.01,0
157320,101229,27.12,0.03,0.00,1.01,0
157360,101242,27.27,-0.02,0.01,0.98,0
157400,101235,27.23,-0.00,0.00,1.01,0
157440,101236,27.25,0.01,0.00,0.99,0
157480,101233,27.27,-0.01,0.01,0.99,0
157520,101238,27.23,0.01,-0.02,1.01,0
157560,101228,27.22,0.01,0.01,0.98,0
157600,101235,27.27,0.02,-0.01,1.01,0
157640,101242,27.37,-0.02,-0.00,1.03,0
157680,101234,27.24,-0.00,-0.01,0.96,0
157720,101235,27.29,0.01,0.02,1.01,0
157760,101237,27.20,-0.02,0.00,1.02,0
157800,101232,27.27,0.01,0.02,0.99,0
157840,101235,27.24,0.01,-0.01,0.99,0
157880,101238,27.23,0.01,-0.01,0.99,0
157920,101235,27.27,-0.01,-0.01,1.00,0
157960,101236,27.27,-0.01,-0.01,1.01,0
158000,101234,27.23,-0.00,-0.00,0.99,0
158040,101236,27.29,-0.00,-0.02,1.02,0
158080,101235,27.25,0.00,0.00,0.99,0
158120,101239,27.20,-0.01,-0.01,1.01,0
158160,101237,27.24,0.01,-0.03,0.98,0
158200,101234,27.27,-0.01,0.01,1.00,0
158240,101227,27.25,-0.01,-0.00,0.98,0
158280,101237,27.31,0.00,-0.00,0.98,0
158320,101237,27.28,-0.01,0.01,1.01,0
158360,101232,27.23,-0.00,0.02,1.01,0
158400,101228,27.31,-0.01,0.01,0.98,0
158440,101231,27.30,0.01,-0.00,1.01,0
158480,101238,27.25,-0.00,0.00,1.01,0
158520,101231,27.27,0.00,-0.01,0.98,0
158560,101233,27.29,-0.03,-0.02,0.98,0
158600,101235,27.31,0.01,0.04,0.99,0
158640,101239,27.25,-0.00,-0.02,1.01,0
158680,101235,27.22,-0.01,0.00,0.99,0
158720,101234,27.30,0.01,0.01,1.00,0
158760,101233,27.23,-0.00,-0.01,0.98,0
158800,101240,27.19,0.01,-0.02,1.02,0
158840,101238,27.27,-0.01,-0.00,1.02,0
158880,101234,27.20,0.00,-0.01,0.98,0
158920,101230,27.17,-0.01,-0.01,1.00,0
158960,101232,27.32,0.00,-0.00,1.03,0
159000,101237,27.24,-0.00,-0.00,1.01,0
159040,101232,27.30,-0.00,0.01,1.00,0
159080,101238,27.24,0.01,-0.01,0.99,0
159120,101236,27.32,-0.01,-0.00,1.04,0
159160,101236,27.32,-0.01,-0.01,1.01,0
159200,101237,27.30,-0.01,0.01,0.98,0
159240,101236,27.35,0.02,0.02,0.98,0
159280,101232,27.32,0.02,0.01,1.00,0
159320,101234,27.35,-0.02,-0.00,1.01,0
159360,101242,27.26,0.00,0.01,1.01,0
159400,101231,27.28,-0.01,-0.02,0.99,0
159440,101233,27.26,-0.01,0.03,1.00,0
159480,101238,27.28,0.01,-0.02,0.99,0
159520,101234,27.32,-0.01,0.01,0.99,0
159560,101232,27.30,0.02,0.01,1.00,0
159600,101230,27.30,0.01,-0.01,0.98,0
159640,101236,27.34,0.01,0.00,1.00,0
159680,101238,27.24,-0.01,-0.00,1.00,0
159720,101239,27.34,0.00,0.00,0.98,0
159760,101235,27.30,0.01,-0.01,0.97,0
159800,101238,27.33,0.02,0.01,0.99,0
159840,101231,27.33,-0.03,0.00,0.99,0
159880,101235,27.35,-0.01,0.02,1.04,0
159920,101232,27.40,0.01,-0.01,1.00,0
159960,101235,27.35,0.00,-0.01,1.00,0
160000,101237,27.26,0.00,-0.00,1.02,0
160040,101238,27.34,-0.00,0.02,0.97,0
160080,101231,27.23,-0.01,0.01,1.03,0
160120,101239,27.34,0.00,-0.00,0.97,0
160160,101233,27.27,0.01,0.00,0.99,0
160200,101231,27.30,-0.01,-0.02,1.00,0
160240,101234,27.27,-0.02,-0.00,1.00,0
160280,101230,27.31,0.00,0.00,1.00,0
160320,101235,27.27,-0.00,-0.00,1.01,0
160360,101236,27.31,-0.01,0.01,1.00,0
160400,101234,27.35,0.03,0.01,0.98,0
160440,101236,27.26,0.01,-0.02,0.99,0
160480,101234,27.32,-0.01,-0.01,1.00,0
160520,101235,27.29,-0.01,0.01,0.99,0
160560,101230,27.30,0.01,0.01,1.00,0
160600,101235,27.30,0.00,0.00,0.98,0
160640,101232,27.27,0.01,-0.01,1.02,0
160680,101233,27.35,-0.00,-0.01,1.00,0
160720,101234,27.35,0.01,0.02,1.01,0
160760,101235,27.28,0.01,0.01,1.00,0
160800,101229,27.27,-0.01,0.01,0.99,0
160840,101230,27.41,0.01,-0.02,0.98,0
160880,101234,27.32,-0.02,-0.00,1.01,0
160920,101236,27.35,-0.01,0.01,1.01,0
160960,101236,27.28,0.01,-0.01,0.98,0
161000,101237,27.38,0.01,-0.01,0.96,0
161040,101239,27.37,-0.01,0.00,0.98,0
161080,101236,27.35,0.01,0.00,1.01,0
161120,101234,27.34,0.01,-0.01,0.99,0
161160,101231,27.22,-0.01,-0.00,0.98,0
161200,101232,27.37,-0.00,0.04,1.01,0
161240,101233,27.28,-0.00,0.01,1.02,0
161280,101235,27.40,-0.01,0.01,1.00,0
161320,101235,27.37,-0.00,-0.00,1.00,0
161360,101235,27.30,-0.00,0.00,0.97,0
161400,101234,27.30,-0.01,0.01,1.00,0
161440,101237,27.33,-0.01,0.01,1.00,0
161480,101235,27.38,-0.00,-0.00,1.01,0
161520,101235,27.35,-0.02,0.00,1.00,0
161560,101236,27.24,-0.01,0.01,1.00,0
161600,101233,27.31,0.01,-0.02,1.02,0
161640,101231,27.30,0.02,-0.00,0.99,0
161680,101236,27.35,-0.00,0.01,1.01,0
161720,101236,27.32,-0.00,-0.00,1.03,0
161760,101234,27.33,0.01,-0.00,0.99,0
161800,101233,27.25,0.00,0.01,1.00,0
161840,101242,27.40,0.01,0.02,1.01,0
161880,101232,27.29,0.01,-0.01,1.00,0
161920,101234,27.27,0.01,0.02,0.98,0
161960,101235,27.29,-0.01,-0.02,1.00,0
162000,101231,27.33,-0.02,-0.03,0.98,0
162040,101235,27.35,-0.02,-0.00,1.00,0
162080,101240,27.37,-0.00,0.00,1.02,0
162120,101237,27.31,-0.00,0.01,0.98,0
162160,101237,27.37,-0.03,-0.02,0.97,0
162200,101236,27.33,-0.00,-0.03,1.03,0
162240,101235,27.45,0.01,-0.00,1.01,0
162280,101238,27.31,-0.01,-0.01,1.00,0
162320,101234,27.32,-0.01,0.02,0.99,0
162360,101233,27.38,0.00,-0.01,0.99,0
162400,101235,27.40,-0.01,0.01,0.99,0
162440,101237,27.33,0.02,-0.02,0.99,0
162480,101236,27.32,0.00,-0.01,1.00,0
162520,101237,27.38,0.02,0.01,0.98,0
162560,101228,27.44,-0.00,-0.01,1.00,0
162600,101238,27.30,-0.01,-0.01,0.99,0
162640,101242,27.23,0.01,0.00,1.01,0
162680,101239,27.37,-0.00,0.02,1.02,0
162720,101233,27.33,0.01,-0.00,0.99,0
162760,101232,27.38,0.00,-0.00,0.97,0
162800,101235,27.31,0.00,0.01,1.01,0
162840,101231,27.33,0.00,-0.02,1.01,0
162880,101237,27.45,-0.00,-0.01,1.01,0
162920,101233,27.35,-0.00,0.01,0.99,0
162960,101237,27.39,-0.01,-0.01,1.00,0
163000,101239,27.38,0.00,0.01,1.00,0
163040,101228,27.33,0.00,-0.02,1.00,0
163080,101235,27.41,0.01,0.01,1.00,0
163120,101232,27.35,-0.01,-0.01,1.00,0
163160,101230,27.41,-0.00,0.02,1.01,0
163200,101232,27.26,0.01,-0.01,1.00,0
163240,101234,27.33,-0.01,0.02,1.02,0
163280,101238,27.35,-0.01,-0.00,0.99,0
163320,101230,27.40,0.01,-0.02,1.01,0
163360,101238,27.36,-0.00,0.01,0.99,0
163400,101241,27.33,-0.00,-0.01,0.99,0
163440,101236,27.41,-0.02,0.01,1.02,0
163480,101236,27.35,0.01,-0.01,1.00,0
163520,101234,27.35,-0.01,0.01,1.01,0
163560,101231,27.42,-0.02,-0.00,0.99,0
163600,101236,27.30,0.01,0.00,1.01,0
163640,101236,27.45,-0.01,0.02,0.97,0
163680,101237,27.45,0.01,-0.01,0.98,0
163720,101243,27.51,-0.01,0.02,1.01,0
163760,101237,27.39,-0.00,-0.01,0.98,0
163800,101236,27.34,0.01,-0.02,0.98,0
163840,101239,27.40,-0.00,-0.01,0.99,0
163880,101230,27.29,-0.01,-0.01,0.99,0
163920,101231,27.33,-0.02,0.02,0.97,0
163960,101233,27.42,-0.01,-0.01,0.98,0
164000,101232,27.33,-0.01,-0.03,1.01,0
164040,101237,27.39,-0.00,-0.00,1.02,0
164080,101233,27.38,0.01,-0.01,1.03,0
164120,101240,27.35,-0.01,-0.01,1.01,0
164160,101239,27.46,0.00,0.03,0.98,0
164200,101237,27.35,-0.01,0.02,0.99,0
164240,101233,27.38,-0.01,0.00,0.99,0
164280,101236,27.54,0.01,-0.01,1.01,0
164320,101237,27.38,-0.01,0.01,0.98,0
164360,101231,27.46,0.01,-0.01,1.00,0
164400,101235,27.29,0.01,0.00,1.00,0
164440,101237,27.36,-0.00,-0.01,1.00,0
164480,101235,27.35,-0.01,-0.01,0.96,0
164520,101239,27.35,0.01,0.02,0.99,0
164560,101238,27.39,0.02,-0.02,1.01,0
164600,101232,27.30,0.00,-0.00,1.00,0
164640,101235,27.38,0.02,-0.03,0.98,0
164680,101232,27.40,0.00,-0.01,1.00,0
164720,101236,27.39,0.00,0.01,0.99,0
164760,101232,27.40,0.01,-0.01,1.02,0
164800,101237,27.35,-0.02,-0.01,1.00,0
164840,101236,27.45,-0.01,-0.00,1.00,0
164880,101237,27.43,-0.01,-0.00,0.98,0
164920,101234,27.42,0.01,-0.03,1.00,0
164960,101230,27.39,0.01,-0.01,1.00,0
165000,101240,27.34,0.01,0.03,1.00,0
165040,101234,27.48,0.02,-0.00,1.00,0
165080,101239,27.41,0.01,-0.01,1.01,0
165120,101236,27.36,0.01,-0.00,0.97,0
165160,101236,27.38,0.01,-0.00,1.00,0
165200,101240,27.52,-0.02,-0.01,0.99,0
165240,101235,27.40,-0.01,-0.00,0.99,0
165280,101239,27.37,0.02,0.03,1.00,0
165320,101230,27.41,-0.02,-0.01,1.01,0
165360,101237,27.43,-0.00,0.02,1.04,0
165400,101233,27.40,-0.01,0.01,1.01,0
165440,101234,27.36,-0.00,0.01,1.01,0
165480,101234,27.37,0.01,-0.01,1.02,0
165520,101235,27.41,-0.02,-0.01,1.01,0
165560,101240,27.50,0.00,-0.00,1.03,0
165600,101228,27.34,0.01,-0.02,0.97,0
165640,101234,27.36,0.01,0.00,1.00,0
165680,101232,27.43,-0.01,0.02,1.00,0
165720,101238,27.44,-0.02,-0.00,0.98,0
165760,101233,27.45,-0.02,0.01,1.02,0
165800,101236,27.44,0.02,0.02,0.99,0
165840,101233,27.39,-0.01,-0.00,1.00,0
165880,101236,27.41,0.02,0.00,0.99,0
165920,101237,27.49,-0.01,-0.00,1.01,0
165960,101233,27.45,-0.02,-0.02,0.98,0
166000,101234,27.38,0.01,-0.00,1.00,0
166040,101230,27.38,-0.01,0.01,1.00,0
166080,101235,27.41,0.01,-0.01,0.99,0
166120,101237,27.40,-0.01,0.01,0.98,0
166160,101232,27.44,-0.02,-0.02,1.00,0
166200,101238,27.44,-0.00,-0.03,1.02,0
166240,101228,27.48,-0.01,0.02,0.99,0
166280,101228,27.43,-0.01,-0.01,0.98,0
166320,101230,27.41,0.01,-0.01,1.01,0
166360,101233,27.47,0.02,0.01,1.00,0
166400,101234,27.44,-0.00,-0.01,0.98,0
166440,101234,27.51,-0.01,0.01,1.02,0
166480,101234,27.44,-0.01,0.00,1.02,0
166520,101236,27.38,-0.01,-0.01,1.01,0
166560,101233,27.47,-0.01,0.00,1.01,0
166600,101230,27.37,-0.00,0.00,1.01,0
166640,101230,27.47,-0.02,-0.00,0.99,0
166680,101241,27.44,0.00,-0.00,1.00,0
166720,101227,27.54,0.02,0.01,1.00,0
166760,101234,27.54,-0.01,-0.02,1.00,0
166800,101239,27.39,-0.03,-0.01,0.99,0
166840,101236,27.41,0.00,0.01,1.01,0
166880,101231,27.38,0.01,0.02,1.00,0
166920,101234,27.43,0.01,0.01,1.00,0
166960,101237,27.46,-0.01,-0.02,0.99,0
167000,101238,27.42,-0.00,-0.01,0.98,0
167040,101231,27.45,0.01,-0.00,0.99,0
167080,101237,27.44,-0.01,0.01,0.99,0
167120,101235,27.34,0.02,0.00,1.01,0
167160,101238,27.43,-0.00,0.00,1.00,0
167200,101239,27.44,-0.01,0.01,1.00,0
167240,101233,27.54,-0.01,-0.00,1.00,0
167280,101229,27.35,-0.01,-0.02,0.99,0
167320,101235,27.45,0.00,0.01,1.00,0
167360,101240,27.50,0.01,-0.03,1.00,0
167400,101236,27.37,0.01,0.01,1.02,0
167440,101235,27.47,-0.00,-0.02,1.01,0
167480,101242,27.46,-0.00,-0.02,0.98,0
167520,101231,27.43,0.01,-0.00,0.99,0
167560,101237,27.49,0.01,0.00,1.00,0
167600,101232,27.46,-0.00,0.01,0.98,0
167640,101234,27.51,0.00,0.03,0.97,0
167680,101234,27.41,-0.02,0.00,1.01,0
167720,101239,27.42,0.00,0.00,0.99,0
167760,101231,27.45,-0.01,-0.01,0.99,0
167800,101232,27.42,-0.01,0.00,1.00,0
167840,101229,27.55,-0.03,-0.00,1.00,0
167880,101236,27.48,0.00,0.03,0.99,0
167920,101233,27.37,0.01,-0.01,1.00,0
167960,101235,27.44,0.02,-0.01,1.02,0
168000,101231,27.48,0.00,0.00,0.98,0
168040,101233,27.46,0.00,-0.00,0.98,0
168080,101237,27.43,-0.00,-0.00,0.98,0
168120,101234,27.47,0.01,-0.00,1.02,0
168160,101236,27.48,-0.01,-0.01,0.98,0
168200,101236,27.43,-0.00,-0.01,1.00,0
168240,101233,27.55,-0.02,0.00,1.00,0
168280,101229,27.48,0.00,-0.00,0.99,0
168320,101237,27.45,-0.01,-0.01,1.00,0
168360,101235,27.47,0.00,-0.01,0.98,0
168400,101237,27.57,0.01,0.01,1.00,0
168440,101228,27.51,0.01,0.02,1.00,0
168480,101229,27.50,0.01,-0.02,1.00,0
168520,101227,27.49,-0.01,-0.01,1.02,0
168560,101231,27.49,-0.00,-0.01,1.00,0
168600,101237,27.64,0.00,-0.01,0.98,0
168640,101236,27.53,0.01,-0.01,1.02,0
168680,101234,27.54,-0.01,-0.01,1.01,0
168720,101234,27.47,0.01,0.01,0.99,0
168760,101236,27.49,-0.02,0.01,1.02,0
168800,101233,27.34,-0.01,0.00,0.98,0
168840,101235,27.48,0.01,0.00,1.01,0
168880,101234,27.47,0.01,-0.00,0.99,0
168920,101227,27.43,-0.02,-0.00,1.00,0
168960,101233,27.47,-0.01,-0.01,1.01,0
169000,101238,27.49,0.01,0.00,0.99,0
169040,101233,27.59,-0.01,-0.02,0.99,0
169080,101234,27.49,0.01,0.00,0.99,0
169120,101232,27.55,0.00,0.00,0.99,0
169160,101232,27.57,0.02,-0.01,1.02,0
169200,101238,27.50,-0.00,0.01,0.99,0
169240,101233,27.49,0.02,0.00,0.98,0
169280,101231,27.45,0.00,-0.01,1.00,0
169320,101224,27.52,-0.01,-0.01,1.01,0
169360,101232,27.57,-0.00,0.01,1.01,0
169680,101231,27.47,-0.01,-0.02,0.98,0
169720,101236,27.50,0.01,-0.01,1.01,0
169760,101229,27.47,0.03,0.01,1.01,0
169800,101230,27.51,0.01,-0.00,0.99,0
169840,101229,27.58,0.02,0.01,0.98,0
169880,101230,27.50,0.01,0.00,0.97,0
169920,101237,27.50,-0.02,-0.01,1.01,0
169960,101230,27.34,0.01,-0.01,0.99,0
170000,101230,27.49,-0.00,-0.00,0.99,0
170040,101231,27.51,-0.01,-0.00,1.00,0
170080,101235,27.49,0.01,-0.00,0.99,0
170120,101233,27.61,0.02,0.01,1.00,0
170160,101237,27.58,0.00,-0.00,1.00,0
170200,101232,27.55,0.00,-0.01,0.97,0
170240,101230,27.54,0.00,0.01,1.00,0
170280,101232,27.56,0.01,-0.00,1.00,0
170320,101234,27.41,-0.02,0.02,0.99,0
170360,101231,27.47,0.02,0.00,0.97,0
170400,101235,27.38,-0.02,-0.01,1.01,0
170440,101240,27.53,-0.01,0.01,0.98,0
170480,101232,27.49,0.01,0.03,0.99,0
170520,101234,27.46,0.00,0.00,1.01,0
170560,101238,27.54,0.02,0.02,1.01,0
170600,101232,27.46,-0.00,0.00,1.00,0
170640,101231,27.57,0.01,0.00,1.00,0
170680,101230,27.56,-0.01,-0.01,0.99,0
170720,101235,27.46,-0.01,-0.03,1.00,0
170760,101235,27.48,0.01,0.01,1.01,0
170800,101233,27.44,0.00,0.00,0.98,0
170840,101234,27.54,-0.01,-0.02,1.01,0
170880,101238,27.49,0.03,0.00,0.99,0
170920,101237,27.53,0.00,-0.00,0.99,0
170960,101229,27.48,0.02,-0.01,1.03,0
171000,101234,27.48,0.01,0.00,1.02,0
171040,101234,27.53,0.00,-0.01,1.00,0
171080,101236,27.55,0.01,-0.00,1.00,0
171120,101233,27.52,-0.02,0.00,0.98,0
171160,101232,27.52,-0.01,-0.01,1.00,0
171200,101232,27.46,0.00,0.02,1.02,0
171240,101228,27.62,0.01,0.01,1.03,0
171280,101234,27.53,0.01,0.01,1.00,0
171320,101232,27.49,0.00,0.02,1.01,0
171360,101235,27.51,0.00,-0.00,1.00,0
171400,101230,27.49,0.01,-0.00,1.00,0
171440,101232,27.53,-0.02,0.02,1.03,0
171480,101231,27.50,0.03,0.00,0.99,0
171520,101230,27.55,0.01,-0.01,1.01,0
171560,101236,27.47,0.01,-0.01,0.98,0
171600,101232,27.53,-0.01,0.01,1.02,0
171640,101235,27.48,-0.01,-0.01,0.98,0
171680,101230,27.49,-0.00,-0.02,1.01,0
171720,101234,27.65,-0.01,0.00,0.99,0
171760,101228,27.41,-0.02,0.02,1.00,0
171800,101232,27.62,0.00,0.01,1.02,0
171840,101232,27.51,0.02,0.02,1.00,0
171880,101236,27.54,-0.01,0.02,0.99,0
171920,101234,27.54,-0.01,-0.00,1.01,0
171960,101233,27.55,0.01,0.00,1.02,0
172000,101236,27.49,-0.01,-0.04,1.02,0
172040,101234,27.59,-0.02,-0.01,1.00,0
172080,101235,27.49,0.02,0.02,1.00,0
172120,101236,27.56,-0.00,-0.02,0.98,0
172160,101233,27.51,-0.00,0.01,0.99,0
172200,101233,27.56,0.02,0.02,1.02,0
172240,101235,27.59,-0.03,-0.01,1.00,0
172280,101232,27.55,0.01,0.01,1.01,0
172320,101235,27.49,-0.01,-0.01,1.02,0
172360,101237,27.57,0.02,0.00,0.98,0
172400,101236,27.54,-0.01,-0.02,0.98,0
172440,101232,27.60,-0.00,-0.01,0.99,0
172480,101230,27.55,-0.00,-0.00,0.99,0
172520,101233,27.59,-0.00,0.02,0.99,0
172560,101233,27.41,-0.01,0.01,1.00,0
172600,101237,27.58,0.01,0.02,0.99,0
172640,101232,27.61,0.00,-0.00,1.02,0
172680,101233,27.63,-0.02,0.01,1.01,0
172720,101236,27.49,-0.01,-0.00,1.00,0
172760,101232,27.61,0.01,-0.02,0.96,0
172800,101233,27.51,0.00,0.00,1.02,0
172840,101239,27.62,0.01,-0.01,1.02,0
172880,101238,27.51,0.02,0.01,1.01,0
172920,101236,27.60,0.01,-0.00,0.98,0
172960,101234,27.61,0.01,0.01,1.00,0
173000,101230,27.61,-0.01,-0.02,1.02,0
173040,101235,27.55,-0.01,-0.00,1.02,0
173080,101234,27.58,-0.00,-0.01,0.99,0
173120,101234,27.56,-0.02,-0.00,1.00,0
173160,101232,27.50,-0.00,-0.01,1.00,0
173200,101234,27.64,0.02,-0.01,1.00,0
173240,101233,27.59,-0.00,-0.02,0.99,0
173280,101235,27.52,-0.01,0.00,1.00,0
173320,101238,27.52,0.02,-0.00,1.03,0
173360,101235,27.55,0.00,-0.00,1.00,0
173400,101228,27.52,-0.02,-0.01,1.01,0
173440,101230,27.61,0.01,-0.02,1.02,0
173480,101228,27.59,-0.01,-0.00,1.00,0
173520,101231,27.58,-0.02,-0.02,1.01,0
173560,101235,27.59,-0.01,-0.00,1.01,0
173600,101235,27.57,-0.00,-0.02,0.98,0
173640,101232,27.59,0.00,0.00,0.98,0
173680,101234,27.45,-0.01,-0.01,0.99,0
173720,101231,27.64,0.02,0.00,1.00,0
173760,101229,27.59,-0.00,0.01,0.98,0
173800,101229,27.61,0.00,-0.00,0.98,0
173840,101231,27.59,-0.01,-0.01,1.00,0
173880,101238,27.56,-0.00,-0.01,1.00,0
173920,101229,27.66,-0.00,-0.01,0.99,0
173960,101237,27.54,0.02,0.01,1.02,0
174000,101238,27.60,0.02,-0.02,0.98,0
174040,101233,27.59,0.01,-0.01,0.99,0
174080,101233,27.55,0.01,-0.01,0.98,0
174120,101232,27.55,-0.01,0.00,1.00,0
174160,101233,27.62,-0.01,-0.01,0.99,0
174200,101236,27.68,-0.01,0.01,1.01,0
174240,101234,27.53,0.01,0.00,0.99,0
174280,101237,27.50,-0.01,-0.01,0.98,0
174320,101237,27.54,0.00,-0.01,0.98,0
174360,101235,27.59,0.02,-0.01,0.98,0
174400,101235,27.65,-0.03,-0.00,1.02,0
174440,101233,27.58,-0.01,-0.00,1.01,0
174480,101235,27.55,-0.00,-0.01,1.01,0
174520,101230,27.60,-0.01,-0.00,1.00,0
174560,101235,27.65,-0.00,-0.01,1.00,0
174600,101234,27.69,0.02,0.02,0.98,0
174640,101231,27.69,0.01,0.00,1.00,0
174680,101240,27.62,-0.02,0.01,0.98,0
174720,101230,27.67,0.00,-0.01,0.98,0
174760,101231,27.58,0.02,-0.00,1.00,0
174800,101234,27.55,0.02,-0.00,0.99,0
174840,101227,27.61,-0.01,-0.00,0.97,0
174880,101231,27.51,0.01,-0.01,1.01,0
174920,101229,27.61,0.01,0.01,1.02,0
174960,101230,27.59,-0.00,0.01,0.98,0
175000,101233,27.55,-0.02,-0.01,1.02,0
175040,101234,27.66,-0.01,-0.02,0.99,0
175080,101237,27.61,0.02,-0.00,1.01,0
175120,101236,27.64,-0.02,0.01,1.02,0
175160,101237,27.63,-0.00,0.01,1.01,0
175200,101235,27.61,0.01,0.02,0.99,0
175240,101232,27.59,-0.01,0.00,1.00,0
175280,101237,27.58,0.00,-0.00,1.02,0
175320,101232,27.66,-0.00,0.00,1.00,0
175360,101231,27.56,0.01,0.01,0.97,0
175400,101238,27.55,0.01,0.02,0.99,0
175440,101236,27.55,-0.02,0.01,1.00,0
175480,101234,27.60,-0.01,0.01,0.99,0
175520,101236,27.67,-0.00,0.01,1.01,0
175560,101236,27.61,-0.00,0.02,1.02,0
175600,101229,27.56,0.02,-0.02,1.01,0
175640,101233,27.64,0.00,-0.01,0.99,0
175680,101230,27.65,-0.01,0.00,1.00,0
175720,101234,27.58,-0.01,-0.02,0.99,0
175760,101231,27.66,-0.00,-0.00,1.03,0
175800,101238,27.68,0.01,0.01,1.01,0
175840,101235,27.66,0.00,0.01,1.00,0
175880,101231,27.66,-0.02,-0.01,1.02,0
175920,101233,27.68,-0.01,-0.01,1.02,0
175960,101229,27.60,0.00,0.02,1.01,0
176000,101233,27.62,0.02,-0.02,0.99,0
176560,101231,27.68,-0.02,0.01,0.98,0
176600,101234,27.49,-0.02,0.01,1.00,0
176640,101230,27.63,-0.01,-0.01,0.98,0
176680,101229,27.62,0.00,-0.00,1.00,0
176720,101235,27.62,0.00,0.01,0.99,0
176760,101233,27.65,0.01,-0.02,0.99,0
176800,101228,27.61,-0.01,-0.01,0.99,0
176840,101231,27.71,0.00,0.02,1.00,0
176880,101233,27.63,-0.00,-0.00,1.04,0
176920,101238,27.69,0.00,-0.03,0.99,0
176960,101237,27.68,0.00,-0.00,1.01,0
177000,101236,27.65,-0.01,0.00,1.01,0
177040,101228,27.67,-0.00,-0.01,1.00,0
177080,101233,27.66,0.00,0.01,0.99,0
177120,101235,27.63,-0.00,0.00,0.98,0
177160,101235,27.70,-0.00,0.02,1.02,0
177200,101235,27.57,0.00,0.01,1.00,0
177240,101232,27.67,-0.01,0.01,1.00,0
177280,101239,27.63,-0.03,0.01,0.98,0
177320,101238,27.71,0.01,-0.02,0.98,0
177360,101233,27.66,0.02,0.00,1.00,0
177400,101230,27.65,0.02,0.01,0.98,0
177440,101240,27.71,0.01,-0.00,1.00,0
177480,101231,27.72,0.01,-0.00,1.02,0
177520,101237,27.63,-0.00,-0.02,0.99,0
177560,101239,27.78,-0.02,-0.02,1.01,0
177600,101230,27.61,0.01,0.02,1.00,0
177640,101234,27.62,0.01,0.01,1.02,0
177680,101232,27.64,0.01,-0.01,0.98,0
177720,101235,27.60,-0.01,0.02,1.01,0
177760,101234,27.65,-0.00,-0.00,1.02,0
177800,101239,27.65,-0.02,-0.00,0.97,0
177840,101235,27.62,-0.01,-0.02,0.97,0
177880,101233,27.65,0.01,0.01,0.99,0
177920,101237,27.60,0.00,0.01,1.01,0
177960,101232,27.65,-0.01,0.01,1.00,0
178000,101232,27.62,-0.01,-0.01,1.02,0
178040,101240,27.72,-0.00,0.00,1.02,0
178080,101231,27.58,-0.01,-0.00,1.01,0
178120,101232,27.57,0.00,-0.02,1.01,0
178160,101233,27.65,-0.01,0.01,1.00,0
178200,101230,27.61,0.01,-0.00,1.00,0
178240,101226,27.72,-0.02,0.01,1.01,0
178280,101237,27.77,-0.02,0.01,1.03,0
178320,101231,27.68,0.00,-0.00,0.97,0
178360,101231,27.72,-0.02,-0.02,1.01,0
178400,101232,27.71,0.01,0.01,0.99,0
178440,101230,27.66,-0.00,-0.01,1.01,0
178480,101230,27.61,-0.00,0.02,1.00,0
178520,101234,27.65,0.01,-0.02,1.00,0
178560,101241,27.72,0.01,-0.01,1.01,0
178600,101235,27.64,0.01,-0.01,0.98,0
178640,101236,27.74,-0.00,-0.00,0.98,0
178680,101228,27.64,0.02,0.01,1.00,0
178720,101233,27.57,0.01,0.00,1.02,0
178760,101229,27.64,0.01,-0.01,0.98,0
178800,101236,27.57,0.01,-0.01,1.00,0
178840,101232,27.58,0.02,-0.01,0.97,0
178880,101233,27.60,-0.01,0.01,1.01,0
178920,101233,27.69,-0.01,0.01,1.00,0
178960,101231,27.72,-0.01,-0.01,0.99,0
179000,101228,27.63,-0.01,0.01,0.99,0
179040,101235,27.59,-0.01,-0.01,0.97,0
179080,101229,27.68,0.00,-0.00,1.02,0
179120,101229,27.59,0.01,0.00,0.98,0
179160,101232,27.73,-0.02,0.00,1.01,0
179200,101231,27.65,-0.01,0.01,1.02,0
179240,101234,27.65,0.01,0.00,0.98,0
179280,101236,27.71,-0.00,-0.01,1.00,0
179320,101234,27.69,-0.01,-0.01,1.01,0
179360,101234,27.71,0.02,-0.00,1.00,0
179400,101233,27.64,0.02,0.00,1.01,0
179440,101236,27.74,0.01,-0.01,0.99,0
179480,101227,27.74,0.00,-0.01,1.00,0
179520,101234,27.73,-0.01,-0.00,1.02,0
179560,101230,27.73,-0.01,-0.00,1.01,0
179600,101229,27.69,-0.00,-0.01,1.00,0
179640,101233,27.69,-0.00,0.02,1.01,0
179680,101232,27.72,0.01,-0.00,1.01,0
179720,101235,27.65,0.01,0.01,0.99,0
179760,101237,27.73,-0.01,0.01,0.98,0
179800,101226,27.70,0.02,-0.01,0.97,0
179840,101233,27.65,0.01,-0.00,0.98,0
179880,101239,27.66,-0.01,-0.02,0.99,0
179920,101236,27.68,-0.01,-0.01,1.02,0
179960,101238,27.61,-0.01,0.01,1.00,0
180000,101233,27.62,0.00,-0.03,0.99,0
180040,101228,27.71,-0.02,0.01,1.00,0
180080,101229,27.69,0.03,0.01,1.00,0
180120,101235,27.60,-0.02,-0.01,1.00,0
180160,101236,27.72,-0.01,-0.01,1.01,0
180200,101231,27.61,-0.00,0.01,0.99,0
180240,101232,27.70,0.00,0.00,1.01,0
180280,101234,27.68,-0.01,-0.00,1.01,0
180320,101227,27.65,0.02,-0.03,1.01,0
180360,101232,27.78,0.00,0.01,1.01,0
180400,101238,27.83,0.01,0.02,0.99,0
180440,101240,27.70,-0.01,-0.00,0.99,0
180480,101233,27.70,-0.01,0.01,1.00,0
180520,101239,27.73,-0.01,0.01,1.04,0
180560,101231,27.75,0.01,0.01,1.02,0
180600,101230,27.77,-0.01,-0.00,1.00,0
180640,101226,27.78,0.01,-0.00,1.01,0
180680,101236,27.73,-0.00,-0.01,0.97,0
180720,101232,27.63,-0.01,0.02,1.00,0
180760,101240,27.76,0.00,-0.00,1.02,0
180800,101234,27.70,0.01,0.00,0.99,0
180840,101234,27.68,0.01,-0.00,1.02,0
180880,101227,27.69,0.01,0.00,1.00,0
180920,101238,27.73,-0.00,-0.01,0.99,0
180960,101232,27.72,0.00,0.01,1.01,0
181000,101232,27.75,0.01,-0.00,1.02,0
181040,101226,27.68,-0.02,-0.04,1.00,0
181080,101236,27.76,-0.01,-0.05,1.02,0
181120,101236,27.78,-0.01,0.00,1.02,0
181160,101231,27.68,-0.01,0.00,1.01,0
181200,101233,27.71,0.00,0.00,1.01,0
181240,101234,27.73,-0.01,-0.02,0.99,0
181280,101236,27.67,-0.02,0.02,0.99,0
181320,101233,27.76,-0.01,0.00,1.00,0
181360,101238,27.73,-0.00,-0.00,1.00,0
181400,101232,27.85,0.02,-0.01,1.00,0
181400,101232,27.85,0.02,-0.01,1.00,0
181440,101231,27.66,0.02,0.01,1.00,0
181480,101231,27.66,-0.01,-0.01,0.99,0
181520,101225,27.70,-0.00,-0.01,1.00,0
181560,101230,27.71,0.01,-0.02,1.01,0
181600,101236,27.77,0.00,-0.01,0.99,0
181640,101234,27.71,0.00,0.01,1.00,0
181680,101230,27.64,-0.00,-0.00,0.99,0
181720,101234,27.74,0.01,-0.01,1.01,0
181760,101226,27.68,-0.01,-0.00,1.03,0
181800,101232,27.75,-0.00,0.01,1.00,0
181840,101235,27.74,-0.01,-0.01,0.98,0
181880,101235,27.77,-0.02,0.02,0.98,0
181920,101230,27.72,0.00,-0.01,0.97,0
181960,101236,27.70,0.02,0.02,0.98,0
182000,101239,27.73,-0.00,0.01,1.00,0
182040,101232,27.68,0.03,0.01,0.99,0
182080,101235,27.79,0.01,0.01,0.98,0
182120,101228,27.74,-0.01,-0.00,1.00,0
182160,101227,27.75,-0.01,0.01,0.99,0
182200,101235,27.75,-0.00,0.00,1.01,0
182240,101233,27.71,0.01,-0.01,1.01,0
182280,101234,27.72,-0.01,-0.03,0.99,0
182320,101231,27.70,-0.01,0.02,0.98,0
182360,101232,27.76,0.03,-0.01,1.01,0
182400,101235,27.77,0.00,0.00,1.01,0
182440,101238,27.86,-0.01,0.01,1.00,0
182480,101232,27.84,0.02,0.02,1.01,0
182520,101228,27.76,0.00,-0.00,0.99,0
182560,101237,27.75,0.01,0.00,0.98,0
182600,101235,27.76,0.03,-0.00,0.98,0
182640,101235,27.80,-0.01,0.00,1.00,0
182680,101233,27.71,-0.01,0.00,0.98,0
182720,101240,27.76,0.01,-0.01,1.01,0
182760,101233,27.68,0.00,-0.01,0.98,0
182800,101235,27.71,0.00,0.01,1.01,0
182840,101227,27.70,-0.00,-0.03,1.01,0
182880,101231,27.74,-0.00,-0.00,0.97,0
182920,101231,27.76,0.00,-0.00,1.02,0
182960,101233,27.74,-0.01,0.01,1.00,0
183000,101234,27.70,-0.03,-0.01,0.99,0
183040,101230,27.69,0.01,-0.02,1.00,0
183080,101238,27.75,0.01,-0.00,1.00,0
183120,101229,27.80,0.02,0.00,0.99,0
183160,101231,27.77,-0.01,0.02,1.00,0
183200,101234,27.70,0.02,-0.02,1.02,0
183240,101229,27.73,-0.01,-0.02,0.97,0
183280,101235,27.76,-0.01,0.01,1.00,0
183320,101235,27.77,0.02,-0.02,1.00,0
183360,101232,27.73,0.01,-0.00,0.99,0
183400,101239,27.71,-0.00,-0.02,1.01,0
183440,101233,27.61,0.01,0.01,1.00,0
183480,101234,27.74,0.01,0.01,1.01,0
183520,101230,27.73,0.01,-0.00,0.99,0
183560,101227,27.81,-0.02,-0.00,0.98,0
183600,101231,27.66,0.01,0.01,1.00,0
183640,101232,27.70,-0.00,0.01,0.97,0
183680,101231,27.79,0.00,0.02,0.99,0
183720,101235,27.85,0.00,0.00,1.01,0
183760,101225,27.87,0.01,0.02,1.00,0
183800,101229,27.79,0.01,-0.02,1.00,0
183840,101227,27.77,0.01,0.02,1.01,0
183880,101237,27.77,0.00,0.00,0.98,0
183920,101231,27.75,-0.01,-0.02,1.02,0
183960,101231,27.71,-0.01,-0.02,1.02,0
184000,101229,27.83,0.00,-0.00,1.01,0
184040,101236,27.79,0.00,0.00,0.97,0
184080,101231,27.77,-0.01,-0.00,1.00,0
184120,101233,27.69,0.00,0.01,0.97,0
184160,101233,27.69,0.02,-0.02,1.01,0
184200,101237,27.81,0.02,-0.00,0.99,0
184240,101234,27.73,-0.01,-0.02,0.98,0
184280,101235,27.74,-0.01,0.01,1.01,0
184320,101237,27.77,-0.02,0.01,1.00,0
184360,101232,27.67,-0.01,-0.01,1.00,0
184400,101232,27.78,0.02,-0.01,1.00,0
184440,101235,27.72,-0.01,-0.02,1.00,0
184480,101234,27.80,-0.00,0.02,1.00,0
184520,101232,27.81,-0.00,-0.00,1.02,0
184560,101233,27.72,0.01,-0.02,1.00,0
184600,101231,27.82,0.03,0.01,1.00,0
184640,101235,27.76,-0.00,0.00,1.00,0
184680,101236,27.84,-0.01,-0.01,1.02,0
184720,101233,27.81,-0.01,-0.00,1.01,0
184760,101239,27.76,-0.01,0.00,1.01,0
184800,101228,27.73,-0.01,0.01,0.97,0
184840,101232,27.76,0.01,-0.01,1.01,0
184880,101238,27.89,0.01,-0.01,1.03,0
184920,101231,27.82,0.01,0.00,0.99,0
184960,101228,27.77,-0.00,0.02,1.02,0
185000,101237,27.76,0.00,0.01,1.02,0
185040,101234,27.83,-0.01,0.01,0.98,0
185080,101229,27.76,-0.02,-0.00,1.01,0
185120,101235,27.78,0.01,0.01,1.00,0
185160,101229,27.76,0.02,0.01,1.02,0
185200,101228,27.84,-0.00,-0.01,1.00,0
185240,101232,27.76,-0.01,-0.01,1.00,0
185280,101231,27.77,0.01,0.01,1.02,0
185320,101229,27.80,0.00,0.01,1.00,0
185360,101232,27.80,-0.01,0.00,0.98,0
185400,101229,27.84,0.00,0.01,0.98,0
185440,101233,27.74,-0.01,-0.02,1.01,0
185480,101233,27.82,0.00,0.01,0.97,0
185520,101235,27.74,0.01,0.01,1.00,0
185560,101231,27.81,0.00,-0.01,0.99,0
185960,101231,27.80,-0.01,0.01,0.99,0
186000,101235,27.84,-0.01,-0.01,1.01,0
186040,101235,27.77,-0.01,-0.00,1.02,0
186080,101232,27.82,0.01,0.03,1.01,0
186120,101234,27.77,0.00,-0.01,0.99,0
186160,101229,27.87,0.01,-0.01,0.99,0
186200,101232,27.72,0.03,-0.01,0.98,0
186240,101236,27.88,0.00,-0.01,0.99,0
186280,101246,27.74,-0.00,-0.00,1.01,0
186320,101235,27.76,-0.01,0.00,1.02,0
186360,101233,27.90,0.01,-0.02,0.99,0
186400,101229,27.84,-0.01,-0.02,0.97,0
186440,101236,27.80,-0.01,-0.01,0.98,0
186480,101227,27.82,-0.01,-0.02,0.98,0
186520,101230,27.74,0.01,0.01,0.99,0
186560,101234,27.76,0.02,0.01,1.02,0
186600,101229,27.83,0.00,0.00,1.02,0
186640,101238,27.92,0.00,0.00,1.01,0
186680,101236,27.85,-0.00,-0.01,0.99,0
186720,101231,27.89,-0.00,-0.00,0.99,0
186760,101231,27.75,0.01,-0.00,1.01,0
186800,101228,27.88,-0.00,0.00,0.99,0
186840,101228,27.86,0.01,0.01,1.02,0
186880,101234,27.75,0.02,-0.01,0.98,0
186920,101235,27.72,0.02,-0.01,1.01,0
186960,101234,27.78,0.02,-0.02,1.00,0
187000,101233,27.76,-0.00,0.02,1.00,0
187040,101231,27.83,0.01,-0.01,0.98,0
187080,101234,27.76,-0.01,0.01,1.00,0
187120,101228,27.79,0.00,-0.01,1.01,0
187160,101233,27.86,-0.01,0.02,0.98,0
187200,101237,27.84,-0.00,0.01,1.01,0
187240,101237,27.82,0.00,-0.02,0.98,0
187280,101231,27.82,0.00,-0.01,1.01,0
187320,101231,27.87,-0.02,0.00,1.03,0
187360,101237,27.82,-0.00,0.00,1.01,0
187400,101238,27.70,0.01,-0.00,1.01,0
187440,101228,27.79,-0.00,0.00,1.01,0
187480,101231,27.82,0.00,-0.01,1.00,0
187520,101233,27.84,0.02,-0.01,1.00,0
187560,101236,27.80,0.01,-0.01,1.01,0
187600,101230,27.77,0.02,0.00,1.00,0
187640,101235,27.83,0.00,0.00,1.02,0
187680,101232,27.83,-0.01,-0.02,0.99,0
187720,101240,27.78,0.01,-0.01,0.99,0
188280,101234,27.86,-0.01,0.02,1.01,0
188320,101235,27.77,0.00,0.01,1.01,0
188360,101232,27.81,0.01,0.00,0.99,0
188400,101229,27.86,-0.01,-0.00,0.98,0
188440,101235,27.89,0.01,-0.01,1.00,0
188480,101226,27.91,-0.02,-0.00,1.01,0
188520,101226,27.87,-0.01,-0.02,0.99,0
188560,101235,27.89,-0.01,0.00,1.00,0
188600,101235,27.89,-0.01,0.00,1.00,0
188640,101236,27.79,0.00,0.01,1.01,0
188680,101232,27.81,-0.01,-0.02,0.98,0
188720,101228,27.74,0.00,-0.00,1.00,0
188760,101231,27.97,0.00,0.01,0.98,0
188800,101234,27.83,-0.01,0.00,0.98,0
188840,101230,27.81,-0.01,0.00,0.98,0
188880,101230,27.86,0.01,0.00,1.02,0
188920,101228,27.85,0.00,0.00,1.01,0
188960,101229,27.87,0.00,0.01,0.99,0
189000,101235,27.89,-0.01,0.02,0.99,0
189040,101234,27.84,-0.00,0.01,0.97,0
189080,101229,27.83,0.01,0.00,0.98,0
189120,101229,27.91,0.02,-0.01,0.99,0
189160,101231,27.79,-0.01,-0.00,1.03,0
189200,101234,27.79,0.02,-0.00,0.99,0
189240,101229,27.83,0.01,-0.00,1.00,0
189280,101232,27.85,0.00,0.00,1.00,0
189320,101226,27.82,0.01,0.00,1.00,0
189360,101228,27.76,-0.00,-0.01,0.98,0
189400,101234,27.83,-0.01,-0.02,0.98,0
189440,101235,27.90,-0.00,-0.01,1.00,0
189480,101229,27.76,0.02,0.01,1.00,0
189520,101230,27.87,-0.01,-0.01,1.00,0
189560,101235,27.83,0.01,-0.01,1.01,0
189600,101231,27.81,0.00,0.01,1.03,0
189640,101231,27.79,0.01,0.02,1.00,0
189680,101234,27.93,-0.01,-0.00,1.03,0
189720,101233,27.90,0.01,-0.00,1.00,0
189760,101236,27.91,0.00,0.02,0.99,0
189800,101235,27.82,0.00,-0.02,1.01,0
189840,101231,27.93,0.02,-0.01,0.99,0
189880,101232,27.91,-0.01,0.01,0.98,0
189920,101232,27.86,0.01,-0.01,1.01,0
189960,101228,27.87,-0.00,-0.01,1.00,0
190000,101229,27.88,-0.00,0.01,1.01,0
190040,101236,27.81,0.00,0.01,1.01,0
190080,101227,27.85,-0.02,0.00,1.00,0
190120,101236,27.93,-0.00,0.00,1.01,0
190160,101233,27.94,0.01,0.02,0.99,0
190200,101232,27.92,0.00,0.02,0.99,0
190240,101234,27.91,0.01,-0.01,1.00,0
190280,101234,27.86,-0.01,-0.01,0.98,0
190320,101236,27.89,0.00,0.00,1.00,0
190360,101231,27.89,-0.01,-0.01,1.01,0
190400,101232,27.89,0.01,0.00,0.98,0
190440,101232,27.82,-0.01,0.02,1.01,0
190480,101238,27.82,0.01,0.01,0.99,0
190520,101235,27.91,0.00,0.00,1.00,0
190560,101229,27.94,0.01,-0.02,0.99,0
190600,101231,27.95,0.03,-0.01,1.02,0
190640,101230,27.81,0.01,-0.00,1.02,0
190680,101232,27.91,-0.01,-0.01,0.98,0
190720,101233,27.79,-0.04,-0.01,1.00,0
190760,101240,27.86,0.01,-0.01,1.01,0
190800,101226,27.90,-0.00,-0.01,0.97,0
190840,101236,27.92,-0.00,-0.02,0.99,0
190880,101234,27.86,0.02,0.01,1.00,0
190920,101230,27.92,-0.02,-0.01,0.99,0
190960,101232,27.82,0.01,-0.00,1.02,0
191000,101231,27.81,0.01,0.01,0.98,0
191040,101232,27.90,0.00,0.01,0.99,0
191080,101236,27.84,-0.01,0.00,0.99,0
191120,101227,27.89,-0.03,-0.00,0.97,0
191160,101237,27.90,0.02,0.00,1.00,0
191200,101231,27.93,-0.02,-0.01,1.02,0
191240,101237,27.86,-0.02,-0.01,1.01,0
191280,101234,27.92,0.00,0.01,1.00,0
191320,101236,27.90,0.01,-0.02,1.04,0
191360,101234,27.91,0.03,0.00,1.02,0
191400,101236,27.92,0.01,0.00,1.00,0
191440,101232,27.97,0.01,0.02,0.98,0
191480,101230,27.80,0.01,0.02,0.98,0
191520,101234,27.84,-0.01,-0.00,1.02,0
191560,101235,27.89,0.00,-0.02,0.97,0
191600,101239,27.91,0.00,-0.01,1.00,0
191640,101226,27.90,0.01,-0.01,1.00,0
191680,101232,27.99,-0.01,-0.00,0.99,0
191720,101236,27.94,-0.01,-0.02,0.99,0
191760,101228,27.83,0.00,0.02,1.01,0
191800,101232,27.93,0.01,-0.00,0.98,0
191840,101239,27.85,0.01,-0.02,1.03,0
191880,101237,27.84,-0.00,-0.01,0.98,0
191920,101229,27.88,-0.00,-0.00,1.01,0
191960,101237,27.91,0.02,-0.00,0.99,0
192000,101236,27.87,-0.00,0.01,1.00,0
192040,101235,27.88,0.00,-0.01,0.99,0
192080,101233,27.87,-0.01,0.01,0.99,0
192120,101233,27.87,-0.01,0.00,0.98,0
192160,101229,28.01,-0.01,0.01,1.01,0
192200,101231,27.95,0.00,-0.01,1.03,0
192240,101235,27.92,-0.01,0.02,1.00,0
192280,101233,27.87,0.01,0.00,1.01,0
192320,101238,27.91,0.01,0.01,0.99,0
192360,101231,27.91,0.01,0.00,0.99,0
192400,101225,27.92,0.01,0.01,0.98,0
192440,101231,27.86,-0.00,0.01,1.00,0
192480,101233,27.99,0.02,0.01,1.00,0
192520,101233,27.91,-0.01,0.00,0.98,0
192560,101232,27.96,-0.02,0.01,1.00,0
192600,101230,27.88,0.00,0.00,1.00,0
192640,101237,27.85,-0.03,0.01,1.00,0
192680,101230,27.95,-0.03,-0.00,0.99,0
192720,101235,27.92,0.01,-0.01,1.01,0
192760,101231,27.94,-0.02,-0.00,1.00,0
192800,101228,27.90,0.01,0.01,1.01,0
192840,101237,27.98,0.01,-0.00,0.99,0
192880,101224,27.86,-0.02,-0.01,1.00,0
192920,101230,27.91,-0.00,0.01,1.01,0
192960,101234,27.91,-0.00,-0.02,1.02,0
193000,101231,27.91,-0.03,0.00,1.00,0
193040,101235,27.96,0.00,0.01,0.99,0
193080,101232,27.96,-0.01,-0.00,1.00,0
193120,101231,27.91,0.01,0.00,1.00,0
193160,101239,27.93,0.01,0.01,0.99,0
193200,101232,27.92,-0.00,-0.00,1.00,0
193240,101232,27.92,-0.02,-0.00,1.01,0
193240,101232,27.92,-0.02,-0.00,1.01,0
193280,101229,27.96,-0.02,-0.01,1.01,0
193320,101230,27.86,0.00,0.02,1.01,0
193360,101234,27.88,0.00,-0.02,1.00,0
193400,101234,27.83,-0.01,-0.02,0.99,0
193440,101232,27.91,0.01,0.00,1.03,0
193480,101230,27.99,0.00,0.01,0.99,0
193520,101234,27.93,-0.01,-0.01,1.01,0
193560,101227,27.90,0.00,-0.00,1.01,0
193600,101231,27.95,-0.02,0.00,1.04,0
193640,101231,27.97,0.01,0.01,1.02,0
193680,101229,27.90,-0.01,-0.01,0.98,0
193720,101233,27.88,0.01,-0.01,0.99,0
193760,101230,28.00,0.01,-0.01,0.99,0
193800,101230,27.92,0.00,0.01,1.01,0
193840,101238,27.89,-0.00,-0.02,0.99,0
193880,101235,28.02,-0.02,-0.01,1.01,0
193920,101236,27.95,-0.00,-0.01,0.99,0
193960,101232,27.97,-0.00,0.00,1.01,0
194000,101235,27.87,-0.02,0.01,1.01,0
194040,101235,27.94,0.01,-0.02,1.00,0
194080,101236,27.91,-0.01,0.01,0.96,0
194120,101240,27.91,0.01,-0.00,0.98,0
194160,101231,27.95,-0.02,0.01,0.99,0
194200,101233,28.01,0.00,-0.01,1.00,0
194240,101232,27.93,0.01,-0.02,1.01,0
194280,101221,27.89,-0.02,-0.00,0.99,0
194320,101228,27.94,0.02,-0.00,1.02,0
194360,101232,28.04,0.02,0.00,1.02,0
194400,101234,28.01,0.02,-0.00,1.02,0
194440,101230,27.99,0.00,-0.01,1.01,0
194480,101236,27.97,-0.02,-0.01,1.02,0
194520,101236,27.93,0.01,-0.00,0.98,0
194560,101231,27.91,-0.03,0.01,0.98,0
194600,101237,28.05,-0.01,0.00,0.98,0
194640,101238,27.87,-0.00,-0.01,1.03,0
194680,0,27.93,-0.03,-0.00,0.99,0
194720,101229,27.92,-0.01,-0.01,0.97,0
194760,101237,27.96,-0.00,-0.00,0.99,0
194800,101232,28.03,-0.01,-0.01,1.02,0
194840,101231,27.97,-0.01,-0.01,0.99,0
194880,101233,27.94,-0.00,0.02,0.98,0
194920,101230,27.96,0.01,0.01,1.00,0
194960,101236,27.92,0.00,0.01,1.00,0
195000,101235,27.93,0.02,-0.00,1.00,0
195040,101236,28.02,0.00,0.00,1.00,0
195080,101234,28.03,-0.00,0.02,1.01,0
195120,101230,27.96,0.01,-0.01,1.03,0
195160,101232,27.92,0.00,0.01,1.00,0
195200,101235,28.02,0.02,-0.01,1.00,0
195240,101231,27.99,0.00,-0.00,1.01,0
195280,101242,27.92,-0.01,0.01,1.00,0
195320,101231,28.03,-0.03,-0.01,0.98,0
195360,101230,27.97,0.02,-0.02,1.00,0
195400,101236,28.03,-0.01,0.03,0.98,0
195440,101235,27.92,-0.02,0.01,0.97,0
195480,101232,27.96,0.00,-0.01,0.99,0
195520,101231,27.94,0.00,-0.01,0.99,0
195560,101234,27.90,0.01,0.02,1.01,0
195600,101235,27.88,0.00,0.01,1.01,0
195640,101235,27.96,-0.01,0.02,1.00,0
195680,101231,27.93,0.00,0.01,0.99,0
195720,101234,27.99,0.00,-0.00,1.00,0
195760,101235,27.98,-0.04,-0.00,0.98,0
195800,101235,27.91,0.00,-0.00,1.00,0
195840,101222,27.96,-0.02,-0.02,1.02,0
195880,101229,27.92,-0.01,0.01,1.00,0
195920,101230,27.96,-0.02,-0.01,1.00,0
195960,101231,27.98,0.01,0.01,0.99,0
196000,101233,27.97,-0.01,0.01,0.99,0
196040,101235,27.99,0.00,0.02,0.99,0
196080,101234,27.97,-0.02,0.01,1.00,0
196120,101232,27.94,-0.01,-0.01,0.99,0
196160,101232,27.96,0.02,-0.00,1.00,0
196200,101238,27.87,-0.01,0.02,1.03,0
196240,101230,27.86,0.02,-0.00,0.98,0
196280,101233,28.00,0.01,0.01,1.01,0
196320,101237,28.05,-0.00,0.01,1.04,0
196920,101231,27.95,0.00,0.01,0.98,0
196960,101232,28.02,-0.00,-0.00,0.97,0
197000,101229,27.98,-0.00,0.00,1.00,0
197040,101228,27.93,0.02,-0.00,1.02,0
197080,101236,27.97,-0.01,0.01,1.02,0
197120,101231,27.97,0.00,0.00,0.98,0
197160,101232,27.96,-0.03,0.01,0.97,0
197200,101232,27.98,-0.02,-0.00,1.00,0
197240,101232,27.96,0.00,-0.01,1.01,0
197280,101232,28.00,-0.01,-0.00,1.00,0
197320,101232,28.03,0.01,-0.00,1.00,0
197360,101229,27.99,0.00,-0.01,0.99,0
197400,101235,28.03,0.01,0.00,0.99,0
197440,101230,28.01,-0.01,0.02,0.98,0
197480,101235,28.00,0.01,-0.01,0.99,0
197520,101226,27.97,0.00,0.01,1.00,0
197560,101229,28.02,0.01,0.00,1.01,0
197600,101235,28.02,0.01,-0.01,0.99,0
197640,101232,27.96,0.02,-0.00,0.99,0
197680,101230,28.05,0.01,-0.00,1.02,0
197720,101233,27.95,-0.01,-0.01,1.02,0
197760,101229,28.00,0.01,-0.01,0.97,0
197800,101232,28.01,-0.00,-0.02,1.00,0
197840,101225,28.10,0.00,-0.02,0.99,0
197880,101231,27.96,-0.02,-0.01,0.98,0
197920,101230,27.98,-0.01,0.00,1.01,0
197960,101234,28.02,-0.00,-0.01,1.00,0
198000,101235,28.01,0.04,-0.00,1.00,0
198040,101229,28.04,0.01,-0.02,1.00,0
198080,101237,27.93,0.01,-0.02,0.97,0
198120,101230,27.96,0.02,0.01,1.01,0
198160,101225,27.97,0.00,-0.01,1.00,0
198200,101224,28.06,0.01,-0.00,0.99,0
198240,101237,27.98,-0.02,-0.02,0.99,0
198280,101232,28.03,0.01,0.02,1.00,0
198320,101230,28.04,-0.02,0.01,1.04,0
198360,101230,28.04,0.02,0.01,1.01,0
198400,101228,28.07,-0.01,-0.01,1.02,0
198440,101236,27.98,0.01,-0.01,1.00,0
198480,101232,27.97,0.01,0.00,0.97,0
198520,101238,27.95,-0.01,0.01,1.01,0
198560,101231,27.92,0.01,0.01,1.00,0
198600,101224,28.04,0.04,-0.00,0.99,0
198640,101235,28.04,-0.00,-0.01,0.99,0
198680,101231,27.96,0.02,-0.01,1.03,0
198720,101231,27.98,-0.02,-0.00,1.02,0
198760,101237,28.02,0.02,0.01,1.00,0
198800,101231,27.98,0.01,0.00,0.99,0
198840,101236,28.01,0.01,0.00,1.02,0
198880,101232,28.13,0.01,0.01,1.01,0
198920,101229,28.05,-0.00,-0.01,0.99,0
198960,101234,27.97,0.01,-0.02,1.00,0
199000,101230,27.98,-0.01,0.01,1.00,0
199040,101236,28.07,-0.01,-0.01,1.00,0
199080,101235,28.06,0.01,0.02,0.98,0
199120,101232,28.01,-0.01,0.02,0.98,0
199160,101234,27.98,0.01,-0.01,0.97,0
199200,101234,28.09,0.01,-0.01,0.99,0
199240,101231,28.01,-0.01,-0.01,1.01,0
199280,101235,27.98,-0.00,-0.01,1.01,0
199320,101231,28.02,0.01,-0.02,0.99,0
199360,101234,28.01,0.00,-0.01,1.03,0
199400,101229,28.00,-0.00,-0.02,0.99,0
199440,101232,28.14,0.00,-0.01,1.01,0
199480,101233,28.01,0.01,-0.01,0.99,0
199520,101229,28.10,0.00,0.00,1.01,0
199560,101231,28.08,-0.01,-0.01,1.00,0
199600,101230,28.08,-0.00,0.01,0.97,0
199640,101234,28.00,-0.01,-0.02,1.03,0
199680,101230,28.03,0.02,0.01,0.98,0
199720,101233,28.10,0.01,0.02,1.01,0
199760,101237,28.02,0.01,-0.00,0.98,0
199800,101233,28.01,0.01,-0.01,1.01,0
199840,101227,28.10,0.00,-0.00,1.01,0
199880,101232,28.01,0.01,0.01,1.00,0
199920,101235,28.01,-0.01,-0.00,0.98,0
199960,101231,28.03,0.00,-0.00,1.01,0
200000,101235,28.09,-0.02,-0.00,0.99,0
200040,101234,28.00,-0.00,0.01,1.02,0
200080,101233,28.01,-0.00,-0.00,1.00,0
200120,101231,28.12,0.01,-0.02,1.01,0
200160,101230,28.07,-0.01,0.02,1.01,0
200200,101231,28.12,-0.02,-0.00,0.99,0
200240,101232,28.00,-0.01,-0.02,1.00,0
200280,101234,27.96,0.01,0.01,0.96,0
200320,101233,28.00,0.00,0.03,0.99,0
200360,101231,28.11,0.03,0.00,0.98,0
200400,101232,27.98,-0.02,0.00,1.00,0
200440,101233,28.01,0.02,-0.01,1.00,0
200480,101227,28.09,0.01,0.01,1.01,0
200520,101229,28.06,0.01,0.01,0.99,0
200560,101229,28.07,0.00,-0.00,1.02,0
200600,101231,28.05,0.00,0.01,0.99,0
200640,101231,28.02,-0.00,-0.01,1.00,0
200680,101231,28.00,0.00,0.00,1.00,0
200720,101229,28.07,-0.00,0.01,0.99,0
200760,101234,28.05,-0.00,0.01,1.00,0
200800,101233,28.01,0.02,0.01,1.00,0
200840,101227,28.08,-0.01,0.01,0.99,0
200880,101232,28.09,0.00,-0.01,1.01,0
200920,101228,28.05,-0.01,-0.00,1.01,0
200960,101237,28.06,-0.01,-0.01,1.00,0
201000,101230,27.97,-0.01,-0.01,0.97,0
201040,101231,28.15,-0.00,0.02,1.00,0
201080,101232,28.05,-0.00,-0.02,0.98,0
201120,101231,28.08,-0.00,0.00,1.00,0
201160,101232,27.99,-0.01,-0.01,0.97,0
201200,101237,28.00,-0.00,0.01,1.02,0
201240,101233,28.09,-0.01,-0.01,1.02,0
201280,101234,28.07,-0.01,-0.01,1.03,0
201320,101235,28.09,0.00,0.00,1.00,0
201360,101229,28.10,0.01,0.02,0.97,0
201400,101237,28.09,0.00,0.01,1.01,0
201440,101234,27.96,-0.00,0.02,1.01,0
201480,101235,28.02,-0.02,0.01,1.00,0
201520,101229,28.09,-0.01,0.01,1.00,0
201560,101234,28.05,-0.01,0.00,1.00,0
201600,101233,28.01,-0.01,0.01,0.98,0
201640,101230,28.08,0.01,-0.00,0.98,0
201680,101239,28.06,0.01,0.00,0.98,0
201720,101234,28.10,0.00,0.02,1.02,0
201760,101231,28.10,-0.00,-0.02,0.97,0
201800,101232,28.06,-0.01,-0.00,0.98,0
201840,101235,28.02,0.01,0.00,1.00,0
201880,101235,28.15,-0.01,0.00,0.99,0
201920,101234,28.05,0.00,-0.00,0.99,0
201960,101236,28.05,0.01,-0.01,0.98,0
202000,101236,28.14,-0.02,-0.00,0.98,0
202040,101228,28.02,0.01,0.01,0.99,0
202080,101230,28.14,-0.01,0.01,1.01,0
202120,101229,28.12,-0.00,0.00,1.00,0
202160,101232,27.94,0.03,0.01,1.00,0
202200,101236,28.07,-0.01,-0.01,1.00,0
202240,101234,28.12,0.00,0.00,1.01,0
202280,101228,28.04,0.01,-0.01,1.01,0
202320,101231,28.04,0.01,-0.01,1.03,0
202360,101235,28.05,-0.01,-0.01,0.98,0
202400,101230,28.06,-0.02,0.01,1.00,0
202440,101231,27.97,-0.00,0.01,1.00,0
202480,101233,28.05,-0.00,-0.03,0.98,0
202520,101226,27.96,-0.02,0.01,1.02,0
202560,101234,28.15,-0.01,0.00,0.99,0
202600,101233,28.09,0.00,-0.01,1.02,0
202640,101234,28.05,-0.01,-0.00,0.99,0
202680,101229,27.99,-0.00,0.00,1.01,0
202720,101229,28.06,0.02,-0.01,0.99,0
202760,101230,27.96,0.02,0.01,1.02,0
202800,101232,28.00,0.01,-0.02,1.02,0
202840,101232,28.07,-0.01,-0.00,1.00,0
202880,101232,28.16,0.01,-0.02,1.01,0
202920,101237,27.96,0.02,-0.01,1.00,0
202960,101236,28.08,0.03,0.01,1.00,0
203000,101229,28.11,-0.01,0.01,0.99,0
203040,101230,28.06,-0.00,0.01,1.00,0
203080,101237,28.07,-0.02,0.01,0.99,0
203120,101231,28.10,-0.00,0.00,1.00,0
203160,101236,28.00,-0.02,-0.00,0.97,0
203160,101236,28.00,-0.02,-0.00,0.97,0
203200,101237,28.12,-0.00,0.01,1.01,0
203240,101230,28.12,-0.01,0.00,1.01,0
203240,101230,28.12,-0.01,0.00,1.01,0
203280,101231,28.14,0.00,-0.00,0.99,0
203320,101232,28.07,-0.01,0.01,1.02,0
203360,101229,28.08,-0.01,0.01,1.02,0
203400,101229,28.12,-0.02,-0.02,1.02,0
203440,101230,28.14,-0.01,-0.00,1.00,0
203480,101234,28.09,-0.01,0.01,0.99,0
203520,101230,28.04,0.01,0.00,1.02,0
203560,101231,28.11,0.01,0.02,1.00,0
203600,101230,28.15,-0.01,0.00,0.96,0
203640,101227,28.09,-0.01,-0.02,1.01,0
203680,101236,28.10,0.00,-0.02,1.00,0
203720,101224,28.20,0.01,-0.02,1.01,0
203760,101230,28.10,-0.01,-0.01,1.00,0
203800,101233,27.99,0.01,0.01,1.01,0
203840,101227,28.13,0.01,-0.02,1.00,0
203880,101234,28.13,0.01,-0.01,1.00,0
203920,101236,28.13,0.01,0.02,0.97,0
203960,101229,28.10,-0.00,0.00,1.00,0
204000,101232,28.07,0.00,-0.02,0.98,0
204040,101228,28.05,0.00,0.01,1.02,0
204080,101233,28.04,-0.00,0.01,1.00,0
204120,101232,28.17,0.02,-0.01,0.99,0
204160,101232,28.11,-0.01,-0.00,1.00,0
204200,101236,28.19,-0.00,-0.01,1.00,0
204240,101233,28.12,-0.03,-0.01,0.98,0
204280,101236,28.09,0.01,-0.01,0.98,0
204320,101234,28.14,-0.01,-0.00,1.01,0
204360,101228,28.15,-0.01,-0.01,0.98,0
204400,101232,28.06,0.00,0.03,1.01,0
204440,101233,28.08,-0.00,-0.01,0.98,0
204480,101227,28.11,0.00,0.00,0.99,0
204520,101236,28.11,-0.01,-0.00,0.97,0
204560,101232,28.15,-0.00,-0.03,1.00,0
204600,101233,28.14,0.03,-0.01,1.02,0
204640,101229,28.06,0.01,0.01,1.00,0
204680,101232,28.06,-0.01,0.01,1.02,0
204720,101233,28.10,-0.00,-0.01,1.00,0
204760,101231,28.09,0.01,0.01,1.01,0
204800,101232,28.07,-0.02,-0.01,1.02,0
204840,101225,28.15,-0.00,0.01,1.01,0
204880,101236,28.07,0.02,0.01,0.98,0
204920,101228,28.10,0.01,0.02,1.02,0
204960,101225,28.07,-0.01,0.01,0.99,0
205000,101228,28.13,-0.00,0.01,0.98,0
205040,101229,28.05,-0.01,0.02,1.03,0
205080,101233,28.21,-0.01,-0.01,1.01,0
205120,101229,28.10,-0.01,0.01,0.98,0
205160,101232,28.18,0.00,-0.00,0.98,0
205200,101228,28.12,-0.00,0.01,1.00,0
205240,101239,28.12,-0.02,-0.01,1.00,0
205280,101233,28.14,-0.00,-0.02,0.98,0
205320,101238,28.10,0.01,-0.00,0.98,0
205360,101228,28.12,-0.00,0.02,1.00,0
205400,101234,28.09,-0.00,0.01,0.97,0
205440,101228,28.10,-0.01,-0.01,0.99,0
205480,101233,28.19,0.01,0.00,0.98,0
205520,101234,28.14,0.01,-0.02,0.97,0
205560,101226,28.19,0.01,0.00,1.01,0
205600,101228,28.17,0.03,-0.03,1.00,0
205640,101228,28.18,0.00,-0.01,0.98,0
205680,101227,28.19,0.02,-0.02,0.98,0
205720,101229,28.16,0.01,-0.01,0.98,0
205760,101228,28.18,0.02,-0.02,1.00,0
205800,101227,28.15,-0.00,0.02,1.00,0
205840,101232,28.16,0.00,-0.02,1.03,0
205880,101233,28.10,-0.00,0.02,1.01,0
205920,101227,28.12,-0.03,-0.00,1.02,0
205960,101230,28.12,-0.02,0.01,1.03,0
206000,101231,28.18,0.01,-0.02,0.99,0
206040,101231,28.02,0.01,0.01,0.96,0
206080,101229,28.17,0.01,-0.01,1.00,0
206120,101234,28.21,-0.02,0.00,1.01,0
206160,101234,28.15,-0.00,0.00,1.01,0
206200,101234,28.18,0.02,-0.02,1.00,0
206240,101231,28.13,0.02,-0.01,1.03,0
206280,101238,28.10,-0.01,-0.02,1.00,0
206280,101238,28.10,-0.01,-0.02,1.00,0
206320,101237,28.12,0.00,-0.00,1.01,0
206360,101230,28.16,-0.03,0.01,1.00,0
206400,101231,28.14,-0.01,0.01,0.99,0
206440,101235,28.20,-0.01,0.02,1.02,0
206480,101229,28.08,0.01,-0.01,0.98,0
206520,101233,28.12,0.00,-0.01,1.01,0
206560,101232,28.20,-0.02,-0.02,1.00,0
206600,101229,28.15,0.00,0.01,1.01,0
206640,101231,28.05,-0.00,-0.01,1.00,0
206680,101226,28.07,0.01,-0.00,0.99,0
206720,101230,28.07,0.02,0.01,1.01,0
206760,101225,28.11,-0.01,0.02,0.99,0
206800,101239,28.19,0.02,-0.02,0.98,0
206840,101236,28.17,-0.02,-0.00,0.99,0
206880,101235,28.19,-0.02,0.00,1.01,0
206920,101232,28.09,-0.01,0.01,1.01,0
206960,101235,28.07,-0.02,0.02,1.00,0
207000,101235,28.12,0.00,-0.00,1.01,0
207040,101235,28.23,0.02,-0.01,0.99,0
207080,101234,28.13,0.02,0.01,0.97,0
207120,101228,28.13,-0.01,0.01,1.02,0
207160,101233,28.13,-0.01,0.00,1.01,0
207200,101230,28.16,-0.01,-0.00,1.01,0
207240,101228,28.17,0.01,-0.01,0.99,0
207280,101228,28.16,-0.04,-0.00,1.01,0
207320,101233,28.18,-0.01,-0.00,1.01,0
207360,101235,28.15,-0.02,0.01,0.97,0
207400,101227,28.11,0.03,0.00,1.01,0
207440,101237,28.19,0.01,0.00,1.01,0
207480,101236,28.16,-0.01,0.00,1.00,0
207520,101230,28.20,0.01,0.02,0.99,0
207560,101230,28.17,0.02,-0.01,0.99,0
207600,101231,28.14,-0.01,-0.01,1.02,0
207640,101234,28.13,0.00,-0.01,1.03,0
207680,101230,28.11,-0.02,0.01,0.99,0
207720,101228,28.17,0.02,-0.01,1.03,0
207760,101232,28.14,-0.03,0.00,0.99,0
207800,101225,28.09,0.03,-0.01,0.97,0
207840,101232,28.16,0.01,0.01,1.00,0
207880,101235,28.14,-0.00,-0.01,1.01,0
207920,101232,28.18,0.02,-0.01,1.03,0
207960,101234,28.22,0.01,-0.00,1.01,0
208000,101233,28.15,0.01,-0.00,0.99,0
208040,101234,28.16,-0.01,0.01,1.00,0
208080,101232,28.13,0.03,0.00,1.02,0
208120,101229,28.14,0.01,-0.01,1.01,0
208160,101231,28.19,0.03,-0.03,1.00,0
208200,101231,28.25,-0.02,0.01,1.00,0
208240,101235,28.19,-0.01,-0.01,0.97,0
208280,101236,28.15,-0.00,-0.01,1.02,0
208320,101233,28.18,0.01,0.00,0.98,0
208360,101229,28.16,-0.00,-0.01,1.01,0
208400,101229,28.21,-0.00,0.01,0.99,0
208440,101231,28.15,0.02,0.01,1.01,0
208480,101236,28.25,0.00,-0.00,1.00,0
208480,101236,28.25,0.00,-0.00,1.00,0
208520,101232,28.23,0.02,0.00,1.00,0
208560,101231,28.23,0.01,0.00,0.99,0
208600,101229,28.17,0.00,0.00,1.00,0
208640,101234,28.23,0.00,-0.00,1.00,0
208680,101232,28.20,0.01,0.01,1.01,0
208720,101231,28.15,0.02,-0.01,0.97,0
208760,101232,28.21,0.01,-0.01,0.99,0
208800,101237,28.23,0.01,-0.01,0.99,0
208840,101231,28.21,0.02,0.03,1.00,0
208880,101237,28.20,-0.01,-0.00,0.96,0
208920,101235,28.08,0.01,0.00,0.99,0
208960,101231,28.24,-0.00,-0.01,0.99,0
209000,101234,28.17,0.02,-0.01,1.03,0
209040,101231,28.21,0.01,0.00,0.98,0
209080,101229,28.23,-0.01,0.01,1.01,0
209120,101230,28.18,-0.01,-0.01,1.01,0
209160,101228,28.14,-0.03,-0.02,1.02,0
209200,101233,28.21,-0.01,-0.00,0.99,0
209240,101231,28.30,-0.01,-0.01,1.00,0
209280,101233,28.21,-0.01,0.01,1.00,0
209320,101234,28.16,-0.01,-0.00,1.00,0
209360,101221,28.21,0.01,-0.00,1.01,0
209400,101232,28.23,-0.01,-0.03,1.00,0
209440,101225,28.20,0.02,-0.03,1.01,0
209480,101232,28.18,0.00,0.01,1.01,0
209520,101228,28.22,0.00,-0.01,1.00,0
209560,101231,28.17,0.00,-0.02,1.01,0
209600,101236,28.20,-0.00,-0.00,1.02,0
209640,101226,28.21,0.01,0.01,0.99,0
209680,101232,28.21,0.01,-0.01,1.01,0
209720,101231,28.20,0.02,0.00,1.00,0
209760,101225,28.16,-0.01,0.01,1.02,0
209800,101233,28.11,-0.01,0.00,1.01,0
209840,101231,28.16,-0.01,-0.00,1.01,0
209880,101229,28.22,-0.01,0.01,1.00,0
209920,101229,28.18,0.01,0.00,1.01,0
209960,101241,28.22,-0.00,-0.01,1.00,0
210000,101230,28.20,0.02,0.00,1.00,0
210040,101225,28.15,-0.00,0.01,0.98,0
210080,101228,28.14,0.01,0.01,0.99,0
210120,101230,28.20,-0.01,-0.00,1.01,0
210160,101230,28.24,0.03,0.02,1.01,0
210200,101231,28.19,0.01,0.00,1.01,0
210240,101228,28.24,0.00,-0.01,1.01,0
210280,101233,28.19,-0.01,0.01,0.99,0
210320,101230,28.14,0.02,0.01,1.00,0
210360,101227,28.22,0.00,-0.01,0.99,0
210400,101228,28.15,0.01,0.02,1.02,0
210440,101230,28.22,0.02,0.00,1.02,0
210480,101234,28.28,-0.00,0.00,1.00,0
210520,101233,28.18,0.00,0.02,1.02,0
210560,101230,28.19,0.00,0.02,0.99,0
210600,101231,28.21,0.03,-0.00,1.01,0
210640,101232,28.21,-0.02,0.01,0.98,0
210680,101238,28.14,0.02,0.01,1.00,0
210720,101229,28.26,0.02,0.01,0.98,0
210760,101233,28.16,0.01,0.00,1.02,0
210800,101233,28.17,0.01,-0.02,1.01,0
210840,101228,28.23,0.01,-0.02,0.98,0
210880,101232,28.18,0.01,0.02,1.02,0
210920,101232,28.15,-0.00,0.02,1.01,0
210960,101230,28.15,0.01,0.01,1.01,0
211000,101233,28.22,0.01,0.01,1.01,0
211040,101234,28.27,0.01,0.01,1.00,0
211080,101235,28.25,0.01,-0.01,0.99,0
211120,101230,28.24,0.01,-0.01,1.01,0
211160,101232,28.32,-0.02,0.01,1.01,0
211200,101239,28.23,0.00,0.01,1.00,0
211240,101227,28.20,0.01,0.02,1.00,0
211280,101232,28.26,0.02,-0.01,1.00,0
211320,101234,28.19,-0.00,0.01,0.99,0
211360,101231,28.29,0.03,-0.01,1.00,0
211400,101233,28.26,-0.01,-0.02,1.00,0
211440,101232,28.18,0.00,-0.01,0.99,0
211480,101233,28.19,0.00,0.01,1.00,0
211520,101235,28.25,-0.01,0.02,1.02,0
211560,101230,28.31,0.00,-0.01,1.01,0
211600,101232,28.17,0.00,-0.00,1.00,0
211640,101231,28.15,0.01,-0.02,1.00,0
211680,101230,28.22,-0.02,0.01,1.00,0
211720,101231,28.31,0.02,-0.01,0.97,0
211760,101227,28.23,0.01,-0.00,1.03,0
211800,101233,28.23,-0.01,-0.00,1.00,0
211840,101236,28.28,-0.01,0.00,1.01,0
211880,101236,28.21,0.00,0.01,1.01,0
211920,101235,28.27,-0.01,-0.02,0.99,0
211960,101228,28.21,0.01,-0.00,0.99,0
212000,101236,28.21,0.00,-0.00,1.02,0
212040,101229,28.26,0.00,-0.01,1.03,0
212080,101231,28.25,0.01,0.01,0.99,0
212120,101237,28.21,-0.00,0.01,1.01,0
212160,101228,28.15,0.01,-0.02,0.99,0
212200,101234,28.30,0.00,-0.00,0.96,0
212240,101232,28.27,-0.00,-0.00,0.98,0
212280,101230,28.18,-0.00,-0.02,1.01,0
212320,101228,28.27,-0.01,-0.01,1.00,0
212360,101232,28.23,-0.01,-0.00,0.98,0
212400,101229,28.15,0.01,0.00,0.98,0
212440,101234,28.23,0.00,0.02,1.02,0
212480,101235,28.31,-0.00,0.01,0.99,0
212520,101227,28.19,0.03,-0.01,1.02,0
212560,101229,28.21,-0.01,0.02,0.97,0
212600,101230,28.24,0.01,-0.01,0.98,0
212640,101227,28.19,0.03,-0.02,0.98,0
212680,101227,28.22,-0.02,0.01,0.99,0
212720,101231,28.21,-0.00,-0.01,1.00,0
212760,101230,28.16,-0.00,0.01,1.01,0
212800,101226,28.17,-0.02,0.02,1.01,0
212840,101229,28.14,0.01,0.00,1.01,0
212880,101233,28.32,-0.00,0.01,0.99,0
212920,101227,28.32,0.01,0.01,1.01,0
212960,101228,28.17,-0.00,-0.00,1.00,0
213000,101236,28.20,-0.01,-0.01,0.98,0
213040,101235,28.25,-0.01,0.02,0.99,0
213080,101226,28.15,0.00,0.01,1.02,0
213120,101227,28.20,-0.01,-0.00,1.01,0
213160,101232,28.22,-0.03,0.01,1.01,0
213200,101227,28.18,-0.00,-0.01,0.98,0
213240,101230,28.25,-0.02,-0.00,1.01,0
213280,101229,28.29,0.02,0.00,1.01,0
213320,101233,28.27,-0.01,-0.02,0.98,0
213360,101223,28.15,-0.00,0.02,1.01,0
213400,101224,28.36,0.00,0.03,1.03,0
213440,101227,28.29,0.02,-0.01,0.98,0
213480,101234,28.27,0.02,0.01,1.01,0
213520,101230,28.25,-0.01,0.01,1.01,0
213560,101225,28.23,0.02,0.02,0.97,0
213600,101232,28.27,-0.02,-0.01,1.00,0
213640,101233,28.29,0.01,0.01,1.00,0
213680,101230,28.22,0.00,-0.00,1.01,0
213720,101230,28.25,0.00,-0.02,1.00,0
213760,101232,28.23,0.00,-0.00,1.03,0
213800,101235,28.32,0.03,-0.01,1.01,0
213840,101231,28.25,-0.01,0.01,0.99,0
213880,101233,28.37,-0.00,0.01,0.99,0
213920,101231,28.25,-0.01,0.02,1.02,0
213960,101230,28.28,-0.01,0.00,1.01,0
214000,101228,28.22,0.01,-0.02,0.99,0
214040,101232,28.23,-0.00,0.02,0.98,0
214080,101230,28.27,-0.01,-0.01,0.99,0
214120,101230,28.19,0.00,0.00,0.98,0
214160,101234,28.27,-0.00,-0.03,1.00,0
214200,101232,28.22,-0.01,-0.02,0.97,0
214240,101234,28.20,-0.03,0.01,0.98,0
214280,101226,28.30,-0.01,0.00,0.99,0
214320,101233,28.24,0.00,-0.01,1.01,0
214360,101229,28.20,-0.01,-0.02,1.02,0
214400,101228,28.34,-0.00,0.00,0.99,0
214440,101228,28.25,0.02,0.00,1.00,0
214480,101235,28.24,0.00,0.01,0.99,0
214520,101233,28.25,0.01,0.00,0.99,0
214560,101228,28.28,0.00,-0.00,0.99,0
214600,101227,28.29,-0.01,-0.01,0.99,0
214640,101231,28.26,-0.01,-0.02,1.01,0
214680,101229,28.19,-0.01,0.01,0.99,0
214720,101236,28.24,-0.02,-0.00,0.97,0
214760,101226,28.31,-0.01,0.01,0.99,0
214800,101225,28.20,-0.01,0.02,1.00,0
214840,101230,28.26,0.01,-0.02,0.99,0
214880,101231,28.32,-0.01,0.00,0.99,0
214920,101231,28.34,0.01,0.00,1.00,0
214960,101233,28.24,-0.02,-0.01,0.97,0
215000,101237,28.26,0.00,0.02,1.00,0
215040,101230,28.35,-0.01,-0.01,1.00,0
215080,101229,28.24,0.01,0.01,1.00,0
215120,101225,28.25,-0.00,-0.01,1.02,0
215160,101232,28.28,0.02,-0.01,1.03,0
215200,101233,28.25,-0.00,0.01,1.02,0
215240,101230,28.35,0.00,-0.01,1.02,0
215280,101235,28.27,-0.01,-0.02,0.99,0
215320,101231,28.17,-0.00,-0.01,1.02,0
215360,101236,28.32,-0.00,-0.03,0.98,0
215400,101232,28.25,0.01,-0.02,0.99,0
215440,101227,28.20,0.02,-0.01,0.98,0
215480,101229,28.28,-0.01,-0.01,1.00,0
215520,101226,28.25,-0.01,0.02,1.00,0
215560,101225,28.25,0.02,0.01,1.02,0
215600,101232,28.25,-0.00,0.01,1.01,0
215640,101233,28.26,0.02,-0.01,1.01,0
215680,101237,28.27,-0.00,-0.00,1.03,0
215720,101231,28.25,-0.02,0.01,1.00,0
215760,101230,28.31,0.01,0.02,0.99,0
215800,101227,28.27,0.01,-0.00,1.00,0
215840,101234,28.22,-0.01,0.01,0.95,0
215880,101232,28.30,-0.03,0.03,1.02,0
215920,101229,28.37,0.02,-0.01,1.00,0
215960,101233,28.24,0.01,-0.00,1.01,0
216000,101232,28.26,0.00,-0.01,0.99,0
216040,101225,28.25,-0.00,0.01,1.02,0
216080,101233,28.25,0.01,-0.01,1.02,0
216120,101231,28.29,-0.01,-0.00,1.01,0
216160,101229,28.29,0.01,-0.00,1.03,0
216200,101229,28.34,0.00,0.00,1.03,0
216240,101236,28.31,0.00,-0.01,1.01,0
216280,101236,28.26,-0.00,0.03,0.99,0
216320,101237,28.35,-0.01,-0.02,0.99,0
216360,101227,28.26,-0.00,-0.00,0.99,0
216400,101229,28.28,0.01,0.01,0.99,0
216440,101234,28.30,-0.01,0.01,0.98,0
216480,101227,28.32,0.01,-0.00,0.99,0
216520,101228,28.31,-0.02,-0.01,0.98,0
216560,101225,28.32,-0.01,-0.00,0.97,0
216600,101237,28.27,0.01,0.00,1.02,0
216640,0,28.16,-0.03,0.02,1.01,0
216680,101232,28.23,0.01,0.01,1.01,0
216720,101231,28.32,0.01,0.01,1.00,0
216760,101229,28.33,0.00,0.00,1.00,0
216800,101229,28.29,0.00,0.01,1.00,0
216840,101233,28.30,0.02,0.02,1.00,0
216880,101228,28.27,0.02,-0.02,1.02,0
216920,101235,28.37,-0.01,-0.00,0.98,0
216960,101229,28.31,-0.01,-0.02,1.00,0
217000,101228,28.27,-0.00,-0.00,0.99,0
217040,101235,28.31,-0.01,0.01,0.99,0
217080,101230,28.36,-0.01,0.01,1.01,0
217120,101232,28.30,-0.02,0.01,0.98,0
217160,101229,28.32,-0.02,-0.01,1.00,0
217200,101223,28.27,0.00,0.01,1.00,0
217240,101232,28.31,0.02,0.01,1.00,0
217280,101226,28.28,-0.01,-0.01,1.01,0
217320,101234,28.31,0.01,-0.02,0.97,0
217360,101226,28.31,-0.03,-0.00,0.97,0
217400,101225,28.31,0.00,-0.02,1.02,0
217440,101232,28.32,-0.00,-0.01,0.98,0
217480,101232,28.29,0.01,-0.00,0.97,0
217520,101231,28.22,0.00,-0.00,1.01,0
217560,101227,28.33,0.01,0.01,1.01,0
217600,101233,28.33,-0.02,0.01,1.01,0
217640,101226,28.34,-0.02,0.00,1.01,0
217680,101229,28.33,-0.00,-0.03,0.99,0
217720,101228,28.40,0.00,0.01,1.00,0
217760,101229,28.26,0.02,0.01,1.02,0
217800,101233,28.32,-0.01,0.02,0.99,0
217840,101229,28.33,0.00,0.01,1.01,0
217880,101232,28.39,-0.00,0.01,1.02,0
217920,101233,28.30,-0.01,-0.00,1.02,0
217960,101225,28.33,0.01,-0.00,0.97,0
218000,101227,28.27,-0.02,-0.02,1.00,0
218040,101229,28.37,0.01,0.00,1.01,0
218080,101229,28.30,0.02,0.01,1.01,0
218120,101232,28.21,0.01,0.01,1.00,0
218160,101224,28.24,0.01,-0.01,1.00,0
218200,101233,28.30,-0.00,-0.01,1.00,0
218240,101233,28.38,-0.00,-0.01,0.99,0
218280,101230,28.31,-0.00,0.00,1.00,0
218320,101226,28.32,-0.00,-0.02,1.01,0
218360,101231,28.37,0.00,0.00,1.04,0
218400,101229,28.34,0.02,-0.01,0.99,0
218400,101229,28.34,0.02,-0.01,0.99,0
218440,101232,28.25,-0.01,-0.01,1.00,0
218480,101230,28.33,-0.00,-0.00,0.99,0
218520,101233,28.28,-0.01,-0.01,1.02,0
218560,101229,28.20,0.01,0.01,0.99,0
218600,101235,28.35,0.02,-0.01,1.00,0
218640,101223,28.30,-0.00,-0.00,1.00,0
218680,101227,28.29,-0.01,0.01,1.02,0
218720,101232,28.35,0.01,-0.00,0.99,0
218760,101226,28.34,0.01,0.00,0.98,0
218800,101233,28.38,0.03,0.00,0.97,0
218840,101227,28.34,0.02,-0.00,1.01,0
218880,101231,28.32,0.01,-0.03,0.99,0
218920,101228,28.31,0.01,0.00,0.99,0
218960,101229,28.32,-0.02,-0.01,0.99,0
219000,101231,28.35,0.02,-0.00,0.99,0
219040,101230,28.34,-0.03,0.01,1.01,0
219080,101229,28.29,-0.01,0.02,1.00,0
219120,101237,28.31,-0.01,0.02,1.00,0
219160,101230,28.30,0.00,0.02,0.98,0
219200,101227,28.24,0.02,-0.00,1.02,0
219240,101233,28.38,-0.02,-0.02,1.02,0
219280,101233,28.31,0.00,-0.01,1.01,0
219320,101234,28.30,-0.01,0.01,1.01,0
219360,101236,28.33,0.01,-0.02,1.02,0
219400,101227,28.41,0.01,-0.00,0.99,0
219440,101234,28.35,-0.01,0.00,1.00,0
219480,101234,28.33,0.00,-0.01,1.00,0
219520,101230,28.35,-0.02,0.02,1.00,0
219560,101231,28.33,0.01,0.01,0.97,0
219600,101221,28.44,0.02,-0.01,1.01,0
219640,101229,28.37,-0.01,0.00,1.00,0
219680,101236,28.42,-0.03,-0.00,0.98,0
219720,101225,28.41,-0.01,-0.01,0.99,0
219760,101229,28.35,0.00,0.00,0.99,0
219800,101231,28.34,-0.01,-0.01,0.99,0
219840,101232,28.29,0.02,-0.00,1.00,0
219880,101236,28.33,-0.00,0.02,1.03,0
219920,101225,28.32,-0.00,0.02,0.98,0
219960,101231,28.35,0.01,-0.01,1.01,0
220000,101233,28.28,0.01,0.02,0.98,0
220040,101226,28.37,0.02,-0.01,1.00,0
220080,101230,28.34,-0.02,-0.00,1.03,0
220120,101236,28.34,0.02,-0.04,1.00,0
220160,101235,28.23,-0.01,0.00,1.02,0
220200,101232,28.33,0.02,-0.00,1.00,0
220240,101222,28.28,-0.02,-0.01,1.00,0
220280,101230,28.44,0.02,0.01,1.00,0
220320,101232,28.38,0.02,-0.02,1.00,0
220360,101229,28.39,-0.01,0.02,1.01,0
220400,101230,28.37,0.00,-0.01,1.01,0
220440,101240,28.33,-0.01,-0.00,1.02,0
220480,101230,28.30,0.01,0.01,1.00,0
220520,101227,28.34,0.01,-0.01,0.97,0
220560,101231,28.43,-0.02,-0.01,0.99,0
220600,101229,28.35,0.01,-0.01,0.99,0
220640,101229,28.37,-0.01,0.01,1.02,0
220680,101230,28.38,0.02,0.01,1.01,0
220720,101233,28.22,-0.01,0.01,0.98,0
220760,101231,28.35,0.01,0.01,1.00,0
220800,101226,28.36,0.00,-0.02,1.00,0
220840,101230,28.32,-0.00,-0.02,0.97,0
220880,101232,28.35,0.01,0.00,0.98,0
220920,101229,28.32,-0.01,0.00,1.01,0
220960,101234,28.39,0.01,0.02,1.00,0
221000,101233,28.36,0.01,-0.02,0.98,0
221040,101227,28.36,0.02,-0.01,1.00,0
221080,101231,28.33,0.01,0.00,1.00,0
221120,101237,28.33,-0.00,-0.02,0.98,0
221160,101235,28.39,-0.03,0.02,0.98,0
221200,101230,28.39,0.02,-0.03,0.98,0
221240,101233,28.32,-0.00,0.01,1.03,0
221280,101228,28.34,0.02,-0.00,0.99,0
221320,101226,28.41,-0.01,-0.02,1.02,0
221360,101232,28.38,0.00,0.00,0.97,0
221400,101231,28.40,0.02,-0.00,1.01,0
221440,101232,28.38,0.01,0.01,0.97,0
221480,101230,28.41,0.01,-0.02,1.00,0
221520,101231,28.42,0.02,-0.01,1.04,0
221560,101229,28.40,0.00,0.01,1.01,0
221600,101232,28.42,-0.01,0.01,1.01,0
221640,101233,28.52,0.01,-0.00,0.99,0
221680,101230,28.38,-0.00,-0.02,0.98,0
221720,101233,28.36,-0.00,0.02,1.01,0
221760,101225,28.38,0.01,-0.00,0.98,0
221800,101228,28.29,0.00,0.01,1.02,0
221840,101235,28.25,-0.01,0.00,1.00,0
221880,101236,28.27,-0.00,-0.00,1.01,0
221920,101231,28.32,0.02,-0.01,1.03,0
221960,101230,28.38,0.01,-0.00,0.98,0
222000,101226,28.44,-0.00,0.01,0.99,0
222040,101231,28.33,-0.00,0.02,0.99,0
222080,101233,28.50,0.00,0.02,0.98,0
222120,101226,28.37,0.01,0.02,1.00,0
222160,101232,28.50,-0.01,0.00,1.02,0
222200,101232,28.43,0.00,0.01,0.99,0
222240,101232,28.43,-0.02,-0.01,1.02,0
222280,101227,28.43,-0.00,-0.01,1.00,0
222320,101232,28.35,0.02,0.03,0.99,0
222360,101225,28.41,0.01,0.01,1.01,0
222400,101235,28.43,-0.03,-0.01,0.99,0
222440,101231,28.37,-0.01,-0.01,0.99,0
222480,101226,28.41,0.00,-0.01,0.98,0
222520,101235,28.31,-0.01,-0.01,0.99,0
222560,101234,28.42,0.00,0.01,1.00,0
222600,101228,28.41,0.01,0.01,1.04,0
222640,101237,28.39,-0.01,-0.02,1.02,0
222680,101227,28.48,0.00,-0.00,0.99,0
222720,101231,28.39,-0.03,0.01,0.99,0
222760,101234,28.42,0.02,-0.02,0.99,0
222800,101223,28.34,-0.01,0.01,1.01,0
222840,101233,28.42,0.01,-0.00,1.00,0
222880,101230,28.43,0.01,-0.00,1.01,0
222920,101230,28.36,-0.02,0.02,1.00,0
222960,101227,28.39,-0.01,0.00,0.99,0
223000,101231,28.43,0.02,-0.01,0.99,0
223040,101227,28.39,0.00,-0.00,0.98,0
223080,101227,28.41,0.00,-0.00,0.99,0
223120,101229,28.40,-0.00,-0.01,1.00,0
223160,101226,28.39,0.00,-0.00,1.01,0
223200,101235,28.32,0.00,-0.02,1.02,0
223240,101226,28.39,0.01,-0.00,1.00,0
223280,101228,28.41,-0.00,-0.02,0.99,0
223320,101229,28.41,0.01,-0.00,0.99,0
223360,101230,28.39,-0.01,0.01,0.97,0
223400,101233,28.34,0.01,0.00,1.04,0
223440,101233,28.35,0.02,0.00,1.03,0
223480,101229,28.48,-0.01,-0.01,0.99,0
223520,101229,28.52,0.01,-0.01,0.97,0
223560,101230,28.43,0.00,-0.01,1.00,0
223600,101233,28.32,0.00,0.00,1.01,0
223640,101232,28.37,0.00,-0.00,0.97,0
223680,101228,28.28,0.01,-0.01,1.01,0
223720,101224,28.36,0.01,0.02,1.04,0
223760,101237,28.39,0.02,0.01,0.95,0
223760,101237,28.39,0.02,0.01,0.95,0
223800,101233,28.28,0.01,0.02,1.00,0
223840,101231,28.40,-0.01,-0.01,1.02,0
223880,101231,28.40,-0.01,0.01,0.99,0
223920,101228,28.42,-0.01,0.00,1.00,0
223960,101227,28.32,0.01,0.01,1.00,0
224000,101229,28.38,0.02,-0.01,1.01,0
224040,101229,28.44,0.01,-0.00,0.99,0
224080,101228,28.50,-0.01,-0.02,0.98,0
224120,101225,28.41,-0.01,0.01,1.02,0
224160,101229,28.32,-0.02,-0.00,1.00,0
224200,101232,28.34,-0.01,-0.02,1.01,0
224240,101229,28.48,0.00,0.00,1.01,0
224280,101230,28.47,0.01,0.01,1.01,0
224320,101223,28.35,0.01,-0.01,1.01,0
224360,101229,28.42,0.00,0.01,1.00,0
224400,101230,28.40,0.02,0.00,1.01,0
224440,101226,28.41,-0.01,-0.01,1.00,0
224480,101225,28.42,0.01,-0.00,1.02,0
224520,101231,28.47,-0.03,-0.02,0.99,0
224560,101227,28.42,0.01,0.00,1.00,0
224600,101232,28.50,-0.02,-0.01,0.99,0
224640,101229,28.42,0.00,0.00,1.01,0
224680,101232,28.42,0.02,-0.01,0.99,0
224720,101229,28.44,0.00,0.01,1.00,0
224760,101225,28.35,0.00,-0.01,1.01,0
224800,101230,28.44,0.00,-0.01,1.01,0
224840,101229,28.42,-0.02,0.01,1.03,0
224880,101232,28.47,0.00,-0.01,1.00,0
224920,101229,28.46,0.01,0.00,1.02,0
224960,101229,28.51,0.00,0.01,1.01,0
225000,101233,28.46,0.02,-0.01,0.98,0
225040,101234,28.40,-0.01,-0.01,1.01,0
225080,101232,28.47,-0.01,-0.03,0.97,0
225120,101233,28.42,-0.00,-0.01,1.00,0
225160,101231,28.47,0.00,0.01,0.97,0
225200,101232,28.45,-0.01,0.00,0.98,0
225240,101233,28.39,-0.01,-0.01,1.00,0
225280,101231,28.41,-0.00,0.01,1.01,0
225320,101230,28.44,0.01,0.00,1.02,0
225360,101230,28.45,-0.00,-0.00,1.01,0
225400,101238,28.39,0.00,-0.00,1.00,0
225440,101230,28.42,0.01,0.01,1.03,0
225480,101229,28.45,0.01,0.01,0.98,0
225520,101229,28.37,0.01,0.00,0.99,0
225560,101230,28.47,-0.01,-0.01,1.01,0
225600,101231,28.45,0.01,0.03,0.99,0
225640,101226,28.47,-0.01,-0.00,1.00,0
225680,101224,28.51,-0.00,-0.02,0.96,0
225720,101231,28.50,0.00,0.01,1.00,0
225760,101225,28.38,-0.01,0.01,0.99,0
225800,101231,28.46,0.01,-0.02,1.02,0
225840,101230,28.45,0.00,0.00,1.01,0
225880,101234,28.41,0.01,0.00,1.01,0
225920,101235,28.41,0.02,0.01,0.99,0
225960,101231,28.44,-0.00,0.01,1.01,0
226000,101228,28.35,0.01,0.01,1.01,0
226040,101226,28.43,0.01,-0.01,0.99,0
226080,101227,28.41,-0.01,0.00,1.00,0
226120,101230,28.46,0.01,-0.00,1.00,0
226160,101223,28.38,-0.01,-0.02,1.01,0
226200,101230,28.46,-0.01,-0.00,0.98,0
226240,101230,28.34,0.01,0.00,1.02,0
226280,101232,28.44,-0.00,-0.01,0.99,0
226320,101229,28.42,-0.01,-0.00,1.00,0
226360,101230,28.41,0.02,-0.00,1.02,0
226400,101228,28.53,-0.01,0.02,1.01,0
226440,101228,28.39,-0.00,-0.03,0.99,0
226480,101224,28.46,-0.01,-0.00,1.00,0
226520,101230,28.42,-0.00,-0.00,0.99,0
226560,101235,28.47,0.03,-0.01,1.00,0
226600,101230,28.43,-0.01,0.00,1.00,0
226640,101231,28.51,0.01,-0.01,0.98,0
226680,101227,28.46,0.01,0.01,1.00,0
226720,101234,28.44,-0.00,-0.00,1.00,0
226760,101227,28.47,-0.00,-0.02,1.01,0
226800,101232,28.41,0.00,-0.00,0.97,0
226840,101230,28.44,-0.00,0.01,1.01,0
226880,101227,28.46,0.00,0.01,0.99,0
226920,101233,28.53,0.02,0.00,0.99,0
226960,101230,28.52,-0.00,0.00,1.00,0
227000,101230,28.47,-0.00,0.01,1.00,0
227040,101231,28.44,0.01,0.01,0.99,0
227080,101230,28.44,0.01,-0.02,1.00,0
227120,101229,28.46,-0.01,-0.00,1.02,0
227160,101231,28.49,-0.01,-0.00,1.00,0
227200,101229,28.42,-0.01,-0.00,1.00,0
227240,101230,28.53,0.02,0.00,1.00,0
227280,101228,28.39,-0.01,-0.01,1.00,0
227320,101225,28.54,-0.00,0.02,1.00,0
227360,101228,28.47,0.00,-0.03,0.99,0
227400,101228,28.45,0.01,-0.01,1.00,0
227440,101230,28.40,-0.00,-0.01,1.01,0
227480,101234,28.42,-0.01,-0.00,1.02,0
227520,101224,28.46,-0.00,0.01,1.00,0
227560,101230,28.50,0.01,0.00,0.98,0
227600,101223,28.48,0.01,0.01,0.99,0
227640,101227,28.42,0.00,0.00,1.00,0
227680,101228,28.43,-0.00,-0.00,0.97,0
227720,101223,28.51,-0.01,-0.02,0.98,0
227760,101224,28.46,-0.02,-0.00,0.98,0
227800,101230,28.44,-0.01,0.02,1.01,0
227840,101230,28.53,-0.02,-0.00,0.98,0
227880,101229,28.49,0.02,0.00,0.97,0
227920,101227,28.45,0.01,0.02,0.99,0
227960,101237,28.46,-0.01,-0.02,0.99,0
228000,101229,28.52,-0.01,0.01,1.00,0
228040,101227,28.44,-0.01,-0.02,0.99,0
228080,101235,28.49,0.01,0.00,1.00,0
228120,101232,28.39,-0.02,-0.01,0.99,0
228160,101229,28.39,-0.01,-0.00,1.00,0
228200,101234,28.47,-0.02,-0.01,1.01,0
228240,101230,28.42,0.00,0.02,1.02,0
228280,101232,28.40,-0.00,-0.01,0.99,0
228320,101231,28.51,0.00,0.01,0.98,0
228360,101227,28.35,-0.00,-0.00,1.02,0
228400,101233,28.45,0.01,0.01,0.96,0
228440,101230,28.46,-0.01,-0.01,0.99,0
228480,101227,28.46,0.02,-0.01,0.99,0
228520,101227,28.52,0.03,-0.02,1.01,0
228560,101233,28.43,0.02,0.01,1.00,0
228600,101229,28.53,0.00,-0.00,1.01,0
228640,101230,28.39,-0.00,0.01,0.96,0
228680,101232,28.38,0.01,0.01,1.00,0
228720,101230,28.50,-0.00,0.02,0.98,0
228760,101225,28.55,-0.00,-0.01,1.01,0
228800,101232,28.45,0.02,-0.01,0.98,0
228840,101233,28.37,0.00,0.03,1.01,0
228880,101233,28.47,-0.03,-0.02,1.01,0
228920,101235,28.45,-0.00,-0.00,1.01,0
228960,101231,28.44,0.01,0.01,1.00,0
229000,101232,28.51,-0.00,-0.01,1.00,0
229040,101235,28.46,-0.01,-0.00,1.00,0
229080,101229,28.52,0.01,-0.02,0.97,0
229120,101235,28.44,0.01,-0.02,0.98,0
229160,101235,28.38,-0.01,-0.00,1.01,0
229200,101232,28.57,0.00,0.00,1.01,0
229240,101236,28.49,0.00,-0.02,1.01,0
229280,101232,28.52,-0.02,-0.01,1.00,0
229320,101227,28.50,0.01,0.02,1.01,0
229360,101233,28.60,-0.00,-0.01,0.98,0
229400,101231,28.52,0.02,-0.01,1.00,0
229440,101231,28.42,0.02,0.00,1.01,0
229480,101230,28.44,0.00,0.01,1.00,0
229520,101234,28.41,-0.01,-0.00,1.01,0
229560,101231,28.50,0.01,-0.00,0.98,0
229600,101227,28.54,0.00,-0.02,1.00,0
229640,101231,28.43,0.03,-0.00,1.00,0
229680,101232,28.54,-0.02,0.01,1.00,0
229720,101227,28.51,-0.02,0.01,0.98,0
229760,101228,28.49,0.00,0.01,1.01,0
229800,101228,28.41,0.02,-0.00,1.00,0
229840,101228,28.54,0.02,-0.01,1.00,0
229880,101231,28.50,0.02,0.00,1.03,0
229920,101233,28.53,-0.01,-0.01,1.00,0
229960,101236,28.49,-0.01,0.00,1.01,0
230000,101233,28.48,0.01,0.01,1.01,0
230040,101233,28.57,0.02,-0.01,1.00,0
230080,101233,28.52,-0.01,-0.02,1.00,0
230120,101234,28.45,-0.00,-0.01,1.01,0
230160,101228,28.44,-0.02,-0.00,1.00,0
230200,101232,28.44,0.00,-0.01,1.03,0
230240,101231,28.52,0.01,0.00,1.00,0
230280,101229,28.42,0.00,0.01,0.99,0
230320,101228,28.51,-0.01,0.01,1.00,0
230360,101228,28.58,0.01,-0.01,1.00,0
230400,101229,28.59,0.02,-0.01,0.99,0
230440,101226,28.47,-0.01,-0.01,1.04,0
230480,101231,28.52,0.02,-0.01,1.01,0
230520,101230,28.55,-0.02,-0.01,0.98,0
230560,101230,28.43,-0.01,0.01,1.01,0
230600,101231,28.48,-0.01,0.02,1.00,0
230640,101232,28.49,0.02,-0.00,0.98,0
230680,101228,28.55,-0.01,-0.02,1.01,0
230720,101229,28.46,-0.01,0.01,1.02,0
230760,101224,28.40,0.00,0.01,1.02,0
230800,101223,28.50,-0.01,0.01,0.98,0
230840,101223,28.57,-0.01,-0.02,1.00,0
230880,101235,28.56,0.01,-0.01,1.02,0
230920,101224,28.53,0.00,-0.00,1.02,0
230960,101231,28.53,0.00,0.00,1.00,0
231000,101234,28.51,-0.00,0.00,1.02,0
231040,101228,28.45,-0.02,-0.01,1.01,0
231080,101235,28.49,0.00,0.01,1.01,0
231120,101236,28.53,0.01,0.01,0.99,0
231160,101233,28.49,-0.00,-0.01,0.99,0
231200,101237,28.46,-0.01,-0.02,0.98,0
231240,101232,28.57,-0.02,0.00,1.01,0
231280,101227,28.56,-0.01,0.00,1.00,0
231320,101231,28.52,0.00,0.01,1.00,0
231360,101228,28.48,-0.01,-0.01,1.00,0
231400,101225,28.54,-0.00,0.01,1.02,0
231440,101226,28.48,0.01,0.00,0.99,0
231480,101237,28.47,0.00,-0.00,1.01,0
231520,101228,28.42,0.01,0.01,0.98,0
231560,101230,28.48,0.02,0.01,1.00,0
231600,101227,28.50,0.00,0.01,1.00,0
231640,101230,28.54,-0.01,-0.02,1.00,0
231680,101229,28.49,0.01,0.00,1.01,0
231720,101228,28.45,0.01,-0.02,1.01,0
231760,101226,28.53,0.01,0.02,1.02,0
231800,101225,28.47,-0.01,0.00,1.00,0
231840,101227,28.53,-0.01,-0.01,1.00,0
231880,101231,28.59,-0.01,0.00,1.01,0
231920,101236,28.50,-0.03,0.01,0.97,0
231960,101233,28.51,-0.02,-0.01,1.01,0
232000,101235,28.41,-0.02,-0.01,0.99,0
232040,101231,28.52,-0.00,0.00,1.00,0
232080,101229,28.52,0.02,-0.01,1.00,0
232120,101225,28.51,0.01,-0.03,0.99,0
232160,101230,28.54,-0.00,0.01,0.97,0
232200,101223,28.64,0.00,-0.00,0.99,0
232240,101229,28.47,-0.01,0.00,0.99,0
232280,101235,28.54,-0.01,0.01,0.99,0
232320,101231,28.53,-0.01,0.01,1.00,0
232360,101233,28.54,0.02,0.00,0.99,0
232400,101228,28.52,-0.01,0.01,1.03,0
232440,101225,28.61,-0.00,0.00,1.02,0
232480,101228,28.56,-0.03,-0.01,0.99,0
232520,101228,28.49,0.00,0.01,0.98,0
232560,101233,28.57,-0.00,0.01,1.03,0
232600,101236,28.50,-0.02,-0.01,1.00,0
232640,101227,28.51,-0.00,-0.01,1.01,0
232680,101228,28.60,0.01,-0.01,1.00,0
232720,101229,28.55,-0.01,-0.00,0.99,0
232760,101228,28.61,0.01,0.00,0.97,0
232800,101226,28.56,-0.01,0.01,1.02,0
232840,101230,28.59,0.00,-0.01,1.00,0
232880,101231,28.55,-0.04,-0.01,1.01,0
232920,101231,28.51,0.02,0.00,1.01,0
232960,101226,28.56,0.01,0.02,1.00,0
233000,101229,28.48,-0.02,0.00,0.98,0
233040,101224,28.48,0.00,-0.00,1.00,0
233080,101232,28.62,0.00,-0.01,1.00,0
233120,101226,28.48,0.00,0.01,1.02,0
233160,101229,28.56,0.00,0.00,1.00,0
233200,101228,28.52,-0.02,-0.01,1.01,0
233240,101228,28.57,0.00,-0.00,0.99,0
233280,101226,28.52,-0.02,0.02,1.00,0
233320,101224,28.54,0.01,-0.01,0.98,0
233360,101235,28.50,-0.00,0.01,0.99,0
233400,101230,28.51,-0.01,0.00,1.00,0
233440,101230,28.58,0.01,0.01,1.00,0
233480,101236,28.51,0.00,-0.00,1.01,0
233520,101229,28.58,-0.01,0.01,1.00,0
233560,101231,28.47,0.01,-0.00,0.99,0
233600,101230,28.57,0.01,-0.01,1.00,0
233640,101233,28.48,-0.00,0.00,1.00,0
233680,101231,28.54,0.02,0.01,1.00,0
233720,101231,28.56,-0.00,-0.01,0.99,0
233760,101229,28.54,0.01,-0.01,0.97,0
233800,101230,28.58,-0.00,0.01,1.00,0
233840,101233,28.49,-0.01,-0.01,0.97,0
233880,101223,28.65,-0.01,-0.00,0.98,0
233920,101229,28.55,0.01,0.02,0.99,0
233960,101228,28.62,0.00,-0.02,1.02,0
234000,101229,28.52,0.01,0.01,1.00,0
234040,101223,28.53,0.01,-0.01,0.99,0
234080,101232,28.61,-0.00,0.02,0.98,0
234120,101227,28.55,0.00,-0.01,1.02,0
234160,101229,28.55,-0.02,0.01,0.98,0
234200,101228,28.56,0.01,0.03,0.99,0
234240,101224,28.56,-0.01,-0.01,1.01,0
234280,101228,28.61,0.01,-0.03,1.01,0
234320,101224,28.54,-0.01,-0.01,0.97,0
234360,101226,28.58,-0.00,0.00,0.99,0
234400,101228,28.51,0.01,0.01,1.00,0
234440,101229,28.55,0.01,0.02,1.00,0
234480,101230,28.55,-0.00,0.01,1.00,0
234520,101229,28.57,0.01,-0.01,1.02,0
234560,101236,28.66,-0.01,0.01,0.98,0
234600,101231,28.60,-0.02,0.02,1.02,0
234640,101226,28.47,-0.01,-0.02,1.03,0
234680,101227,28.64,0.00,-0.01,1.00,0
234720,101227,28.57,0.01,0.03,1.02,0
234760,101229,28.61,0.00,-0.00,1.02,0
234800,101228,28.56,-0.00,-0.01,0.98,0
234840,101227,28.53,-0.01,-0.01,1.00,0
234880,101235,28.50,0.00,0.00,1.00,0
234920,101230,28.49,0.01,-0.01,0.99,0
234960,101228,28.58,-0.01,0.03,1.01,0
235000,101229,28.57,0.02,-0.02,1.02,0
235040,101229,28.51,-0.01,-0.02,1.02,0
235080,101234,28.56,-0.02,-0.00,1.02,0
235120,101231,28.52,0.00,-0.01,1.00,0
235160,101233,28.66,0.00,-0.01,1.02,0
235200,101219,28.47,0.00,0.01,0.98,0
235240,101230,28.60,0.03,0.02,0.99,0
235280,101233,28.59,-0.01,-0.01,1.03,0
235320,101236,28.58,0.00,0.00,0.98,0
235360,101229,28.50,-0.00,0.00,1.00,0
235400,101224,28.65,0.01,-0.01,1.00,0
235440,101231,28.67,0.02,0.01,0.98,0
235480,101227,28.53,-0.00,0.01,1.01,0
235520,101224,28.60,-0.02,0.00,1.02,0
235560,101227,28.60,0.00,-0.00,1.00,0
235600,101233,28.52,-0.00,0.01,1.00,0
235640,101233,28.64,-0.00,-0.01,1.02,0
235680,101232,28.51,-0.00,-0.02,1.00,0
235720,101226,28.52,-0.01,-0.01,0.99,0
235760,101237,28.61,0.02,0.04,1.00,0
235800,101226,28.63,-0.01,0.00,1.00,0
235840,101229,28.58,0.00,-0.00,0.99,0
235880,101225,28.54,-0.01,0.01,0.98,0
235920,101234,28.66,0.01,-0.01,1.02,0
235960,101231,28.60,-0.01,-0.01,1.01,0
236000,101232,28.54,0.00,-0.01,1.02,0
236040,101230,28.51,0.02,-0.01,1.00,0
236080,101229,28.68,-0.01,-0.01,0.98,0
236120,101230,28.47,-0.01,0.03,0.99,0
236160,101223,28.56,0.01,0.01,0.97,0
236200,101233,28.60,0.02,0.02,0.97,0
236240,101232,28.59,0.02,0.01,0.99,0
236280,101228,28.60,0.01,-0.01,1.00,0
236320,101229,28.59,-0.01,-0.00,0.99,0
236360,101230,28.66,0.00,0.01,1.01,0
236400,101234,28.63,-0.01,0.00,0.98,0
236440,101231,28.60,0.00,-0.02,0.97,0
236480,101229,28.53,0.01,-0.01,0.99,0
236520,101228,28.48,0.04,-0.00,0.98,0
236560,101225,28.50,0.01,-0.00,1.00,0
236600,101227,28.60,-0.00,0.01,1.03,0
236640,101230,28.56,0.00,0.01,1.01,0
236680,101229,28.65,0.00,-0.00,1.01,0
236720,101230,28.51,0.00,0.00,1.03,0
236760,101232,28.55,-0.00,-0.00,0.98,0
236800,101231,28.58,-0.00,-0.01,1.00,0
236840,101230,28.68,-0.01,0.01,1.00,0
236880,101231,28.57,0.01,0.02,1.01,0
236920,101230,28.60,0.01,-0.01,1.01,0
236960,101229,28.60,-0.00,-0.01,1.01,0
237000,101231,28.53,-0.01,-0.02,1.02,0
237040,101224,28.67,0.01,-0.01,1.00,0
237400,101230,28.62,-0.00,0.00,1.00,0
237440,101230,28.61,0.01,-0.02,0.98,0
237480,101230,28.65,-0.01,0.00,1.02,0
237520,101232,28.61,-0.01,0.00,1.00,0
237560,101232,28.59,0.01,-0.01,1.01,0
237600,101230,28.66,-0.00,0.01,1.02,0
237640,101224,28.63,-0.00,-0.03,0.98,0
237680,101228,28.62,-0.00,0.00,1.05,0
237720,101230,28.63,-0.01,0.02,1.02,0
237760,101235,28.61,0.01,0.00,1.00,0
237800,101231,28.56,0.02,0.01,0.99,0
237840,101229,28.62,-0.01,-0.01,1.01,0
237880,101233,28.60,0.00,0.00,1.01,0
237920,101229,28.64,-0.01,0.00,1.01,0
237960,101229,28.54,0.00,-0.01,1.00,0
238000,101230,28.64,0.00,0.00,1.00,0
238040,101224,28.56,0.01,-0.01,0.97,0
238080,101232,28.58,-0.01,0.01,1.00,0
238120,101231,28.55,-0.01,-0.01,0.98,0
238160,101228,28.60,0.02,-0.01,0.99,0
238200,101226,28.59,-0.00,-0.00,1.02,0
238240,101230,28.60,-0.00,-0.00,0.98,0
238280,101234,28.55,-0.03,-0.01,0.99,0
238320,101227,28.60,0.01,-0.03,1.01,0
238360,101226,28.69,-0.00,0.00,1.02,0
238400,101231,28.64,0.01,-0.01,0.99,0
238440,101224,28.65,0.01,0.00,1.02,0
238480,101222,28.69,-0.02,-0.00,0.99,0
238520,101228,28.63,0.03,-0.01,0.99,0
238560,101227,28.65,-0.01,-0.00,1.02,0
238600,101228,28.68,0.02,0.01,1.00,0
238640,101227,28.61,0.02,-0.00,1.01,0
238680,101230,28.58,0.01,0.01,0.98,0
238720,101229,28.59,-0.01,0.01,1.00,0
238760,101227,28.50,-0.00,0.00,0.98,0
238800,101228,28.68,0.01,-0.02,1.00,0
238840,101231,28.49,-0.01,-0.02,1.00,0
238880,101232,28.62,0.00,-0.01,0.99,0
238920,101232,28.64,-0.01,0.02,1.00,0
238960,101231,28.61,0.01,-0.00,1.02,0
239000,101219,28.66,0.00,-0.01,1.00,0
239040,101226,28.60,0.00,0.00,1.00,0
239080,101228,28.61,-0.00,-0.01,1.00,0
239120,101230,28.58,0.00,-0.02,1.03,0
239160,101224,28.67,0.00,-0.01,1.01,0
239200,101234,28.60,0.01,0.00,1.00,0
239240,101230,28.52,-0.01,0.00,0.98,0
239280,101227,28.61,0.01,0.02,0.99,0
239320,101230,28.47,0.00,0.01,0.98,0
239360,101228,28.68,-0.00,0.02,1.00,0
239400,101227,28.63,-0.01,0.01,1.00,0
239440,101231,28.59,0.01,-0.01,1.02,0
239480,101228,28.65,0.00,-0.00,1.03,0
239520,101225,28.63,0.01,-0.01,1.01,0
239560,101227,28.63,-0.01,-0.01,1.02,0
239600,101229,28.62,0.01,0.01,1.02,0
239640,101226,28.69,-0.01,-0.00,0.97,0
239680,101233,28.62,0.00,-0.02,1.00,0
239720,101226,28.62,-0.00,0.00,0.98,0
239760,101235,28.62,0.03,-0.00,0.99,0
239800,101232,28.61,0.02,-0.02,1.03,0
239840,101226,28.60,0.01,0.01,0.99,0
239880,101230,28.61,0.01,-0.00,0.98,0
239920,101233,28.65,-0.01,0.01,1.00,0
239960,101229,28.55,0.01,0.00,1.02,0
240000,101225,28.63,-0.01,-0.02,1.00,0
240040,101230,28.57,-0.01,-0.03,0.97,0
240080,101236,28.63,0.00,0.02,1.02,0
240120,101224,28.57,0.01,-0.00,0.97,0
240160,101231,28.66,-0.01,-0.01,0.98,0
240200,101229,28.62,-0.01,-0.01,1.00,0
240240,101229,28.66,-0.01,-0.01,1.00,0
240280,101228,28.65,0.01,0.02,0.96,0
240320,101228,28.69,0.00,0.01,0.99,0
240360,101232,28.64,0.02,0.02,1.02,0
240400,101231,28.65,-0.01,-0.00,0.97,0
240440,101226,28.61,-0.02,-0.00,0.99,0
240480,101234,28.66,0.01,0.00,1.01,0
240520,101225,28.65,0.02,-0.00,0.99,0
240560,101231,28.59,0.00,0.01,1.03,0
240600,101230,28.62,0.01,-0.00,1.01,0
240640,101233,28.57,0.01,0.01,0.97,0
240680,101230,28.62,-0.01,0.00,1.01,0
240720,101232,28.64,0.01,0.00,1.01,0
240760,101229,28.63,0.01,-0.01,1.01,0
240800,101232,28.61,-0.00,0.00,1.00,0
240840,101230,28.69,-0.01,0.00,0.98,0
240880,101236,28.57,0.02,-0.00,1.01,0
240920,101227,28.64,-0.02,0.01,1.01,0
240960,101233,28.68,0.02,-0.00,1.00,0
241000,101231,28.61,-0.00,-0.01,0.99,0
241040,101230,28.61,0.00,-0.01,0.99,0
241080,101227,28.60,-0.02,-0.01,1.00,0
241120,101231,28.66,0.01,0.01,1.00,0
241160,101224,28.62,-0.00,-0.00,0.98,0
241200,101225,28.67,-0.00,-0.00,0.99,0
241240,101231,28.71,0.02,-0.01,1.03,0
241280,101224,28.63,0.01,-0.02,1.00,0
241320,101234,28.70,-0.00,0.01,1.00,0
241360,101228,28.70,0.02,-0.01,1.00,0
241400,101230,28.60,-0.02,-0.01,1.01,0
241440,101229,28.69,0.01,0.00,1.00,0
241480,101230,28.61,-0.00,-0.00,0.97,0
241520,101228,28.70,-0.01,-0.02,1.01,0
241560,101228,28.67,0.02,-0.01,0.99,0
241600,101229,28.70,-0.01,0.01,1.01,0
241640,101232,28.57,-0.01,-0.02,1.02,0
241680,101233,28.68,0.01,-0.02,1.00,0
241720,101233,28.47,0.00,-0.00,1.02,0
241760,101230,28.67,-0.01,-0.00,0.98,0
241800,101228,28.63,-0.01,0.03,0.99,0
241840,101224,28.62,0.00,0.02,0.98,0
241880,101231,28.71,0.01,-0.01,0.99,0
241920,101232,28.75,-0.03,-0.02,0.97,0
241960,101228,28.60,-0.00,-0.01,1.00,0
242000,101232,28.66,0.01,-0.00,1.00,0
242040,101233,28.62,0.01,0.00,1.02,0
242080,101229,28.61,0.00,-0.00,0.98,0
242120,101232,28.63,-0.02,-0.01,1.03,0
242160,101230,28.66,-0.02,0.01,1.02,0
242200,101223,28.75,0.01,0.01,1.00,0
242240,101228,28.61,0.00,-0.00,0.98,0
242280,101228,28.75,-0.00,-0.01,0.99,0
242320,101231,28.71,-0.00,-0.01,1.02,0
242360,101226,28.62,0.01,0.00,0.99,0
242400,101228,28.71,0.01,0.01,1.00,0
242440,101226,28.65,-0.04,-0.00,1.00,0
242480,101229,28.71,0.03,0.00,1.04,0
242520,101229,28.65,0.01,0.01,0.97,0
242560,101232,28.75,-0.01,-0.00,0.99,0
242600,101232,28.63,-0.02,-0.01,1.02,0
242640,101230,28.60,0.01,0.01,1.01,0
242680,101230,28.69,0.01,0.01,0.98,0
242720,101229,28.58,0.01,0.01,1.03,0
242760,101229,28.67,-0.00,-0.01,0.97,0
242800,101234,28.68,0.02,-0.00,1.01,0
242840,101221,28.71,-0.02,0.00,0.98,0
242880,101228,28.67,0.01,-0.00,1.00,0
242920,101230,28.72,0.03,-0.01,0.99,0
242960,101233,28.63,-0.01,0.01,0.99,0
243000,101225,28.72,0.01,-0.00,0.98,0
243040,101230,28.67,-0.00,-0.01,1.02,0
243080,101232,28.66,-0.01,0.01,0.98,0
243120,101228,28.72,-0.00,0.02,1.00,0
243160,101223,28.59,-0.01,0.00,0.99,0
243200,101228,28.66,0.01,-0.02,0.99,0
243240,101225,28.61,-0.00,0.01,1.00,0
243280,101231,28.61,-0.01,-0.01,1.00,0
243320,101226,28.69,0.00,0.01,0.98,0
243360,101235,28.61,-0.02,0.01,1.00,0
243400,101229,28.62,0.01,-0.01,0.99,0
243440,101226,28.62,0.00,0.00,1.00,0
243480,101227,28.66,-0.00,-0.00,0.99,0
243520,101225,28.53,-0.01,-0.01,1.00,0
243560,101230,28.65,-0.00,-0.01,0.98,0
243600,101234,28.58,-0.01,-0.00,1.00,0
243640,101228,28.73,0.02,-0.00,1.00,0
243680,101232,28.65,-0.00,-0.01,0.99,0
243720,101226,28.67,0.01,-0.01,0.99,0
243760,101230,28.72,-0.00,0.00,1.01,0
243800,101236,28.68,-0.01,0.01,0.99,0
243840,101224,28.69,-0.01,0.02,0.99,0
243880,101233,28.76,-0.01,-0.00,0.98,0
243920,101233,28.62,-0.00,0.01,0.99,0
243960,101223,28.67,0.01,-0.00,0.99,0
244000,101224,28.68,-0.00,-0.01,1.01,0
244040,101226,28.58,0.02,0.00,0.98,0
244080,101232,28.70,0.00,0.01,1.01,0
244120,101228,28.67,0.01,0.02,1.02,0
244160,101228,28.70,0.00,-0.01,1.01,0
244200,101231,28.71,0.00,-0.02,0.99,0
244240,101229,28.65,0.00,-0.00,1.00,0
244280,101230,28.67,0.01,-0.01,1.00,0
244320,101228,28.64,0.01,0.00,1.00,0
244360,101232,28.73,0.01,0.01,0.98,0
244400,101226,28.69,-0.01,0.02,1.01,0
244440,101234,28.67,0.01,-0.00,1.00,0
244480,101228,28.67,0.01,0.00,1.02,0
244520,101226,28.65,0.00,-0.01,1.01,0
244560,101231,28.68,-0.01,0.01,1.01,0
244600,101230,28.69,-0.01,0.00,1.02,0
244640,101223,28.64,-0.02,-0.00,0.98,0
244680,101230,28.61,0.00,0.00,1.01,0
244720,101225,28.71,0.01,0.00,1.02,0
244760,101226,28.67,-0.01,0.02,1.01,0
244800,101231,28.69,0.00,-0.01,0.99,0
244840,101226,28.60,-0.02,0.01,0.99,0
244880,101230,28.65,-0.01,0.01,1.02,0
244920,101228,28.69,-0.01,-0.01,1.00,0
244960,101235,28.72,0.00,0.01,0.98,0
245000,101229,28.71,0.02,0.00,1.00,0
245040,101225,28.71,0.01,0.00,1.02,0
245080,101225,28.62,0.00,0.00,1.01,0
245120,101226,28.69,-0.00,0.00,0.98,0
245160,101229,28.67,-0.00,0.00,1.00,0
245200,101229,28.66,0.01,0.00,1.00,0
245240,101232,28.72,0.00,0.01,1.00,0
245280,101229,28.65,0.00,0.01,1.01,0
245320,101229,28.73,-0.00,0.02,0.99,0
245360,101230,28.67,0.01,-0.01,1.02,0
245400,101228,28.65,0.00,0.00,0.99,0
245440,101230,28.61,0.00,0.00,1.00,0
245480,101231,28.68,-0.02,-0.01,0.97,0
245520,101231,28.78,-0.00,0.01,1.00,0
245560,101227,28.77,-0.01,-0.01,0.99,0
245600,101223,28.71,-0.01,-0.02,1.02,0
245640,101226,28.77,-0.01,0.01,0.97,0
245680,101230,28.71,0.02,0.02,1.01,0
245720,101221,28.76,0.00,0.02,0.99,0
245760,101227,28.59,0.01,0.00,1.00,0
245800,101230,28.74,0.01,-0.02,1.00,0
245840,101227,28.67,-0.00,0.01,1.00,0
245880,101225,28.68,0.00,-0.00,1.00,0
245920,101234,28.75,0.00,-0.00,1.00,0
245960,101233,28.66,0.02,0.01,0.97,0
246000,101228,28.70,0.02,-0.02,1.00,0
246040,101233,28.80,0.01,0.01,0.99,0
246080,101233,28.78,0.01,0.02,0.99,0
246120,101225,28.68,-0.01,0.00,0.99,0
246160,101237,28.71,0.02,0.01,0.99,0
246200,0,28.74,-0.01,0.01,0.98,0
246240,101228,28.75,0.01,-0.01,1.01,0
246280,101225,28.78,0.02,0.02,1.01,0
246320,101229,28.75,-0.01,0.02,1.00,0
246360,101224,28.76,0.01,0.00,0.99,0
246400,101229,28.75,0.00,-0.01,1.02,0
246440,101232,28.74,-0.00,-0.00,1.02,0
246480,101229,28.70,-0.00,-0.02,1.00,0
246520,101228,28.69,0.01,0.02,1.02,0
246560,101234,28.64,0.01,0.02,1.00,0
246600,101226,28.71,0.00,-0.02,1.00,0
246640,101232,28.71,0.00,0.00,1.00,0
246680,101228,28.70,0.02,0.02,1.01,0
246720,101229,28.73,0.02,-0.01,1.01,0
246760,101229,28.76,0.00,-0.02,0.98,0
246800,101229,28.79,-0.01,0.01,1.00,0
246840,101228,28.70,0.01,0.02,1.01,0
246880,101226,28.79,-0.01,-0.00,1.02,0
246920,101227,28.73,-0.00,-0.02,1.00,0
246960,101230,28.70,0.01,0.00,0.98,0
247000,101228,28.63,0.01,-0.01,0.98,0
247040,101225,28.66,-0.01,0.01,1.00,0
247080,101226,28.69,-0.00,-0.01,1.00,0
247120,101226,28.69,0.00,-0.01,1.00,0
247160,101228,28.74,-0.01,-0.00,1.01,0
247200,101229,28.71,-0.00,-0.00,1.00,0
247240,101229,28.60,0.00,-0.00,1.03,0
247280,101226,28.65,0.02,-0.00,1.00,0
247320,101229,28.73,0.00,-0.01,1.01,0
247360,101224,28.75,-0.01,0.01,1.00,0
247400,101219,28.75,0.01,0.00,1.03,0
247440,101228,28.72,-0.02,0.01,0.98,0
247480,101223,28.73,-0.00,-0.03,0.98,0
247520,101225,28.83,-0.01,-0.03,0.98,0
247560,101225,28.70,0.01,-0.02,1.00,0
247600,101231,28.72,-0.00,0.01,1.00,0
247640,101225,28.62,-0.00,-0.01,0.99,0
247680,101229,28.74,-0.03,-0.00,1.00,0
247720,101227,28.67,-0.02,0.01,1.01,0
247760,101225,28.65,-0.01,-0.01,0.99,0
247800,101223,28.66,0.01,0.00,1.01,0
247840,101230,28.72,0.02,-0.01,1.01,0
247880,101230,28.76,-0.00,0.00,0.99,0
247920,101231,28.66,-0.00,0.01,0.97,0
247960,101234,28.81,-0.02,0.01,0.98,0
248000,101229,28.76,-0.01,0.00,1.00,0
248040,101229,28.73,0.00,-0.00,0.99,0
248080,101228,28.79,-0.01,-0.00,1.01,0
248120,101229,28.69,-0.00,0.00,1.00,0
248160,101227,28.72,-0.01,0.00,1.01,0
248200,101226,28.66,-0.01,-0.00,1.00,0
248240,101235,28.77,0.00,-0.01,0.98,0
248280,101222,28.75,-0.01,-0.01,1.01,0
248320,101229,28.70,-0.01,0.00,0.97,0
248360,101230,28.86,0.02,0.02,1.00,0
248400,101229,28.74,0.01,0.00,1.00,0
248440,101225,28.71,-0.01,0.01,1.01,0
248480,101228,28.74,-0.01,0.03,0.99,0
248520,101227,28.64,0.01,-0.03,1.02,0
248560,101225,28.71,-0.00,-0.00,1.00,0
248600,101228,28.67,0.01,0.00,0.99,0
248640,101227,28.77,0.01,-0.01,1.00,0
248680,101227,28.66,-0.03,0.01,1.00,0
248720,101231,28.80,0.00,0.00,1.01,0
248760,101225,28.77,0.01,-0.01,1.01,0
248800,101230,28.64,0.00,0.03,1.03,0
248840,101226,28.82,-0.01,0.01,0.99,0
248880,101230,28.79,-0.00,-0.01,1.01,0
248920,101229,28.79,-0.02,-0.00,1.00,0
248960,101229,28.76,-0.01,-0.00,0.99,0
249000,101225,28.79,0.00,0.02,0.99,0
249040,101226,28.71,0.00,0.01,1.00,0
249080,101226,28.73,-0.02,-0.00,1.00,0
249120,101229,28.80,-0.02,0.01,1.01,0
249160,101231,28.85,0.01,-0.02,0.99,0
249200,101232,28.74,-0.01,-0.01,0.98,0
249240,101227,28.72,-0.01,-0.00,0.99,0
249280,101229,28.76,0.00,-0.00,1.00,0
249320,101223,28.68,-0.00,0.01,1.00,0
249360,101221,28.75,0.01,0.00,0.99,0
249400,101225,28.73,-0.01,-0.01,1.00,0
249440,101226,28.72,-0.01,0.00,1.01,0
249480,101223,28.74,-0.01,0.02,1.00,0
249520,101223,28.72,0.01,0.02,0.98,0
249560,101230,28.69,-0.00,0.01,0.98,0
249600,101226,28.81,0.00,0.02,1.00,0
249640,101223,28.78,0.01,-0.01,0.98,0
249680,101236,28.74,-0.02,-0.02,1.00,0
249720,101229,28.77,0.01,0.02,0.99,0
249760,101227,28.68,0.02,0.00,1.00,0
249800,101230,28.68,-0.01,0.01,0.99,0
249840,101226,28.81,-0.01,0.02,0.98,0
249880,101233,28.68,-0.00,-0.01,0.99,0
249920,101223,28.78,0.01,-0.01,1.01,0
249960,101224,28.82,0.01,-0.00,0.99,0
250000,101228,28.75,0.00,-0.01,0.98,0
250040,101226,28.77,0.00,0.00,0.98,0
250080,101233,28.67,-0.00,0.00,1.01,0
250120,101223,28.73,-0.02,-0.01,0.99,0
250160,101226,28.79,-0.02,-0.01,0.99,0
250200,101229,28.75,-0.00,-0.01,1.01,0
250240,101230,28.82,0.01,0.01,1.01,0
250280,101231,28.78,0.00,-0.02,1.00,0
250320,101229,28.78,-0.01,0.01,1.00,0
250360,101235,28.70,0.01,-0.01,1.01,0
250400,101227,28.71,-0.01,0.01,0.99,0
250440,101229,28.74,-0.00,0.00,1.02,0
250480,101231,28.75,0.00,-0.00,1.02,0
250520,101227,28.77,-0.01,-0.01,1.02,0
250560,101227,28.77,0.02,-0.01,1.01,0
250600,101227,28.75,0.00,0.00,1.01,0
250640,101226,28.76,0.01,-0.01,0.99,0
250680,101224,28.79,0.01,0.00,1.03,0
250720,101226,28.73,-0.01,0.01,1.01,0
250760,101223,28.74,0.02,-0.00,1.04,0
250800,101229,28.69,-0.01,0.01,1.02,0
250840,101223,28.85,-0.00,0.00,1.01,0
250840,101223,28.85,-0.00,0.00,1.01,0
250880,101235,28.82,-0.00,-0.00,0.98,0
250920,101233,28.83,-0.01,0.01,1.01,0
250960,101232,28.79,-0.00,0.01,1.01,0
251000,101227,28.72,0.00,0.00,0.99,0
251040,101226,28.79,0.01,0.02,1.00,0
251080,101232,28.62,0.01,0.01,1.00,0
251120,101229,28.78,-0.01,-0.01,1.01,0
251160,101230,28.84,0.00,-0.01,0.98,0
251200,101226,28.81,0.01,0.02,1.00,0
251240,101231,28.75,-0.01,0.01,1.03,0
251280,101225,28.73,-0.00,-0.00,1.01,0
251320,101228,28.74,0.01,0.01,1.01,0
251360,101222,28.83,-0.01,-0.01,1.02,0
251400,101226,28.77,-0.01,-0.00,0.99,0
251440,101230,28.82,-0.01,0.01,1.01,0
251480,101227,28.78,0.02,0.00,1.01,0
251520,101227,28.83,-0.01,-0.01,1.01,0
251560,101230,28.74,-0.01,-0.01,1.01,0
251600,101228,28.88,0.00,0.00,1.01,0
251640,101232,28.82,0.00,-0.00,1.01,0
251680,101220,28.76,-0.01,-0.01,0.99,0
251720,101230,28.77,0.00,0.01,0.99,0
251760,101230,28.78,-0.00,0.00,1.02,0
251800,101223,28.76,-0.02,0.01,1.01,0
251840,101224,28.81,-0.03,-0.01,1.01,0
251880,101231,28.78,-0.00,0.01,0.99,0
251920,101224,28.76,0.00,-0.01,0.99,0
251960,101226,28.77,-0.01,-0.00,1.02,0
252000,101230,28.72,-0.01,-0.01,1.00,0
252040,101227,28.81,0.02,0.02,1.04,0
252080,101229,28.71,-0.01,0.03,1.00,0
252120,101225,28.80,-0.00,-0.00,1.02,0
252160,101229,28.80,-0.01,0.00,1.00,0
252200,101231,28.82,0.01,0.01,1.00,0
252240,101229,28.81,0.00,-0.01,1.00,0
252280,101221,28.72,0.00,-0.01,1.03,0
252320,101230,28.82,-0.00,-0.00,1.02,0
252360,101228,28.75,0.02,0.02,1.01,0
252400,101225,28.77,0.01,-0.00,0.98,0
252440,101232,28.75,0.02,0.00,1.00,0
252480,101222,28.86,0.01,0.01,1.01,0
252520,101234,28.73,0.00,-0.02,1.02,0
252560,101226,28.75,0.03,-0.01,0.99,0
252600,101233,28.84,-0.02,-0.00,1.00,0
252640,101228,28.93,0.01,0.01,1.00,0
252680,101224,28.78,-0.01,0.01,1.00,0
252720,101228,28.78,-0.02,0.01,1.00,0
252760,101229,28.78,0.00,0.02,0.96,0
252800,101230,28.84,-0.00,-0.00,1.01,0
252840,101231,28.83,-0.02,0.02,0.99,0
252880,101225,28.87,-0.00,0.04,0.98,0
252920,101229,28.81,0.02,-0.01,1.01,0
252960,101230,28.68,-0.02,-0.02,1.00,0
253000,101227,28.72,0.00,-0.00,0.96,0
253040,101225,28.82,0.01,0.01,1.01,0
253080,101225,28.77,-0.00,0.00,1.00,0
253120,101230,28.84,0.02,0.01,1.00,0
253160,101230,28.67,-0.02,0.00,0.98,0
253200,101225,28.89,-0.01,-0.00,1.01,0
253240,101224,28.76,-0.00,0.02,1.02,0
253280,101232,28.89,0.02,0.02,0.97,0
253320,101223,28.79,-0.01,-0.00,1.01,0
253360,101228,28.83,0.01,0.01,1.01,0
253400,101225,28.87,-0.02,-0.01,1.00,0
253440,101222,28.83,-0.02,-0.02,1.01,0
253480,101228,28.78,0.01,0.01,1.01,0
253520,101227,28.76,0.01,-0.00,1.01,0
253560,101232,28.73,0.01,-0.00,0.99,0
253600,101235,28.83,0.00,0.00,1.01,0
253640,101227,28.76,0.00,-0.01,0.98,0
253680,101231,28.80,0.00,-0.01,0.98,0
253720,101231,28.74,-0.01,-0.01,1.02,0
253760,101226,28.74,-0.00,0.01,1.00,0
253800,101225,28.80,0.02,0.01,1.02,0
253840,101233,28.78,0.01,0.01,0.99,0
253880,101227,28.85,0.00,-0.01,1.00,0
253920,101228,28.82,0.00,-0.00,0.97,0
253960,101227,28.79,-0.00,-0.02,1.01,0
254000,101227,28.80,0.01,0.00,1.00,0
254040,101226,28.71,-0.00,-0.02,0.99,0
254080,101230,28.78,-0.01,0.01,1.01,0
254120,101232,28.81,-0.01,-0.01,1.01,0
254160,101227,28.89,-0.01,-0.01,0.99,0
254200,101223,28.80,0.01,-0.01,0.99,0
254240,101228,28.78,0.02,-0.00,1.02,0
254280,101223,28.86,-0.00,0.00,1.00,0
254320,101226,28.79,-0.02,-0.01,0.99,0
254360,101232,28.84,-0.01,-0.01,1.00,0
254400,101235,28.78,-0.01,-0.01,1.01,0
254440,101229,28.79,0.00,-0.01,0.99,0
254480,101224,28.65,0.01,0.03,0.97,0
254520,101230,28.89,0.01,0.01,1.00,0
254560,101221,28.79,0.02,-0.01,0.98,0
254600,101225,28.78,0.00,-0.00,1.00,0
254640,101233,28.82,0.02,0.00,1.01,0
254680,101230,28.76,-0.01,0.01,1.01,0
254720,101223,28.84,-0.00,-0.02,1.00,0
254760,101222,28.80,0.02,-0.01,0.99,0
254800,101230,28.91,-0.00,-0.01,1.01,0
254840,101228,28.78,-0.00,-0.00,1.01,0
254880,101226,28.80,0.00,-0.01,0.99,0
254920,101229,28.82,-0.01,0.01,1.00,0
254960,101226,28.71,0.02,-0.01,1.01,0
255000,101222,28.85,0.00,0.01,1.01,0
255040,101230,28.77,0.01,-0.01,1.02,0
255080,101226,28.79,0.00,-0.00,1.01,0
255120,101224,28.80,-0.00,-0.00,1.00,0
255160,101223,28.88,-0.01,-0.03,1.00,0
255200,101228,28.79,0.00,0.00,0.99,0
255240,101225,28.81,-0.00,-0.01,0.98,0
255280,101230,28.77,-0.02,-0.00,1.01,0
255320,101227,28.88,-0.01,0.00,0.98,0
255360,101231,28.82,-0.00,0.02,0.99,0
255400,101226,28.79,-0.01,-0.01,1.01,0
255440,101226,28.89,-0.01,-0.02,0.99,0
255480,101221,28.75,-0.00,0.02,0.98,0
255520,101224,28.82,0.00,-0.02,1.00,0
255560,101230,28.75,0.00,0.00,1.00,0
255600,101237,28.70,-0.01,0.00,0.99,0
255640,101224,28.85,0.00,0.01,1.00,0
255680,101224,28.86,-0.01,-0.01,1.01,0
255720,101229,28.77,-0.02,0.01,1.01,0
255760,101229,28.85,0.03,0.00,0.97,0
255800,101225,28.80,-0.03,-0.00,1.00,0
255840,101228,28.90,0.02,0.00,1.02,0
255880,101222,28.86,-0.01,-0.01,0.97,0
255920,101227,28.81,-0.00,-0.01,1.00,0
255960,101230,28.79,0.02,-0.02,1.01,0
256000,101233,28.80,-0.01,0.00,0.97,0
256040,101227,28.80,0.01,-0.02,0.98,0
256080,101227,28.70,-0.01,-0.02,0.99,0
256120,101229,28.79,0.00,0.01,0.97,0
256160,101231,28.79,-0.01,0.02,0.99,0
256200,101229,28.78,-0.02,0.00,0.98,0
256240,101225,28.79,0.01,-0.00,1.00,0
256280,101229,28.85,-0.01,-0.02,0.99,0
256320,101231,28.78,0.01,0.00,1.00,0
256360,101225,28.84,-0.01,-0.00,1.01,0
256400,101223,28.75,0.00,0.01,0.99,0
256440,101229,28.83,-0.00,-0.00,1.01,0
256480,101229,28.85,-0.00,-0.00,0.98,0
256520,101231,28.86,-0.00,-0.01,0.99,0
256560,101228,28.92,-0.01,0.01,0.98,0
256600,101225,28.78,0.02,-0.01,1.00,0
256640,101226,28.91,-0.02,-0.00,1.00,0
256680,101224,28.80,0.01,0.00,1.00,0
256720,101225,28.86,-0.00,-0.02,1.00,0
256760,101226,28.92,0.01,0.00,0.98,0
256800,101226,28.80,0.01,0.00,1.02,0
256840,101231,28.82,-0.02,-0.02,1.00,0
256880,101224,28.87,-0.00,0.00,1.00,0
256920,0,28.88,-0.01,-0.01,0.99,0
256960,101226,28.84,0.00,-0.02,1.00,0
257000,101232,28.86,-0.01,0.00,0.98,0
257040,101228,28.85,-0.01,0.00,0.98,0
257080,101226,28.76,0.01,-0.00,0.99,0
257120,101230,28.89,-0.03,0.01,1.00,0
257160,101228,28.82,0.00,0.01,1.01,0
257200,101226,28.84,0.00,0.01,0.99,0
257240,101232,28.88,-0.02,0.02,1.01,0
257280,101230,28.81,0.01,-0.01,1.00,0
257320,101233,28.79,0.01,0.00,1.00,0
257360,101231,28.86,-0.01,0.00,1.01,0
257400,101230,28.81,-0.01,0.02,0.99,0
257440,101228,28.85,-0.01,-0.02,1.02,0
257480,101224,28.90,-0.01,-0.03,0.99,0
257520,101230,28.96,0.01,0.00,1.00,0
257560,101228,28.85,-0.00,0.01,1.00,0
257600,101230,28.91,-0.00,0.02,1.00,0
257640,101227,28.83,-0.01,-0.01,1.01,0
257680,101225,28.89,-0.01,-0.01,1.03,0
257720,101224,28.85,0.01,-0.00,0.98,0
257760,101230,28.83,-0.02,-0.01,0.99,0
257800,101232,28.82,-0.01,-0.02,1.00,0
257840,101227,28.87,0.00,0.02,1.02,0
257880,101229,28.84,0.00,0.00,1.01,0
257920,101232,28.83,0.02,0.00,1.02,0
257960,101225,28.81,-0.00,-0.01,1.00,0
258000,101226,28.83,-0.01,0.01,0.99,0
258040,101224,28.87,-0.01,-0.02,1.03,0
258080,101231,28.88,0.01,-0.01,1.01,0
258120,101228,28.86,0.00,0.01,1.02,0
258160,101226,28.89,-0.01,-0.01,1.00,0
258200,101222,28.80,-0.01,-0.01,1.01,0
258240,101227,28.91,0.00,0.01,1.00,0
258280,101231,28.86,0.00,-0.01,1.01,0
258320,101227,28.83,-0.01,0.00,1.01,0
258360,101226,28.93,-0.02,0.01,1.02,0
258400,101229,28.89,-0.00,-0.02,1.01,0
258440,101224,28.77,0.01,-0.01,1.00,0
258480,101228,28.78,0.00,0.02,1.00,0
258520,101229,28.86,-0.00,-0.01,1.01,0
258560,101225,28.78,-0.01,-0.00,0.98,0
258600,101225,28.77,-0.00,-0.02,1.02,0
258640,101225,28.90,0.02,0.02,1.01,0
258680,101227,28.82,0.01,0.01,1.00,0
258720,101227,28.83,-0.03,0.01,1.00,0
258760,101228,28.90,-0.02,-0.01,0.98,0
258800,101228,28.86,0.01,-0.00,1.02,0
258840,101224,28.92,0.01,0.01,0.99,0
258880,101225,28.88,0.02,-0.01,1.01,0
258920,101229,28.95,0.01,0.03,0.99,0
258960,101231,28.87,-0.01,0.02,1.00,0
259000,101232,28.87,0.02,-0.01,1.01,0
259040,101225,28.92,-0.02,0.01,1.01,0
259080,101231,28.80,0.02,0.01,0.99,0
259120,101230,28.87,-0.00,0.01,1.02,0
259160,101227,28.88,-0.01,-0.01,1.00,0
259200,101229,28.87,-0.01,0.02,0.97,0
259240,101230,28.89,0.02,-0.01,1.03,0
259280,101233,28.85,0.01,0.01,0.99,0
259320,101224,28.89,0.00,0.01,1.01,0
259360,101229,28.86,0.01,0.03,1.01,0
259400,101227,28.87,0.00,0.00,0.99,0
259440,101227,28.80,-0.01,0.02,1.02,0
259480,101231,28.90,0.01,0.02,1.02,0
259520,101230,28.87,0.00,0.01,0.99,0
259560,101224,28.90,0.01,0.00,1.01,0
259600,101226,28.90,0.00,0.00,1.00,0
259640,101228,28.87,0.00,-0.00,1.00,0
259680,101223,28.87,0.00,0.00,0.99,0
259720,101230,28.94,-0.02,-0.00,1.00,0
259760,101227,28.87,0.01,0.01,1.02,0
259800,101228,28.80,0.00,0.01,1.00,0
259840,101228,28.79,0.01,0.01,0.98,0
259880,101233,28.91,-0.02,0.01,1.00,0
259920,101227,28.87,-0.00,-0.01,0.99,0
259960,101226,28.91,-0.02,0.01,1.00,0
260000,101233,28.95,0.01,0.03,1.03,0
260040,101226,28.87,0.01,-0.01,1.01,0
260080,101226,28.90,-0.00,0.01,0.99,0
260120,101223,28.90,0.01,-0.00,0.99,0
260160,101231,28.88,-0.01,0.02,1.01,0
260200,101228,28.92,-0.00,-0.01,1.01,0
260240,101229,28.85,0.00,-0.01,0.98,0
260280,101228,28.92,-0.00,-0.00,1.02,0
260320,101227,28.77,0.01,-0.00,0.98,0
260360,101225,28.81,-0.01,0.00,0.98,0
260400,101225,28.92,-0.00,0.00,0.99,0
260440,101229,28.87,0.01,0.01,0.99,0
260480,101228,28.84,-0.01,0.02,0.99,0
260520,101232,28.95,-0.00,0.02,1.01,0
260560,101225,28.90,-0.00,0.01,1.02,0
260600,101226,28.86,0.01,-0.02,0.98,0
260640,101224,28.86,0.02,0.00,1.00,0
260680,101232,28.98,-0.01,-0.01,1.00,0
260720,101223,28.88,0.00,-0.00,1.01,0
260760,101230,28.88,-0.00,-0.01,0.99,0
260800,101232,28.92,-0.00,0.00,0.99,0
260840,101227,28.80,-0.01,-0.03,1.00,0
260880,101230,28.94,-0.01,-0.02,0.99,0
260920,101221,28.90,-0.00,-0.00,0.97,0
260960,101226,28.89,-0.00,0.00,1.01,0
261000,101222,28.92,0.00,-0.01,1.01,0
261040,101228,28.91,0.00,0.01,0.98,0
261080,101227,28.89,0.01,-0.01,1.00,0
261120,101225,28.88,0.00,-0.01,1.03,0
261160,101230,28.82,0.00,-0.01,1.01,0
261200,101228,28.82,-0.01,0.00,0.98,0
261240,101226,28.85,-0.01,0.00,1.01,0
261280,101226,28.80,0.00,0.02,1.02,0
261320,101223,28.92,-0.02,0.01,0.99,0
261360,101227,28.90,0.01,-0.00,1.01,0
261400,101234,28.90,-0.00,-0.01,0.99,0
261440,101225,28.86,-0.01,0.01,1.02,0
261480,101229,28.90,-0.01,-0.01,1.00,0
261520,101226,28.84,-0.00,0.00,0.98,0
261560,101230,28.81,0.01,0.00,1.01,0
261600,101229,28.87,-0.01,0.02,1.01,0
261640,101227,28.95,0.01,-0.01,1.00,0
261680,101222,28.79,0.01,-0.03,1.01,0
261720,101226,28.88,0.01,0.01,1.00,0
261760,101231,28.89,0.00,0.00,1.00,0
261800,101226,28.94,0.01,-0.01,1.02,0
261840,101229,28.84,0.01,-0.01,1.03,0
261880,101226,28.92,0.01,0.02,1.02,0
261920,101221,28.98,-0.01,-0.01,1.00,0
261960,101229,28.89,-0.00,-0.00,0.99,0
262000,101228,28.98,0.01,0.00,1.02,0
262040,0,28.85,0.04,-0.00,1.02,0
262080,101226,28.88,0.01,0.01,1.02,0
262120,101228,28.87,-0.00,-0.00,1.03,0
262160,101225,28.90,-0.01,-0.02,0.97,0
262200,101228,28.82,0.01,-0.01,0.99,0
262240,101227,28.87,-0.01,-0.01,1.01,0
262280,101220,28.88,0.01,0.00,0.98,0
262320,101227,28.89,0.01,0.02,0.98,0
262360,101225,28.93,0.01,0.03,1.00,0
262400,101225,28.96,-0.01,0.01,1.01,0
262440,101228,28.83,-0.01,-0.00,1.01,0
262480,101226,28.91,0.00,0.01,0.98,0
262520,101229,28.84,0.00,-0.01,0.99,0
262560,101231,28.90,0.02,0.00,1.02,0
262600,101228,28.95,-0.01,0.02,0.99,0
262640,101222,28.97,0.00,-0.01,0.98,0
262680,101225,28.94,-0.00,0.03,0.99,0
262720,101230,28.91,-0.01,-0.01,1.02,0
262760,101226,28.97,-0.01,-0.01,1.00,0
262800,101225,28.87,0.01,0.00,0.99,0
262840,101227,28.92,0.01,-0.00,1.00,0
262880,101229,28.94,0.01,-0.01,1.01,0
262920,101228,28.82,-0.00,0.01,1.03,0
262960,101229,28.95,0.01,0.03,1.02,0
263000,101225,28.93,0.00,-0.02,1.01,0
263040,101226,28.88,0.00,-0.02,0.99,0
263080,101226,28.96,0.01,0.04,1.01,0
263120,101227,29.01,0.01,-0.00,1.00,0
263160,101221,28.92,0.01,0.03,1.00,0
263200,101226,28.87,0.00,-0.02,1.01,0
263240,101223,28.79,-0.03,0.01,1.01,0
263280,101232,28.88,-0.00,0.01,1.01,0
263320,101232,28.87,-0.00,-0.02,0.98,0
263360,101232,28.88,0.00,0.01,1.00,0
263400,101230,28.90,0.00,-0.00,0.99,0
263440,101226,28.98,0.00,0.01,0.98,0
263480,101230,28.87,-0.01,-0.01,1.00,0
263520,101226,28.91,0.01,0.02,0.99,0
263560,101229,28.93,0.01,0.02,0.98,0
263600,101224,28.93,-0.00,0.01,1.02,0
263640,101225,28.89,-0.00,0.01,1.01,0
263680,101229,28.83,0.04,-0.00,0.99,0
263720,101233,28.93,0.01,0.00,1.02,0
263760,101227,28.93,-0.00,-0.01,1.01,0
263800,101234,29.00,0.00,0.01,1.00,0
263840,101236,29.00,-0.00,-0.03,0.99,0
263880,101223,28.91,-0.00,0.01,1.00,0
263920,101227,28.87,0.01,-0.00,1.02,0
263960,101224,28.94,0.01,-0.00,0.99,0
264000,101227,28.97,-0.00,-0.01,1.01,0
264040,101225,28.92,-0.00,0.01,0.98,0
264080,101227,28.95,0.00,0.00,1.00,0
264120,101230,28.89,-0.01,0.00,1.00,0
264160,101230,28.98,-0.01,0.01,1.03,0
264200,101228,28.86,0.02,0.01,1.00,0
264240,101227,28.93,0.01,-0.02,1.02,0
264280,101227,28.95,0.01,-0.02,0.96,0
264320,101227,28.96,-0.02,0.01,1.00,0
264360,101229,28.87,-0.02,0.01,1.00,0
264400,101227,28.86,0.01,-0.01,1.01,0
264440,101229,28.87,0.00,0.01,0.99,0
264480,101223,28.95,-0.01,0.01,0.99,0
264520,101230,28.93,-0.01,0.01,1.05,0
264560,101233,28.91,-0.00,-0.00,0.99,0
264600,101228,28.86,0.01,-0.02,1.02,0
264640,101223,28.89,-0.01,-0.01,0.99,0
264680,101231,28.93,-0.00,-0.02,1.00,0
264720,101226,28.91,0.02,0.01,0.98,0
264760,101218,28.94,0.00,-0.01,0.99,0
264800,101226,28.94,-0.00,-0.02,1.00,0
264840,101229,28.93,0.01,-0.00,0.98,0
264880,101228,28.92,0.00,-0.01,1.00,0
264920,101231,28.95,-0.01,-0.02,1.01,0
264960,101229,29.04,0.02,-0.01,0.99,0
265000,101227,28.87,0.00,-0.00,0.99,0
265040,101221,28.98,-0.00,0.02,1.00,0
265080,101224,28.93,-0.01,0.02,1.00,0
265120,101228,28.99,-0.01,0.00,1.01,0
265160,101229,28.85,0.00,0.01,0.98,0
265200,101224,28.96,-0.01,-0.01,0.99,0
265240,101225,28.98,-0.01,-0.00,1.00,0
265280,101229,28.91,0.01,-0.01,1.00,0
265320,101221,28.94,0.00,0.00,1.02,0
265360,101221,28.90,0.01,0.03,1.01,0
265400,101226,28.95,-0.00,0.00,1.01,0
265440,101228,28.97,-0.01,0.01,1.00,0
265480,101225,28.87,-0.02,0.01,1.00,0
265520,101220,28.97,-0.02,0.01,0.99,0
265560,101227,28.86,-0.01,0.01,1.02,0
265600,101223,28.95,-0.01,0.02,1.02,0
265640,101229,28.82,0.00,0.01,1.00,0
265680,101227,29.04,-0.01,0.01,1.00,0
265720,101228,28.95,0.01,0.01,0.99,0
265760,101229,29.01,0.01,0.02,0.98,0
265800,101225,28.91,0.01,-0.00,0.97,0
265840,101230,28.87,-0.02,-0.00,1.01,0
265880,101231,28.78,0.00,0.01,0.99,0
265920,101228,28.91,0.01,-0.03,1.00,0
265960,101231,28.99,0.00,0.01,1.02,0
266000,101225,28.93,0.01,0.00,1.00,0
266040,101230,28.99,0.02,-0.01,1.02,0
266080,101228,28.89,0.01,0.01,0.99,0
266120,101224,28.85,0.00,-0.01,1.02,0
266160,101227,29.03,0.01,0.01,0.99,0
266200,101225,28.93,0.01,-0.01,1.02,0
266240,101225,28.90,0.00,-0.00,1.01,0
266280,101227,28.84,0.00,-0.01,0.98,0
266320,101230,28.93,-0.01,0.01,0.97,0
266360,101226,28.98,0.02,-0.00,1.00,0
266400,101227,28.94,0.00,0.00,0.99,0
266440,101222,28.98,0.00,-0.01,1.00,0
266480,101227,28.97,-0.01,0.02,0.98,0
266520,101231,28.88,0.02,-0.03,0.96,0
266560,101229,28.97,-0.00,-0.00,0.97,0
266600,101228,28.88,-0.02,-0.01,0.99,0
266640,101225,28.99,-0.00,0.01,1.00,0
266680,101224,28.86,0.00,-0.02,1.01,0
266720,101227,29.00,-0.01,0.02,1.01,0
266760,101223,28.95,0.00,-0.00,1.02,0
266800,101223,28.96,0.01,0.01,0.99,0
266840,101230,28.97,-0.00,0.02,0.99,0
266880,101224,28.95,-0.00,-0.02,0.99,0
266920,101233,28.96,-0.02,0.01,0.98,0
266960,101222,29.04,0.01,-0.00,1.00,0
267000,101228,28.87,-0.02,0.02,1.01,0
267040,101223,28.93,-0.00,0.01,1.01,0
267080,101227,28.94,-0.01,0.01,1.00,0
267120,101224,28.97,-0.00,-0.00,1.03,0
267160,101227,29.00,-0.01,0.01,1.01,0
267200,101226,28.86,-0.00,0.01,1.01,0
267240,101225,28.95,0.01,-0.02,1.02,0
267280,101228,29.05,-0.01,-0.00,1.03,0
267320,101232,28.93,-0.00,0.01,0.97,0
267360,101225,28.84,-0.02,0.03,0.97,0
267400,101230,28.93,0.00,-0.02,0.99,0
267440,101227,28.95,0.02,-0.01,1.02,0
267480,101227,28.94,0.00,0.01,0.98,0
267520,101234,28.99,0.01,0.02,1.00,0
267560,101220,29.03,0.01,-0.00,1.01,0
267600,101225,28.96,0.02,-0.02,1.02,0
267640,101221,28.95,0.01,0.01,0.97,0
267680,101226,28.93,-0.01,0.02,0.99,0
267720,101226,29.00,0.02,0.01,0.98,0
267760,101239,28.92,0.00,-0.00,0.99,0
267800,101228,28.99,-0.00,0.00,1.02,0
267840,101233,28.94,0.00,-0.02,0.99,0
267880,101231,28.99,0.03,0.00,1.01,0
267920,101225,28.94,-0.01,-0.00,1.00,0
267960,101228,28.95,0.01,-0.00,0.99,0
268000,101232,29.06,-0.02,0.01,1.01,0
268040,101227,28.97,-0.00,-0.01,0.98,0
268080,101227,29.01,0.02,-0.02,0.99,0
268120,101228,28.96,0.00,0.01,0.99,0
268160,101222,28.88,0.00,-0.01,1.00,0
268200,101224,28.91,0.00,0.01,1.00,0
268240,101228,29.02,-0.02,0.01,0.99,0
268280,101229,28.98,-0.02,0.01,1.00,0
268320,101224,29.01,0.00,-0.01,1.02,0
268360,101226,29.04,0.00,-0.00,1.01,0
268400,101226,28.99,-0.01,-0.02,1.01,0
268440,101226,28.94,-0.01,0.00,1.00,0
268480,101229,28.93,-0.01,0.00,0.95,0
268520,101227,28.94,-0.02,0.01,1.00,0
268560,101227,29.00,0.01,-0.01,1.02,0
268600,101222,28.97,0.00,-0.02,1.00,0
268640,101223,29.00,-0.01,0.01,0.99,0
268680,101228,28.93,-0.01,-0.01,0.96,0
268720,101222,28.92,0.02,0.01,0.99,0
268760,101228,29.05,-0.01,-0.01,0.99,0
268800,101225,29.02,0.01,-0.00,0.99,0
268840,101224,28.95,0.01,0.01,1.01,0
268880,101229,29.01,0.01,-0.01,0.98,0
268920,101225,28.93,-0.01,0.02,1.00,0
268960,101224,29.03,-0.01,0.01,1.00,0
269000,101225,29.03,-0.02,0.02,1.01,0
269040,101227,28.94,0.00,-0.01,1.01,0
269080,101235,29.03,-0.01,-0.01,1.00,0
269120,101220,28.98,0.01,-0.01,0.99,0
269160,101227,28.97,0.01,0.02,1.02,0
269200,101226,28.91,0.02,-0.03,1.00,0
269760,101225,28.94,-0.01,0.00,1.02,0
269800,101227,28.87,0.01,-0.01,1.00,0
269840,101227,29.08,-0.01,-0.03,1.02,0
269880,101229,28.98,-0.00,0.01,0.98,0
269920,101225,28.94,-0.02,-0.00,0.99,0
269960,101226,28.98,0.01,-0.01,0.99,0
270000,101227,29.01,-0.02,0.02,1.03,0
270040,101227,28.99,0.01,0.01,0.98,0
270080,101224,28.96,0.00,-0.01,1.02,0
270120,101232,29.01,0.00,-0.02,0.98,0
270160,101225,28.96,0.01,-0.02,1.00,0
270200,101229,29.01,-0.01,-0.01,0.99,0
270240,101227,28.94,-0.03,-0.02,1.02,0
270280,101230,28.92,0.01,-0.03,0.99,0
270320,101220,28.93,-0.01,0.01,0.99,0
270360,101233,29.00,-0.03,-0.02,1.02,0
270400,101226,29.03,-0.01,-0.00,1.00,0
270440,101223,28.99,-0.00,0.00,1.00,0
270480,101227,29.07,-0.01,-0.03,1.01,0
270520,101234,29.08,0.02,0.00,1.01,0
270560,101228,29.13,-0.02,0.00,1.01,0
270600,101223,28.95,0.01,0.00,0.99,0
270640,101225,28.99,0.03,0.00,0.99,0
270680,101231,29.07,0.00,0.01,1.01,0
270720,101222,28.99,0.01,-0.01,1.01,0
270760,101226,28.97,0.02,0.01,1.02,0
270800,101226,29.04,0.02,-0.01,0.97,0
270840,101233,29.08,0.00,0.00,0.96,0
270880,101226,29.13,0.00,0.00,0.99,0
270920,101231,29.05,0.00,-0.04,0.99,0
270960,101224,29.03,0.01,-0.02,1.01,0
271000,101224,28.99,-0.03,0.01,0.99,0
271040,101230,28.95,0.00,-0.03,1.01,0
271080,101229,29.05,-0.01,0.01,1.02,0
271120,101221,28.92,-0.01,-0.00,1.00,0
271160,101229,28.94,-0.01,-0.00,1.01,0
271200,101229,29.01,0.01,0.01,1.01,0
271240,101225,28.99,-0.01,0.03,0.99,0
271280,101227,28.98,0.00,-0.01,1.01,0
271320,101227,28.98,0.00,0.02,1.00,0
271360,101225,29.01,0.01,0.01,1.01,0
271400,101225,28.94,-0.01,0.01,0.99,0
271440,101224,28.99,0.02,-0.00,1.02,0
271480,101226,29.02,0.00,0.00,1.00,0
271480,101226,29.02,0.00,0.00,1.00,0
271520,101222,28.96,0.01,-0.00,1.02,0
271560,101226,29.02,-0.00,-0.03,1.00,0
271600,101222,29.05,-0.00,0.00,0.97,0
271640,101227,29.04,-0.00,-0.02,1.02,0
271680,101226,29.04,-0.00,-0.00,0.99,0
271720,101223,29.00,0.01,-0.00,1.01,0
271760,101229,29.09,0.00,0.01,1.02,0
271800,101233,29.01,0.01,0.00,0.99,0
271840,101231,28.98,0.04,-0.00,1.01,0
271880,101222,28.99,-0.01,-0.02,1.00,0
271920,101230,29.11,0.00,-0.01,1.01,0
271960,101227,29.04,0.00,-0.02,1.00,0
272000,101226,29.08,-0.00,0.02,1.01,0
272040,101225,29.00,0.00,0.02,0.98,0
272080,101226,28.98,-0.01,0.00,1.01,0
272120,101231,29.02,-0.01,0.00,0.97,0
272160,101228,29.07,-0.01,0.02,0.99,0
272200,101225,29.10,0.01,0.00,0.97,0
272240,101224,29.01,0.01,-0.01,1.02,0
272280,101225,28.98,-0.01,0.03,1.00,0
272320,101228,28.98,-0.00,0.01,0.98,0
272360,101232,29.01,0.00,-0.00,1.01,0
272400,101223,28.96,0.02,0.01,1.02,0
272440,101226,29.08,0.01,-0.00,1.01,0
272480,101225,28.98,0.01,-0.01,1.02,0
272520,101224,29.08,-0.01,-0.00,0.99,0
272560,101228,28.93,-0.00,-0.02,0.98,0
272600,101228,28.97,0.00,0.01,1.01,0
272640,101222,28.99,0.01,0.02,0.98,0
272680,101223,29.12,0.01,-0.00,1.00,0
272720,101230,28.99,0.00,0.03,0.97,0
272760,101227,29.02,-0.00,-0.02,1.00,0
272800,101228,29.01,0.02,-0.00,1.01,0
272840,101225,29.01,-0.01,0.01,0.99,0
272880,101225,29.02,0.00,-0.01,1.00,0
272920,101228,29.14,-0.01,-0.01,1.02,0
272960,101225,28.97,-0.02,-0.01,1.01,0
273000,101223,29.06,-0.01,0.00,0.98,0
273040,101226,29.07,0.00,-0.00,1.00,0
273080,101229,29.09,0.00,-0.01,1.02,0
273120,101223,28.96,-0.01,0.01,0.99,0
273160,101230,28.95,-0.02,-0.00,1.00,0
273200,101229,28.97,0.00,-0.02,0.97,0
273240,101224,29.03,-0.03,-0.01,1.01,0
273280,101226,28.95,-0.03,0.00,1.01,0
273320,101226,29.13,-0.00,-0.00,0.98,0
273360,101228,29.08,0.02,-0.00,1.00,0
273400,101228,29.10,-0.00,0.02,1.02,0
273440,101222,29.02,-0.01,-0.01,0.98,0
273480,101222,29.12,-0.00,-0.01,0.98,0
273520,101230,29.00,0.01,0.00,0.96,0
273560,101227,29.04,0.01,0.01,1.02,0
273600,101228,29.05,0.03,-0.01,1.02,0
273640,101227,28.99,-0.01,0.02,1.01,0
273680,101231,29.00,0.01,-0.02,0.99,0
273720,101222,28.99,-0.02,0.01,0.98,0
273760,101230,29.03,0.02,0.01,0.99,0
273800,101224,29.01,0.00,-0.02,1.01,0
273840,101229,29.06,0.02,0.00,1.00,0
273880,101231,28.95,0.00,0.01,1.00,0
273920,101222,29.03,-0.01,-0.01,1.00,0
273960,101228,28.96,0.01,-0.00,1.01,0
274000,101225,29.02,-0.00,-0.01,1.03,0
274040,101225,29.09,0.00,-0.01,1.03,0
274080,101226,29.06,-0.00,-0.01,1.00,0
274120,101223,29.10,-0.01,-0.00,1.00,0
274160,101223,29.07,0.01,0.00,1.01,0
274200,101228,29.06,-0.01,-0.00,0.98,0
274240,101229,29.05,-0.00,0.00,0.99,0
274280,101224,29.16,0.01,-0.00,0.99,0
274320,101222,29.04,-0.00,-0.00,1.01,0
274360,101234,28.98,-0.01,0.00,0.97,0
274400,101230,29.16,0.01,0.00,1.01,0
274440,101227,29.05,-0.00,0.01,1.00,0
274480,101223,29.10,0.00,0.01,1.03,0
274520,101224,29.08,0.00,-0.01,0.99,0
274560,101227,28.99,-0.00,0.01,0.97,0
274600,101223,29.06,-0.02,-0.01,1.01,0
274640,101231,29.01,0.02,0.00,1.00,0
274680,101227,29.04,-0.00,0.00,0.98,0
274720,101227,29.04,-0.01,0.00,0.99,0
274760,101223,29.05,0.02,0.02,0.99,0
274800,101223,29.05,0.01,-0.01,1.00,0
274840,101224,29.01,0.01,-0.01,1.03,0
274880,101227,29.00,0.00,0.02,1.01,0
274920,101225,28.93,0.01,0.00,1.01,0
274960,101225,28.96,0.03,-0.02,1.02,0
275000,101227,28.99,-0.01,0.01,0.99,0
275040,101227,29.15,0.02,0.01,0.99,0
275080,101231,29.03,0.01,0.00,0.99,0
275120,101226,29.05,0.00,0.01,0.99,0
275160,101223,29.05,0.01,0.01,0.96,0
275200,101226,29.09,-0.01,0.01,0.99,0
275240,101231,29.00,0.04,-0.01,0.98,0
275280,101224,29.05,0.01,0.01,1.00,0
275320,101226,29.00,0.03,-0.02,1.00,0
275360,101225,28.97,0.00,0.00,1.01,0
275400,101227,29.00,-0.01,-0.03,0.99,0
275440,101227,28.99,-0.00,-0.01,1.00,0
275480,101224,29.05,0.01,0.01,0.99,0
275520,101225,29.10,0.01,-0.02,1.02,0
275560,101229,29.01,-0.00,0.02,0.99,0
275600,101230,29.11,-0.01,-0.01,1.02,0
275640,101229,29.04,0.01,0.02,1.01,0
275680,101229,29.09,-0.01,-0.01,1.00,0
275720,101225,29.08,-0.02,-0.01,1.00,0
275760,101225,29.10,-0.00,-0.01,1.00,0
275800,101229,29.01,-0.01,0.00,1.04,0
275840,101222,29.17,-0.02,0.03,0.98,0
275880,101226,29.03,-0.01,0.02,0.99,0
275920,101220,29.11,-0.01,-0.00,0.99,0
275960,101225,29.05,-0.01,0.03,1.02,0
276000,101224,29.12,0.03,-0.00,0.99,0
276040,101222,29.02,-0.02,-0.00,1.00,0
276080,101228,29.01,0.00,0.00,0.99,0
276120,101224,29.00,0.00,-0.00,0.99,0
276160,101225,28.98,0.02,0.01,0.99,0
276200,101225,29.02,0.01,-0.01,1.00,0
276240,101224,28.94,0.00,0.01,1.02,0
276280,101231,29.09,0.01,0.00,1.00,0
276320,101225,29.05,-0.02,-0.01,1.01,0
276360,101227,28.96,0.01,0.01,0.98,0
276400,101222,29.11,-0.00,0.02,0.99,0
276440,101225,29.12,-0.02,-0.01,0.97,0
276480,101225,29.07,-0.01,0.02,0.98,0
276520,101225,29.10,0.01,-0.01,1.00,0
276560,101224,29.18,-0.01,0.01,1.01,0
276600,101227,29.08,-0.02,-0.01,1.00,0
276640,101231,29.12,-0.01,-0.02,0.97,0
276680,101226,29.06,-0.01,0.01,1.01,0
276720,101226,29.05,-0.02,-0.00,1.01,0
276760,101225,29.07,0.01,-0.01,1.01,0
276800,101234,29.10,-0.00,-0.00,0.99,0
276840,101231,29.04,-0.01,0.01,1.00,0
276880,101228,29.00,-0.00,0.02,1.02,0
276920,101228,29.13,-0.02,0.01,0.98,0
276960,101224,29.16,0.02,-0.02,1.00,0
277000,101226,29.00,0.00,-0.01,0.98,0
277040,101227,29.12,0.00,0.01,1.01,0
277080,101226,29.01,-0.01,0.01,1.02,0
277120,101223,29.05,0.03,0.01,1.03,0
277160,101224,29.10,0.02,-0.01,1.00,0
277200,101228,28.99,0.00,-0.02,1.00,0
277240,101227,29.05,-0.01,-0.01,0.99,0
277280,101219,29.01,0.02,-0.01,1.02,0
277320,101226,29.14,0.01,-0.01,0.99,0
277360,101230,29.00,-0.02,-0.02,0.99,0
277400,101224,29.08,0.01,-0.02,1.01,0
277440,101227,29.02,0.03,0.02,1.03,0
277480,101221,29.09,-0.01,-0.02,1.00,0
277520,101229,28.99,0.01,0.01,0.99,0
277560,101223,29.13,0.00,0.00,1.01,0
277600,101222,29.03,-0.00,-0.01,1.01,0
277640,101225,29.03,0.02,0.01,0.99,0
277680,101233,29.07,-0.00,0.02,1.01,0
277720,101224,29.09,0.03,0.00,1.00,0
277760,101222,29.08,0.00,-0.01,1.02,0
277800,101227,29.02,-0.02,0.01,1.02,0
277840,101227,29.08,-0.01,-0.03,1.01,0
277880,101231,29.03,0.00,-0.01,1.01,0
277920,101222,29.04,0.00,-0.01,0.99,0
277960,101221,29.03,0.01,-0.02,1.01,0
278000,101225,29.03,-0.01,0.01,0.98,0
278040,101227,29.13,-0.01,0.01,1.01,0
278080,101227,29.13,-0.00,0.00,0.99,0
278120,101229,29.09,-0.00,0.01,1.04,0
278160,101221,29.13,-0.01,-0.00,1.00,0
278200,101223,29.01,-0.01,0.01,0.98,0
278240,101226,29.19,-0.02,-0.00,1.03,0
278280,101229,29.10,0.01,-0.03,0.99,0
278320,101227,29.00,-0.01,0.00,0.99,0
278360,101225,29.13,-0.01,0.00,0.99,0
278400,101223,29.03,-0.02,-0.01,1.02,0
278440,101229,29.01,0.00,-0.03,1.01,0
278480,101229,29.04,-0.01,0.00,1.00,0
278520,101234,29.10,-0.00,0.00,0.98,0
278560,101225,29.06,-0.01,-0.02,1.00,0
278600,101231,29.09,-0.02,-0.00,1.00,0
278640,101222,29.05,0.00,0.01,0.98,0
278680,101224,29.12,0.02,-0.01,1.01,0
278720,101224,28.98,-0.03,-0.00,0.98,0
278760,101224,29.12,0.02,-0.01,0.99,0
278800,101223,29.11,0.01,0.01,0.98,0
278840,101224,29.11,0.00,-0.02,0.99,0
278880,101226,29.13,-0.01,-0.02,1.01,0
278920,101225,29.12,-0.01,-0.00,1.00,0
278960,101228,29.03,0.00,0.01,1.01,0
279000,101226,29.09,-0.01,0.03,0.97,0
279040,101226,29.07,-0.01,-0.01,0.99,0
279080,101231,29.07,0.02,0.02,1.02,0
279120,101227,29.11,-0.01,-0.01,1.02,0
279160,101226,29.11,-0.03,-0.01,0.98,0
279200,101226,29.09,0.01,0.01,1.00,0
279240,101226,29.09,-0.00,-0.02,0.99,0
279280,101228,29.08,0.00,0.00,1.00,0
279320,101223,29.11,-0.02,-0.00,1.00,0
279360,101229,29.18,-0.01,0.01,1.00,0
279400,101231,29.09,0.00,0.01,0.97,0
279440,101230,28.98,0.01,0.01,1.02,0
279480,101224,29.07,0.01,-0.03,0.96,0
279520,101221,28.96,0.01,0.00,1.01,0
279560,101225,29.06,-0.01,0.00,0.98,0
279600,101226,29.08,-0.00,0.02,1.02,0
279640,101228,29.11,0.00,-0.02,1.01,0
279680,101225,29.11,0.01,-0.00,1.00,0
279720,101225,29.13,-0.00,-0.01,1.00,0
279760,101231,29.09,-0.01,-0.02,1.02,0
279800,101224,29.00,0.02,-0.00,1.00,0
279840,101229,29.08,-0.01,-0.01,0.99,0
279880,101229,29.06,0.01,-0.02,0.99,0
279920,101222,29.06,0.02,0.01,1.00,0
279960,101227,29.16,-0.01,-0.01,1.01,0
280000,101224,29.08,0.01,0.03,1.00,0
280040,101223,29.15,-0.00,-0.00,1.00,0
280080,101220,29.18,0.00,0.02,1.00,0
280120,101221,29.07,-0.01,0.00,1.00,0
280160,101227,29.06,0.00,-0.00,1.02,0
280200,101225,29.06,0.02,0.01,1.02,0
280240,101227,29.14,0.02,0.00,0.99,0
280280,101222,29.02,0.01,0.01,1.01,0
280320,101225,29.10,0.01,0.00,0.98,0
280360,101225,29.17,-0.00,-0.00,1.01,0
280400,101221,29.19,-0.01,-0.00,0.99,0
280440,101221,29.06,-0.02,0.01,0.99,0
280480,101227,29.13,0.02,0.00,1.00,0
280520,101226,29.07,0.00,-0.02,0.98,0
280560,101223,29.06,-0.00,-0.01,1.00,0
280600,101225,29.07,-0.01,0.01,1.01,0
280640,101228,29.16,0.01,-0.00,0.96,0
280680,101232,29.10,0.01,-0.02,0.97,0
280720,101223,29.11,-0.01,-0.01,1.01,0
280760,101228,29.11,-0.01,-0.01,0.99,0
280800,101232,29.15,-0.00,0.01,0.97,0
280840,101226,29.14,-0.00,-0.00,1.01,0
280880,101230,29.05,-0.00,-0.00,1.01,0
280920,101218,29.11,-0.00,-0.02,0.99,0
280960,101230,29.10,0.00,-0.02,1.01,0
281000,101226,29.16,0.01,0.00,1.00,0
281040,101220,29.09,-0.02,-0.01,1.00,0
281080,101228,29.07,0.01,0.01,0.97,0
281120,101229,29.14,0.02,-0.01,1.01,0
281160,101230,29.16,-0.02,0.00,1.01,0
281200,101230,29.08,0.01,0.00,1.01,0
281240,101226,29.07,0.01,0.02,0.98,0
281280,101223,29.14,0.02,0.01,1.01,0
281320,101224,29.14,-0.01,-0.02,0.99,0
281360,101226,29.11,0.00,-0.01,1.01,0
281400,101227,29.17,-0.01,-0.00,0.96,0
281440,101224,29.11,0.00,0.03,0.99,0
281480,101226,29.18,0.01,0.01,1.01,0
281520,101228,29.17,0.00,0.01,0.97,0
281560,101227,29.12,0.00,0.02,1.01,0
281600,101233,29.10,-0.01,-0.01,1.02,0
281640,101232,29.09,-0.00,-0.02,0.99,0
281680,101222,29.08,0.02,0.00,0.99,0
281720,101224,29.11,0.03,-0.00,1.02,0
281760,101222,29.07,-0.00,-0.01,0.99,0
281800,101222,29.21,-0.01,0.01,0.99,0
281840,101227,29.09,-0.00,0.01,1.00,0
281880,101223,29.06,-0.01,0.00,0.99,0
281920,101222,29.16,-0.02,-0.02,1.00,0
281960,101225,29.22,0.03,0.02,0.99,0
282000,101228,29.15,-0.03,-0.01,1.04,0
282040,101225,29.16,0.00,0.00,1.01,0
282080,101225,29.13,-0.02,0.03,1.00,0
282120,101229,29.11,-0.01,-0.01,1.00,0
282160,101227,29.14,-0.01,-0.00,0.98,0
282200,101227,29.22,0.02,-0.01,1.00,0
282240,101229,29.14,-0.01,0.02,1.01,0
282280,101222,29.07,-0.01,-0.00,0.99,0
282320,101226,29.07,-0.01,-0.02,1.02,0
282360,101224,29.13,-0.02,-0.01,1.00,0
282400,101229,29.14,0.01,0.00,1.02,0
282440,101228,29.17,0.00,-0.00,1.03,0
282480,101222,29.16,0.00,0.00,1.01,0
282520,101230,29.17,0.00,-0.02,1.01,0
282560,101222,29.06,0.01,0.01,1.01,0
282600,101229,29.14,-0.01,-0.01,0.97,0
282640,101226,29.16,0.01,-0.01,1.01,0
282680,101223,29.16,0.00,-0.02,1.01,0
282720,101222,29.13,0.02,0.00,0.99,0
282760,101225,29.21,0.00,-0.00,0.99,0
282800,101226,29.13,0.00,-0.01,1.00,0
282840,101223,29.09,-0.01,0.00,0.99,0
282880,101227,29.14,-0.00,-0.01,0.99,0
282920,101221,29.14,0.02,0.00,0.98,0
282960,101226,29.13,-0.02,0.01,0.97,0
283000,101226,29.21,0.01,0.01,1.01,0
283040,101220,29.10,0.01,0.01,1.00,0
283080,101227,29.10,0.01,0.01,1.00,0
283120,101222,29.21,0.01,0.00,0.98,0
283160,101218,29.19,-0.01,0.00,0.98,0
283200,101224,29.07,0.00,-0.03,1.01,0
283240,101225,29.23,0.01,-0.00,0.98,0
283280,101228,29.10,0.01,0.00,1.00,0
283320,101224,29.20,-0.00,-0.00,0.98,0
283360,101230,29.18,-0.02,0.00,1.00,0
283400,101230,29.19,0.02,0.02,1.00,0
283440,101229,29.09,-0.02,0.03,1.01,0
283480,101230,29.12,0.01,-0.01,1.01,0
283520,101227,29.10,-0.01,-0.00,1.00,0
283560,101224,29.19,-0.00,0.02,1.00,0
283600,101228,29.14,-0.02,0.00,1.01,0
283640,101229,29.10,-0.00,-0.00,1.01,0
283680,101226,29.22,-0.01,0.00,1.00,0
283720,101225,29.06,0.01,-0.00,1.00,0
283760,101221,29.09,0.01,-0.02,1.01,0
283800,101228,29.21,-0.00,-0.01,1.02,0
283840,101227,29.12,-0.01,0.03,0.99,0
283880,101221,29.11,-0.00,0.00,0.98,0
283920,101226,29.24,-0.02,-0.01,1.00,0
283960,101228,29.16,-0.01,-0.01,1.00,0
284000,101225,29.09,0.00,-0.01,0.99,0
284040,101228,29.20,0.00,0.01,1.02,0
284080,101228,29.18,-0.00,0.00,0.99,0
284120,101221,29.25,0.02,-0.02,1.02,0
284160,101225,29.10,-0.01,-0.00,0.99,0
284200,101227,29.11,-0.02,0.02,1.01,0
284240,101228,29.22,0.00,-0.00,1.00,0
284280,101230,28.99,-0.02,-0.02,0.99,0
284320,101219,29.25,0.00,0.01,1.02,0
284360,101225,29.15,-0.00,-0.03,0.99,0
284760,101228,29.13,-0.01,-0.00,1.00,0
284800,101227,29.16,-0.03,-0.01,1.00,0
284840,101219,29.13,0.02,0.00,0.99,0
284880,101223,29.18,0.02,-0.02,1.00,0
284920,101228,29.13,-0.00,0.01,1.00,0
284960,101221,29.19,0.01,-0.01,0.98,0
285000,101225,29.14,-0.00,-0.01,0.99,0
285040,101225,29.14,0.00,0.01,1.02,0
285080,101228,29.17,-0.00,-0.00,1.00,0
285120,101226,29.15,0.00,0.01,0.99,0
285160,101226,29.19,-0.02,0.01,1.02,0
285200,101224,29.11,0.01,0.00,1.00,0
285240,101225,29.16,0.01,-0.01,1.00,0
285280,101225,29.09,-0.01,0.01,0.98,0
285320,101228,29.19,0.01,-0.01,0.99,0
285360,101225,29.12,-0.00,0.02,1.03,0
285400,101229,29.14,-0.01,-0.01,1.00,0
285440,101220,29.15,0.01,0.02,0.98,0
285480,101229,29.17,-0.03,-0.01,0.99,0
285520,101225,29.08,0.01,-0.01,1.00,0
285560,101229,29.16,0.00,-0.01,0.97,0
285600,101226,29.23,-0.00,-0.01,1.02,0
285640,101228,29.07,0.00,-0.02,1.01,0
285680,101230,29.18,-0.01,-0.01,1.00,0
285720,101224,29.17,0.00,-0.00,1.00,0
285760,101226,29.17,0.01,0.03,1.00,0
285800,101225,29.20,-0.00,-0.01,1.03,0
285840,101226,29.15,0.02,0.01,1.02,0
285880,101220,29.11,-0.02,0.02,1.00,0
285920,101225,29.14,-0.00,0.00,0.98,0
285960,101225,29.24,-0.00,0.01,1.03,0
286000,101223,29.19,-0.01,0.01,0.99,0
286040,101225,29.17,0.00,0.00,0.98,0
286080,101220,29.07,0.01,-0.01,1.01,0
286120,101230,29.13,-0.00,0.01,0.98,0
286160,101227,29.14,0.00,0.00,0.99,0
286200,101231,29.15,-0.02,0.02,0.99,0
286240,101223,29.19,-0.02,-0.01,0.99,0
286280,101222,29.12,-0.01,0.01,0.99,0
286320,101226,29.09,0.01,0.01,1.00,0
286360,101220,29.18,0.00,-0.01,1.01,0
286400,101226,29.18,0.00,0.01,1.00,0
286440,101223,29.12,0.01,-0.01,0.98,0
286480,101224,29.22,-0.01,-0.00,1.02,0
286520,101226,29.17,0.00,-0.01,0.98,0
286560,101225,29.11,0.00,-0.01,0.99,0
286600,101231,29.18,-0.02,0.01,1.01,0
286640,101227,29.21,0.02,-0.00,0.99,0
286680,101221,29.17,-0.01,-0.02,1.01,0
286720,101228,29.15,0.01,0.01,0.96,0
286760,101221,29.11,-0.01,0.00,0.99,0
286800,101226,29.19,0.00,-0.01,1.00,0
286840,101221,29.10,-0.01,0.00,0.98,0
286880,101223,29.18,0.00,-0.01,0.98,0
286920,101229,29.21,0.01,0.02,1.01,0
286960,101224,29.21,-0.02,-0.01,1.01,0
287000,101223,29.13,0.00,0.02,0.99,0
287040,101224,29.16,-0.00,0.00,1.01,0
287080,101224,29.19,-0.01,-0.01,1.01,0
287120,101230,29.28,0.01,0.03,0.99,0
287160,101222,29.19,-0.02,0.01,1.01,0
287200,101221,29.13,-0.01,-0.01,1.00,0
287240,101227,29.16,-0.01,-0.01,1.00,0
287280,101220,29.18,-0.00,-0.02,1.02,0
287320,101224,29.12,0.00,0.00,0.99,0
287360,101229,29.15,0.01,-0.01,1.02,0
287400,101225,29.09,-0.01,0.00,1.02,0
287440,101224,29.32,-0.02,-0.01,1.01,0
287480,101223,29.23,0.00,0.02,1.01,0
287520,101222,29.14,-0.02,-0.01,1.01,0
287560,101223,29.19,-0.04,-0.00,1.00,0
287600,101226,29.16,-0.00,-0.02,1.00,0
287640,101229,29.07,-0.01,0.02,0.99,0
287680,101228,29.12,0.00,0.01,1.03,0
287720,101223,29.14,0.01,-0.02,1.01,0
287760,101223,29.20,-0.01,0.01,1.01,0
287800,101227,29.22,0.00,0.00,1.00,0
287840,101219,29.20,0.01,-0.01,1.00,0
287880,101224,29.19,-0.01,-0.01,1.04,0
287920,101224,29.18,-0.00,0.00,1.02,0
287960,101222,29.07,-0.02,-0.00,1.01,0
288000,101222,29.19,-0.00,-0.01,0.99,0
288040,101226,29.21,-0.02,-0.03,0.98,0
288080,101220,29.18,0.02,-0.01,0.99,0
288120,101222,29.12,0.00,-0.00,1.01,0
288160,101223,29.14,-0.01,0.00,0.99,0
288200,101225,29.15,0.01,-0.01,1.01,0
288240,101221,29.12,0.00,0.01,0.98,0
288240,101221,29.12,0.00,0.01,0.98,0
288280,101229,29.17,-0.02,0.02,0.99,0
288320,101224,29.14,-0.01,0.02,1.00,0
288360,101224,29.24,0.00,-0.00,1.00,0
288400,101224,29.18,0.00,-0.02,1.00,0
288440,101223,29.21,-0.00,0.00,1.01,0
288480,101222,29.13,-0.01,0.01,0.95,0
288520,101229,29.22,0.01,0.00,1.03,0
288560,101226,29.21,0.01,0.01,1.00,0
288600,101225,29.10,-0.00,0.01,0.99,0
288640,101228,29.14,-0.01,0.02,0.99,0
288680,101223,29.14,-0.01,0.00,0.99,0
288720,101227,29.21,-0.00,-0.00,1.00,0
288760,101225,29.27,-0.01,-0.02,1.02,0
288800,101222,29.26,-0.00,0.01,1.00,0
288840,101227,29.23,-0.02,0.00,1.03,0
288880,101220,29.17,-0.01,0.00,0.99,0
288920,101227,29.25,-0.01,-0.03,1.01,0
288960,101222,29.22,0.02,-0.01,0.99,0
289000,101226,29.17,0.02,-0.01,1.00,0
289040,101229,29.22,-0.01,0.01,1.02,0
289080,101227,29.09,0.02,0.00,1.00,0
289120,101223,29.26,-0.00,0.01,1.02,0
289160,101225,29.17,0.02,0.02,1.00,0
289200,101224,29.23,0.01,-0.03,0.99,0
289240,101221,29.20,-0.01,0.01,0.98,0
289280,101222,29.19,-0.01,0.01,1.01,0
289320,101225,29.19,0.01,0.02,1.00,0
289360,101227,29.24,0.01,-0.01,0.98,0
289400,101219,29.12,0.00,-0.00,1.03,0
289440,101225,29.18,0.01,0.00,0.99,0
289480,101227,29.18,0.02,-0.02,1.02,0
289520,101225,29.18,-0.00,-0.01,1.01,0
289560,101222,29.21,0.00,-0.00,0.95,0
289600,101228,29.20,-0.00,0.01,1.02,0
289640,101221,29.20,0.01,0.01,1.01,0
289680,101227,29.27,0.02,0.01,0.99,0
289720,101230,29.29,0.01,0.02,0.99,0
289760,101218,29.16,-0.02,0.01,1.00,0
289800,101226,29.28,-0.01,0.01,1.01,0
289840,101226,29.20,0.01,0.00,1.00,0
289880,101226,29.23,-0.01,0.01,1.01,0
289920,101222,29.27,-0.02,0.00,1.00,0
289960,101224,29.20,-0.02,-0.01,1.00,0
290000,101220,29.23,-0.01,-0.02,1.00,0
290040,101225,29.18,-0.00,0.00,1.01,0
290080,101227,29.16,0.01,0.01,1.00,0
290120,101223,29.24,-0.01,-0.01,1.00,0
290160,101222,29.15,-0.01,-0.01,1.00,0
290200,101223,29.21,0.01,-0.00,1.00,0
290240,101225,29.25,0.01,-0.01,0.99,0
290280,101225,29.18,0.00,0.00,0.97,0
290320,101225,29.21,-0.00,0.01,0.99,0
290360,101225,29.14,0.01,0.02,1.03,0
290400,101221,29.19,0.00,-0.00,0.98,0
290440,101216,29.25,0.03,0.01,0.99,0
290480,101227,29.24,0.00,0.01,0.99,0
290520,101229,29.16,-0.01,0.01,0.97,0
290560,101220,29.10,-0.01,0.00,1.01,0
290600,101223,29.19,-0.01,0.01,1.00,0
290640,101226,29.13,0.00,-0.01,0.98,0
290680,101228,29.21,0.01,-0.02,0.99,0
290720,101227,29.22,0.02,-0.01,1.00,0
290760,101229,29.20,0.02,0.01,1.01,0
290800,101225,29.19,0.02,0.00,0.99,0
290840,101226,29.13,0.00,-0.01,1.01,0
290880,101226,29.25,0.01,0.02,0.99,0
290920,101223,29.19,-0.02,-0.01,0.99,0
290960,101229,29.14,0.02,-0.01,1.01,0
291000,101227,29.19,-0.01,0.01,1.00,0
291040,101228,29.23,0.01,-0.00,1.01,0
291080,101224,29.18,0.00,-0.01,1.01,0
291120,101228,29.19,0.00,-0.00,1.01,0
291160,101221,29.18,0.01,-0.01,1.00,0
291200,101226,29.21,-0.01,0.01,0.98,0
291240,101217,29.25,0.01,0.03,0.99,0
291280,101222,29.18,0.00,0.00,1.00,0
291320,101227,29.18,0.01,0.01,1.01,0
291360,101223,29.22,0.00,0.02,1.03,0
291400,101225,29.28,0.00,0.01,1.00,0
291440,101220,29.29,-0.01,-0.02,1.03,0
291480,101230,29.21,0.02,0.00,0.98,0
291520,101227,29.25,-0.00,0.01,1.00,0
291560,101225,29.22,-0.00,-0.01,1.02,0
291600,101226,29.23,0.02,-0.00,1.01,0
291640,101226,29.27,-0.01,-0.00,1.02,0
291680,101229,29.13,0.00,-0.01,0.99,0
291720,101225,29.27,0.01,0.01,1.01,0
291760,101220,29.15,0.00,-0.01,1.01,0
291800,101224,29.26,0.00,0.01,0.97,0
291840,101229,29.25,0.01,-0.04,1.01,0
291880,101226,29.26,0.01,-0.01,0.99,0
291920,101223,29.24,-0.00,-0.02,1.00,0
291960,101227,29.26,0.01,0.00,1.00,0
292000,101225,29.19,0.01,0.01,1.00,0
292040,101227,29.25,-0.00,-0.01,1.01,0
292080,101220,29.26,-0.01,0.00,0.99,0
292120,101222,29.25,0.00,-0.02,1.00,0
292160,101227,29.13,-0.01,-0.00,0.99,0
292200,101224,29.14,-0.01,0.00,1.01,0
292240,101226,29.17,0.00,-0.00,0.98,0
292280,101231,29.18,-0.02,0.01,0.96,0
292320,101224,29.21,-0.01,-0.01,0.99,0
292360,101225,29.21,0.01,0.01,1.00,0
292400,101223,29.27,-0.02,0.02,1.01,0
292440,101223,29.19,-0.02,0.01,0.99,0
292480,101224,29.34,0.01,-0.02,1.00,0
292520,101220,29.20,0.01,-0.00,1.00,0
292560,101218,29.23,0.02,0.00,1.02,0
292600,101229,29.21,0.00,-0.01,1.00,0
292640,101224,29.20,0.00,-0.02,1.00,0
292680,101228,29.28,-0.01,-0.00,1.01,0
292720,101225,29.23,0.01,0.00,1.00,0
292760,101225,29.25,0.03,0.00,1.01,0
292800,101227,29.25,-0.00,-0.00,0.97,0
293280,101226,29.24,-0.02,0.00,0.98,0
293320,101222,29.23,-0.00,-0.03,0.98,0
293360,101222,29.18,-0.03,0.01,0.98,0
293400,101226,29.24,-0.01,-0.02,1.01,0
293440,101220,29.24,-0.02,-0.01,1.01,0
293480,101222,29.17,0.01,-0.00,1.02,0
293520,101227,29.31,-0.02,0.01,1.00,0
293560,101223,29.18,0.01,-0.01,1.00,0
293600,101222,29.22,-0.03,-0.00,1.00,0
293640,101221,29.25,-0.01,-0.01,1.01,0
293680,101225,29.27,0.01,0.01,0.99,0
293720,101223,29.21,-0.00,0.00,1.01,0
293760,101225,29.28,0.00,0.00,0.98,0
293800,101224,29.24,-0.01,-0.01,0.99,0
293840,101230,29.26,0.02,-0.01,0.98,0
293880,101223,29.32,0.03,-0.00,1.01,0
293920,101218,29.29,0.01,-0.01,1.01,0
293960,101225,29.23,-0.01,0.01,1.00,0
294000,101225,29.23,-0.01,0.01,0.99,0
294040,101225,29.24,-0.00,0.00,1.00,0
294080,101220,29.25,-0.00,-0.01,1.01,0
294120,101228,29.22,-0.00,-0.01,0.99,0
294160,101224,29.21,-0.00,-0.01,1.00,0
294200,101224,29.14,0.01,0.01,0.99,0
294240,101220,29.18,0.01,-0.00,0.96,0
294280,101226,29.30,-0.02,0.01,1.03,0
294320,101224,29.26,-0.01,-0.01,0.98,0
294360,101229,29.25,-0.01,-0.01,1.01,0
294400,101223,29.24,-0.01,0.01,0.98,0
294440,101221,29.25,-0.01,-0.01,0.99,0
294480,101225,29.28,0.01,-0.02,1.01,0
294520,101222,29.26,-0.00,0.01,1.03,0
294560,101226,29.16,0.00,0.01,1.00,0
294600,101221,29.18,-0.00,-0.02,1.00,0
294640,101224,29.28,0.02,-0.01,1.00,0
294680,101224,29.25,-0.00,0.01,0.99,0
294720,101224,29.27,0.02,0.01,0.98,0
294760,101223,29.23,0.01,-0.00,0.99,0
294800,101222,29.22,-0.01,0.01,0.99,0
294840,101224,29.28,0.01,0.01,1.03,0
294880,101223,29.23,-0.02,-0.00,1.02,0
294920,101225,29.28,-0.00,0.02,1.00,0
294960,101224,29.25,0.03,-0.01,1.00,0
295000,101224,29.30,-0.00,0.00,1.00,0
295040,101224,29.22,-0.01,0.02,1.00,0
295080,101229,29.16,0.00,-0.01,0.99,0
295120,101225,29.33,0.01,0.00,1.00,0
295160,101226,29.19,-0.00,0.00,1.01,0
295200,101226,29.15,-0.01,-0.01,1.01,0
295240,101223,29.21,-0.00,-0.02,0.98,0
295280,101220,29.26,0.00,0.00,1.00,0
295320,101227,29.18,-0.01,-0.00,0.99,0
295360,101228,29.23,0.01,-0.01,1.00,0
295400,101226,29.26,0.01,0.01,0.98,0
295440,101226,29.30,0.00,0.01,1.01,0
295480,101226,29.22,-0.00,0.02,1.03,0
295520,101224,29.13,-0.03,0.02,0.99,0
295560,101225,29.23,0.01,0.01,0.98,0
295600,101224,29.29,0.00,-0.02,0.99,0
295640,101225,29.28,0.01,-0.01,1.00,0
295680,101221,29.25,-0.01,0.01,1.00,0
295720,101222,29.25,-0.02,-0.02,1.00,0
295760,101226,29.24,0.02,0.01,1.01,0
295800,101223,29.27,0.01,-0.00,1.00,0
295840,101217,29.34,0.02,0.02,0.99,0
295880,101225,29.20,-0.00,0.01,1.01,0
295920,101217,29.27,0.02,-0.01,1.01,0
295960,101230,29.25,-0.00,0.01,0.99,0
296000,101227,29.27,-0.01,-0.01,1.02,0
296040,101226,29.24,0.02,-0.01,0.99,0
296080,101222,29.24,0.00,-0.02,0.99,0
296120,101221,29.18,-0.02,0.00,1.00,0
296160,101224,29.33,0.02,0.00,1.00,0
296200,101224,29.32,0.00,0.01,0.99,0
296240,101222,29.15,0.00,-0.01,1.01,0
296280,101225,29.28,0.01,0.00,1.01,0
296320,101226,29.25,0.01,0.00,0.98,0
296360,101226,29.26,0.02,0.01,1.01,0
296400,101221,29.29,-0.01,0.03,1.01,0
296440,101218,29.36,-0.02,-0.02,1.00,0
296480,101224,29.33,0.02,0.01,1.01,0
296520,101222,29.28,-0.01,0.00,1.00,0
296560,101226,29.30,0.01,-0.01,0.99,0
296600,101229,29.36,-0.01,0.00,0.99,0
296640,101229,29.28,0.01,-0.01,1.00,0
296680,101225,29.28,-0.01,0.02,1.00,0
296720,101228,29.36,-0.02,-0.02,0.99,0
296760,101229,29.32,0.00,0.00,0.99,0
296800,101224,29.27,0.01,0.01,1.00,0
296840,101225,29.25,0.00,0.02,1.02,0
296880,101227,29.28,-0.01,0.00,1.00,0
296920,101224,29.24,-0.05,0.02,0.98,0
296960,101223,29.28,-0.00,0.00,0.98,0
297000,101222,29.24,-0.01,0.02,0.99,0
297040,101224,29.20,-0.02,0.01,1.01,0
297080,101222,29.16,-0.01,-0.00,0.98,0
297120,101227,29.29,0.00,0.02,0.99,0
297160,101223,29.29,0.03,0.01,1.00,0
297200,101229,29.34,0.02,-0.00,1.01,0
297240,101228,29.37,-0.00,-0.00,1.01,0
297280,101221,29.30,0.01,0.00,1.00,0
297320,101228,29.27,0.00,-0.02,1.01,0
297360,101223,29.38,-0.01,-0.01,1.02,0
297400,101229,29.32,0.01,-0.01,0.98,0
297440,101226,29.32,0.01,-0.00,1.01,0
297480,101224,29.32,0.00,-0.01,0.99,0
297520,101226,29.22,-0.02,-0.03,1.00,0
297560,101223,29.31,-0.01,-0.00,1.03,0
297600,101225,29.29,0.01,0.02,0.98,0
297640,101226,29.33,-0.02,0.01,0.99,0
297680,101224,29.33,-0.01,-0.01,1.01,0
297720,101226,29.26,-0.00,0.01,1.01,0
297760,101221,29.26,0.01,0.01,1.00,0
297800,101226,29.31,0.01,0.01,1.01,0
297840,101221,29.36,0.00,0.02,1.01,0
297880,101226,29.26,-0.00,0.01,1.02,0
297920,101226,29.38,-0.00,-0.00,0.98,0
297960,101226,29.23,-0.01,0.01,0.99,0
298000,101223,29.32,-0.01,-0.00,1.02,0
298040,101234,29.32,-0.00,0.02,0.99,0
298080,101224,29.30,-0.01,0.01,1.01,0
298120,101225,29.27,-0.00,0.02,1.00,0
298160,101222,29.25,-0.02,0.02,1.02,0
298200,101229,29.34,0.01,0.00,1.00,0
298240,101223,29.25,0.01,-0.00,1.01,0
298280,101227,29.29,0.00,0.01,1.00,0
298320,101221,29.42,0.02,-0.00,1.00,0
298360,101225,29.36,0.03,-0.02,1.00,0
298400,101223,29.20,0.01,-0.00,1.00,0
298440,101227,29.34,-0.01,-0.01,1.01,0
298480,101223,29.26,-0.01,-0.01,0.97,0
298520,101222,29.28,0.02,0.02,1.04,0
298560,101226,29.34,-0.00,-0.02,1.01,0
298600,101221,29.26,-0.00,-0.02,0.98,0
298640,101221,29.33,-0.01,-0.00,1.01,0
298680,101227,29.35,-0.01,0.02,1.00,0
298720,101219,29.27,0.01,-0.02,0.99,0
298760,101227,29.30,-0.00,-0.01,1.01,0
298800,101223,29.30,-0.01,-0.01,1.00,0
298840,101222,29.26,0.02,0.01,0.98,0
298880,101225,29.27,-0.01,0.01,1.01,0
298920,101226,29.29,0.00,0.01,1.00,0
298960,101223,29.36,0.00,0.01,1.03,0
299000,101224,29.23,-0.01,-0.02,0.99,0
299040,101227,29.29,0.01,-0.02,1.00,0
299080,101227,29.28,0.01,-0.01,1.01,0
299120,101224,29.37,0.01,0.01,0.98,0
299160,101222,29.25,-0.02,0.02,1.00,0
299200,101221,29.32,0.01,0.02,1.00,0
299240,101222,29.32,-0.01,0.02,1.00,0
299280,101226,29.23,-0.01,-0.03,0.99,0
299320,101226,29.29,-0.01,-0.00,0.99,0
299360,101225,29.25,0.01,-0.02,0.99,0
299400,101229,29.26,0.01,0.00,0.99,0
299440,101223,29.27,0.01,0.02,1.00,0
299480,101223,29.26,0.00,0.02,0.99,0
299520,101223,29.32,-0.01,-0.00,1.01,0
299560,101230,29.31,-0.01,-0.00,0.99,0
299600,101218,29.32,-0.01,-0.00,1.02,0
299640,101225,29.36,0.00,0.02,1.01,0
299680,101226,29.33,0.02,-0.01,1.01,0
299720,101224,29.21,-0.01,0.00,1.00,0
299760,101231,29.37,0.00,0.02,0.99,0
299800,101228,29.30,-0.01,-0.03,0.99,0
299840,101227,29.31,-0.01,-0.01,0.99,0
299880,101222,29.25,-0.01,-0.02,1.00,0
299920,101226,29.17,-0.02,-0.00,1.01,0
299960,101223,29.28,-0.02,-0.00,0.98,0
300000,101224,29.32,0.02,0.00,0.98,0
300040,101225,29.33,0.02,-0.01,1.01,0
300080,101223,29.28,0.00,0.01,0.99,0
300120,101226,29.23,0.03,0.02,1.02,0
300160,101229,29.33,0.00,0.01,1.00,0
300200,101227,29.30,0.01,0.01,1.00,0
300240,101225,29.28,0.02,-0.00,0.99,0
300280,101218,29.31,-0.01,-0.02,0.98,0
300320,101228,29.17,-0.02,0.01,1.00,0
300360,101228,29.15,-0.01,0.02,0.98,0
300400,101224,29.35,-0.01,-0.01,0.99,0
300440,101223,29.34,-0.01,-0.00,0.98,0
300480,101226,29.35,0.00,-0.02,0.99,0
300520,101222,29.28,-0.00,-0.00,1.00,0
300560,101227,29.30,0.01,-0.01,1.00,0
300600,101221,29.37,0.01,0.01,1.00,0
300640,101222,29.25,-0.02,-0.01,0.99,0
300680,101224,29.37,-0.01,0.01,1.00,0
300720,101220,29.40,-0.01,0.02,0.98,0
300760,101224,29.34,0.02,-0.01,1.00,0
300800,101226,29.36,-0.01,-0.01,0.98,0
300840,101220,29.30,-0.01,0.02,1.00,0
300880,101227,29.36,0.00,0.03,1.02,0
300920,101223,29.30,0.00,-0.03,1.00,0
300960,101226,29.26,0.01,0.01,0.99,0
301000,101225,29.36,-0.01,-0.01,0.97,0
301040,101223,29.28,-0.01,0.01,1.01,0
301080,101223,29.29,0.01,0.01,0.97,0
301120,101219,29.29,-0.00,0.02,1.01,0
301160,101222,29.32,-0.01,0.01,1.02,0
301200,101222,29.30,-0.01,0.01,0.98,0
301240,101229,29.29,0.01,-0.01,1.00,0
301280,101227,29.24,0.02,-0.00,1.01,0
301320,101220,29.28,0.02,0.02,1.00,0
301360,101227,29.34,-0.02,0.00,1.02,0
301400,101225,29.29,-0.00,-0.00,1.01,0
301440,101223,29.32,-0.02,0.01,0.99,0
301480,101226,29.31,-0.01,-0.01,1.00,0
301520,101227,29.25,-0.02,-0.00,1.02,0
301560,101223,29.29,-0.00,-0.00,1.00,0
301600,101223,29.29,0.02,0.00,1.00,0
301640,101225,29.33,0.01,0.01,1.00,0
301680,101221,29.32,0.00,-0.01,0.99,0
301720,101225,29.31,0.00,-0.00,0.96,0
301760,101224,29.26,0.00,-0.01,1.00,0
301800,101222,29.29,0.01,0.01,1.01,0
301840,101222,29.26,0.01,-0.01,1.03,0
301880,101225,29.30,-0.00,-0.02,1.00,0
301920,101227,29.27,-0.01,0.01,1.03,0
301960,101225,29.29,-0.02,-0.03,0.99,0
302000,101222,29.34,-0.02,-0.01,1.02,0
302040,101226,29.37,0.01,-0.01,0.99,0
302080,101225,29.26,-0.00,-0.00,1.01,0
302120,101226,29.35,0.01,0.01,1.01,0
302160,101228,29.30,-0.00,-0.01,1.03,0
302200,101222,29.31,-0.01,-0.01,0.99,0
302240,101224,29.32,-0.00,0.00,1.02,0
302280,101222,29.29,0.00,0.02,0.98,0
302320,101222,29.27,0.01,-0.01,1.01,0
302360,101230,29.28,0.01,0.02,0.99,0
302400,101227,29.28,0.00,-0.01,0.98,0
302440,101219,29.28,-0.00,0.02,1.01,0
302480,101225,29.38,0.01,-0.00,0.98,0
302520,101223,29.36,-0.01,0.02,1.00,0
302560,101228,29.29,0.01,0.00,1.01,0
302600,101224,29.30,0.00,-0.02,1.01,0
302640,101224,29.25,0.00,0.00,1.02,0
302680,101225,29.35,-0.01,-0.00,1.01,0
302720,101225,29.37,-0.01,0.01,1.02,0
302760,101224,29.29,0.01,0.01,1.00,0
302800,101224,29.34,0.02,0.01,1.00,0
302840,101224,29.32,-0.00,-0.01,0.98,0
302880,101226,29.25,-0.00,-0.01,0.98,0
302920,101221,29.38,-0.00,0.01,1.02,0
302960,101224,29.40,-0.00,-0.03,1.01,0
303000,101224,29.33,-0.02,-0.03,1.02,0
303040,101223,29.38,0.02,0.02,1.02,0
303080,101226,29.36,0.01,0.01,1.01,0
303120,101220,29.34,0.01,-0.01,0.99,0
303160,101223,29.43,0.03,0.02,0.99,0
303200,101222,29.31,0.01,0.01,1.00,0
303240,101226,29.42,0.00,0.00,1.00,0
303280,101223,29.30,0.01,-0.02,1.00,0
303320,101224,29.37,0.02,0.01,0.98,0
303360,101225,29.38,0.01,0.00,0.99,0
303400,101219,29.27,-0.00,0.00,1.04,0
303440,101225,29.36,0.00,-0.02,0.98,0
303480,101222,29.31,-0.00,-0.00,1.02,0
303520,101223,29.41,0.02,-0.01,0.99,0
304160,101216,29.31,0.00,0.03,1.01,0
304200,101222,29.40,0.01,-0.00,0.98,0
304240,101227,29.29,-0.02,0.01,1.00,0
304280,101225,29.35,0.01,0.03,1.00,0
304320,101217,29.36,0.01,0.01,1.00,0
304360,101224,29.41,-0.01,0.00,0.97,0
304400,101219,29.35,-0.00,-0.00,0.99,0
304440,101230,29.37,0.01,0.03,0.99,0
304480,101225,29.38,0.01,0.02,0.99,0
304520,101220,29.31,0.00,-0.01,1.00,0
304560,101226,29.31,0.00,0.01,1.00,0
304600,101222,29.37,0.01,0.01,1.01,0
304640,101226,29.27,-0.01,0.02,0.99,0
304680,101224,29.34,0.01,-0.01,0.97,0
304720,101220,29.30,0.01,0.01,1.01,0
304760,101226,29.46,0.02,-0.02,0.97,0
304800,101220,29.34,-0.02,0.01,0.97,0
304840,101228,29.35,-0.01,0.01,1.03,0
304880,101224,29.35,-0.03,-0.01,0.99,0
304920,101221,29.35,0.02,-0.01,0.99,0
304960,101219,29.27,-0.02,-0.02,1.00,0
305000,101229,29.38,0.00,-0.01,1.01,0
305040,101228,29.31,0.01,-0.02,0.97,0
305080,101220,29.35,-0.01,0.02,0.99,0
305120,101229,29.37,0.00,0.02,1.02,0
305160,101224,29.28,-0.02,-0.01,1.01,0
305200,101223,29.39,-0.01,0.02,1.00,0
305240,101224,29.42,-0.00,-0.02,0.99,0
305280,101223,29.40,0.01,0.00,1.03,0
305320,101228,29.37,0.01,0.01,1.00,0
305360,101224,29.30,0.00,0.00,1.00,0
305400,101218,29.37,-0.00,0.01,1.02,0
305440,101230,29.33,0.02,0.00,0.98,0
305480,101227,29.30,-0.00,0.01,0.99,0
305520,101221,29.42,0.03,-0.01,1.00,0
305560,101223,29.32,0.02,-0.02,1.02,0
305600,101221,29.34,0.00,0.01,0.99,0
305640,101224,29.32,0.02,0.01,1.01,0
305680,101225,29.44,-0.01,0.01,1.00,0
305720,101225,29.28,-0.01,0.00,0.99,0
305760,101222,29.31,0.01,0.00,0.99,0
305800,101222,29.28,0.01,0.02,1.00,0
305840,101226,29.39,-0.00,0.02,1.02,0
305880,101224,29.38,0.01,0.00,1.03,0
305920,101231,29.42,0.00,0.02,1.01,0
305960,101222,29.36,0.01,-0.00,1.01,0
306000,101226,29.36,0.00,0.03,0.97,0
306040,101224,29.35,0.02,-0.01,0.98,0
306080,101222,29.43,0.02,-0.00,1.01,0
306120,101228,29.35,-0.01,0.01,1.01,0
306160,101224,29.37,-0.01,0.00,0.99,0
306200,101221,29.34,0.00,0.00,0.98,0
306240,101223,29.40,-0.00,-0.00,0.99,0
306280,101227,29.33,-0.02,-0.00,0.99,0
306320,101220,29.34,0.02,-0.01,1.01,0
306360,101228,29.32,0.00,-0.02,1.00,0
306400,101226,29.39,-0.04,-0.01,1.01,0
306440,101223,29.37,-0.01,-0.00,1.01,0
306480,101228,29.38,-0.02,0.01,0.99,0
306520,101229,29.37,0.00,-0.00,1.02,0
306560,101226,29.40,0.01,0.02,0.99,0
306600,101224,29.36,0.01,0.00,0.99,0
306640,101229,29.39,0.01,-0.01,1.01,0
306680,101228,29.33,0.00,0.00,1.02,0
306720,101221,29.38,0.01,-0.00,1.01,0
307280,101226,29.43,0.01,-0.00,1.01,0
307320,101224,29.31,-0.02,-0.01,1.02,0
307360,101228,29.33,-0.00,-0.01,1.00,0
307400,101222,29.34,0.01,-0.01,1.00,0
307440,101224,29.41,-0.01,-0.01,0.98,0
307480,101220,29.28,0.01,0.00,1.01,0
307520,101223,29.34,0.00,0.01,1.00,0
307560,101222,29.44,-0.00,-0.02,0.98,0
307600,101228,29.32,-0.00,-0.01,0.98,0
307640,101226,29.34,-0.02,-0.00,1.00,0
307680,101225,29.40,0.02,-0.00,1.03,0
307720,101229,29.34,-0.01,-0.01,0.99,0
307760,101228,29.43,-0.02,0.00,1.00,0
307800,101226,29.38,-0.00,0.01,1.02,0
307840,101222,29.36,0.00,0.01,0.97,0
307880,101219,29.42,-0.01,-0.00,1.01,0
307920,101224,29.41,0.00,-0.00,0.99,0
307960,101223,29.38,0.01,0.01,1.00,0
308000,101222,29.38,0.01,-0.01,1.00,0
308040,101223,29.39,-0.00,0.01,1.00,0
308080,101219,29.36,0.03,-0.01,1.01,0
308120,101228,29.39,-0.01,0.00,0.98,0
308160,101220,29.32,0.00,-0.03,0.97,0
308200,101222,29.34,-0.01,0.00,0.97,0
308240,101225,29.39,-0.01,-0.00,0.98,0
308280,101219,29.32,0.03,0.00,1.00,0
308320,101227,29.46,0.01,-0.04,1.00,0
308360,101227,29.41,-0.01,-0.01,1.01,0
308400,101223,29.36,-0.00,-0.01,1.00,0
308440,101220,29.36,-0.00,0.01,0.99,0
308480,101222,29.26,-0.02,0.01,0.99,0
308520,101218,29.35,0.01,0.03,0.97,0
308560,101228,29.45,0.00,-0.00,0.97,0
308600,101224,29.31,0.01,-0.02,1.03,0
308640,101221,29.39,-0.00,-0.03,1.00,0
308680,101221,29.43,0.00,0.00,1.00,0
308720,101225,29.40,0.01,0.02,0.99,0
308760,101228,29.37,0.01,-0.01,0.97,0
308800,101220,29.38,-0.01,0.01,1.02,0
308840,101222,29.44,0.02,0.01,1.00,0
308880,101218,29.32,0.01,0.03,1.01,0
308920,101226,29.46,0.01,0.01,0.98,0
308960,101224,29.39,0.01,-0.00,1.00,0
309000,101231,29.33,-0.02,-0.01,0.98,0
309040,101223,29.43,0.02,-0.02,1.01,0
309080,101222,29.40,-0.01,0.00,1.03,0
309120,101222,29.38,0.01,-0.01,1.00,0
309160,101226,29.26,-0.00,0.01,0.97,0
309200,101219,29.37,-0.03,0.01,0.99,0
309240,101226,29.40,-0.02,0.00,1.00,0
309280,101224,29.32,0.01,0.02,0.99,0
309320,101222,29.34,0.01,0.03,0.99,0
309360,101221,29.33,-0.00,-0.01,1.00,0
309400,101227,29.32,-0.02,0.02,1.01,0
309440,101229,29.35,-0.01,0.02,0.99,0
309480,101222,29.43,0.00,0.01,1.01,0
309520,101225,29.34,-0.01,-0.00,1.00,0
309560,101229,29.43,-0.01,-0.02,0.99,0
309600,101222,29.48,-0.02,-0.00,1.01,0
309640,101223,29.47,0.00,0.02,0.99,0
309680,101220,29.41,-0.00,-0.02,1.00,0
309720,101223,29.28,0.02,0.03,1.02,0
309760,101223,29.35,-0.00,0.01,1.02,0
309800,101222,29.37,-0.01,0.00,1.02,0
309840,101221,29.36,0.02,0.00,0.99,0
309880,101219,29.38,-0.01,0.00,1.00,0
309920,101220,29.35,0.00,-0.01,1.00,0
309960,101221,29.44,0.01,0.00,1.00,0
310000,101226,29.39,-0.04,-0.01,0.99,0
310040,101222,29.43,0.01,-0.01,0.99,0
310080,101221,29.32,0.00,0.01,0.99,0
310120,101226,29.45,0.01,-0.00,0.99,0
310160,101225,29.37,0.00,-0.03,0.97,0
310200,101221,29.38,0.00,0.01,0.96,0
310240,101222,29.46,-0.02,0.00,1.00,0
310280,101226,29.32,0.00,-0.00,1.00,0
310320,101225,29.40,-0.02,-0.01,0.97,0
310360,101221,29.42,0.01,-0.01,0.98,0
310400,101224,29.39,-0.01,0.00,1.01,0
310440,101223,29.33,0.00,-0.01,1.01,0
310480,101227,29.30,0.01,-0.00,1.00,0
310520,101221,29.37,-0.03,0.00,1.01,0
310560,101226,29.44,-0.00,-0.02,0.98,0
310600,101225,29.43,-0.00,0.00,0.99,0
310640,101220,29.36,0.00,-0.02,1.01,0
310680,101227,29.41,0.01,0.01,1.02,0
310720,101226,29.39,0.01,0.01,1.01,0
310760,101220,29.40,-0.02,0.01,1.03,0
310800,101230,29.42,0.01,-0.00,0.98,0
310840,101220,29.50,0.00,-0.01,1.01,0
310880,101221,29.35,0.01,0.01,1.00,0
310920,101223,29.43,-0.02,0.01,1.00,0
310960,101226,29.36,0.00,-0.00,1.00,0
311000,101225,29.44,0.00,-0.00,1.00,0
311040,101223,29.40,0.01,-0.02,1.01,0
311080,101228,29.42,-0.02,-0.01,1.00,0
311120,101225,29.47,0.00,-0.01,1.01,0
311160,101228,29.43,0.01,0.03,1.00,0
311200,101232,29.34,0.01,-0.01,1.03,0
311240,101224,29.43,-0.00,0.00,1.00,0
311280,101216,29.46,0.01,0.00,0.98,0
311320,101222,29.41,0.01,0.00,1.00,0
311360,101220,29.35,0.02,0.00,1.00,0
311400,101224,29.41,-0.01,-0.01,1.04,0
311440,101224,29.36,-0.01,-0.02,1.00,0
311480,101220,29.42,-0.00,0.02,1.01,0
311520,101220,29.38,-0.01,0.02,0.99,0
311560,101223,29.40,0.02,0.01,1.00,0
311600,101223,29.42,0.00,0.00,0.99,0
311640,101215,29.45,0.00,0.00,1.00,0
311680,101226,29.36,0.01,0.00,0.99,0
311720,101224,29.42,-0.02,-0.00,1.02,0
311760,101223,29.43,-0.00,-0.00,1.00,0
311800,101224,29.40,-0.00,-0.02,0.99,0
311840,101220,29.41,0.00,0.01,1.01,0
311880,101223,29.42,-0.01,0.01,0.98,0
311920,101227,29.38,0.00,-0.01,1.02,0
311960,101227,29.47,-0.01,-0.01,1.00,0
312000,101225,29.41,0.03,0.01,1.03,0
312040,101223,29.34,-0.01,-0.01,0.98,0
312080,101221,29.35,0.02,0.01,1.01,0
312120,101228,29.45,0.00,-0.01,1.01,0
312160,101225,29.50,-0.02,0.02,1.01,0
312200,101222,29.37,-0.01,0.00,1.00,0
312240,101217,29.44,-0.00,-0.01,1.00,0
312280,101221,29.39,0.01,0.01,1.01,0
312320,101217,29.47,0.00,-0.00,1.03,0
312360,101227,29.33,0.01,0.02,1.02,0
312400,101224,29.38,0.01,0.00,1.01,0
312440,101221,29.39,-0.00,0.01,0.99,0
312480,101223,29.36,-0.01,-0.02,1.01,0
312520,101231,29.49,0.02,-0.02,0.99,0
312560,101227,29.45,0.01,-0.00,1.02,0
312600,101219,29.46,-0.00,-0.02,1.00,0
312640,101223,29.45,0.01,0.01,1.01,0
312680,101220,29.31,-0.01,0.02,1.02,0
312720,101218,29.47,0.01,-0.00,1.02,0
312760,101224,29.38,0.01,0.00,0.98,0
312800,101231,29.33,-0.01,0.01,1.00,0
312840,101228,29.41,-0.00,0.00,1.03,0
312880,101224,29.40,-0.01,-0.00,0.99,0
312920,101222,29.46,0.00,0.00,1.01,0
312960,101224,29.36,-0.01,-0.00,0.98,0
313000,101227,29.43,-0.01,-0.01,0.99,0
313040,101219,29.47,0.01,0.01,1.01,0
313080,101218,29.45,-0.00,-0.00,1.00,0
313120,101229,29.47,-0.02,0.01,1.02,0
313160,101224,29.42,0.02,0.01,1.00,0
313200,101228,29.43,0.01,-0.01,1.02,0
313240,101224,29.33,-0.01,0.00,0.99,0
313280,101228,29.34,0.01,-0.03,1.01,0
313320,101221,29.41,0.00,0.01,0.98,0
313360,101225,29.39,-0.03,-0.03,1.00,0
313400,101228,29.53,0.00,-0.01,1.01,0
313440,101227,29.45,0.01,0.02,1.01,0
313480,101222,29.44,-0.02,-0.01,0.99,0
313520,101226,29.40,0.01,0.00,0.99,0
313560,101221,29.46,0.00,-0.01,1.01,0
313600,101219,29.41,0.01,0.02,0.98,0
313640,101225,29.44,-0.00,0.01,1.02,0
313680,101228,29.53,0.00,-0.01,1.03,0
313720,101226,29.48,0.01,0.02,0.99,0
313760,101219,29.47,0.01,0.00,0.99,0
313800,101226,29.46,0.03,-0.02,1.02,0
313840,101225,29.45,0.01,-0.00,1.04,0
313880,101222,29.44,-0.00,-0.01,1.02,0
313920,101215,29.49,-0.02,-0.02,0.99,0
313960,101227,29.30,-0.01,-0.01,1.01,0
314000,101226,29.49,-0.00,0.01,0.96,0
314040,101225,29.40,-0.01,0.01,1.00,0
314080,101218,29.50,-0.00,-0.00,0.98,0
314120,101219,29.50,-0.01,0.02,1.00,0
314160,101226,29.53,0.01,-0.02,1.00,0
314200,101226,29.40,-0.01,0.00,1.00,0
314240,101225,29.40,-0.01,0.01,1.00,0
314280,101222,29.42,0.03,0.00,0.99,0
314320,101225,29.45,0.01,0.01,1.00,0
314360,101222,29.37,0.00,0.02,1.00,0
314400,101222,29.44,-0.01,-0.01,1.00,0
314440,101221,29.38,0.01,-0.01,0.98,0
314480,101224,29.37,-0.00,-0.03,1.03,0
314520,101222,29.48,0.00,-0.01,0.99,0
314560,101226,29.41,0.02,0.01,1.01,0
314600,101226,29.49,-0.01,-0.02,1.00,0
314640,101221,29.37,0.01,-0.00,1.00,0
314680,101229,29.42,-0.01,0.01,0.99,0
314720,101220,29.45,-0.02,-0.01,0.99,0
314760,101225,29.49,0.02,0.00,1.02,0
314800,101227,29.45,0.02,-0.02,1.00,0
314840,101227,29.46,0.02,-0.01,0.99,0
314880,101216,29.43,-0.01,-0.02,0.98,0
314920,101226,29.40,0.01,0.01,1.00,0
314960,101227,29.46,-0.01,0.02,0.98,0
315000,101228,29.40,-0.00,-0.02,1.00,0
315040,101216,29.52,0.00,0.01,0.99,0
315080,101221,29.43,-0.01,-0.01,0.97,0
315120,101223,29.50,0.01,0.00,1.01,0
315160,101222,29.45,0.01,0.01,1.02,0
315200,101227,29.43,-0.00,0.01,1.00,0
315240,101221,29.48,0.01,0.01,0.99,0
315280,101227,29.43,-0.00,-0.00,1.02,0
315320,101225,29.45,0.01,0.01,1.01,0
315360,101219,29.56,-0.00,-0.01,0.99,0
315400,101220,29.44,0.01,-0.01,1.00,0
315440,101222,29.43,-0.01,-0.02,0.98,0
315480,101223,29.42,0.01,-0.01,1.03,0
315520,101226,29.43,-0.00,-0.01,1.00,0
315920,101229,29.42,-0.01,0.02,0.97,0
315960,101223,29.47,-0.02,0.01,0.99,0
316000,101221,29.36,-0.01,0.01,1.02,0
316040,101220,29.54,0.03,0.00,1.01,0
316080,101229,29.46,0.00,-0.01,1.00,0
316120,101223,29.46,-0.01,-0.01,0.99,0
316160,101225,29.46,0.00,0.00,1.00,0
316200,101227,29.48,-0.02,-0.01,1.00,0
316240,101227,29.54,-0.02,-0.00,0.97,0
316280,101220,29.51,-0.00,0.00,1.00,0
316320,101226,29.45,0.01,0.01,1.02,0
316360,101226,29.38,-0.01,0.00,1.00,0
316400,101225,29.48,-0.01,-0.00,0.99,0
316440,101226,29.47,-0.01,0.02,1.00,0
316480,101221,29.44,0.00,0.02,0.99,0
316520,101223,29.39,0.00,0.00,1.00,0
316560,101221,29.48,0.01,0.00,1.04,0
316600,101226,29.43,-0.00,-0.02,1.02,0
316640,101221,29.50,0.01,-0.01,1.03,0
316680,101224,29.57,0.00,-0.02,1.01,0
316720,101220,29.40,-0.00,0.02,0.99,0
316760,101223,29.49,0.01,0.01,1.01,0
316800,101222,29.46,-0.00,-0.00,0.97,0
316840,101223,29.50,-0.01,-0.01,0.98,0
316880,101223,29.45,-0.01,0.01,0.99,0
316920,101222,29.48,-0.00,0.00,0.98,0
316960,101222,29.46,-0.02,0.00,0.97,0
317000,101216,29.45,0.00,0.01,1.00,0
317040,101227,29.49,0.01,-0.01,0.99,0
317080,101221,29.33,0.01,0.02,0.98,0
317120,101222,29.45,-0.00,-0.01,0.99,0
317160,101220,29.50,-0.00,0.00,0.99,0
317200,101226,29.42,0.01,-0.01,1.00,0
317240,101220,29.47,-0.00,0.03,0.99,0
317280,101225,29.46,-0.01,0.00,0.97,0
317320,101227,29.40,-0.02,0.01,0.99,0
317360,101228,29.51,-0.04,0.00,0.98,0
317400,101227,29.44,0.01,0.00,1.01,0
317440,101225,29.42,-0.01,0.00,0.99,0
317480,101219,29.45,0.01,0.00,0.99,0
317520,101227,29.45,-0.01,-0.01,1.01,0
317560,101227,29.46,0.01,0.02,1.00,0
317600,101226,29.53,0.00,-0.00,1.01,0
317640,101226,29.46,-0.00,0.01,0.99,0
317680,101223,29.47,0.01,-0.01,1.00,0
317720,101221,29.44,-0.02,-0.00,0.98,0
317760,101226,29.38,-0.00,-0.01,1.00,0
317800,101227,29.45,0.01,0.02,1.01,0
317840,101220,29.47,0.01,-0.02,1.01,0
317880,101226,29.48,0.00,-0.01,1.01,0
317920,101224,29.52,-0.01,0.00,0.98,0
317960,101226,29.37,-0.00,0.00,1.00,0
318000,101224,29.45,0.00,0.01,0.98,0
318040,101227,29.39,-0.00,0.01,1.02,0
318080,101226,29.42,-0.01,0.02,1.01,0
318120,101226,29.47,-0.00,0.00,0.99,0
318160,101219,29.60,-0.01,-0.01,1.00,0
318200,101226,29.51,-0.00,-0.02,1.01,0
318240,101223,29.45,0.01,-0.01,1.00,0
318280,101219,29.53,0.01,0.01,1.00,0
318320,101225,29.49,0.00,-0.01,1.02,0
318360,101219,29.48,-0.02,-0.01,1.02,0
318400,101226,29.48,-0.01,0.01,0.99,0
318440,101228,29.45,0.01,0.01,1.03,0
318480,101221,29.54,0.00,-0.01,1.01,0
318520,101226,29.47,0.02,0.01,0.99,0
318560,101224,29.42,0.01,0.02,1.00,0
318600,101225,29.41,-0.00,0.00,0.99,0
318640,101219,29.40,-0.01,0.01,0.98,0
318680,101225,29.50,-0.01,-0.02,0.98,0
318720,101223,29.50,0.02,-0.01,0.97,0
318760,101225,29.57,0.01,0.02,0.98,0
318800,101223,29.51,-0.01,0.02,1.00,0
318840,101226,29.43,-0.01,0.01,0.99,0
318880,101224,29.42,-0.00,-0.00,0.99,0
318920,101225,29.55,0.01,0.01,0.97,0
318960,101227,29.38,-0.02,-0.00,1.00,0
319000,101224,29.52,-0.00,0.03,1.00,0
319040,101226,29.55,-0.01,-0.02,1.00,0
319080,101224,29.49,0.00,0.01,1.01,0
319120,101225,29.48,-0.00,0.01,0.99,0
319160,101221,29.47,-0.00,-0.02,1.00,0
319200,101225,29.43,-0.00,-0.00,1.00,0
319240,101227,29.54,0.01,0.00,1.02,0
319280,101223,29.40,0.01,0.02,0.99,0
319320,101225,29.51,-0.01,-0.00,1.00,0
319360,101224,29.48,-0.00,-0.02,0.99,0
319400,101219,29.51,-0.00,0.00,0.97,0
319440,101224,29.44,0.02,0.02,1.00,0
319480,101227,29.41,-0.00,0.01,1.00,0
319520,101221,29.52,-0.02,0.00,1.01,0
319560,101217,29.45,-0.01,0.02,1.00,0
319600,101224,29.46,-0.00,0.00,0.98,0
319640,101221,29.45,0.02,-0.00,1.01,0
319680,101229,29.49,-0.00,0.01,1.01,0
319720,101223,29.52,-0.01,0.00,1.01,0
319760,101223,29.46,0.03,-0.02,0.98,0
319800,101221,29.43,0.01,-0.01,1.01,0
319840,101224,29.46,-0.01,-0.01,1.00,0
319880,101221,29.55,-0.00,0.00,0.99,0
319920,101220,29.46,0.01,0.01,0.99,0
319960,101223,29.45,0.02,-0.02,1.01,0
320000,101220,29.44,0.01,0.02,0.99,0
320040,101227,29.51,-0.01,0.01,1.01,0
320080,101219,29.49,0.01,0.00,1.01,0
320120,101223,29.48,-0.03,-0.02,1.00,0
320160,101221,29.50,0.00,0.02,1.00,0
320200,101219,29.45,-0.00,0.01,1.01,0
320240,101228,29.59,0.01,0.02,0.99,0
320640,101221,29.47,-0.01,0.00,0.98,0
320680,101223,29.44,0.01,0.01,1.03,0
320720,101220,29.48,-0.00,-0.01,1.02,0
320760,101223,29.46,-0.00,0.00,0.97,0
320800,101228,29.48,0.00,0.01,0.99,0
320840,101222,29.51,-0.03,-0.00,1.00,0
320880,101223,29.53,0.02,0.01,1.00,0
320920,101227,29.52,0.02,0.00,1.01,0
320960,101229,29.55,-0.01,-0.00,1.00,0
321000,101221,29.43,-0.00,0.02,1.00,0
321040,101224,29.48,-0.00,0.01,1.00,0
321080,101221,29.44,0.01,-0.02,0.99,0
321120,101221,29.55,0.00,0.01,1.00,0
321160,101222,29.42,0.00,-0.02,1.04,0
321200,101221,29.42,0.01,-0.00,0.98,0
321240,101217,29.53,-0.00,-0.01,0.96,0
321280,101217,29.48,0.02,0.02,0.98,0
321320,101221,29.55,0.00,0.01,1.02,0
321360,101223,29.43,-0.01,0.02,1.00,0
321400,101227,29.48,-0.02,-0.00,1.01,0
321440,101221,29.58,0.01,0.00,1.00,0
321480,101222,29.54,0.00,-0.00,0.97,0
321520,101225,29.46,-0.00,-0.00,1.00,0
321560,101225,29.55,-0.03,0.01,1.00,0
321600,101222,29.41,0.00,-0.00,0.97,0
321640,101223,29.50,0.01,-0.00,1.01,0
321680,101229,29.46,0.00,0.00,1.01,0
321720,101222,29.44,0.03,-0.02,1.02,0
321760,101221,29.50,0.00,0.01,0.99,0
322280,101222,29.52,0.00,0.02,0.98,0
322320,101222,29.44,-0.01,0.00,0.99,0
322360,101222,29.51,-0.00,-0.00,1.00,0
322400,101215,29.43,0.01,0.01,0.97,0
322440,101224,29.48,0.01,0.00,0.98,0
322480,101223,29.50,-0.01,0.02,1.01,0
322520,101220,29.58,-0.01,0.01,0.99,0
322560,101223,29.54,-0.00,-0.01,0.99,0
322600,101230,29.50,0.01,-0.02,1.04,0
322640,101224,29.53,0.00,0.01,1.00,0
322680,101222,29.50,0.02,-0.02,1.01,0
322720,101228,29.56,0.02,-0.02,1.01,0
322760,101220,29.42,-0.01,0.00,1.00,0
322800,101222,29.49,0.01,0.01,1.01,0
322840,101221,29.47,-0.00,0.01,1.01,0
322880,101222,29.52,-0.01,-0.00,1.00,0
322920,101225,29.44,-0.00,-0.00,1.01,0
322960,101225,29.56,-0.01,0.02,1.03,0
323000,101220,29.49,-0.00,-0.01,0.99,0
323040,101222,29.43,-0.03,0.00,1.03,0
323080,101223,29.45,0.01,-0.01,1.00,0
323120,101221,29.50,0.01,0.01,1.01,0
323160,101223,29.55,0.02,-0.01,0.99,0
323200,101220,29.57,-0.01,0.01,1.00,0
323240,101220,29.57,0.00,0.00,1.00,0
323280,101223,29.43,0.01,0.00,1.02,0
323320,101219,29.54,-0.01,0.00,1.01,0
323360,101224,29.52,0.01,0.00,1.00,0
323400,101222,29.44,0.01,0.02,0.99,0
323440,101220,29.47,-0.00,0.02,1.03,0
323480,101221,29.52,-0.01,-0.01,0.98,0
323520,101221,29.47,0.01,0.00,0.99,0
323560,101222,29.54,0.01,0.02,0.99,0
323600,101223,29.60,0.02,-0.01,1.01,0
323640,101222,29.49,0.02,0.01,1.00,0
323680,101220,29.58,0.01,-0.01,1.00,0
323720,101227,29.57,0.01,-0.00,1.00,0
323760,101225,29.56,0.02,-0.00,1.01,0
323800,101223,29.56,0.02,0.02,0.99,0
323840,101226,29.52,0.01,0.01,1.02,0
323880,101224,29.56,-0.01,-0.01,1.00,0
323920,101222,29.55,-0.02,-0.00,1.01,0
323960,101223,29.52,0.01,-0.01,1.01,0
324000,101231,29.51,0.03,-0.02,1.02,0
324040,101226,29.44,0.01,0.00,0.98,0
324080,101226,29.48,0.00,0.01,1.01,0
324120,101221,29.46,-0.00,0.02,1.00,0
324160,101224,29.41,-0.01,-0.02,0.98,0
324200,101230,29.58,-0.01,-0.01,1.00,0
324240,101224,29.50,-0.01,-0.02,0.99,0
324280,101226,29.55,0.01,-0.01,0.98,0
324320,101226,29.47,0.01,-0.01,1.00,0
324360,101225,29.56,-0.01,-0.01,0.99,0
324400,101227,29.59,-0.00,-0.00,0.98,0
324440,101223,29.56,0.00,0.00,1.00,0
324480,101224,29.43,0.01,0.01,0.99,0
324520,101221,29.52,0.01,-0.01,1.00,0
324560,101231,29.59,-0.01,0.02,1.02,0
324600,101224,29.45,-0.02,0.01,1.00,0
324640,101223,29.48,0.02,0.01,1.02,0
324680,101227,29.44,-0.00,0.03,0.98,0
324720,101221,29.54,0.01,0.01,0.99,0
324760,101223,29.44,-0.00,0.01,1.01,0
324800,101220,29.50,0.01,0.01,0.99,0
324840,101223,29.49,-0.00,0.00,1.03,0
324880,101221,29.54,-0.00,0.02,0.99,0
324920,101224,29.48,0.00,-0.01,0.97,0
324960,101222,29.54,-0.01,-0.01,1.00,0
325000,101221,29.59,0.00,-0.00,0.98,0
325040,101222,29.50,0.00,0.01,1.02,0
325080,101222,29.57,-0.00,-0.01,0.99,0
325120,101221,29.54,-0.01,-0.00,1.01,0
325160,101225,29.54,0.00,-0.01,1.01,0
325200,101225,29.55,0.01,-0.00,1.00,0
325240,101223,29.47,-0.02,0.00,1.00,0
325280,101219,29.51,-0.01,0.02,0.98,0
325320,101224,29.55,-0.00,0.00,1.00,0
325360,101219,29.49,0.01,0.00,1.00,0
325400,101223,29.53,-0.01,0.03,1.00,0
325440,101223,29.50,0.03,-0.01,1.01,0
325480,101221,29.64,0.01,0.01,1.01,0
325520,101220,29.45,0.01,0.01,1.00,0
325560,101220,29.49,0.01,0.02,1.00,0
325600,101229,29.49,0.00,-0.01,0.98,0
325640,101222,29.56,-0.01,-0.02,1.01,0
325680,101222,29.53,0.00,0.01,0.99,0
325720,101225,29.54,0.01,0.01,0.99,0
325760,101224,29.49,0.01,0.02,1.00,0
325800,101226,29.54,-0.02,0.02,1.01,0
325840,101219,29.50,0.01,-0.00,1.00,0
325880,101219,29.53,0.01,0.02,1.00,0
325920,101233,29.49,0.00,-0.01,0.99,0
325960,101222,29.48,-0.01,-0.03,1.00,0
326000,101222,29.50,0.01,-0.01,1.00,0
326040,101223,29.47,-0.00,-0.00,1.01,0
326080,101226,29.54,0.01,-0.01,1.00,0
326120,101219,29.49,-0.01,-0.01,0.99,0
326160,101223,29.52,-0.02,0.00,0.99,0
326200,101222,29.52,0.02,0.04,0.97,0
326240,101225,29.50,-0.00,-0.01,1.00,0
326280,101223,29.53,0.00,0.01,1.01,0
326320,101221,29.55,0.00,-0.01,1.00,0
326360,101220,29.57,-0.00,0.00,1.00,0
326400,101215,29.55,-0.02,0.00,1.00,0
326440,101225,29.46,0.00,0.00,0.97,0
326480,101218,29.63,0.00,0.01,1.00,0
326520,101221,29.54,-0.01,-0.00,1.00,0
326560,101228,29.56,0.02,-0.02,1.00,0
326600,101221,29.59,-0.00,-0.02,1.02,0
326640,101224,29.62,0.01,0.00,1.00,0
326680,101222,29.52,0.01,0.01,0.98,0
326720,101225,29.60,-0.00,0.00,1.00,0
326760,101222,29.56,0.00,0.02,0.99,0
326800,101221,29.56,0.01,0.02,0.98,0
326840,101227,29.61,0.01,0.01,0.99,0
326880,101222,29.45,0.00,0.01,0.98,0
326920,101218,29.53,-0.00,-0.00,1.02,0
326960,101221,29.45,-0.00,-0.01,1.01,0
327000,101224,29.61,0.02,-0.00,1.04,0
327040,101219,29.55,0.03,-0.01,0.99,0
327080,101225,29.53,-0.00,-0.02,1.00,0
327120,101225,29.43,-0.01,0.00,0.98,0
327160,101229,29.54,-0.01,-0.01,1.01,0
327200,101220,29.49,0.01,-0.02,1.01,0
327240,101224,29.52,0.00,-0.01,0.99,0
327280,101217,29.52,-0.00,-0.00,1.03,0
327320,101221,29.55,-0.02,0.01,1.01,0
327360,101223,29.46,0.02,0.00,1.00,0
327400,101224,29.52,-0.00,-0.00,1.01,0
327440,101222,29.61,0.01,0.01,1.00,0
327480,101222,29.49,-0.01,0.01,1.01,0
327520,101220,29.51,0.00,0.02,1.01,0
327560,101221,29.57,0.02,0.00,0.98,0
327600,101223,29.54,-0.00,0.01,1.00,0
327640,101224,29.53,0.00,-0.01,0.99,0
327680,101224,29.47,0.01,0.00,1.00,0
327720,101225,29.57,0.00,-0.03,1.00,0
327760,101226,29.45,0.02,-0.01,1.02,0
327800,101217,29.51,-0.01,-0.01,0.97,0
327840,101221,29.61,-0.02,-0.00,0.99,0
327880,101222,29.54,0.01,-0.02,1.00,0
327920,101220,29.51,0.00,-0.00,0.99,0
327960,101226,29.61,0.00,-0.00,1.00,0
328000,101225,29.53,0.01,0.00,1.00,0
328040,101222,29.52,-0.02,-0.01,1.00,0
328080,101223,29.55,-0.01,0.02,1.02,0
328120,101226,29.51,0.01,-0.01,1.01,0
328160,101221,29.54,-0.02,0.01,0.97,0
328200,101221,29.56,-0.00,0.01,1.01,0
328240,101225,29.56,-0.04,-0.01,1.04,0
328280,101224,29.58,-0.01,0.01,1.02,0
328320,101227,29.54,0.01,0.01,1.03,0
328360,101223,29.51,0.00,-0.02,1.01,0
328400,101225,29.53,-0.03,0.01,1.01,0
328440,101221,29.65,0.00,-0.02,0.98,0
328480,101219,29.62,0.00,-0.01,1.00,0
328520,101222,29.52,0.02,0.01,0.98,0
328560,101214,29.57,0.01,-0.01,1.00,0
328600,101223,29.50,0.01,-0.02,1.00,0
328640,101225,29.55,-0.00,0.01,1.00,0
328680,101222,29.58,0.01,0.01,1.04,0
328720,101222,29.53,0.02,-0.01,0.99,0
328760,101226,29.52,0.01,-0.01,0.99,0
328800,101222,29.54,-0.00,0.02,1.00,0
328840,101225,29.54,0.00,-0.01,0.99,0
328880,101229,29.56,0.01,-0.01,0.99,0
328920,101224,29.60,-0.02,-0.02,1.00,0
328960,101225,29.65,-0.00,0.02,1.00,0
329000,101224,29.45,0.02,0.01,0.99,0
329040,101223,29.53,0.02,0.00,1.02,0
329080,101223,29.60,-0.00,-0.00,1.01,0
329120,101222,29.66,0.00,-0.02,1.00,0
329160,101226,29.49,0.00,0.00,0.99,0
329200,101217,29.53,-0.01,0.01,1.01,0
329240,101221,29.55,-0.00,-0.02,0.97,0
329280,101224,29.54,0.01,-0.02,1.00,0
329320,101220,29.57,0.01,0.01,1.00,0
329360,101222,29.64,0.00,-0.02,1.00,0
329400,101220,29.56,0.01,0.00,1.00,0
329440,101224,29.50,-0.00,0.01,0.97,0
329480,101225,29.59,0.01,-0.01,1.01,0
329520,101227,29.60,0.01,0.01,0.99,0
329560,101224,29.54,-0.01,-0.02,1.01,0
329600,101220,29.57,-0.02,0.01,1.01,0
329640,101223,29.54,-0.04,-0.00,0.99,0
329680,101224,29.60,-0.00,-0.01,1.01,0
329720,101226,29.60,0.02,0.01,0.98,0
329760,101216,29.55,0.01,-0.02,0.99,0
329800,101223,29.51,0.01,-0.01,1.02,0
329840,101217,29.59,0.01,-0.00,1.01,0
329880,101224,29.51,-0.01,0.00,1.00,0
329920,101223,29.60,0.01,0.00,0.97,0
329960,101224,29.64,-0.01,0.01,0.98,0
330000,101225,29.60,0.01,-0.01,0.99,0
330040,101223,29.50,-0.01,-0.00,0.99,0
330080,101220,29.50,-0.03,-0.01,1.00,0
330120,101223,29.64,-0.01,-0.02,1.00,0
330160,101226,29.56,0.02,0.01,1.00,0
330200,101222,29.58,-0.00,0.01,1.02,0
330240,101222,29.43,-0.00,0.01,0.98,0
330280,101218,29.48,0.01,-0.01,0.99,0
330320,101226,29.58,0.02,-0.02,1.01,0
330360,101221,29.56,-0.01,0.00,0.99,0
330400,101220,29.55,0.03,0.00,1.00,0
330440,101221,29.62,-0.02,0.02,1.01,0
330480,101219,29.57,-0.01,0.01,0.99,0
330520,101221,29.53,-0.02,0.01,0.99,0
330560,101226,29.54,0.00,0.01,1.02,0
330600,101225,29.54,-0.01,-0.00,0.99,0
330640,101226,29.53,-0.01,0.00,1.01,0
330680,101227,29.59,-0.03,-0.02,1.02,0
330720,101219,29.49,0.01,-0.01,0.99,0
330760,101224,29.69,0.01,-0.01,1.03,0
330800,101227,29.55,-0.01,0.01,1.02,0
330840,101229,29.60,0.02,0.02,1.02,0
330880,101218,29.58,-0.00,-0.01,1.00,0
330920,101218,29.54,-0.00,-0.02,0.97,0
330960,101223,29.70,0.02,0.00,1.01,0
331000,101221,29.61,-0.00,-0.01,1.02,0
331040,101219,29.60,-0.01,0.01,1.00,0
331080,101223,29.68,-0.03,0.01,0.99,0
331120,101220,29.57,-0.02,0.00,1.00,0
331160,101215,29.49,0.00,0.00,0.98,0
331200,101222,29.62,-0.00,0.00,1.02,0
331240,101222,29.50,0.00,0.01,0.98,0
331280,101224,29.65,0.01,-0.01,1.02,0
331320,101225,29.56,-0.01,-0.01,1.01,0
331360,101223,29.56,0.00,0.00,1.00,0
331400,101221,29.57,-0.00,0.01,1.01,0
331440,101220,29.52,-0.01,-0.01,1.00,0
331480,101217,29.64,-0.00,0.02,0.98,0
331520,101221,29.58,0.01,-0.01,1.00,0
331560,101225,29.57,-0.00,-0.01,1.06,0
331600,101224,29.50,0.00,-0.01,1.00,0
331640,101228,29.57,0.00,-0.00,1.00,0
331680,101222,29.55,-0.00,-0.00,1.00,0
331720,101217,29.64,0.01,-0.03,0.99,0
331760,101225,29.50,0.02,-0.01,1.03,0
331800,101225,29.57,-0.01,0.01,0.96,0
331840,101218,29.63,0.01,-0.00,0.98,0
331880,101217,29.51,-0.00,-0.03,1.00,0
331920,101222,29.61,-0.02,-0.01,1.02,0
331960,101224,29.57,-0.01,0.00,0.98,0
332000,101219,29.57,0.00,0.02,1.01,0
332040,101221,29.50,0.01,-0.01,1.00,0
332080,101220,29.62,0.01,-0.01,0.98,0
332120,101218,29.63,0.00,0.00,1.01,0
332160,101218,29.58,0.02,0.00,1.02,0
332200,101222,29.62,-0.01,0.00,1.00,0
332240,101221,29.57,0.01,-0.00,0.99,0
332280,101220,29.65,-0.00,0.02,1.01,0
332320,101214,29.62,0.00,-0.02,1.00,0
332360,101227,29.58,-0.00,-0.02,1.00,0
332400,101219,29.56,-0.01,0.01,1.01,0
332440,101221,29.54,-0.01,0.01,1.01,0
332480,101218,29.61,-0.00,0.02,1.00,0
332520,101223,29.56,-0.01,0.01,0.99,0
332560,101217,29.60,0.01,-0.00,1.01,0
332600,101222,29.64,-0.00,-0.01,0.98,0
332640,101221,29.53,-0.01,-0.01,1.01,0
332680,101225,29.60,-0.00,0.01,1.00,0
332720,101219,29.68,-0.00,0.01,0.99,0
332760,101220,29.61,0.01,0.01,1.01,0
332800,101221,29.66,0.02,-0.00,0.99,0
332840,101228,29.57,-0.00,0.01,0.98,0
332880,101217,29.54,0.00,-0.01,1.00,0
332920,101223,29.55,0.02,0.00,0.99,0
332960,101220,29.62,0.01,0.01,1.00,0
333000,101223,29.59,-0.01,0.01,0.98,0
333040,101224,29.60,0.01,0.01,0.98,0
333080,101222,29.59,0.00,0.00,1.01,0
333120,101223,29.67,0.01,0.02,0.98,0
333160,101223,29.65,0.02,-0.01,0.99,0
333200,101220,29.50,-0.00,0.00,1.03,0
333240,101221,29.55,-0.01,-0.00,1.02,0
333280,101217,29.58,0.00,-0.01,1.01,0
333320,101221,29.57,-0.01,-0.00,1.00,0
333360,101219,29.59,0.01,0.01,1.04,0
333400,101221,29.60,0.01,0.02,0.99,0
333440,101224,29.60,0.00,0.02,1.01,0
333480,101223,29.54,-0.03,0.00,0.98,0
333520,101223,29.54,-0.01,-0.00,0.99,0
333560,101225,29.68,-0.00,0.01,0.97,0
333600,101215,29.65,-0.01,-0.00,1.00,0
333640,101223,29.64,-0.00,0.01,1.00,0
333680,101222,29.61,0.02,0.02,0.99,0
333720,101221,29.60,0.01,-0.00,1.03,0
333760,101218,29.57,-0.00,0.00,1.01,0
333800,101223,29.55,-0.01,0.00,1.01,0
333840,101225,29.54,-0.00,-0.01,0.99,0
333880,101225,29.59,-0.01,0.00,1.01,0
333920,101221,29.59,0.01,0.01,0.99,0
333960,101224,29.56,0.00,-0.00,0.99,0
334000,101225,29.52,0.02,0.01,1.04,0
334040,101227,29.60,0.01,0.01,0.96,0
334080,101225,29.57,0.02,0.00,1.01,0
334120,101222,29.61,0.01,-0.00,0.99,0
334160,101222,29.51,-0.02,0.01,0.99,0
334200,101222,29.56,0.01,0.01,1.00,0
334240,101222,29.63,0.01,-0.01,1.03,0
334280,101220,29.65,-0.01,-0.01,0.98,0
334320,101224,29.61,-0.01,-0.03,1.03,0
334360,101220,29.63,0.00,0.01,1.00,0
334400,101219,29.64,-0.01,0.01,0.98,0
334440,101223,29.70,0.00,0.01,1.01,0
334480,101220,29.60,-0.00,-0.01,1.00,0
334520,101221,29.61,0.01,-0.01,0.99,0
334560,101215,29.64,-0.02,0.02,0.99,0
334600,101224,29.62,0.01,0.03,0.99,0
334640,101222,29.52,-0.01,-0.02,0.98,0
334680,101221,29.50,0.01,-0.00,1.00,0
334720,101223,29.63,0.01,-0.02,1.01,0
334760,101222,29.57,-0.02,-0.01,0.98,0
334800,101220,29.56,-0.02,-0.01,1.00,0
334840,101220,29.57,0.01,-0.01,0.99,0
334880,101220,29.64,0.01,0.00,1.00,0
334920,101225,29.56,-0.02,0.00,1.02,0
334960,101227,29.66,0.03,0.00,1.00,0
335000,101220,29.61,0.00,-0.02,0.99,0
335040,101222,29.60,-0.01,0.01,0.98,0
335080,101219,29.68,-0.02,-0.00,0.97,0
335120,101225,29.61,0.01,0.00,0.98,0
335160,101221,29.65,-0.00,-0.01,1.00,0
335200,101218,29.63,0.01,-0.00,0.99,0
335240,101226,29.59,-0.01,0.01,0.99,0
335280,101224,29.59,0.00,0.01,1.02,0
335320,101219,29.63,-0.01,0.01,1.03,0
335360,101225,29.61,-0.00,-0.01,0.99,0
335400,101222,29.55,0.01,-0.02,0.99,0
335440,101230,29.63,-0.01,-0.01,1.02,0
335480,101227,29.50,-0.01,0.02,1.01,0
335520,101220,29.52,-0.01,-0.02,1.01,0
335560,101221,29.57,-0.01,-0.02,1.01,0
335600,101219,29.45,-0.02,0.00,0.98,0
335640,101222,29.66,-0.00,0.01,1.00,0
335680,101222,29.61,-0.00,0.00,0.97,0
335720,101224,29.53,0.01,0.01,1.00,0
335760,101222,29.55,-0.01,0.01,1.01,0
335800,101217,29.55,0.02,-0.02,0.99,0
335840,101219,29.50,0.00,0.02,1.00,0
335880,101226,29.58,-0.01,-0.00,1.01,0
335920,101225,29.64,0.00,0.02,0.97,0
335960,101221,29.59,0.00,-0.00,1.02,0
336000,101221,29.60,-0.02,-0.00,1.01,0
336040,101221,29.69,0.00,0.01,1.00,0
336080,101222,29.60,-0.02,0.01,0.98,0
336120,101216,29.64,0.01,0.00,1.02,0
336160,101224,29.62,0.02,-0.01,1.00,0
336200,101220,29.73,0.01,-0.02,1.01,0
336240,101222,29.60,0.01,-0.02,1.01,0
336280,101214,29.63,0.00,-0.01,1.00,0
336320,101222,29.68,0.02,-0.01,1.00,0
336360,101226,29.68,0.01,-0.01,1.01,0
336400,101215,29.61,-0.00,-0.01,1.01,0
336440,101226,29.63,0.01,0.01,1.00,0
336480,101223,29.57,-0.01,0.01,0.99,0
336520,101219,29.63,-0.02,-0.00,1.00,0
336560,101217,29.59,-0.01,-0.01,0.97,0
336600,101225,29.70,-0.00,0.01,1.03,0
336640,101222,29.60,0.01,0.02,1.01,0
336680,101223,29.60,-0.01,-0.00,1.02,0
336720,101221,29.78,-0.01,-0.00,1.02,0
336760,101219,29.59,0.02,0.02,0.99,0
336800,101224,29.64,0.01,-0.02,1.00,0
336840,101219,29.58,-0.01,0.01,0.99,0
336880,101224,29.61,0.01,0.01,1.00,0
336920,101216,29.62,0.01,-0.00,1.01,0
336960,101219,29.61,0.01,0.00,1.02,0
337000,101217,29.62,0.00,-0.02,0.97,0
337040,101225,29.72,0.01,-0.02,1.03,0
337080,101216,29.55,0.00,0.01,1.03,0
337120,101218,29.71,0.00,-0.00,0.99,0
337160,101224,29.57,-0.01,-0.02,1.01,0
337200,101222,29.62,-0.01,0.02,0.97,0
337240,101228,29.63,-0.00,-0.01,0.97,0
337280,101227,29.64,0.01,-0.01,1.02,0
337320,101223,29.60,0.01,-0.01,0.99,0
337360,101224,29.60,0.01,-0.00,1.02,0
337400,101216,29.63,-0.01,-0.01,0.97,0
337440,101219,29.69,0.02,0.01,1.00,0
337480,101220,29.57,0.01,-0.00,1.01,0
337520,101221,29.59,0.03,0.00,1.00,0
337560,101217,29.66,-0.01,-0.01,1.00,0
337600,101219,29.60,0.02,0.02,1.02,0
337640,101219,29.65,0.03,0.02,1.01,0
337680,101225,29.69,0.01,0.02,0.98,0
337720,101223,29.60,0.03,-0.00,0.99,0
337760,101220,29.61,-0.00,0.01,1.01,0
337800,101221,29.55,0.01,0.02,1.02,0
337840,101222,29.67,0.02,0.00,1.00,0
337880,101219,29.63,-0.01,-0.01,1.00,0
337920,101221,29.64,0.00,0.01,1.01,0
337960,101216,29.58,-0.01,-0.02,1.02,0
338000,101223,29.67,0.01,-0.00,0.99,0
338040,101224,29.60,0.01,0.01,1.02,0
338080,101223,29.61,0.01,0.02,0.97,0
338120,101223,29.61,0.00,0.01,0.99,0
338160,101223,29.68,-0.02,0.01,1.00,0
338200,101228,29.57,0.00,0.01,0.99,0
338240,101222,29.58,0.00,-0.01,0.99,0
338280,101217,29.70,0.01,0.01,0.97,0
338320,101218,29.57,-0.01,-0.01,0.99,0
338360,101224,29.63,0.01,0.02,1.00,0
338400,101225,29.63,0.02,-0.02,1.01,0
338440,101224,29.65,0.01,0.01,1.00,0
338480,101224,29.68,-0.00,0.00,0.97,0
338520,101222,29.69,0.00,-0.02,1.02,0
338560,101217,29.60,0.01,0.00,1.00,0
338600,101219,29.68,-0.01,0.00,1.03,0
338640,101216,29.66,0.01,-0.02,1.00,0
338680,101220,29.63,-0.00,-0.00,1.00,0
338720,101217,29.61,-0.01,-0.01,1.00,0
338760,101222,29.60,0.00,0.01,1.00,0
338800,101221,29.59,-0.02,0.02,0.99,0
338840,101215,29.58,-0.00,0.00,1.00,0
338880,101224,29.56,0.00,-0.00,0.99,0
338920,101224,29.64,-0.01,0.02,1.01,0
338960,101217,29.67,-0.00,0.01,1.00,0
339000,101222,29.57,-0.02,-0.00,1.00,0
339040,101224,29.63,0.01,-0.00,1.00,0
339080,101220,29.65,-0.02,0.01,1.00,0
339120,101224,29.64,0.01,-0.03,0.97,0
339160,101222,29.54,0.02,-0.01,1.00,0
339200,101225,29.72,-0.02,-0.01,1.00,0
339240,101222,29.66,0.01,-0.01,1.01,0
339280,101221,29.57,-0.00,-0.01,0.99,0
339320,101223,29.68,0.01,-0.02,1.01,0
339360,101224,29.69,-0.01,-0.00,1.02,0
339400,101222,29.60,0.02,-0.01,1.00,0
339440,101220,29.60,0.00,0.00,0.98,0
339480,101219,29.63,0.00,-0.01,0.99,0
339520,101220,29.64,0.00,-0.02,1.01,0
339560,101220,29.72,0.00,0.00,0.98,0
339600,101222,29.67,0.00,0.00,0.99,0
339640,101222,29.68,0.01,0.01,0.99,0
339680,101221,29.70,0.01,0.02,0.98,0
339720,101221,29.64,-0.00,0.01,1.01,0
339760,101222,29.61,-0.00,-0.02,1.02,0
339800,101226,29.64,-0.00,-0.00,1.00,0
339840,101225,29.65,-0.01,-0.00,0.98,0
339880,101219,29.66,0.01,-0.00,0.99,0
339920,101223,29.64,0.02,-0.00,0.99,0
339960,101220,29.64,0.01,0.01,1.00,0
340000,101221,29.59,0.01,0.01,0.97,0
340040,101220,29.72,0.01,0.01,1.01,0
340080,101219,29.61,0.01,0.01,1.02,0
340120,101217,29.62,-0.01,0.03,1.00,0
340160,101214,29.55,-0.01,0.00,1.02,0
340200,101222,29.58,-0.00,-0.01,1.00,0
340240,101225,29.60,0.01,-0.01,1.00,0
340280,101218,29.67,-0.01,0.00,0.99,0
340320,101223,29.72,-0.01,0.00,0.99,0
340360,101220,29.62,-0.02,0.00,1.00,0
340400,101222,29.65,-0.00,-0.01,0.99,0
340440,101219,29.57,0.01,0.01,1.00,0
340480,101220,29.61,0.03,-0.00,1.01,0
340520,101221,29.60,-0.00,-0.01,1.00,0
340560,101214,29.62,0.00,0.00,0.98,0
340600,101222,29.74,-0.01,0.00,1.01,0
340640,101221,29.67,-0.01,-0.01,0.99,0
340680,101213,29.51,0.01,0.02,1.02,0
340720,101223,29.75,-0.01,0.00,1.00,0
340760,101221,29.68,-0.00,-0.02,1.01,0
340800,101222,29.73,-0.02,-0.02,1.01,0
340840,101222,29.58,0.00,0.00,0.99,0
340880,101220,29.59,0.00,-0.01,1.01,0
340920,101218,29.66,0.01,0.01,1.01,0
340960,101220,29.54,-0.01,0.03,1.01,0
341000,101220,29.61,-0.00,0.02,1.01,0
341040,101228,29.66,-0.00,-0.00,1.03,0
341080,101227,29.58,0.00,-0.02,1.02,0
341120,101220,29.67,0.01,-0.01,0.99,0
341160,101220,29.67,0.00,0.00,0.99,0
341200,101222,29.63,-0.01,-0.02,0.99,0
341240,101223,29.55,0.01,0.00,1.01,0
341280,101219,29.65,-0.03,0.01,1.02,0
341320,101218,29.59,-0.02,0.02,0.99,0
341360,101227,29.65,-0.01,0.00,0.99,0
341400,101224,29.72,0.00,-0.03,0.98,0
341440,101216,29.66,0.00,-0.02,1.00,0
341480,101216,29.70,0.01,-0.01,1.01,0
341520,101219,29.70,-0.01,-0.02,1.02,0
341560,101222,29.69,-0.00,-0.01,1.01,0
341600,101223,29.67,0.01,-0.00,0.98,0
341640,101220,29.63,0.01,-0.00,0.99,0
341680,101216,29.63,0.02,0.01,1.01,0
341720,101222,29.63,-0.02,0.01,0.97,0
341760,101223,29.71,0.02,0.01,0.99,0
341800,101221,29.68,-0.01,-0.01,1.00,0
341840,101219,29.67,0.04,0.00,1.01,0
341880,101223,29.60,0.00,0.01,1.01,0
341920,101221,29.67,-0.01,0.02,1.01,0
341960,101218,29.75,0.01,0.02,0.98,0
342000,101221,29.61,0.01,0.01,0.99,0
342040,101217,29.57,0.02,-0.01,1.02,0
342080,101224,29.76,-0.00,-0.01,1.00,0
342120,101222,29.71,-0.02,0.00,0.98,0
342160,101218,29.59,-0.01,-0.00,0.98,0
342200,101222,29.66,-0.01,-0.01,0.98,0
342240,101225,29.68,-0.01,0.00,1.01,0
342280,101214,29.66,-0.00,-0.01,0.98,0
342320,101221,29.69,-0.00,-0.02,0.99,0
342360,101226,29.72,0.01,0.00,1.01,0
342400,101216,29.57,-0.00,-0.01,1.00,0
342440,101220,29.70,-0.00,-0.02,0.99,0
342480,101217,29.63,0.03,0.01,1.02,0
342520,101221,29.74,0.00,0.01,1.01,0
342560,101213,29.68,-0.01,0.02,1.00,0
342600,101216,29.66,0.01,0.01,1.02,0
342640,101219,29.63,-0.03,-0.02,1.00,0
342680,101221,29.68,0.02,-0.01,1.00,0
342720,101222,29.61,0.01,0.02,1.02,0
342760,101222,29.63,-0.01,-0.01,1.00,0
342800,101225,29.58,0.02,0.01,1.02,0
342840,101223,29.64,0.01,0.02,1.00,0
342880,101223,29.71,0.01,0.02,1.00,0
342920,101218,29.53,0.01,-0.00,0.98,0
342960,101220,29.64,-0.01,0.00,1.01,0
343000,101231,29.61,-0.01,0.01,0.98,0
343040,101228,29.70,-0.00,-0.01,1.00,0
343080,101224,29.65,-0.03,-0.00,0.98,0
343120,101223,29.61,-0.03,0.02,1.00,0
343160,101224,29.62,0.01,0.00,1.00,0
343200,101220,29.62,-0.00,0.00,1.01,0
343240,101227,29.65,0.00,0.01,1.01,0
343280,101220,29.69,-0.01,0.00,1.00,0
343320,101221,29.73,-0.01,0.01,1.00,0
343360,101228,29.66,0.00,-0.01,0.98,0
343400,101214,29.75,0.02,-0.00,1.02,0
343440,101222,29.72,-0.01,0.01,1.00,0
343480,101215,29.64,-0.00,0.00,1.01,0
343520,101219,29.68,-0.00,-0.01,0.99,0
343560,101221,29.70,-0.00,-0.00,0.99,0
343600,101220,29.67,-0.01,-0.01,0.98,0
343640,101221,29.75,0.00,-0.01,1.00,0
343680,101218,29.71,0.03,0.01,0.98,0
343720,101221,29.69,0.01,0.00,0.98,0
343760,101217,29.60,0.03,0.01,0.99,0
343800,101220,29.61,-0.02,-0.01,0.99,0
343840,101217,29.63,0.02,0.02,0.99,0
343880,101223,29.56,-0.02,0.01,1.02,0
343920,101217,29.61,-0.01,-0.00,1.01,0
343960,101223,29.68,-0.00,-0.01,1.01,0
344000,101220,29.68,-0.01,-0.02,1.03,0
344040,101220,29.57,0.00,-0.01,0.99,0
344080,101225,29.66,0.02,0.01,0.99,0
344120,101221,29.75,-0.02,0.01,1.02,0
344160,101215,29.67,0.00,0.01,1.03,0
344200,101222,29.73,-0.01,-0.00,0.99,0
344240,101212,29.61,-0.01,-0.01,0.98,0
344280,101222,29.70,0.00,0.00,1.01,0
344320,101220,29.70,0.00,0.01,0.98,0
344360,101216,29.67,-0.00,0.01,1.00,0
344400,101221,29.62,0.02,-0.00,1.01,0
344440,101220,29.71,0.01,0.01,0.99,0
344480,101227,29.61,-0.00,-0.02,1.02,0
344520,101219,29.69,-0.00,-0.01,0.98,0
344560,101227,29.75,0.01,-0.01,0.99,0
344600,101225,29.74,0.00,-0.00,1.01,0
344640,101219,29.68,-0.01,0.02,1.02,0
344680,101218,29.68,-0.02,0.01,0.99,0
344720,101225,29.70,0.01,-0.02,1.01,0
344760,101220,29.66,-0.01,0.01,1.00,0
344800,101221,29.74,0.01,-0.01,1.00,0
344840,101220,29.63,0.00,-0.00,1.02,0
344880,101217,29.66,-0.01,-0.01,0.99,0
344920,101220,29.56,-0.01,0.01,0.98,0
344960,101218,29.70,-0.01,0.01,1.00,0
345000,101216,29.66,-0.02,-0.01,0.99,0
345040,101220,29.77,0.02,-0.02,1.00,0
345080,101226,29.60,-0.00,0.02,1.01,0
345120,101226,29.69,-0.02,-0.01,0.98,0
345160,101221,29.79,-0.00,0.01,1.01,0
345200,101221,29.67,-0.01,0.02,1.00,0
345240,101222,29.70,0.00,-0.01,1.01,0
345280,101225,29.63,0.00,-0.01,0.97,0
345320,101222,29.73,0.01,0.00,0.97,0
345360,101219,29.62,0.00,-0.02,1.04,0
345400,101220,29.63,-0.01,0.02,1.01,0
345440,101224,29.71,0.01,0.01,1.00,0
345480,101229,29.66,-0.00,0.00,1.01,0
345520,101219,29.74,0.01,0.01,0.99,0
345560,101214,29.65,-0.01,-0.00,0.98,0
345600,101223,29.65,0.01,-0.01,0.98,0
345640,101220,29.62,-0.01,-0.01,1.02,0
345680,101221,29.75,0.02,-0.00,0.99,0
345720,101225,29.65,-0.02,0.00,0.99,0
345760,101221,29.73,-0.01,0.00,0.96,0
345800,101216,29.66,-0.00,0.00,0.99,0
345840,101214,29.68,0.00,0.00,1.02,0
345880,101221,29.67,0.01,0.02,1.02,0
345920,101217,29.71,0.01,0.02,1.02,0
345960,101222,29.66,-0.00,0.02,1.01,0
346000,101217,29.63,0.00,0.01,1.01,0
346040,101220,29.69,-0.00,-0.00,0.98,0
346080,101216,29.71,0.00,-0.01,0.99,0
346120,101220,29.65,-0.00,0.02,1.00,0
346160,101219,29.71,0.00,0.00,1.00,0
346200,101223,29.60,0.01,0.01,1.01,0
346240,101225,29.71,0.01,-0.00,1.01,0
346280,101220,29.82,0.02,0.00,0.98,0
346320,101218,29.56,-0.00,0.01,1.00,0
346360,101227,29.71,0.01,0.01,1.02,0
346400,101222,29.71,-0.00,-0.00,0.99,0
346440,101223,29.84,0.01,0.01,0.98,0
346480,101223,29.63,0.00,0.01,1.01,0
346520,101225,29.77,0.01,-0.00,1.00,0
346560,101224,29.73,0.02,0.02,1.01,0
346600,101223,29.80,-0.00,0.01,0.99,0
346640,101223,29.68,0.02,-0.01,1.00,0
346680,101218,29.69,0.00,0.01,0.99,0
346720,101219,29.67,-0.01,-0.01,1.00,0
346760,101220,29.66,-0.01,-0.01,0.98,0
346800,101221,29.63,-0.01,-0.01,0.98,0
346840,101221,29.64,0.02,-0.01,1.01,0
346880,101222,29.84,0.02,0.01,1.00,0
346920,101221,29.80,0.00,0.00,0.98,0
346960,101219,29.71,0.01,-0.02,1.00,0
347000,101215,29.72,0.00,-0.01,0.99,0
347040,101223,29.76,0.01,-0.01,1.01,0
347080,101223,29.60,0.01,0.02,1.04,0
347120,101218,29.67,0.00,-0.00,0.99,0
347160,101222,29.65,0.01,-0.01,1.00,0
347200,101222,29.67,-0.01,-0.01,0.99,0
347240,101221,29.74,0.02,0.02,0.98,0
347280,101215,29.63,0.01,0.01,0.99,0
347320,101217,29.73,0.00,-0.02,1.01,0
347360,101219,29.71,0.00,0.00,0.98,0
347400,101226,29.74,0.00,0.02,1.00,0
347440,101218,29.71,-0.01,-0.01,1.01,0
347480,101219,29.65,0.01,-0.00,0.97,0
347520,101217,29.72,0.01,-0.01,0.99,0
347560,101219,29.71,-0.01,-0.00,0.98,0
347600,101222,29.67,-0.00,-0.01,1.02,0
347640,101214,29.66,-0.02,-0.01,0.99,0
347680,101212,29.72,0.02,0.00,1.02,0
347720,101223,29.66,0.01,-0.00,1.00,0
347760,101221,29.67,-0.00,0.01,0.99,0
347800,101219,29.72,-0.00,-0.01,1.00,0
347840,101224,29.59,0.00,0.00,0.98,0
347880,101224,29.69,0.00,-0.01,1.00,0
347920,101214,29.74,0.01,0.00,1.02,0
347960,101220,29.75,-0.01,0.00,1.02,0
348000,101224,29.73,-0.00,0.01,1.00,0
348040,101218,29.67,-0.01,-0.00,0.97,0
348080,101220,29.68,-0.01,-0.00,0.99,0
348120,101224,29.72,-0.00,-0.00,1.00,0
348160,101220,29.71,-0.01,-0.01,1.00,0
348200,101217,29.71,0.00,-0.02,0.99,0
348240,101218,29.68,-0.02,-0.00,1.01,0
348280,101216,29.65,-0.01,0.01,0.99,0
348320,101222,29.68,0.00,-0.00,1.01,0
348360,101215,29.72,-0.02,0.01,1.00,0
348400,101224,29.77,0.01,-0.01,1.02,0
348440,101215,29.69,-0.01,-0.00,1.00,0
348480,101221,29.68,0.00,-0.01,0.99,0
348520,101216,29.79,-0.02,0.01,1.00,0
348560,101220,29.64,-0.01,-0.02,0.99,0
348600,101224,29.76,-0.03,0.01,1.00,0
348640,101224,29.64,-0.01,0.01,0.99,0
348680,101225,29.70,-0.01,-0.01,1.00,0
348720,101220,29.73,-0.02,0.01,1.01,0
348760,101221,29.68,0.01,-0.01,1.01,0
348800,101221,29.71,-0.00,0.01,1.01,0
348840,101222,29.71,-0.00,0.01,1.00,0
348880,101219,29.82,-0.03,0.01,1.02,0
348920,101224,29.71,-0.02,0.01,1.00,0
348960,101222,29.74,0.02,-0.00,1.00,0
349000,101224,29.74,-0.01,-0.01,1.00,0
349040,101222,29.72,0.01,0.01,1.00,0
349080,101223,29.67,0.02,0.03,1.02,0
349120,101218,29.63,-0.02,0.00,0.98,0
349160,101219,29.74,0.00,0.01,1.00,0
349200,101216,29.69,-0.01,-0.02,1.02,0
349240,101220,29.75,-0.02,0.00,0.99,0
349280,101220,29.74,0.01,0.02,0.98,0
349320,101223,29.68,0.02,-0.01,1.01,0
349360,101216,29.77,-0.00,-0.00,1.01,0
349400,101231,29.65,-0.02,0.00,0.98,0
349440,101220,29.69,0.01,0.01,1.03,0
349480,101224,29.73,0.00,-0.01,0.99,0
349520,101224,29.56,0.02,-0.01,0.99,0
349560,101212,29.64,-0.01,-0.00,0.98,0
349600,101220,29.72,-0.00,-0.00,0.97,0
349640,101225,29.66,0.01,-0.01,0.97,0
349680,101213,29.64,0.02,0.01,1.00,0
349720,101223,29.75,-0.01,0.01,1.00,0
349760,101217,29.68,-0.01,0.00,0.98,0
349800,101219,29.76,0.00,-0.02,0.98,0
349840,101221,29.61,-0.01,0.00,0.97,0
349880,101214,29.65,-0.00,-0.01,0.99,0
349920,101221,29.67,0.02,-0.01,1.01,0
349960,101218,29.65,0.00,0.02,1.01,0
350000,101218,29.60,0.01,0.01,0.99,0
350040,101223,29.75,0.01,-0.01,1.01,0
350080,101232,29.72,0.01,0.00,0.97,0
350120,101221,29.72,-0.02,-0.02,1.02,0
350160,101222,29.71,-0.00,-0.03,0.99,0
350200,101220,29.73,-0.01,-0.01,1.00,0
350240,101218,29.68,-0.01,-0.02,0.98,0
350280,101221,29.71,0.01,-0.01,0.98,0
350320,101225,29.70,-0.02,-0.01,0.99,0
350360,101221,29.73,0.00,0.00,0.99,0
350400,101223,29.78,-0.00,-0.01,1.00,0
350440,101220,29.68,0.01,-0.01,1.00,0
350480,101228,29.80,0.01,0.01,1.00,0
350520,101215,29.68,-0.01,0.01,1.01,0
350560,101222,29.73,0.01,-0.01,1.01,0
350600,101222,29.61,-0.01,-0.01,0.99,0
350640,101221,29.72,0.04,-0.01,1.03,0
350680,101217,29.68,0.01,-0.01,1.01,0
350720,101217,29.73,0.01,-0.00,0.98,0
350760,101220,29.67,-0.00,0.01,0.99,0
350800,101221,29.70,0.01,-0.01,1.00,0
350840,101216,29.72,0.01,-0.02,0.99,0
350880,101217,29.79,-0.02,-0.00,1.00,0
350920,101222,29.68,-0.01,-0.01,1.03,0
350960,101224,29.72,0.01,-0.01,0.98,0
351000,101219,29.76,0.01,-0.01,0.98,0
351040,101218,29.79,0.01,-0.00,1.01,0
351080,101218,29.81,0.01,0.01,1.01,0
351120,101228,29.71,-0.01,0.02,0.97,0
351160,101222,29.69,0.00,-0.01,1.00,0
351200,101220,29.72,0.00,0.01,1.02,0
351240,101224,29.82,0.01,0.00,1.00,0
351280,101228,29.70,-0.01,0.00,1.01,0
351320,101224,29.78,-0.01,0.01,1.01,0
351360,101216,29.82,0.01,0.01,0.98,0
351400,101220,29.67,0.00,0.01,0.98,0
351800,101219,29.71,-0.01,-0.01,1.00,0
351840,101222,29.73,0.01,0.00,1.02,0
351880,101222,29.76,0.02,0.00,0.99,0
351920,101220,29.62,-0.00,0.01,1.01,0
351960,101210,29.65,-0.01,-0.01,0.99,0
352000,101219,29.77,0.01,0.01,0.98,0
352040,101218,29.65,-0.00,-0.01,1.00,0
352080,101219,29.73,0.01,0.01,0.99,0
352120,101216,29.75,0.01,0.02,1.00,0
352160,101219,29.65,0.00,-0.00,0.98,0
352200,101218,29.78,-0.01,0.00,0.99,0
352240,101229,29.73,0.00,0.01,1.03,0
352280,101222,29.82,-0.01,0.01,1.02,0
352320,101220,29.77,0.01,0.00,1.00,0
352360,101220,29.69,-0.01,0.01,0.99,0
352400,101220,29.78,-0.01,0.01,0.99,0
352440,101221,29.68,-0.01,0.02,1.02,0
352480,101219,29.66,0.02,-0.00,0.97,0
352520,101220,29.83,-0.00,-0.01,1.02,0
352560,101223,29.79,-0.02,0.01,0.99,0
352600,101223,29.67,-0.00,0.00,0.99,0
352640,101221,29.68,-0.00,0.02,0.99,0
352680,101224,29.79,-0.01,0.00,1.00,0
352720,101221,29.69,0.02,0.01,1.00,0
352760,101217,29.74,0.00,0.01,1.02,0
352800,101215,29.75,0.00,-0.00,0.98,0
352840,101218,29.76,-0.02,0.01,1.00,0
352880,101220,29.68,0.00,-0.02,0.99,0
352920,101221,29.63,0.02,-0.00,0.98,0
352960,101224,29.76,-0.01,-0.01,1.00,0
353000,101218,29.79,0.01,0.00,0.99,0
353040,101218,29.71,-0.01,0.00,0.99,0
353080,101223,29.68,0.01,-0.01,0.98,0
353120,101224,29.80,0.01,-0.02,1.00,0
353160,101219,29.69,0.01,-0.00,1.01,0
353200,101221,29.67,0.00,0.03,1.02,0
353240,101225,29.80,0.02,-0.00,1.01,0
353280,101221,29.75,-0.00,0.00,1.02,0
353320,101220,29.79,-0.00,0.01,1.03,0
353360,101213,29.71,-0.00,-0.01,1.03,0
353400,101224,29.71,-0.00,-0.02,1.00,0
353440,101222,29.76,-0.01,-0.01,0.99,0
353480,101220,29.81,0.02,0.04,0.98,0
353520,101219,29.78,-0.02,-0.00,0.99,0
353560,101216,29.72,-0.02,0.02,1.01,0
353600,101220,29.74,-0.00,-0.01,1.02,0
353640,101220,29.76,-0.01,0.02,1.02,0
353680,101224,29.80,-0.00,0.00,1.00,0
353720,101216,29.83,0.02,0.02,1.01,0
353760,101225,29.76,0.01,-0.02,1.02,0
353800,101220,29.73,0.01,-0.01,1.01,0
353840,101224,29.82,0.01,-0.02,1.00,0
353880,101217,29.76,0.01,-0.00,0.99,0
353920,101221,29.78,0.00,-0.00,1.01,0
353960,101224,29.75,-0.01,-0.01,1.01,0
354000,101220,29.70,0.01,-0.01,1.01,0
354040,101215,29.74,-0.01,-0.02,1.01,0
354080,101219,29.71,0.01,0.01,1.02,0
354120,101222,29.73,0.01,-0.01,1.01,0
354160,101216,29.77,0.01,-0.01,1.01,0
354200,101215,29.68,0.01,0.01,1.02,0
354240,101221,29.71,0.02,-0.02,1.02,0
354280,101217,29.79,0.00,0.02,1.01,0
354320,101222,29.64,0.01,0.01,1.00,0
354360,101216,29.75,-0.01,0.01,1.00,0
354400,101214,29.71,0.01,0.00,0.98,0
354440,101218,29.73,-0.01,-0.00,1.01,0
354480,101225,29.64,0.02,0.00,1.00,0
354520,101217,29.67,-0.00,-0.01,1.01,0
354560,101220,29.77,-0.00,-0.01,1.01,0
354600,101221,29.72,-0.01,0.02,1.01,0
354640,101217,29.82,0.00,0.00,1.00,0
354680,101224,29.74,-0.00,0.02,0.99,0
354720,101221,29.75,0.01,0.02,1.03,0
354760,101221,29.72,0.01,0.00,0.98,0
354800,101215,29.76,-0.02,-0.01,0.99,0
354840,101214,29.83,-0.02,0.02,0.95,0
354880,101211,29.76,-0.00,0.00,1.00,0
354920,101219,29.71,-0.00,-0.01,0.99,0
354960,101219,29.70,0.02,-0.00,1.03,0
355000,101222,29.73,-0.00,-0.01,0.99,0
355040,101225,29.72,0.00,-0.00,1.00,0
355080,101219,29.65,0.03,-0.00,1.00,0
355120,101219,29.79,0.00,-0.03,0.99,0
355160,101221,29.75,-0.01,0.02,1.01,0
355200,101225,29.68,0.00,0.02,1.00,0
355240,101217,29.67,0.01,-0.01,0.97,0
355280,101222,29.71,-0.00,-0.00,1.01,0
355320,101219,29.77,-0.01,-0.00,1.01,0
355360,101219,29.72,-0.01,-0.00,0.99,0
355400,101223,29.69,0.00,0.00,1.01,0
355440,101217,29.74,-0.01,0.00,1.00,0
355480,101217,29.74,0.01,0.01,0.98,0
355520,101222,29.74,-0.00,0.02,0.98,0
355560,101220,29.73,0.00,0.02,0.98,0
355600,101219,29.69,-0.01,-0.02,0.98,0
355640,101220,29.71,-0.01,-0.00,0.99,0
355680,101222,29.67,0.01,0.01,0.98,0
355720,101219,29.82,-0.01,0.00,0.98,0
355760,101222,29.72,0.00,0.00,1.02,0
355800,101221,29.77,-0.01,0.02,0.99,0
355840,101225,29.71,0.01,-0.00,0.99,0
355880,101224,29.75,-0.02,0.01,0.99,0
355920,101223,29.73,0.01,-0.02,1.01,0
355960,101219,29.76,0.00,0.01,1.00,0
356000,101220,29.76,0.02,0.01,0.99,0
356040,101218,29.69,-0.00,0.01,1.00,0
356080,101229,29.79,0.01,-0.00,0.97,0
356120,101219,29.69,0.01,-0.01,1.01,0
356160,101222,29.79,-0.01,-0.02,1.02,0
356200,101224,29.75,0.01,-0.00,0.98,0
356240,101216,29.75,0.00,-0.00,1.02,0
356280,101217,29.77,-0.01,-0.01,0.98,0
356320,101219,29.82,-0.00,0.01,1.01,0
356360,101217,29.80,0.01,-0.01,0.98,0
356400,101216,29.72,-0.01,-0.00,0.99,0
356440,101218,29.74,0.02,-0.01,1.01,0
356480,101224,29.70,-0.01,0.03,1.02,0
356520,101222,29.77,-0.01,-0.01,0.99,0
356560,101220,29.86,-0.01,-0.01,0.99,0
356600,101220,29.75,-0.00,-0.00,0.99,0
356640,101215,29.74,0.03,0.01,0.98,0
356680,101222,29.83,0.02,0.01,1.01,0
356720,101221,29.86,-0.02,-0.00,0.99,0
356760,101216,29.83,-0.01,0.01,0.98,0
356800,101221,29.83,-0.00,-0.01,0.98,0
356840,101219,29.73,-0.00,0.00,0.98,0
356880,101218,29.84,0.01,-0.01,1.01,0
356920,101217,29.82,0.00,-0.02,1.00,0
356960,101218,29.74,-0.02,0.00,0.99,0
357000,101217,29.72,0.01,-0.02,1.01,0
357040,101221,29.71,0.02,-0.01,0.98,0
357080,101221,29.89,0.03,-0.03,1.01,0
357120,101221,29.63,0.00,-0.01,1.00,0
357160,101219,29.75,-0.01,-0.02,1.00,0
357200,101219,29.79,-0.01,0.02,0.99,0
357240,101226,29.80,0.01,-0.02,1.01,0
357280,101214,29.73,-0.01,0.03,1.01,0
357320,101224,29.76,-0.01,0.00,0.99,0
357360,101221,29.76,-0.00,0.03,1.01,0
357400,101220,29.78,0.01,-0.01,1.01,0
357440,101218,29.77,-0.01,0.01,0.96,0
357480,101219,29.75,-0.01,-0.01,0.99,0
357520,101216,29.75,0.01,0.01,1.01,0
357560,101215,29.83,-0.03,-0.02,1.00,0
357600,101219,29.71,-0.00,0.01,1.02,0
357640,101215,29.80,0.01,0.00,0.99,0
357680,101222,29.74,-0.02,-0.00,1.00,0
357720,101223,29.71,0.01,-0.01,1.02,0
357760,101209,29.77,-0.01,0.01,1.02,0
357800,101215,29.78,-0.00,-0.01,0.98,0
357840,101221,29.69,-0.00,0.02,1.00,0
357880,101220,29.69,0.00,-0.00,1.02,0
357920,101220,29.80,-0.02,0.00,1.00,0
357960,101221,29.72,0.02,0.00,0.99,0
358000,101222,29.76,0.01,0.01,1.01,0
358040,101223,29.77,0.01,-0.01,1.00,0
358080,101226,29.74,-0.01,0.02,1.01,0
358120,101220,29.77,-0.02,0.01,1.00,0
358160,101223,29.74,-0.01,0.00,0.97,0
358200,101215,29.71,0.01,-0.01,0.99,0
358240,101219,29.72,0.02,-0.01,1.00,0
358280,101216,29.81,-0.01,-0.01,1.03,0
358320,101224,29.80,0.01,-0.01,1.04,0
358360,101227,29.81,-0.01,-0.02,1.02,0
358400,101221,29.71,0.02,-0.02,0.99,0
358440,101216,29.85,-0.01,0.01,1.00,0
358480,101219,29.83,0.00,-0.00,1.02,0
358520,101220,29.76,0.01,0.03,1.00,0
358560,101220,29.83,-0.01,-0.01,1.00,0
358600,101223,29.82,0.01,0.01,0.99,0
358640,101223,29.80,-0.00,0.02,1.01,0
358680,101211,29.79,0.00,-0.00,1.00,0
358720,101224,29.87,-0.02,0.01,1.01,0
358760,101218,29.71,0.01,0.01,0.98,0
358800,101218,29.83,-0.00,-0.01,0.99,0
358840,101224,29.78,0.01,-0.01,1.02,0
358880,101219,29.88,0.01,-0.01,1.01,0
358920,101215,29.75,-0.02,0.00,0.97,0
358960,101215,29.78,-0.01,-0.02,0.99,0
359000,101220,29.74,0.01,0.01,1.03,0
359040,101223,29.79,-0.00,0.00,1.02,0
359080,101225,29.77,0.02,-0.00,0.99,0
359120,101219,29.84,0.01,0.01,1.00,0
359160,101218,29.76,0.00,-0.01,1.00,0
359200,101225,29.73,0.00,-0.01,0.98,0
359240,101218,29.75,-0.01,-0.01,0.98,0
359280,101224,29.91,-0.00,0.02,1.01,0
359320,101220,29.77,-0.01,0.01,1.01,0
359360,101220,29.79,0.00,-0.01,0.98,0
359400,101219,29.78,0.01,0.02,0.97,0
359440,101221,29.80,-0.00,-0.01,1.00,0
359480,101218,29.81,-0.00,-0.00,1.00,0
359520,101218,29.77,0.03,0.03,1.02,0
359560,101219,29.69,0.02,-0.00,1.01,0
359600,101218,29.75,0.01,-0.01,1.02,0
359640,101221,29.81,-0.01,-0.00,0.99,0
359680,101220,29.78,-0.00,-0.01,0.99,0
359720,101219,29.78,-0.00,-0.00,0.99,0
359760,101219,29.86,-0.01,0.02,1.00,0
359800,101219,29.82,-0.02,0.02,0.97,0
359840,101225,29.76,-0.01,0.01,1.01,0
359880,101220,29.73,0.01,0.01,0.99,0
359920,101218,29.77,-0.00,-0.00,1.01,0
359960,101219,29.82,-0.01,0.00,1.00,0
360000,101222,29.78,-0.02,-0.01,0.99,0
360040,101219,29.76,0.01,-0.01,1.04,0
360080,101219,29.72,0.00,-0.00,0.98,0
360120,101219,29.83,0.00,-0.01,0.99,0
360160,101220,29.72,0.01,0.00,0.99,0
360200,101221,29.83,-0.02,0.00,1.01,0
360240,101221,29.78,0.01,0.01,1.02,0
360280,101214,29.75,0.01,-0.01,0.99,0
360320,101216,29.81,-0.01,0.01,1.01,0
360360,101211,29.82,-0.01,0.00,1.01,0
360400,101222,29.84,0.02,0.01,0.98,0
360440,101223,29.78,0.00,-0.02,0.99,0
360480,101224,29.72,-0.01,0.02,1.00,0
360520,101220,29.73,-0.02,-0.01,1.03,0
360560,101223,29.76,-0.00,0.03,1.01,0
360600,101219,29.76,-0.00,-0.01,1.01,0
360640,101219,29.78,-0.02,-0.02,0.99,0
360680,101215,29.73,0.00,-0.03,1.02,0
360720,101217,29.84,-0.03,-0.01,1.00,0
360760,101218,29.82,0.01,-0.00,1.00,0
360800,101223,29.73,0.01,-0.01,1.00,0
360840,101225,29.75,0.00,0.02,1.01,0
360880,101218,29.74,0.01,0.01,0.98,0
360920,101221,29.76,0.01,-0.01,1.00,0
360960,101220,29.85,0.01,0.02,0.99,0
361000,101217,29.88,-0.03,0.00,1.00,0
361040,101214,29.75,-0.02,-0.00,1.01,0
361080,101217,29.75,0.00,0.00,0.99,0
361120,101215,29.75,0.02,-0.01,1.02,0
361160,101219,29.75,-0.00,0.00,1.02,0
361200,101219,29.77,0.01,-0.01,1.02,0
361240,101219,29.75,0.01,0.01,0.98,0
361280,101219,29.85,-0.01,-0.01,0.98,0
361320,101221,29.75,-0.00,0.01,1.03,0
361360,101217,29.80,-0.02,0.01,0.98,0
361400,101222,29.82,-0.01,-0.01,0.98,0
361440,101214,29.84,0.00,-0.00,0.97,0
361480,101220,29.76,-0.01,0.01,1.02,0
361520,101221,29.84,0.02,0.01,0.99,0
361560,101217,29.80,-0.02,0.01,1.01,0
361600,101214,29.73,0.01,-0.00,0.97,0
361640,101222,29.79,0.01,-0.01,1.00,0
361680,101217,29.82,-0.01,-0.01,0.98,0
361720,101222,29.81,0.00,0.02,1.01,0
361760,101222,29.79,-0.02,-0.02,0.99,0
361800,101219,29.77,0.01,-0.00,1.00,0
361840,101219,29.85,0.00,0.01,1.00,0
361880,101223,29.82,-0.00,0.02,1.00,0
361920,101221,29.83,0.02,-0.00,0.99,0
361960,101217,29.83,0.02,0.02,1.00,0
362000,101220,29.88,-0.00,-0.00,1.01,0
362040,101221,29.79,-0.01,-0.01,1.04,0
362080,101220,29.82,0.01,-0.01,0.99,0
362120,101220,29.79,0.00,0.01,0.98,0
362160,101219,29.81,0.01,0.01,0.96,0
362200,101219,29.85,-0.01,-0.01,1.02,0
362240,101216,29.88,-0.01,-0.00,0.99,0
362280,101215,29.77,-0.01,-0.02,1.00,0
362320,101223,29.87,-0.01,-0.01,1.00,0
362360,101217,29.78,-0.00,0.00,1.01,0
362400,101220,29.81,0.01,0.01,1.02,0
362440,101215,29.78,-0.01,0.01,0.98,0
362480,101220,29.75,0.01,-0.01,0.99,0
362520,101217,29.83,0.00,0.01,1.01,0
362560,101229,29.73,0.02,0.01,0.97,0
362600,101216,29.77,-0.00,0.02,1.00,0
362640,101216,29.80,0.01,0.00,0.99,0
362680,101222,29.82,0.00,0.01,0.99,0
362720,101223,29.81,0.01,-0.01,0.98,0
362760,101213,29.88,-0.03,0.01,0.98,0
362800,101220,29.83,0.01,-0.01,1.00,0
362840,101222,29.78,-0.00,0.00,1.01,0
362880,101216,29.82,-0.00,0.01,1.02,0
362920,101222,29.77,0.02,0.01,1.00,0
362960,101218,29.83,0.00,-0.03,0.99,0
363000,101216,29.74,0.01,0.01,1.03,0
363040,101218,29.87,0.01,0.01,1.00,0
363080,101218,29.82,0.01,0.02,1.00,0
363120,101215,29.79,0.01,0.01,0.99,0
363160,101227,29.73,-0.01,0.01,1.01,0
363200,101218,29.82,0.02,-0.02,0.99,0
363240,101217,29.83,0.02,-0.02,1.03,0
363280,101222,29.80,-0.01,-0.01,1.01,0
363320,101219,29.94,-0.00,0.02,0.99,0
363360,101224,29.84,0.01,0.00,0.98,0
363400,101219,29.79,-0.02,-0.01,1.03,0
363440,101220,29.83,-0.01,-0.01,0.99,0
363480,101220,29.70,-0.00,-0.01,1.00,0
363520,101220,29.82,-0.01,0.02,1.00,0
363560,101219,29.71,0.01,-0.00,0.98,0
363600,101219,29.84,-0.00,0.00,0.98,0
363640,101225,29.77,-0.00,-0.01,1.00,0
363680,101217,29.83,0.01,0.01,1.00,0
363720,101218,29.78,-0.01,-0.01,0.99,0
363760,101218,29.87,-0.01,0.02,0.99,0
363800,101221,29.77,-0.00,-0.01,0.98,0
363840,101221,29.75,0.01,0.01,0.97,0
364200,101220,29.83,0.01,-0.00,1.01,0
364240,101215,29.74,0.00,0.00,1.04,0
364280,101219,29.76,0.00,-0.01,1.02,0
364320,101224,29.83,0.01,0.00,0.97,0
364360,101218,29.78,-0.00,-0.01,0.99,0
364400,101221,29.94,-0.01,0.01,1.00,0
364440,101219,29.81,0.02,0.00,0.98,0
364480,101217,29.82,-0.01,0.02,1.01,0
364520,101216,29.81,0.01,0.01,0.99,0
364560,101218,29.81,-0.00,0.00,1.00,0
364600,101223,29.88,-0.01,0.01,0.99,0
364640,101222,29.76,-0.00,0.00,0.99,0
364680,101217,29.75,-0.01,0.01,1.01,0
364720,101222,29.66,-0.01,-0.00,1.00,0
364760,101219,29.85,0.00,-0.01,1.00,0
364800,101217,29.77,0.02,0.00,0.99,0
364840,101221,29.77,-0.00,0.00,1.01,0
364880,101216,29.81,0.02,-0.00,1.02,0
364920,101214,29.91,0.01,-0.01,1.01,0
364960,101223,29.76,-0.00,-0.01,1.00,0
365000,101213,29.88,-0.00,0.02,1.00,0
365040,101221,29.76,0.00,-0.01,1.00,0
365080,101214,29.92,0.02,-0.01,0.99,0
365120,101219,29.76,-0.00,-0.00,1.00,0
365160,101219,29.74,-0.00,-0.01,0.98,0
365200,101218,29.86,-0.01,0.02,0.98,0
365240,101212,29.84,0.00,0.02,1.04,0
365280,101219,29.94,0.01,0.01,1.02,0
365320,101219,29.87,-0.01,-0.02,0.99,0
365360,101216,29.76,0.01,0.01,1.00,0
365400,101219,29.78,0.01,0.01,1.01,0
365440,101222,29.86,-0.01,-0.01,1.02,0
365480,101217,29.79,0.02,0.03,1.00,0
365520,101220,29.87,0.00,0.00,1.00,0
365560,101216,29.87,0.00,0.00,0.97,0
365600,101220,29.81,-0.00,-0.01,0.98,0
365640,101221,29.80,0.02,0.00,0.98,0
365680,101227,29.75,0.00,0.01,1.00,0
365720,101222,29.85,-0.00,0.01,1.01,0
365760,101221,29.74,0.02,0.01,0.98,0
365800,101224,29.83,0.00,-0.01,0.99,0
365840,101216,29.87,-0.01,0.00,1.00,0
365880,101223,29.79,-0.00,0.01,1.00,0
365920,101217,29.78,0.01,-0.00,0.98,0
365960,101217,29.85,0.02,0.00,1.02,0
366000,101223,29.87,-0.00,0.01,0.99,0
366040,101220,29.84,-0.01,0.00,1.00,0
366080,101223,29.88,-0.00,-0.00,1.04,0
366120,101215,29.82,0.00,0.00,0.98,0
366160,101220,29.81,0.01,0.02,1.00,0
366200,101218,29.87,-0.01,-0.00,1.01,0
366240,101218,29.81,-0.00,-0.01,1.02,0
366280,101213,29.83,0.00,0.01,0.99,0
366320,101222,29.87,-0.02,-0.01,1.01,0
366360,101220,29.72,-0.02,-0.00,1.01,0
366400,101216,29.86,0.01,-0.01,1.00,0
366440,101215,29.82,0.01,0.00,0.99,0
366480,101216,29.79,0.01,0.00,0.99,0
366520,101224,29.84,-0.00,0.02,0.99,0
366560,101219,29.80,-0.00,-0.02,0.98,0
366600,101218,29.76,-0.01,-0.00,1.03,0
366640,101221,29.90,-0.02,-0.01,1.02,0
366680,101219,29.80,0.00,0.00,1.02,0
366720,101220,29.91,0.01,0.00,1.00,0
366760,101221,29.84,0.00,-0.02,0.99,0
366800,101220,29.75,0.00,0.01,1.01,0
366840,101222,29.78,0.01,-0.02,1.01,0
366880,101215,29.82,-0.00,0.01,1.02,0
366920,101219,29.79,-0.00,-0.00,1.01,0
366960,101218,29.74,-0.02,0.03,1.01,0
367000,101219,29.83,-0.00,-0.00,0.98,0
367040,101219,29.81,-0.00,-0.01,0.99,0
367080,101217,29.80,0.03,0.01,0.98,0
367120,101218,29.81,0.00,-0.01,1.01,0
367160,101222,29.93,-0.03,0.01,1.00,0
367200,101217,29.76,-0.01,-0.03,0.98,0
367240,101215,29.91,-0.01,-0.03,1.01,0
367280,101221,29.90,0.02,-0.02,0.99,0
367320,101222,29.82,0.01,-0.01,1.01,0
367360,101218,29.89,-0.00,0.01,1.02,0
367400,101220,29.82,0.01,-0.01,1.00,0
367440,101216,29.83,-0.00,0.01,1.00,0
367480,101218,29.83,0.00,0.01,0.98,0
367520,101223,29.78,-0.00,0.01,0.99,0
367560,101222,29.86,-0.01,-0.00,1.01,0
367600,101220,29.83,-0.01,0.01,1.00,0
367640,101218,29.80,-0.03,0.02,0.99,0
367680,101214,29.83,0.00,-0.02,1.01,0
367720,101220,29.88,-0.01,0.00,1.03,0
367760,101221,29.78,-0.01,-0.00,1.00,0
367800,101222,29.78,0.00,-0.01,1.02,0
367840,101225,29.89,0.02,0.02,1.00,0
367880,101220,29.81,0.02,0.01,1.01,0
367920,101222,29.78,0.01,0.01,0.99,0
367960,101216,29.87,-0.00,0.00,1.01,0
368000,101223,29.81,0.00,-0.01,1.01,0
368040,101222,29.84,0.03,-0.01,1.00,0
368080,101223,29.76,-0.02,-0.01,1.01,0
368120,101221,29.75,-0.01,0.02,1.02,0
368160,101221,29.83,0.01,-0.01,1.03,0
368200,101224,29.84,0.01,0.00,1.00,0
368240,101217,29.75,-0.00,0.04,1.01,0
368280,101221,29.88,0.00,0.00,1.02,0
368320,101222,29.81,-0.01,0.01,1.01,0
368360,101217,29.83,0.01,0.01,1.00,0
368400,101215,29.85,0.00,-0.00,1.00,0
368440,101220,29.86,-0.02,-0.00,1.00,0
368480,101219,29.86,0.01,-0.01,1.01,0
368520,101221,29.89,0.00,-0.01,1.00,0
368560,101221,29.83,0.01,-0.00,1.01,0
368600,101217,29.80,0.02,-0.01,1.00,0
368640,101220,29.88,0.00,-0.02,1.00,0
368680,101223,29.91,-0.03,0.00,0.97,0
368720,101218,29.79,-0.02,0.01,1.01,0
368760,101218,29.87,0.04,-0.01,1.00,0
368800,101216,29.88,-0.02,0.00,0.98,0
368840,101222,29.89,0.01,0.00,0.99,0
368880,101225,29.74,-0.01,0.01,0.98,0
368920,101215,29.84,-0.01,0.02,0.98,0
368960,101221,29.90,-0.01,-0.01,1.01,0
369000,101222,29.83,-0.02,-0.01,1.00,0
369040,101217,29.83,0.01,0.00,1.00,0
369080,101218,29.87,-0.01,-0.01,0.97,0
369120,101216,29.79,-0.01,-0.02,1.00,0
369160,101217,29.95,0.02,0.00,1.01,0
369200,101220,29.80,0.01,-0.00,1.01,0
369240,101221,29.81,0.01,0.01,1.02,0
369280,101219,29.82,-0.01,0.01,1.00,0
369320,101222,29.89,0.02,-0.01,1.01,0
369360,101220,29.83,-0.00,0.01,1.01,0
369400,101215,29.92,0.01,0.02,1.01,0
369440,101224,29.75,0.00,-0.01,1.00,0
369480,101223,29.86,0.00,0.02,0.99,0
369520,101217,29.81,0.01,0.01,1.01,0
369560,101225,29.85,0.00,0.01,1.01,0
369600,101221,29.87,-0.01,-0.03,1.00,0
369640,101219,29.88,-0.01,-0.01,1.02,0
369680,101225,29.89,0.01,-0.00,0.99,0
369720,101211,29.86,-0.02,-0.01,1.03,0
369760,101214,29.89,-0.01,0.01,1.01,0
369800,101221,29.82,0.01,-0.02,0.99,0
369840,101218,29.82,0.02,-0.00,0.99,0
369880,101216,29.82,-0.00,0.02,1.01,0
369920,101224,29.84,-0.00,0.01,0.97,0
369960,101221,29.70,-0.00,-0.01,1.00,0
370000,101215,29.86,-0.02,0.01,1.00,0
370040,101217,29.78,0.00,-0.01,1.01,0
370080,101222,29.76,-0.02,0.03,0.99,0
370120,101225,29.86,0.01,0.02,1.02,0
370160,101213,29.81,0.01,0.01,1.02,0
370200,101220,29.90,-0.01,-0.01,1.02,0
370240,101218,29.79,0.01,0.01,0.98,0
370280,101214,29.84,-0.01,0.02,0.99,0
370320,101218,29.88,-0.00,0.02,1.01,0
370360,101214,29.89,0.00,0.02,0.99,0
370400,101217,29.90,0.01,0.00,1.00,0
370440,101224,29.75,0.01,0.01,1.03,0
370480,101221,29.87,-0.01,0.01,0.98,0
370520,101221,29.81,0.00,-0.02,1.02,0
370560,101221,29.87,-0.00,-0.01,1.02,0
370600,101220,29.85,0.03,-0.01,1.00,0
370640,101222,29.82,-0.01,0.00,1.00,0
370680,101215,29.97,-0.00,0.01,1.00,0
370720,101218,29.80,-0.01,0.02,1.01,0
370760,101222,29.90,-0.01,0.02,1.00,0
370800,101217,29.81,-0.01,-0.00,1.01,0
370840,101218,29.87,0.02,0.01,0.98,0
370880,101223,29.89,-0.03,0.00,1.00,0
370920,101224,29.81,0.02,0.00,1.00,0
370960,101217,29.81,0.01,-0.01,0.98,0
371000,101216,29.84,0.01,-0.01,1.03,0
371040,101221,29.84,0.01,0.01,1.02,0
371080,101220,29.83,0.01,0.02,0.99,0
371120,101217,29.82,-0.02,-0.00,0.99,0
371160,101221,29.91,-0.02,-0.01,0.97,0
371200,101221,29.78,0.01,-0.01,0.99,0
371240,101219,29.92,0.01,0.00,1.01,0
371280,101228,29.86,0.03,0.01,1.01,0
371320,101223,29.91,0.02,0.01,1.00,0
371360,101222,29.82,0.01,-0.01,1.03,0
371400,101222,29.85,0.00,0.00,0.98,0
371440,101228,29.79,0.01,0.01,1.01,0
371480,101222,29.78,0.00,-0.01,1.01,0
371520,101217,29.85,-0.00,-0.00,1.01,0
371560,101220,29.90,-0.02,-0.01,0.98,0
371600,101219,29.81,0.01,-0.00,0.96,0
371640,101217,29.87,0.01,0.03,1.00,0
371680,101220,29.86,0.03,0.01,1.00,0
371720,101220,29.91,-0.00,-0.00,0.98,0
371760,101219,29.96,0.01,-0.00,0.98,0
371800,101217,29.83,-0.04,0.02,0.98,0
371840,101222,29.87,0.01,0.01,1.00,0
371880,101214,29.83,0.02,0.02,0.99,0
371920,101222,29.89,0.01,-0.01,1.01,0
371960,101219,29.89,-0.01,0.00,1.00,0
372000,101220,29.85,0.01,0.01,1.03,0
372040,101212,29.76,-0.01,-0.00,1.00,0
372080,101224,29.91,-0.02,0.00,0.97,0
372120,101214,29.93,0.00,-0.01,0.99,0
372160,101216,29.83,-0.00,-0.00,0.99,0
372200,101221,29.85,0.01,0.01,0.99,0
372240,101217,29.81,-0.01,0.02,1.02,0
372280,101218,29.82,-0.00,0.01,1.00,0
372320,101212,29.86,-0.02,0.00,1.02,0
372360,101218,29.85,-0.01,0.01,1.01,0
372400,101220,29.83,-0.02,0.00,0.98,0
372440,101221,29.91,0.01,-0.00,1.00,0
372480,101218,29.80,-0.00,-0.02,1.02,0
372520,101220,29.81,-0.01,-0.02,1.00,0
372560,101220,29.93,0.00,-0.00,1.00,0
372600,101217,29.95,-0.01,-0.00,1.00,0
372640,101217,29.90,-0.01,-0.00,1.00,0
372680,101225,29.91,0.01,-0.01,0.99,0
372720,101216,29.84,0.00,-0.00,1.01,0
372760,101223,29.90,-0.02,0.01,0.99,0
372800,101219,29.89,-0.00,-0.00,1.01,0
372840,101223,29.92,-0.01,0.01,1.02,0
372880,101217,29.84,0.01,0.01,0.98,0
372920,101221,29.81,-0.01,-0.01,1.02,0
372960,101220,29.81,0.02,-0.01,0.98,0
373000,101218,29.84,-0.01,-0.00,1.00,0
373040,101220,29.81,-0.00,0.01,0.99,0
373080,101216,29.97,-0.00,-0.01,1.03,0
373120,101219,29.82,0.01,0.01,1.02,0
373160,101218,29.86,-0.02,0.01,1.00,0
373200,101221,29.79,0.00,-0.01,1.00,0
373240,101219,29.86,0.01,0.00,0.99,0
373280,101214,29.92,0.01,0.03,1.01,0
373320,101218,29.88,0.01,-0.00,1.01,0
373360,101219,29.86,0.02,-0.00,0.98,0
373400,101216,29.84,0.02,0.01,0.98,0
373440,101223,29.87,-0.00,0.03,1.00,0
373480,101220,29.88,0.00,-0.02,1.00,0
373520,101221,29.85,-0.00,-0.02,1.01,0
373560,101216,29.90,-0.00,0.01,1.01,0
373600,101218,29.91,-0.00,-0.02,0.97,0
373640,101222,29.87,-0.01,0.01,0.98,0
373680,101214,29.87,0.01,-0.00,0.97,0
373720,101220,29.83,0.01,-0.00,0.97,0
373760,101219,29.89,-0.01,0.01,1.01,0
373800,101217,29.94,0.00,-0.00,0.98,0
373840,101219,29.81,0.01,-0.00,1.00,0
373880,101215,29.89,-0.02,-0.00,1.01,0
373920,101220,29.94,0.01,0.03,1.00,0
373960,101215,29.86,-0.00,-0.00,1.00,0
374000,101215,29.83,-0.01,-0.00,0.99,0
374040,101223,29.87,0.00,-0.00,1.00,0
374080,101217,29.92,-0.02,-0.00,0.99,0
374120,101212,29.96,0.01,0.01,1.00,0
374160,101222,29.86,0.01,-0.02,1.02,0
374200,101216,29.79,-0.01,0.01,0.99,0
374240,101208,29.90,0.01,-0.01,1.02,0
374280,101219,29.78,0.00,-0.01,1.00,0
374320,101222,29.89,-0.01,0.03,1.02,0
374360,101220,29.97,0.01,0.00,1.00,0
374400,101224,29.92,-0.02,-0.01,0.98,0
374440,101218,29.91,-0.01,0.00,1.00,0
374480,101221,29.85,-0.00,0.00,1.01,0
374520,101216,29.91,-0.02,-0.00,1.02,0
374560,101219,29.98,0.01,0.01,1.01,0
374600,101224,29.81,-0.01,-0.00,0.99,0
374640,101220,29.90,-0.01,-0.02,0.98,0
374680,101219,29.81,0.03,0.01,1.00,0
374720,101213,29.84,0.01,-0.00,0.97,0
374760,101218,29.82,-0.00,-0.00,0.99,0
374800,101215,29.81,-0.01,0.01,1.00,0
374840,101221,29.92,-0.01,-0.00,0.99,0
374880,101216,29.89,0.01,-0.01,1.00,0
374920,101220,29.80,0.01,-0.00,1.01,0
374960,101216,29.89,0.01,0.01,0.98,0
375000,101225,29.88,0.00,0.01,0.98,0
375040,101215,29.88,0.00,-0.00,0.99,0
375080,101219,29.82,0.01,-0.01,0.98,0
375120,101227,29.85,-0.02,-0.01,0.99,0
375160,101219,29.86,-0.01,-0.00,0.99,0
375200,101216,29.87,-0.01,-0.01,1.00,0
375240,101221,29.90,-0.00,-0.01,1.01,0
375280,101222,29.79,0.02,0.00,1.02,0
375320,101221,29.95,-0.03,-0.01,1.01,0
375360,101213,29.94,-0.02,-0.01,1.01,0
375400,101219,29.86,0.00,-0.00,1.01,0
375440,101212,29.91,0.01,0.00,1.00,0
375480,101225,29.96,-0.01,-0.02,0.98,0
375520,101219,29.95,-0.02,0.01,0.98,0
375560,101217,29.89,0.00,-0.01,1.00,0
375600,101221,29.97,0.01,0.02,1.01,0
375640,101220,29.95,0.01,-0.00,1.01,0
375680,101215,29.96,0.00,0.00,1.01,0
375720,101224,29.96,-0.01,0.02,0.99,0
375760,101218,29.87,0.01,-0.01,1.02,0
375800,101213,29.90,0.01,-0.01,0.99,0
375840,101223,29.89,-0.01,0.00,1.03,0
375880,101224,29.92,0.00,0.00,1.02,0
375920,101223,29.83,-0.03,-0.01,1.00,0
375960,101220,29.90,-0.00,-0.01,1.00,0
376000,101216,29.99,-0.00,0.01,0.98,0
376040,101222,29.86,-0.00,0.01,1.00,0
376080,101225,29.88,0.00,-0.01,1.03,0
376120,101221,29.90,0.00,-0.01,1.01,0
376160,101224,29.90,-0.01,-0.00,0.96,0
376200,101216,29.88,-0.00,-0.02,0.99,0
376240,101222,29.95,-0.01,0.01,0.97,0
376280,101222,29.90,-0.01,-0.01,1.01,0
376320,101214,29.91,-0.02,-0.02,1.01,0
376360,101213,29.87,0.01,0.00,1.02,0
376400,101216,29.94,-0.01,0.01,1.00,0
376440,101219,29.89,0.00,0.01,0.96,0
376480,101220,29.91,-0.00,0.01,1.03,0
376520,101218,29.89,-0.00,0.00,0.99,0
376560,101218,29.95,0.01,-0.00,0.98,0
376600,101218,29.95,0.00,0.02,0.97,0
376640,101219,29.93,-0.00,-0.01,1.01,0
376680,101220,29.98,-0.00,-0.00,0.98,0
376720,101220,29.91,-0.01,0.00,1.01,0
376760,101218,29.93,0.01,0.03,0.99,0
376800,101219,29.84,0.01,0.00,0.98,0
376840,101217,29.92,0.02,-0.02,1.00,0
376880,101221,29.84,0.02,0.01,1.00,0
376920,101217,29.94,-0.01,0.00,0.99,0
376960,101224,29.83,0.02,-0.01,0.99,0
377000,101219,29.85,0.01,-0.01,1.01,0
377040,101219,29.88,-0.01,-0.02,0.98,0
377080,101216,29.75,-0.01,0.01,1.01,0
377120,101217,29.94,-0.01,-0.02,1.00,0
377160,101219,29.87,0.01,-0.00,1.00,0
377200,101219,29.85,0.01,-0.01,1.03,0
377240,101217,29.88,-0.00,-0.01,0.99,0
377280,101215,29.91,0.02,0.00,1.00,0
377320,101219,29.85,-0.00,0.02,0.99,0
377360,101219,29.90,-0.00,0.01,0.99,0
377400,101220,29.81,-0.01,-0.01,0.99,0
377440,101223,29.81,0.00,-0.02,1.02,0
377480,101218,29.94,0.01,0.00,1.00,0
377520,101212,29.97,0.00,0.00,1.00,0
377560,101218,29.85,-0.00,-0.02,0.97,0
377600,101213,29.88,-0.02,-0.00,0.99,0
377640,101214,29.97,-0.01,0.00,1.01,0
377680,101222,29.78,0.01,-0.00,1.01,0
377720,101220,29.95,-0.01,-0.01,1.02,0
377760,101217,29.90,-0.01,0.02,0.99,0
377800,101217,29.96,0.02,0.01,1.02,0
377840,101218,29.91,-0.01,-0.00,1.00,0
377880,101213,29.91,-0.00,0.02,0.99,0
377920,101220,29.88,0.01,-0.01,1.01,0
377960,101217,29.96,-0.01,-0.01,1.00,0
378000,101224,29.91,-0.01,-0.01,0.97,0
378040,101215,29.89,0.01,0.00,0.99,0
378080,101222,29.98,-0.01,0.01,1.01,0
378120,101216,29.89,0.02,0.00,1.00,0
378160,101222,29.90,0.01,0.01,1.01,0
378200,101215,29.91,0.02,0.01,0.99,0
378240,101221,29.88,0.01,-0.00,1.01,0
378280,101217,29.93,-0.01,0.01,1.01,0
378320,101216,29.90,0.01,-0.00,1.02,0
378360,101218,29.84,0.00,-0.01,0.99,0
378400,101220,29.99,0.01,-0.00,0.99,0
378440,101220,29.94,-0.01,-0.01,0.99,0
378480,101224,29.91,0.00,-0.01,0.99,0
378520,101221,29.91,0.00,0.01,1.00,0
378560,101210,29.91,-0.00,-0.00,1.02,0
378600,101217,29.93,0.01,-0.01,0.97,0
378640,101212,29.86,-0.00,0.01,1.00,0
378680,101217,29.89,0.00,0.01,1.01,0
378720,101220,29.95,0.00,-0.01,0.98,0
378760,101214,29.86,0.01,0.02,0.99,0
378800,101215,29.99,0.00,0.00,1.00,0
378840,101219,29.93,-0.01,0.00,1.00,0
378880,101218,29.78,-0.00,0.02,1.01,0
378920,101224,29.88,0.00,0.01,0.99,0
378960,101219,29.94,-0.00,-0.01,1.00,0
379000,101220,29.81,-0.00,-0.01,1.02,0
379040,101224,29.82,0.00,0.01,1.01,0
379080,101217,29.84,-0.02,0.01,0.99,0
379120,101218,29.88,0.00,-0.00,1.00,0
379160,101215,29.88,-0.00,-0.03,0.99,0
379200,101219,29.92,-0.01,-0.00,1.01,0
379240,101222,29.87,0.01,0.01,1.01,0
379280,101223,29.94,-0.01,-0.01,1.01,0
379320,101218,29.91,0.02,0.01,1.01,0
379360,101216,29.92,-0.00,0.00,1.00,0
379400,101216,29.91,0.01,0.01,1.00,0
379440,101214,29.84,-0.02,-0.01,0.97,0
379480,101219,29.85,-0.01,-0.02,0.99,0
379520,101223,29.87,-0.02,-0.00,0.98,0
379560,101211,29.91,-0.02,-0.01,1.01,0
379600,101211,29.86,0.01,0.02,1.01,0
379640,101223,29.84,0.01,0.02,1.01,0
379680,101213,29.99,0.02,-0.02,1.01,0
379720,101219,29.93,-0.00,-0.00,1.01,0
379760,101214,30.04,-0.00,0.01,0.99,0
379800,101221,29.94,0.01,-0.01,0.98,0
379840,101221,29.96,0.01,0.01,1.03,0
379880,101219,29.91,0.02,0.00,0.99,0
379920,101221,29.90,0.01,-0.01,1.00,0
379960,101219,30.00,-0.00,0.01,1.02,0
380000,101220,29.91,0.00,-0.01,0.99,0
380040,101224,29.95,0.01,-0.01,1.02,0
380080,101222,29.92,-0.01,-0.01,1.01,0
380120,101216,29.82,0.01,0.01,1.02,0
380160,101216,29.84,0.01,0.01,0.99,0
380200,101218,29.94,0.00,-0.02,1.01,0
380240,101218,29.91,-0.02,0.00,1.00,0
380280,101219,29.94,0.01,-0.00,0.98,0
380320,101216,29.97,0.02,-0.01,1.01,0
380360,101220,29.93,0.00,0.01,1.00,0
380400,101219,30.04,-0.01,0.00,0.97,0
380440,101220,29.93,-0.01,-0.03,1.00,0
380480,101218,29.94,-0.01,0.00,0.99,0
380520,101220,29.92,-0.03,0.01,0.98,0
380560,101215,29.91,-0.00,-0.00,1.01,0
380600,101223,29.87,-0.00,0.03,1.02,0
380640,101219,29.94,0.01,0.01,0.99,0
380680,101220,29.86,-0.00,-0.01,1.01,0
380720,101220,29.85,-0.00,-0.00,1.02,0
380760,101222,29.94,-0.00,-0.01,1.03,0
380800,101221,29.92,0.00,0.00,1.00,0
380840,101219,29.89,0.02,0.02,1.00,0
380880,101218,29.97,0.00,-0.01,1.01,0
380920,101213,30.00,0.01,-0.01,1.02,0
380960,101219,29.96,0.00,0.01,0.99,0
381000,101217,29.93,0.01,-0.00,0.99,0
381040,101217,29.95,0.03,-0.02,1.00,0
381080,101226,29.84,-0.00,-0.02,1.00,0
381120,101212,29.86,-0.01,-0.01,1.02,0
381160,101219,29.91,0.00,-0.00,1.00,0
381200,101222,29.89,0.00,-0.02,1.02,0
381240,101221,29.91,-0.00,0.01,1.00,0
381280,101222,29.97,-0.01,-0.01,0.98,0
381320,101214,29.81,-0.01,-0.02,1.00,0
381360,101215,29.81,0.00,0.01,0.98,0
381400,101220,29.95,-0.00,0.00,0.99,0
381440,101217,29.77,-0.01,0.02,1.01,0
381480,101224,29.89,-0.00,-0.00,1.01,0
381520,101219,29.93,-0.00,0.01,1.01,0
381560,101219,29.88,-0.00,-0.01,1.00,0
381600,101220,29.84,0.00,0.03,1.01,0
381640,101217,29.91,-0.01,-0.02,0.97,0
381680,101219,29.87,-0.01,0.01,0.98,0
381720,101216,29.88,-0.01,0.01,1.00,0
381760,101218,29.93,0.01,0.02,1.00,0
381800,101217,29.90,0.00,0.01,1.00,0
381840,101219,30.00,0.01,-0.01,1.00,0
381880,101214,29.90,0.00,0.01,1.00,0
381920,101214,29.97,-0.03,-0.00,1.00,0
381960,101220,29.82,-0.00,-0.01,0.99,0
382000,101219,29.90,0.02,-0.01,0.98,0
382040,101215,29.97,0.01,0.01,0.97,0
382080,101218,29.93,0.00,0.01,0.99,0
382120,101215,29.94,-0.04,-0.01,1.00,0
382160,101225,29.88,0.01,-0.01,1.00,0
382200,101213,29.95,-0.00,-0.03,1.00,0
382240,101224,29.92,-0.00,0.03,1.00,0
382280,101216,29.97,0.00,-0.00,1.03,0
382320,101220,29.90,0.01,-0.01,1.00,0
382360,101217,29.91,0.01,-0.00,1.02,0
382400,101217,29.93,-0.01,0.00,1.02,0
382440,101221,29.96,-0.01,0.01,0.96,0
382480,101221,29.95,0.01,0.00,1.00,0
382520,101217,29.92,-0.01,-0.02,0.99,0
382560,101215,29.90,-0.00,-0.02,1.02,0
382600,101225,29.99,0.02,0.00,1.02,0
382640,101223,29.90,0.01,0.00,0.98,0
382680,101219,29.91,-0.00,-0.01,1.01,0
382720,101217,29.94,-0.01,-0.01,1.02,0
382760,101219,29.97,-0.00,0.01,1.01,0
382800,101219,29.88,0.00,-0.00,1.01,0
382840,101222,29.89,-0.02,-0.01,0.98,0
382880,101215,29.94,-0.02,0.01,1.00,0
382920,101215,29.99,0.01,-0.01,1.01,0
382960,101216,29.99,0.01,0.01,1.00,0
383000,101222,29.93,0.02,-0.01,1.01,0
383040,101224,29.92,-0.02,0.01,1.03,0
383080,101218,29.99,0.03,0.02,1.02,0
383120,101220,29.94,-0.00,0.00,1.00,0
383160,101223,29.93,-0.00,0.00,1.00,0
383200,101217,29.87,-0.02,-0.00,1.03,0
383240,101215,29.99,0.00,0.00,1.02,0
383280,101222,29.84,0.02,-0.02,1.01,0
383320,101220,29.87,0.02,0.01,1.02,0
383360,101218,29.84,-0.00,0.02,0.98,0
383400,101223,30.01,0.00,-0.00,1.03,0
383440,101219,29.89,0.00,-0.00,0.99,0
383480,101213,30.03,-0.02,0.00,1.01,0
383520,101219,29.85,0.00,-0.00,0.99,0
383560,101218,29.89,0.03,0.00,1.01,0
383600,101224,29.78,-0.01,-0.01,0.99,0
383640,101218,29.92,0.02,-0.00,1.00,0
383680,101218,29.96,0.04,-0.01,1.00,0
383720,101220,30.04,0.01,-0.01,1.01,0
383760,101219,29.91,0.01,-0.02,0.99,0
383800,101214,29.84,0.01,0.02,1.03,0
383840,101219,29.90,-0.01,0.00,1.00,0
383880,101217,30.00,0.02,-0.03,1.00,0
383920,101223,29.92,-0.01,-0.00,1.00,0
383960,101226,29.94,-0.01,-0.03,0.99,0
384000,101215,29.87,0.02,0.02,1.00,0
384400,101222,29.99,0.00,-0.02,0.98,0
384440,101222,29.91,-0.01,0.00,1.01,0
384480,101213,29.94,0.01,0.00,0.99,0
384520,101213,29.90,0.01,0.00,1.01,0
384560,101219,29.95,-0.01,0.04,1.02,0
384600,101222,29.97,-0.01,-0.02,1.01,0
384640,101221,30.01,0.00,0.01,1.00,0
384680,101219,29.87,0.01,0.00,1.01,0
384720,101220,30.03,0.02,-0.00,1.01,0
384760,101219,29.90,-0.01,-0.02,1.00,0
384800,101216,30.01,0.01,-0.01,1.01,0
384840,101224,29.96,0.00,0.03,1.01,0
384880,101218,29.97,0.01,0.01,0.99,0
384920,101215,29.85,-0.00,-0.00,0.97,0
384960,101217,29.89,0.01,-0.01,0.99,0
385000,101213,29.93,-0.01,-0.00,1.01,0
385040,101218,29.96,0.00,0.01,1.01,0
385080,101222,29.92,0.01,0.01,1.01,0
385120,101214,30.03,0.01,-0.00,1.01,0
385160,101222,29.99,-0.00,-0.02,1.00,0
385200,101225,29.97,-0.01,-0.00,1.01,0
385240,101219,29.88,0.02,-0.00,1.02,0
385280,101214,29.99,-0.00,-0.00,1.02,0
385320,101215,29.99,-0.01,-0.00,1.00,0
385360,101217,29.91,0.02,0.01,1.02,0
385400,101214,29.99,0.01,0.01,1.05,0
385440,101214,29.97,-0.00,-0.01,0.99,0
385480,101217,29.92,0.00,-0.01,0.98,0
385520,101218,29.91,-0.01,0.01,1.01,0
385560,101220,29.99,-0.02,-0.00,1.01,0
385600,101214,29.89,0.00,-0.01,1.00,0
385640,101224,30.08,0.00,-0.02,0.99,0
385680,101221,29.96,0.01,-0.01,1.01,0
385720,101221,29.98,0.00,-0.02,0.98,0
385760,101216,29.92,0.01,-0.00,1.02,0
385800,101224,30.05,-0.01,-0.00,0.99,0
385840,101217,29.95,-0.00,0.01,1.00,0
385880,101224,29.92,0.01,-0.00,0.99,0
385920,101222,29.85,-0.01,0.01,1.00,0
385960,101215,30.00,-0.01,-0.01,0.98,0
386000,101217,29.94,-0.02,-0.01,1.01,0
386040,101224,30.02,0.02,-0.01,1.01,0
386080,101221,29.93,-0.00,0.01,0.99,0
386120,101218,29.82,0.02,0.02,0.98,0
386160,101219,29.95,0.01,0.02,1.00,0
386200,101219,29.94,0.01,0.01,1.00,0
386240,101216,29.98,0.01,0.01,1.03,0
386280,101217,29.99,-0.02,0.00,1.01,0
386320,101216,29.96,-0.00,-0.00,0.99,0
386360,101217,29.96,-0.00,-0.00,0.99,0
386400,101220,29.94,0.00,0.01,0.99,0
386440,101215,29.88,0.00,-0.00,1.00,0
386480,101220,29.89,-0.02,-0.02,0.99,0
386520,101218,29.93,-0.03,-0.01,1.00,0
386560,101220,29.91,-0.01,0.02,1.01,0
386600,101221,29.93,0.00,0.01,0.99,0
386640,101222,29.85,0.01,-0.00,0.99,0
386680,101220,30.05,0.01,-0.01,1.01,0
386720,101220,29.94,-0.02,0.03,0.98,0
386760,101217,29.92,-0.00,0.02,1.03,0
386800,101220,29.96,0.00,0.03,1.03,0
386840,101215,29.93,0.00,-0.01,0.99,0
386880,101217,29.96,0.02,-0.01,0.96,0
386920,101220,29.86,-0.02,-0.01,1.00,0
386960,101218,29.85,-0.03,0.00,1.00,0
387000,101219,29.90,-0.00,-0.00,1.01,0
387040,101215,30.00,-0.03,-0.01,1.01,0
387080,101222,29.97,-0.01,-0.00,0.99,0
387120,101216,29.91,-0.01,-0.02,0.98,0
387160,101219,29.93,-0.01,0.01,0.99,0
387200,101218,29.84,0.00,-0.01,1.00,0
387240,101221,29.94,-0.02,-0.02,1.01,0
387280,101217,29.88,0.00,0.01,0.99,0
387320,101215,29.91,-0.00,-0.01,1.00,0
387360,101212,29.88,-0.01,-0.01,1.00,0
387400,101217,29.96,-0.02,0.00,0.98,0
387440,101214,29.89,0.00,-0.04,0.99,0
387480,101220,29.95,0.00,0.01,1.00,0
387520,101223,29.94,0.00,-0.00,0.99,0
387560,101211,29.95,0.01,0.02,1.01,0
387600,101214,29.98,-0.00,-0.01,0.98,0
387640,101219,29.94,0.01,0.01,1.00,0
387680,101222,29.90,0.00,0.00,1.00,0
387720,101219,30.00,0.01,0.02,1.01,0
387760,101219,30.06,-0.00,-0.00,1.00,0
387800,101220,29.90,0.00,0.01,0.99,0
387840,101220,29.93,-0.03,0.02,0.99,0
387880,101223,29.97,0.01,-0.00,1.01,0
387920,101220,29.99,-0.00,0.01,1.02,0
387960,101214,29.97,0.01,0.01,1.02,0
388000,101216,29.96,-0.00,-0.01,1.00,0
388040,101219,30.02,0.01,-0.01,1.00,0
388080,101215,29.90,-0.01,-0.01,0.97,0
388120,101217,29.89,-0.01,-0.01,1.01,0
388160,101216,29.94,-0.01,0.01,1.00,0
388200,101216,29.88,0.01,-0.00,1.00,0
388240,101220,29.95,-0.01,0.00,1.00,0
388280,101217,29.88,0.01,0.00,0.98,0
388320,101214,29.96,-0.01,0.01,0.98,0
388360,101216,30.01,-0.01,0.01,1.01,0
388400,101218,30.06,0.00,0.00,1.01,0
388440,101225,30.02,0.00,0.01,1.04,0
388480,101219,30.02,0.00,0.02,1.01,0
388520,101223,29.98,0.00,-0.02,1.00,0
388560,101219,29.97,0.02,0.02,0.98,0
388600,101211,29.94,-0.01,0.00,1.00,0
388640,101219,30.00,-0.02,0.01,1.01,0
388680,101215,29.98,0.01,-0.02,0.98,0
388720,101214,29.95,0.01,0.01,0.99,0
388760,101214,29.96,-0.00,-0.02,1.02,0
388800,101224,30.01,0.01,-0.02,1.00,0
388840,101213,29.94,0.01,-0.02,1.01,0
388880,101216,29.96,0.01,-0.01,1.00,0
388920,101222,29.94,-0.02,-0.01,1.01,0
388960,101220,30.01,-0.01,-0.01,1.00,0
389000,101212,29.97,-0.00,-0.01,1.00,0
389040,101217,30.08,0.00,0.01,0.97,0
389080,101216,29.98,-0.01,0.02,1.01,0
389120,101217,30.02,-0.00,0.00,0.97,0
389160,101220,29.96,-0.02,0.01,1.00,0
389200,101216,29.85,-0.03,-0.01,1.01,0
389240,101217,29.98,-0.02,-0.01,1.02,0
389280,101223,29.97,0.01,0.01,1.02,0
389320,101212,30.01,0.03,-0.01,1.00,0
389360,101217,29.97,-0.01,0.00,0.99,0
389400,101219,30.07,0.00,-0.00,1.01,0
389440,101214,29.90,0.01,0.01,1.00,0
389480,101216,29.86,0.00,-0.00,1.00,0
389520,101214,30.01,-0.00,0.03,1.01,0
389560,101218,30.00,0.01,0.02,1.00,0
389600,101216,29.91,0.01,0.00,0.98,0
389640,101220,30.05,0.03,0.01,1.01,0
389680,101221,29.92,-0.02,-0.00,1.01,0
389720,101218,29.91,-0.01,0.01,1.00,0
389760,101217,29.98,-0.01,0.01,1.01,0
389800,101219,29.95,-0.01,0.00,1.00,0
389840,101218,29.97,0.01,0.01,1.00,0
389880,101214,29.94,0.01,0.02,0.99,0
389920,101221,30.02,0.02,-0.01,0.98,0
389960,101218,29.95,0.01,-0.02,1.01,0
390000,101220,29.94,0.01,-0.01,1.03,0
390040,101213,29.99,0.00,0.00,1.03,0
390080,101221,29.90,0.01,0.02,0.98,0
390120,101225,29.95,-0.00,-0.00,1.00,0
390160,101220,30.10,-0.00,-0.01,1.03,0
390200,101213,29.97,-0.01,0.01,1.01,0
390240,101218,29.97,-0.00,0.00,1.01,0
390280,101218,29.97,0.02,-0.01,0.99,0
390320,101218,29.94,0.00,-0.01,1.03,0
390360,101217,30.03,0.01,-0.01,1.01,0
390400,101219,29.96,0.02,-0.01,0.98,0
390440,101216,29.91,0.00,0.01,0.99,0
390480,101218,29.93,0.03,-0.00,1.02,0
390520,101216,29.93,-0.01,0.01,1.00,0
390560,101218,29.95,-0.01,-0.00,0.99,0
390600,101221,30.04,0.00,0.01,1.00,0
390640,101216,29.86,0.01,0.01,0.99,0
390680,101220,30.00,-0.01,0.02,1.01,0
390720,101215,30.11,0.01,-0.01,0.99,0
390760,101217,29.93,0.02,-0.01,1.00,0
390800,101217,29.96,-0.01,0.00,1.00,0
390840,101222,30.04,0.01,0.02,1.01,0
390880,101215,29.95,-0.00,-0.02,1.00,0
390920,101222,29.88,-0.01,0.00,1.00,0
390960,101213,30.00,-0.00,-0.00,1.01,0
391000,101217,30.02,0.00,0.02,0.99,0
391040,101221,30.04,0.01,0.01,1.03,0
391080,101220,29.98,-0.00,0.00,0.99,0
391120,101214,29.88,-0.02,0.00,0.98,0
391160,101214,30.01,-0.00,0.00,1.03,0
391200,101220,29.96,0.01,0.01,1.01,0
391240,101214,29.92,-0.01,-0.01,0.98,0
391280,101220,29.92,0.00,0.01,1.01,0
391320,101216,30.07,-0.01,-0.00,0.98,0
391360,101218,30.01,0.00,0.00,1.02,0
391400,101225,29.94,-0.02,0.03,0.98,0
391440,101223,29.95,-0.02,-0.01,0.97,0
391480,101220,29.98,-0.00,-0.01,0.99,0
391520,101213,30.02,-0.00,0.02,1.02,0
391560,101219,30.02,0.02,-0.01,0.99,0
391600,101218,29.98,0.00,-0.02,0.99,0
391640,101217,29.96,-0.01,0.02,1.02,0
391680,101222,29.94,-0.01,-0.00,1.00,0
391720,101212,29.88,-0.01,-0.01,0.97,0
391760,101219,30.05,0.00,0.00,1.03,0
391800,101218,30.09,-0.01,0.01,1.00,0
391840,101215,29.97,-0.02,-0.02,1.03,0
391880,101223,29.95,-0.01,0.01,1.01,0
391920,101214,30.01,0.00,0.01,1.00,0
391960,101218,30.03,-0.01,0.02,1.01,0
392000,101218,29.95,-0.01,0.00,1.02,0
392040,101211,29.92,0.01,-0.01,1.00,0
392080,101213,30.03,-0.03,-0.02,1.01,0
392120,101214,29.94,-0.00,0.00,1.04,0
392160,101220,29.96,-0.01,-0.01,1.02,0
392200,101221,29.95,-0.00,-0.00,1.00,0
392240,101219,29.99,0.01,0.01,0.98,0
392280,101218,29.98,-0.00,-0.01,0.97,0
392320,101210,29.92,0.03,0.01,1.00,0
392360,101218,29.97,-0.03,-0.00,1.00,0
392400,101216,29.97,-0.01,0.01,0.98,0
392440,101221,29.92,0.01,-0.01,1.02,0
392480,101222,30.00,-0.00,0.02,1.01,0
392520,101225,30.05,-0.00,-0.01,0.98,0
392560,101220,29.96,0.01,0.01,0.99,0
392600,101220,30.04,-0.00,0.02,0.99,0
392640,101214,29.98,-0.02,0.03,0.99,0
392680,101218,30.00,-0.01,0.00,1.00,0
392720,101214,30.02,-0.01,0.01,1.02,0
392760,101220,29.95,0.01,0.00,0.97,0
392800,101214,30.03,-0.00,0.01,1.00,0
392840,101217,30.00,0.01,0.01,0.99,0
392880,101215,29.91,-0.00,0.00,1.00,0
392920,101216,29.94,0.00,0.02,0.97,0
392960,101219,29.94,-0.00,0.01,1.01,0
393000,101216,30.03,0.02,0.02,1.00,0
393040,101218,29.97,-0.02,0.01,1.02,0
393080,101214,29.99,0.01,-0.00,1.00,0
393120,101222,29.95,0.02,0.02,0.98,0
393160,101215,30.00,0.00,0.00,1.02,0
393200,101221,29.98,0.01,-0.00,1.04,0
393240,101224,29.96,-0.01,0.01,0.98,0
393280,101210,29.96,-0.00,-0.00,1.00,0
393320,101214,30.00,-0.00,0.01,1.00,0
393360,101217,30.03,0.01,0.01,0.98,0
393400,101221,29.96,0.01,0.00,0.98,0
393440,101216,30.03,0.01,0.00,0.99,0
393480,101219,30.03,-0.00,-0.00,1.01,0
393520,101215,29.96,0.01,-0.00,1.01,0
393560,101219,29.92,-0.01,-0.01,0.98,0
393600,101214,30.06,-0.00,0.01,0.98,0
393640,101220,29.97,0.02,0.02,1.00,0
393680,101208,30.02,-0.02,0.01,1.01,0
393720,101211,30.03,0.00,-0.01,0.98,0
393760,101223,29.95,-0.01,0.01,1.02,0
393800,101218,29.92,-0.01,-0.01,0.99,0
393840,101215,30.02,0.01,0.00,0.99,0
393880,101225,30.00,-0.01,-0.01,1.00,0
393920,101221,30.01,-0.01,0.00,1.01,0
393960,101221,30.05,-0.00,-0.01,1.00,0
394000,101216,30.01,-0.01,-0.00,1.00,0
394040,101219,29.93,0.00,-0.01,1.01,0
394080,101219,29.93,-0.01,0.01,0.99,0
394120,101212,29.94,0.01,-0.01,1.00,0
394160,101219,30.04,-0.01,-0.00,1.00,0
394200,101217,30.05,-0.01,-0.01,1.00,0
394240,101222,30.00,0.01,-0.01,1.00,0
394280,101222,29.94,0.01,-0.01,1.01,0
394320,101215,30.03,-0.00,-0.02,1.00,0
394360,101215,30.04,-0.02,-0.00,0.99,0
394400,101218,29.90,-0.02,0.01,0.96,0
394440,101220,30.01,-0.02,-0.00,1.00,0
394480,101216,29.97,-0.02,-0.03,1.02,0
394520,101217,29.94,-0.01,-0.01,1.02,0
394560,101219,30.03,-0.01,-0.01,1.00,0
394600,101219,29.98,0.01,-0.01,1.01,0
394640,101221,29.99,-0.02,0.00,1.02,0
394680,101218,30.00,-0.01,0.03,0.99,0
394720,101214,29.93,0.00,-0.01,1.00,0
394760,101212,29.96,0.02,-0.00,1.01,0
394800,101220,29.95,-0.00,-0.01,0.99,0
394840,101216,30.04,0.01,-0.02,0.99,0
394880,101216,30.05,-0.01,0.00,1.00,0
394920,101216,30.01,-0.01,0.01,1.00,0
394960,101212,29.98,-0.00,0.01,1.01,0
395000,101216,30.06,0.03,-0.01,0.99,0
395040,101209,29.96,0.00,0.00,0.97,0
395080,101216,30.05,0.00,-0.01,1.00,0
395120,101214,29.90,-0.01,0.00,1.01,0
395160,101223,30.00,-0.01,-0.01,1.00,0
395200,101219,30.07,-0.00,-0.01,0.98,0
395240,101217,30.00,-0.03,-0.01,0.99,0
395280,101218,30.04,-0.00,0.01,1.01,0
395320,101220,29.94,0.00,-0.01,1.03,0
395360,101215,30.04,-0.00,0.00,1.01,0
395400,101217,29.96,-0.01,-0.01,1.00,0
395440,101216,30.03,-0.00,0.01,0.98,0
395480,101225,30.05,0.01,0.02,0.97,0
395520,101218,29.98,0.02,-0.00,0.97,0
395560,101211,30.00,-0.00,-0.01,1.00,0
395600,101220,29.95,0.02,-0.02,1.01,0
395640,101226,30.06,-0.01,0.00,0.97,0
395680,101214,30.06,0.00,0.02,0.99,0
395720,101229,30.05,0.01,0.00,1.01,0
395760,101217,30.05,-0.02,0.02,1.00,0
395800,101221,29.97,0.01,0.01,0.99,0
395840,101215,29.97,-0.02,0.01,1.01,0
395880,101216,29.97,0.00,-0.00,1.01,0
395920,101213,30.01,-0.01,-0.00,0.98,0
395960,101214,30.01,-0.01,0.00,0.99,0
396000,101210,29.96,-0.01,-0.01,1.04,0
396040,101221,30.00,-0.01,-0.02,1.01,0
396080,101213,29.95,0.01,0.01,0.99,0
396120,101218,30.02,0.02,-0.01,0.98,0
396160,101218,29.99,-0.01,0.00,0.99,0
396200,101215,29.98,0.01,-0.02,1.00,0
396240,101217,29.97,-0.01,-0.01,0.98,0
396280,101217,30.03,-0.00,0.01,0.99,0
396320,101216,29.94,-0.01,-0.00,0.98,0
396360,101217,29.93,0.03,0.01,1.00,0
396400,101217,29.94,-0.03,-0.00,0.98,0
396440,101214,29.96,0.02,-0.02,1.02,0
396480,101213,30.09,-0.00,-0.00,1.01,0
396520,101214,30.04,-0.01,-0.01,1.00,0
396560,101218,30.00,-0.02,-0.01,1.01,0
396600,101222,30.03,-0.00,0.00,1.00,0
396640,101222,30.02,0.01,-0.02,1.01,0
396680,101218,29.97,-0.00,0.01,0.99,0
396720,101220,29.86,0.01,-0.02,1.00,0
396760,101218,29.99,0.00,-0.01,1.01,0
396800,101221,30.04,-0.01,0.00,1.00,0
396840,101218,30.07,0.01,0.01,0.99,0
396880,101218,29.94,0.00,-0.00,0.98,0
396920,101216,30.05,0.00,-0.00,1.00,0
396960,101217,30.04,0.01,-0.01,0.99,0
397000,101223,30.00,-0.03,0.01,0.98,0
397040,101213,29.99,0.00,0.01,1.00,0
397520,101209,30.01,0.00,-0.00,1.02,0
397560,101219,30.12,-0.01,-0.00,1.01,0
397600,101219,29.93,-0.01,0.00,1.00,0
397640,101218,30.07,-0.00,-0.01,1.00,0
397680,101214,30.08,-0.02,-0.01,1.01,0
397720,101215,29.95,-0.04,-0.01,1.01,0
397760,101215,30.07,0.02,0.02,0.99,0
397800,101219,29.96,0.02,0.00,1.02,0
397840,101214,29.97,0.01,0.01,1.01,0
397880,101222,30.03,0.02,0.02,1.01,0
397920,101218,29.98,-0.02,-0.01,1.03,0
397960,101210,29.97,0.02,0.03,0.98,0
398000,101223,30.03,0.03,0.00,0.99,0
398040,101218,29.97,0.01,-0.01,1.00,0
398080,101215,29.95,0.01,-0.01,1.00,0
398120,101217,30.13,0.02,0.00,0.98,0
398160,101211,30.06,0.01,0.01,1.00,0
398200,101218,30.17,-0.00,0.01,1.01,0
398240,101209,30.03,0.02,-0.02,1.02,0
398280,101214,30.01,-0.02,0.04,1.00,0
398320,101222,29.99,-0.01,0.02,1.00,0
398360,101221,30.03,0.01,-0.01,1.04,0
398400,101216,30.07,-0.00,-0.01,0.99,0
398440,101214,29.98,0.02,0.00,1.00,0
398480,101220,30.01,0.03,-0.01,0.99,0
398520,101217,29.98,-0.01,-0.02,1.01,0
398560,101218,30.08,0.01,0.01,0.99,0
398600,101219,30.00,0.01,0.03,1.02,0
398640,101213,29.99,0.01,-0.03,1.01,0
398680,101220,30.07,-0.01,-0.01,1.02,0
398720,101210,29.96,-0.01,-0.01,1.01,0
398760,101222,30.02,0.01,0.00,1.01,0
398800,101212,29.89,-0.01,-0.01,1.01,0
398840,101215,30.09,-0.00,-0.01,0.98,0
398880,101215,29.95,-0.01,0.01,0.98,0
398920,101219,29.98,-0.00,-0.01,0.99,0
398960,101219,30.01,-0.01,-0.01,1.01,0
399000,101218,30.12,0.00,0.01,1.02,0
399040,101219,30.06,0.01,-0.01,1.00,0
399080,101219,29.93,-0.00,-0.01,1.02,0
399120,101217,30.01,0.00,-0.00,1.01,0
399160,101211,30.07,-0.01,0.02,1.04,0
399200,101209,30.00,-0.01,0.01,1.01,0
399240,101209,30.02,-0.02,-0.01,1.00,0
399280,101217,30.06,0.02,0.01,1.01,0
399320,101216,30.02,0.01,-0.01,0.99,0
399360,101216,30.07,-0.03,0.01,1.01,0
399400,0,29.97,-0.01,-0.00,1.01,0
399440,101216,30.09,-0.01,0.02,1.01,0
399480,101214,30.03,-0.01,0.02,1.01,0
399520,101212,30.00,-0.00,0.01,0.98,0
399560,101211,30.07,-0.00,-0.01,1.02,0
399600,101221,30.00,-0.01,0.02,1.02,0
399640,101220,29.93,0.01,0.02,0.98,0
399680,101212,30.03,0.00,0.01,0.98,0
399720,101216,30.01,-0.01,0.02,0.99,0
399760,101218,30.04,0.00,0.00,0.99,0
399800,101222,30.08,-0.01,0.01,1.01,0
399840,101215,30.07,-0.02,0.00,1.00,0
399880,101217,30.08,0.02,0.00,1.01,0
399920,101221,30.11,-0.02,-0.01,1.01,0
399960,101211,30.06,0.01,0.01,1.01,0
400000,101214,30.02,-0.01,0.02,1.00,0
400040,101217,30.01,0.01,0.03,1.00,0
400080,101214,30.00,0.00,-0.01,0.99,0
400120,101224,30.04,0.00,0.01,1.00,0
400160,101220,30.08,0.01,-0.01,1.02,0
400200,101218,29.98,0.01,0.02,1.01,0
400240,101214,30.01,-0.03,-0.00,1.01,0
400280,101220,30.04,-0.01,0.02,1.01,0
400320,101219,30.04,0.02,-0.01,1.02,0
400360,101215,30.02,0.01,-0.00,1.00,0
400400,101215,30.08,0.01,-0.00,0.99,0
400440,101212,29.96,-0.01,0.01,1.01,0
400480,101217,30.06,-0.01,-0.01,1.02,0
400520,101220,30.09,0.01,-0.02,1.01,0
400560,101220,29.99,0.01,-0.01,0.99,0
400600,101219,30.05,-0.01,0.01,1.00,0
400640,101220,30.02,-0.00,0.01,1.01,0
400680,101215,30.06,-0.00,0.01,1.00,0
400720,101215,30.03,0.01,0.00,1.00,0
400760,101221,30.02,0.00,0.00,1.02,0
400800,101218,30.07,-0.01,-0.00,1.00,0
400840,101214,29.95,-0.01,-0.00,1.02,0
400880,101218,29.93,0.00,0.00,0.99,0
400920,101220,29.96,-0.00,-0.01,1.00,0
400960,101219,30.10,0.01,-0.01,1.00,0
401000,101217,30.08,-0.01,-0.00,0.99,0
401040,101215,30.06,0.01,-0.00,1.01,0
401080,101218,30.02,0.00,-0.00,1.00,0
401120,101222,30.02,0.01,-0.01,1.00,0
401160,101217,30.04,0.01,-0.00,1.01,0
401200,101215,30.05,0.00,0.02,1.01,0
401240,101218,30.05,0.01,-0.00,1.01,0
401280,101213,30.00,-0.02,0.00,0.98,0
401320,101218,30.07,-0.00,0.03,1.00,0
401360,101216,30.02,0.00,-0.02,1.02,0
401400,101220,29.89,-0.01,-0.01,1.00,0
401440,101217,29.99,-0.02,-0.01,1.00,0
401480,101220,30.08,-0.01,0.01,1.00,0
401520,101224,30.09,0.00,0.00,1.02,0
401560,101216,30.00,-0.00,0.01,0.99,0
401600,101214,30.04,-0.02,0.02,1.01,0
401640,101218,30.02,0.03,0.02,0.97,0
401680,101216,30.05,0.01,0.00,1.02,0
401720,101217,30.11,-0.02,-0.01,1.01,0
401760,101215,30.11,-0.00,-0.02,0.99,0
401800,101219,30.12,0.00,-0.00,0.98,0
401840,101217,29.96,0.01,-0.01,1.02,0
401880,101210,30.05,0.00,0.01,1.00,0
401920,101216,30.06,0.02,0.01,0.98,0
401960,101218,30.03,-0.03,-0.01,1.02,0
402000,101221,30.12,0.00,-0.01,1.02,0
402040,101215,30.03,-0.00,0.00,1.01,0
402080,101214,29.99,-0.00,-0.00,1.02,0
402120,101221,30.06,-0.01,-0.01,1.00,0
402160,101215,30.03,0.01,-0.03,0.99,0
402200,101217,30.11,-0.02,0.00,0.97,0
402240,101218,30.02,0.01,0.02,1.02,0
402280,101219,29.94,-0.01,-0.01,0.98,0
402320,101217,30.01,0.00,-0.01,0.99,0
402360,101213,29.96,-0.02,0.01,1.00,0
402400,101220,30.09,-0.00,-0.00,1.03,0
402440,101215,30.06,-0.02,-0.01,0.99,0
402480,101215,30.08,0.00,0.01,0.99,0
402520,101223,30.03,0.02,0.01,0.98,0
402560,101220,30.06,0.02,0.02,0.97,0
402600,101213,30.02,0.00,-0.01,0.99,0
402640,101215,29.96,-0.00,0.01,1.00,0
402680,101216,30.11,-0.00,0.01,1.00,0
402720,101214,30.00,0.01,0.00,1.00,0
402760,101210,29.94,0.03,0.01,1.01,0
402800,101219,30.10,-0.02,0.01,1.01,0
402840,101219,30.07,0.01,-0.02,1.01,0
402880,101217,30.06,0.02,-0.00,1.01,0
402920,101215,30.07,0.01,0.00,1.00,0
402960,101217,30.05,0.00,0.01,0.98,0
403000,101219,30.03,-0.00,0.00,1.00,0
403040,101213,29.96,0.01,-0.01,0.99,0
403080,101216,30.06,0.01,0.00,1.01,0
403120,101215,30.06,0.01,0.00,0.98,0
403160,101219,30.05,-0.01,0.00,1.00,0
403200,101217,30.02,-0.02,0.02,0.95,0
403240,101212,29.99,0.01,-0.00,1.00,0
403280,101215,30.05,0.01,-0.02,0.99,0
403320,101222,30.08,0.02,0.00,1.03,0
403360,101213,29.97,0.00,0.01,1.02,0
403400,101217,29.96,-0.01,-0.02,0.98,0
403440,101214,30.01,-0.03,-0.00,1.00,0
403480,101221,30.11,-0.02,0.02,0.99,0
403520,101216,30.07,-0.00,0.00,0.98,0
403560,101215,30.06,0.01,0.02,0.98,0
403600,101213,30.00,0.00,0.01,1.01,0
403640,101216,29.99,0.04,0.02,1.01,0
403680,101219,30.01,-0.02,-0.01,0.99,0
403720,101219,30.00,0.01,-0.00,1.00,0
403760,101212,30.04,0.00,0.01,1.00,0
403800,101222,30.04,-0.01,-0.01,0.98,0
403840,101216,30.04,-0.02,-0.00,1.00,0
403880,101213,30.06,0.01,-0.00,1.01,0
403920,101217,29.99,-0.02,-0.01,1.00,0
403960,101214,30.06,0.01,0.01,0.98,0
404000,101215,30.06,0.01,-0.01,0.99,0
404040,101214,30.06,0.01,0.02,1.01,0
404080,101216,29.97,0.02,0.04,0.99,0
404120,101215,30.03,-0.00,-0.00,1.01,0
404160,101211,30.03,-0.02,-0.01,0.99,0
404200,101218,30.04,0.02,0.02,1.00,0
404240,101215,30.08,-0.01,-0.01,0.98,0
404280,101220,30.02,-0.03,-0.02,1.03,0
404320,101218,29.97,-0.00,-0.01,0.98,0
404360,101219,30.05,0.00,0.00,1.00,0
404400,101217,30.01,-0.01,-0.01,1.02,0
404440,101221,29.92,0.00,-0.01,1.03,0
404480,101215,30.08,-0.00,0.02,1.01,0
404520,101213,30.00,0.01,0.01,1.00,0
404560,101218,30.07,-0.02,-0.03,0.97,0
404600,101207,30.08,0.00,0.00,1.01,0
404640,101215,30.11,-0.01,-0.00,0.99,0
404680,101217,30.05,-0.01,-0.01,1.02,0
404720,101215,30.05,0.00,-0.00,1.02,0
404760,101221,30.04,-0.01,-0.01,1.01,0
404800,101219,30.02,-0.03,-0.01,1.00,0
404840,101217,29.98,0.01,0.00,1.00,0
404880,101215,30.16,0.00,-0.01,1.00,0
404920,101220,30.10,0.01,-0.00,0.98,0
404960,101214,30.12,0.01,-0.00,1.02,0
405000,101215,30.15,-0.00,0.02,1.02,0
405040,101219,30.04,0.00,0.00,0.99,0
405080,101218,30.03,-0.00,-0.00,0.98,0
405120,101223,30.02,-0.01,0.01,1.00,0
405160,101216,29.97,0.00,-0.01,0.99,0
405200,101210,30.07,0.01,-0.01,1.02,0
405240,101219,30.05,-0.01,0.01,1.02,0
405280,101221,30.00,-0.01,-0.01,1.01,0
405320,101216,30.06,0.01,-0.03,0.99,0
405360,101222,30.04,-0.01,-0.00,0.98,0
405400,101222,30.06,-0.00,0.01,1.02,0
405440,101214,30.03,0.00,-0.01,1.02,0
405480,101215,29.96,0.01,-0.01,1.01,0
405520,101212,30.13,0.01,0.02,0.98,0
405560,101218,29.95,-0.00,-0.00,0.99,0
405600,101219,30.01,0.01,0.00,1.02,0
405640,101218,30.03,-0.00,0.01,1.02,0
405680,101212,30.09,-0.00,-0.01,1.01,0
405720,101214,30.13,0.01,0.00,1.01,0
405760,101212,30.11,0.00,0.01,1.00,0
405800,101211,30.08,0.02,-0.01,0.99,0
405840,101212,30.07,0.00,-0.01,1.00,0
405880,101211,30.03,-0.01,-0.00,1.02,0
405920,101216,30.06,0.03,0.01,1.01,0
405960,101218,30.15,0.00,-0.00,0.99,0
406000,101218,30.01,0.02,0.01,0.99,0
406040,101216,30.11,0.01,0.02,1.03,0
406080,101214,30.10,0.01,0.00,1.01,0
406120,101216,30.10,-0.01,0.00,1.03,0
406160,101218,30.03,0.01,-0.02,1.00,0
406200,101215,30.02,-0.00,-0.01,0.98,0
406240,101217,30.13,-0.00,0.01,1.02,0
406280,101215,30.12,0.02,0.00,1.01,0
406320,101215,30.00,0.01,0.03,1.00,0
406360,101216,30.10,-0.03,-0.01,0.97,0
406400,101213,29.99,-0.01,0.00,0.98,0
406440,101220,30.11,0.01,0.01,1.01,0
406480,101211,29.98,-0.02,-0.02,1.01,0
406520,101218,30.09,-0.03,0.01,0.99,0
406560,101212,30.00,-0.00,0.01,1.02,0
406600,101221,30.13,-0.01,-0.02,1.01,0
406640,101219,30.08,0.01,0.01,1.00,0
406680,101214,30.04,0.00,-0.03,1.01,0
406720,101215,30.01,-0.01,0.02,1.01,0
406760,101213,30.02,0.01,-0.02,1.00,0
406800,101216,29.97,-0.01,-0.01,0.99,0
406840,101218,30.07,-0.02,-0.02,0.99,0
406880,101225,30.04,0.01,0.00,0.96,0
406920,101212,30.00,0.00,0.03,0.99,0
406960,101220,30.13,0.01,0.01,0.96,0
407000,101214,30.04,-0.01,0.01,0.97,0
407040,101217,30.09,0.00,0.02,1.00,0
407080,101219,30.01,0.01,-0.00,0.98,0
407120,101218,30.05,-0.01,-0.00,0.98,0
407160,101218,30.12,-0.00,-0.01,0.99,0
407200,101216,30.00,0.01,-0.02,1.01,0
407240,101216,30.06,-0.00,0.03,1.00,0
407280,101217,30.14,-0.02,-0.02,1.01,0
407320,101220,30.15,-0.01,0.01,1.01,0
407360,101211,30.12,0.01,-0.01,0.99,0
407400,101215,29.97,-0.01,0.01,0.97,0
407440,101212,30.14,0.00,-0.01,1.01,0
407480,101213,30.07,-0.02,-0.01,1.02,0
407520,101214,30.05,0.01,-0.01,1.01,0
407560,101220,30.05,-0.02,0.00,1.01,0
407600,101223,30.03,0.01,-0.00,0.99,0
407640,101221,30.09,0.00,0.00,0.98,0
407680,101212,30.07,-0.01,-0.00,0.98,0
407720,101216,30.12,0.01,-0.01,1.00,0
407760,101212,30.07,0.01,-0.01,1.01,0
407800,101218,30.20,-0.00,0.01,0.99,0
407840,101220,30.03,-0.00,-0.01,0.98,0
407880,101218,30.15,-0.01,-0.00,0.99,0
407920,101219,30.05,-0.03,0.01,0.99,0
407960,101216,30.11,0.01,-0.01,0.98,0
408000,101210,30.09,-0.01,-0.01,1.00,0
408040,101210,30.09,-0.01,0.01,1.00,0
408080,101216,30.08,0.00,-0.02,0.99,0
408120,101218,30.08,-0.01,-0.01,1.03,0
408160,101220,30.07,0.01,0.00,1.01,0
408200,101215,30.10,-0.01,-0.01,1.00,0
408240,101216,30.06,-0.02,-0.00,0.99,0
408280,101217,30.09,0.00,-0.02,1.03,0
408320,101220,29.95,0.02,-0.00,1.05,0
408360,101216,30.07,0.01,-0.00,0.99,0
408400,101213,29.97,-0.01,-0.01,1.00,0
408440,101220,30.11,0.01,0.00,1.01,0
408480,101218,30.09,0.02,0.03,1.00,0
408520,101217,30.08,0.01,0.00,1.00,0
408560,101212,30.02,-0.01,0.01,1.00,0
408600,101216,30.02,-0.02,-0.01,1.00,0
408640,101211,30.06,-0.01,-0.03,0.99,0
408680,101210,30.07,0.03,-0.00,1.00,0
408720,101215,30.13,0.01,0.01,0.97,0
408760,101215,30.07,0.01,0.01,0.99,0
408800,101218,30.00,0.02,0.01,1.00,0
408840,101221,30.08,-0.01,0.02,1.00,0
408880,101216,30.17,0.00,0.00,1.00,0
408920,101222,30.08,0.01,0.02,1.00,0
408960,101214,30.10,0.01,0.01,1.00,0
409000,101219,30.02,-0.01,-0.00,1.04,0
409040,101212,29.96,0.00,0.01,0.97,0
409080,101217,30.10,-0.01,-0.02,1.00,0
409120,101215,30.08,-0.00,-0.00,0.97,0
409160,101215,30.13,0.00,-0.00,1.01,0
409200,101218,30.02,-0.01,-0.01,1.00,0
409240,101210,30.01,-0.01,-0.01,0.99,0
409280,101216,30.15,-0.01,-0.01,1.01,0
409320,101213,30.08,0.02,-0.01,1.00,0
409360,101216,30.01,0.00,0.01,0.99,0
409400,101217,30.09,0.01,-0.02,0.99,0
409440,101215,30.12,0.00,-0.00,1.00,0
409480,101215,30.07,-0.01,-0.00,1.00,0
409520,101212,30.15,-0.00,-0.01,1.00,0
409560,101218,30.12,0.01,-0.01,1.00,0
409600,101214,30.07,0.00,0.01,1.00,0
409640,101218,30.03,-0.02,-0.01,1.01,0
409680,101211,30.09,-0.02,-0.02,1.00,0
409720,101221,29.99,0.00,-0.00,0.98,0
409760,101213,30.07,-0.01,-0.01,1.00,0
409800,101220,30.01,0.01,0.02,0.99,0
409840,101215,30.13,-0.03,-0.01,0.97,0
409880,101218,30.04,0.03,-0.02,1.02,0
409920,101216,30.10,-0.03,0.01,0.98,0
409960,101218,30.04,0.01,0.01,0.98,0
410000,101216,30.09,-0.00,-0.00,1.02,0
410040,101220,30.08,0.02,-0.00,1.01,0
410080,101218,30.03,-0.01,-0.01,1.00,0
410120,101218,30.03,-0.01,-0.00,0.99,0
410160,101222,30.12,-0.03,-0.01,1.01,0
410200,101214,30.16,0.01,-0.00,1.00,0
410240,101220,30.09,-0.00,-0.00,0.98,0
410280,101216,30.12,-0.00,0.01,1.01,0
410320,101211,30.05,-0.02,-0.00,1.02,0
410360,101218,30.23,-0.00,0.00,0.99,0
410400,101215,30.12,-0.05,0.01,1.01,0
410440,101222,30.06,-0.02,-0.00,1.01,0
410480,101214,29.99,0.01,0.00,0.98,0
410520,101216,30.17,0.00,0.01,0.99,0
410560,101217,30.09,-0.01,-0.03,1.02,0
410600,101210,30.11,-0.01,-0.01,1.00,0
410640,101218,30.16,0.01,0.01,0.97,0
410680,101213,30.02,0.01,0.01,1.01,0
410720,101221,30.11,0.02,0.00,0.95,0
410760,101221,30.06,-0.01,-0.01,1.02,0
410800,101216,30.07,-0.02,-0.01,1.00,0
410840,101211,30.04,0.01,0.01,1.00,0
410880,101217,30.07,-0.02,-0.02,1.00,0
410920,101217,30.09,-0.00,-0.02,0.98,0
410960,101218,30.06,-0.00,0.01,0.98,0
411000,101215,30.07,-0.02,-0.01,1.00,0
411040,101212,30.10,0.00,0.02,0.98,0
411080,101216,30.14,0.01,-0.03,0.99,0
411120,101213,30.02,-0.02,0.01,1.01,0
411160,101222,30.11,-0.00,0.02,1.00,0
411200,101214,30.03,-0.02,-0.00,1.03,0
411240,101214,30.08,-0.01,-0.01,0.99,0
411280,101216,30.09,0.01,0.01,1.00,0
411320,101212,30.18,-0.01,-0.02,1.01,0
411360,101215,30.10,0.01,-0.00,1.01,0
411400,101216,30.05,-0.00,-0.01,1.03,0
411440,101214,30.11,-0.00,0.01,1.00,0
411480,101215,30.01,-0.00,-0.02,0.98,0
411520,101220,30.05,0.03,0.01,1.02,0
411560,101217,30.01,0.00,-0.01,0.98,0
411600,101212,30.03,0.01,-0.02,1.02,0
411640,101215,30.10,0.00,-0.01,1.01,0
411680,101218,30.10,0.01,0.01,1.02,0
411720,101214,30.07,0.02,0.00,1.00,0
411760,101216,30.16,-0.01,-0.01,1.00,0
411800,101216,30.11,-0.01,0.01,0.99,0
411840,101218,30.11,0.01,-0.01,1.00,0
411880,101215,29.97,-0.01,0.00,0.99,0
411920,101215,30.04,-0.02,0.01,1.01,0
411960,101213,30.05,-0.00,-0.02,0.99,0
412000,101217,30.14,-0.00,-0.02,1.00,0
412040,101213,30.15,-0.01,-0.03,1.00,0
412080,101222,30.02,0.01,-0.01,0.98,0
412120,101216,30.13,0.02,0.01,1.01,0
412160,101215,30.05,0.01,0.01,1.01,0
412200,101218,30.11,0.00,-0.00,0.99,0
412240,101218,30.07,-0.01,-0.01,1.01,0
412280,101216,30.15,-0.00,0.00,1.00,0
412320,101216,30.06,0.01,-0.00,1.03,0
412360,101214,30.22,-0.01,-0.01,0.98,0
412400,101213,30.11,-0.00,0.01,0.96,0
412440,101214,30.06,0.01,-0.01,1.01,0
412480,101220,30.10,0.00,0.02,1.03,0
412520,101214,30.12,-0.01,0.03,1.01,0
412560,101215,30.10,-0.01,0.01,0.99,0
412600,101214,30.03,0.00,-0.01,1.00,0
412640,101218,30.07,0.00,0.00,0.97,0
412680,101222,30.09,-0.02,0.01,1.00,0
412720,101213,30.06,0.01,0.00,0.98,0
412760,101218,30.06,-0.01,0.01,1.01,0
412800,101216,30.11,-0.01,-0.01,1.01,0
412840,101215,30.15,-0.02,-0.01,1.01,0
412880,101218,30.14,0.01,-0.00,0.99,0
412920,101212,30.16,-0.01,-0.02,1.01,0
412960,101219,30.11,0.01,-0.00,1.00,0
413000,101217,30.16,-0.02,-0.00,1.03,0
413040,101213,30.07,-0.01,-0.01,1.01,0
413080,101221,30.17,-0.00,0.00,1.01,0
413120,101219,30.09,0.00,0.01,1.00,0
413160,101220,30.11,-0.01,-0.01,1.00,0
413200,101211,30.18,0.01,-0.00,1.01,0
413240,101215,30.08,-0.02,-0.00,1.00,0
413280,101214,30.17,-0.01,0.01,1.01,0
413320,101218,30.08,-0.01,0.01,1.02,0
413360,101220,30.08,0.01,0.02,1.03,0
413400,101210,30.08,-0.01,0.01,0.99,0
413440,101216,29.96,-0.01,-0.01,1.01,0
413480,101215,30.14,-0.00,-0.01,1.02,0
413520,101219,30.07,0.00,0.01,1.00,0
413560,101216,30.06,0.02,-0.01,0.99,0
413600,101212,30.10,0.01,-0.01,1.00,0
413640,101215,30.06,-0.01,0.01,0.98,0
413680,101212,30.17,0.00,0.00,0.99,0
413720,101213,29.98,-0.01,-0.00,0.98,0
413760,101216,30.06,-0.00,0.03,0.99,0
413800,101214,30.09,0.00,-0.00,0.97,0
413840,101217,30.12,0.01,0.01,1.00,0
413880,101211,30.09,0.01,-0.03,1.00,0
413920,101223,29.96,-0.01,0.00,1.00,0
413960,101220,30.04,0.00,-0.02,1.00,0
414000,101218,30.08,-0.01,-0.00,1.02,0
414040,101212,30.20,-0.01,-0.02,1.00,0
414080,101209,30.09,0.00,0.01,1.00,0
414120,101213,30.15,-0.01,0.01,1.01,0
414160,101215,30.07,-0.01,0.01,1.00,0
414200,101223,30.13,0.01,0.01,1.00,0
414240,101220,30.13,0.00,0.01,1.00,0
414280,101214,30.12,-0.01,-0.01,1.02,0
414320,101220,30.18,-0.01,0.02,1.01,0
414360,101220,30.16,0.01,0.01,0.99,0
414400,101216,30.13,-0.02,-0.03,1.00,0
414440,101220,30.13,-0.00,0.01,1.01,0
414480,101217,30.12,0.00,-0.00,0.99,0
414520,101214,30.12,-0.02,-0.00,0.98,0
414560,101212,30.10,0.01,0.02,1.00,0
414600,101215,30.04,0.02,-0.00,1.02,0
414640,101219,30.20,-0.02,-0.00,0.99,0
414680,101211,30.07,-0.01,0.00,0.99,0
414720,101210,30.13,0.00,0.00,1.00,0
414760,101218,30.09,-0.00,-0.00,0.99,0
414800,101207,30.14,0.01,0.02,1.01,0
414840,101222,30.08,-0.02,0.00,0.96,0
414880,101214,30.09,-0.01,0.00,0.98,0
414920,101218,30.09,-0.01,-0.02,0.98,0
414960,101222,30.09,-0.01,-0.04,1.01,0
415000,101211,30.11,0.01,0.02,1.01,0
415040,101212,30.15,-0.01,0.01,1.00,0
415080,101223,30.17,0.01,0.02,1.00,0
415120,101215,30.09,-0.01,-0.02,1.00,0
415160,101215,30.08,0.00,0.00,0.99,0
415200,101216,30.10,-0.01,0.00,1.01,0
415240,101219,30.11,-0.02,0.01,0.99,0
415280,101220,30.07,0.01,0.01,0.98,0
415320,101216,30.08,-0.00,-0.00,0.99,0
415360,101215,30.07,-0.03,0.00,0.99,0
415400,101216,30.21,0.00,-0.01,1.02,0
415440,101217,30.11,-0.01,0.02,1.01,0
415480,101220,30.11,0.01,0.01,1.01,0
415520,101216,30.15,0.01,0.01,1.01,0
415560,101222,30.06,-0.01,0.01,1.00,0
415600,101213,29.99,0.01,-0.01,0.99,0
415640,101217,30.11,-0.00,0.00,1.01,0
415680,101221,30.08,0.00,0.00,1.01,0
415720,101220,30.11,-0.01,0.02,0.98,0
415760,101217,30.12,-0.00,0.02,0.99,0
415800,101213,30.19,0.00,-0.01,0.99,0
415840,101213,30.07,0.01,-0.01,1.01,0
415880,101215,30.16,-0.01,-0.01,0.98,0
415920,101217,30.15,0.00,-0.03,1.00,0
415960,101215,30.16,-0.02,0.00,0.98,0
416000,101211,30.08,0.01,0.01,1.02,0
416040,101213,30.08,0.00,0.00,1.00,0
416080,101217,30.13,0.01,0.00,1.01,0
416120,101218,30.12,-0.01,-0.01,0.98,0
416160,101211,30.14,-0.00,0.01,1.00,0
416200,101214,30.12,0.01,0.02,1.00,0
416240,101210,30.11,0.01,0.00,1.00,0
416280,101214,30.10,-0.00,0.01,1.01,0
416320,101227,30.10,0.01,-0.02,1.00,0
416360,101216,30.20,-0.00,-0.02,1.02,0
416400,101214,30.17,0.01,0.01,1.01,0
416440,101214,30.24,0.02,-0.00,1.00,0
416480,0,30.11,-0.01,-0.01,0.99,0
416520,101210,30.13,-0.02,-0.00,1.02,0
416560,101215,30.14,0.00,0.00,0.99,0
416600,101215,30.10,0.00,0.02,0.99,0
416640,101220,30.08,-0.01,0.01,1.00,0
416680,101210,30.07,-0.00,0.03,0.99,0
416720,101217,30.14,-0.02,-0.00,1.02,0
416760,101220,30.15,-0.00,-0.00,0.99,0
416800,101209,30.15,0.02,-0.00,0.99,0
416840,101218,30.11,0.01,-0.02,1.02,0
416880,101210,30.07,-0.00,0.01,1.02,0
416920,101217,30.16,-0.01,0.01,1.01,0
416960,101220,30.14,0.01,0.01,0.97,0
417000,101216,30.15,-0.01,0.01,1.00,0
417040,101217,30.14,0.00,0.01,1.00,0
417080,101213,30.06,-0.00,-0.02,1.00,0
417120,101217,30.15,0.02,0.01,1.00,0
417160,101219,30.15,-0.00,-0.00,1.00,0
417200,101215,30.12,-0.01,0.00,0.99,0
417240,101215,30.14,-0.01,-0.01,1.00,0
417280,101217,30.08,-0.02,-0.01,1.01,0
417320,101218,30.13,-0.02,-0.01,0.99,0
417360,101210,30.15,-0.00,-0.02,1.01,0
417400,101216,30.11,0.02,-0.01,1.01,0
417440,101213,30.07,-0.01,-0.02,1.01,0
417480,101217,30.06,0.00,-0.02,1.02,0
417520,101219,30.12,-0.01,-0.01,0.99,0
417560,101217,30.26,0.01,0.00,1.03,0
417600,101220,30.07,-0.00,0.01,0.99,0
417640,101212,30.04,-0.01,-0.01,1.01,0
417680,101214,30.05,-0.01,0.00,1.00,0
417720,101212,30.08,-0.01,0.02,0.99,0
417760,101216,30.09,-0.00,-0.02,0.99,0
417800,101216,30.10,-0.00,0.00,0.99,0
417840,101215,30.15,0.01,0.02,0.96,0
417880,101212,30.10,0.01,-0.01,0.98,0
417920,101215,30.13,0.00,0.03,1.00,0
417960,101214,30.17,0.03,-0.01,0.99,0
418000,101218,30.01,0.02,-0.02,0.98,0
418040,101215,30.14,-0.01,0.01,1.00,0
418080,101219,30.11,-0.02,0.01,1.00,0
418120,101216,30.11,0.01,0.00,1.00,0
418160,101209,30.12,0.00,0.01,0.98,0
418200,101215,30.15,-0.02,0.03,0.99,0
418240,101211,30.16,-0.01,-0.03,1.00,0
418280,101219,30.07,0.00,0.01,1.02,0
418320,101220,30.15,0.01,0.01,0.99,0
418360,101215,30.14,0.00,0.01,0.99,0
418400,101217,30.13,-0.01,0.02,1.00,0
418440,101211,30.18,-0.01,-0.01,1.01,0
418480,101208,30.15,-0.01,0.01,0.99,0
418520,101214,30.13,-0.01,-0.02,0.99,0
418560,101215,30.16,0.00,-0.01,1.01,0
418600,101211,30.10,-0.00,0.02,0.99,0
418640,101216,30.16,-0.01,0.01,1.02,0
418680,101217,30.06,0.00,0.01,0.98,0
418720,101218,30.05,-0.00,-0.00,1.00,0
418760,101221,30.14,0.01,-0.00,1.00,0
418800,101218,30.11,0.03,0.02,0.99,0
418840,101214,30.10,0.00,0.01,0.98,0
418880,101216,30.15,-0.00,0.02,1.01,0
418920,101217,30.05,-0.01,0.00,0.99,0
418960,101212,30.05,0.00,-0.02,1.00,0
419000,101220,30.12,0.01,0.00,1.04,0
419040,101218,30.18,0.01,0.01,1.00,0
419080,101215,30.11,0.00,0.01,0.98,0
419120,101213,30.13,0.02,0.01,1.01,0
419160,101228,30.10,0.00,-0.01,0.99,0
419200,101218,30.14,-0.01,-0.01,1.04,0
419240,101219,30.21,0.01,-0.02,1.00,0
419280,101221,30.06,-0.00,0.01,1.00,0
419320,101219,30.14,0.01,-0.01,0.99,0
419360,101216,30.12,0.00,-0.02,0.97,0
419400,101218,30.10,-0.01,0.01,1.00,0
419440,101212,30.08,0.01,0.02,1.01,0
419480,101218,30.17,0.01,-0.01,1.00,0
419520,101210,30.16,0.01,0.02,1.01,0
419560,101217,30.10,-0.01,-0.00,1.03,0
419600,101217,30.10,0.03,-0.01,0.98,0
419640,101210,30.22,-0.02,-0.01,0.99,0
419680,101222,30.16,0.01,0.02,0.99,0
419720,101212,30.13,0.00,-0.01,0.99,0
419760,101219,30.07,-0.02,0.02,1.00,0
419800,101214,30.09,0.00,-0.02,1.01,0
419840,101216,30.13,-0.00,-0.00,0.99,0
419880,101213,30.14,0.01,0.01,1.01,0
419920,101224,30.17,0.02,0.03,0.99,0
419960,101219,30.18,0.03,0.01,1.02,0
420000,101221,30.06,0.02,-0.01,0.98,0
420040,101218,30.15,-0.01,0.01,0.99,0
420080,101218,30.00,-0.00,0.00,1.00,0
420120,101216,30.12,0.00,-0.01,0.99,0
420160,101215,30.05,-0.01,0.02,1.02,0
420200,101217,30.09,0.01,-0.00,0.98,0
420240,101216,30.12,-0.02,0.01,1.00,0
420280,101215,30.04,0.01,-0.01,1.00,0
420320,101211,30.09,-0.01,-0.01,0.98,0
420360,101214,30.19,-0.00,-0.01,0.99,0
420400,101217,30.13,-0.03,0.01,1.02,0
420440,101214,30.09,0.01,-0.00,1.01,0
420480,101217,30.14,0.01,-0.00,1.01,0
420520,101215,30.11,0.00,0.01,1.00,0
420560,101212,30.18,0.00,-0.01,0.99,0
420600,101212,30.20,0.00,0.00,1.00,0
420640,101213,30.10,-0.02,0.01,0.98,0
420680,101214,30.07,-0.01,0.00,0.98,0
420720,101215,30.10,0.00,-0.02,0.99,0
420760,101219,30.02,0.03,-0.01,1.00,0
420800,101212,30.11,0.00,0.01,1.00,0
420840,101209,30.06,0.01,0.01,0.98,0
420880,101218,30.09,0.02,0.01,1.00,0
420920,101214,30.19,0.00,-0.00,1.01,0
420960,101215,30.22,0.00,-0.01,1.00,0
421000,101224,30.12,0.03,0.02,0.99,0
421040,101220,30.06,-0.00,0.01,1.01,0
421080,101217,30.24,-0.00,-0.00,1.02,0
421120,101218,30.05,-0.00,0.01,1.01,0
421160,101216,30.14,-0.01,-0.00,1.02,0
421200,101219,30.11,-0.01,0.01,0.98,0
421240,101213,30.06,-0.00,-0.00,1.02,0
421280,101213,30.11,-0.03,0.01,1.01,0
421320,101214,30.09,-0.02,0.03,1.01,0
421360,101221,30.12,0.01,-0.01,1.00,0
421400,101220,30.12,-0.00,0.00,1.02,0
421440,101213,30.10,-0.00,0.01,0.98,0
421480,101219,30.11,-0.01,0.01,1.00,0
421520,101215,30.18,-0.03,0.02,1.00,0
421560,101219,30.07,0.00,0.02,1.01,0
421600,101214,30.12,-0.00,0.01,0.99,0
421640,101219,30.20,0.01,0.01,0.98,0
421680,101215,30.04,0.01,0.00,0.98,0
421720,101214,30.16,0.01,0.01,0.99,0
421760,101215,30.06,0.01,0.03,1.01,0
421800,101216,30.18,-0.01,-0.00,0.98,0
421840,101213,30.23,0.02,0.00,0.98,0
421880,101211,30.13,0.00,0.01,0.99,0
421920,101221,30.14,0.01,0.00,1.02,0
421960,101214,30.09,-0.01,0.00,1.01,0
422000,101209,30.20,-0.01,-0.00,1.00,0
422040,101208,30.06,-0.01,-0.00,1.00,0
422080,101206,30.10,0.01,-0.01,0.98,0
422120,101213,30.14,-0.01,-0.01,1.00,0
422160,101220,30.11,0.00,0.01,0.99,0
422200,101210,30.11,0.00,0.00,1.00,0
422240,101214,30.10,-0.00,-0.00,0.99,0
422280,101209,30.13,-0.01,0.00,0.99,0
422320,101219,30.15,0.02,-0.02,1.00,0
422360,101217,30.07,-0.00,-0.01,0.99,0
422400,101216,30.15,0.00,-0.00,1.00,0
422440,101220,30.19,0.00,0.00,1.01,0
422480,101221,30.11,0.01,-0.01,1.00,0
422520,101219,30.18,-0.00,0.01,0.99,0
422560,101213,30.13,-0.03,0.01,1.02,0
422600,101211,30.20,0.02,0.01,1.00,0
422640,101212,30.21,0.02,-0.01,0.98,0
422680,101210,30.15,0.02,-0.01,1.02,0
422720,101221,30.17,0.02,-0.00,1.00,0
422760,101215,30.11,-0.00,-0.00,0.99,0
422800,101216,30.08,0.00,0.01,0.99,0
422840,101216,30.00,-0.02,-0.01,1.01,0
422880,101222,30.17,-0.00,0.01,1.00,0
422920,101213,30.18,-0.02,-0.01,1.00,0
422960,101219,30.08,0.01,0.01,0.97,0
423000,101216,30.23,-0.01,0.00,0.99,0
423040,101215,30.10,-0.00,0.02,0.99,0
423080,101209,30.13,0.01,0.00,0.98,0
423120,101218,30.13,-0.01,0.00,0.97,0
423160,101213,30.12,-0.00,-0.00,1.00,0
423200,101214,30.11,0.01,0.00,1.02,0
423240,101216,30.17,-0.00,0.00,1.03,0
423280,101216,30.16,-0.00,-0.02,0.97,0
423320,101219,30.20,0.00,-0.02,1.00,0
423360,101213,30.10,-0.01,-0.02,1.01,0
423400,101216,30.11,-0.02,-0.01,1.02,0
423440,101216,30.02,-0.01,0.02,1.01,0
423480,101215,30.18,-0.02,-0.00,0.99,0
423520,101218,30.12,0.01,-0.02,1.00,0
423560,101214,30.17,-0.02,-0.02,1.01,0
423600,101219,30.15,0.00,-0.01,1.00,0
423640,101213,30.08,0.00,0.00,1.02,0
423680,101211,30.12,-0.02,-0.01,1.01,0
423720,101215,30.11,0.00,0.01,0.99,0
423760,101219,30.17,-0.00,-0.02,1.00,0
423800,101214,30.12,0.02,0.00,1.01,0
423840,101213,30.09,0.00,0.01,0.97,0
423880,101214,30.12,-0.02,-0.00,1.00,0
423920,101216,30.18,0.02,-0.00,1.00,0
423960,101215,30.18,-0.01,-0.00,0.98,0
424000,101216,30.17,0.00,-0.02,0.97,0
424040,101210,30.20,0.00,0.00,1.01,0
424080,101220,30.12,-0.00,0.01,1.01,0
424120,101217,30.22,-0.01,-0.00,0.99,0
424160,101212,30.28,-0.01,-0.00,1.03,0
424200,101220,30.12,0.01,0.00,1.00,0
424240,101217,30.21,-0.00,-0.01,0.99,0
424280,101220,30.16,0.01,-0.00,1.00,0
424320,101211,30.06,-0.00,-0.01,1.00,0
424360,101221,30.25,0.02,0.01,1.00,0
424400,101215,30.16,-0.00,0.01,1.00,0
424440,101208,30.06,0.00,0.02,0.99,0
424480,101218,30.06,-0.00,0.01,1.01,0
424520,101214,30.20,-0.01,0.01,1.01,0
424560,101212,30.13,0.02,0.02,1.01,0
424600,101215,30.12,0.01,-0.01,1.02,0
424640,101209,30.14,0.00,-0.01,1.05,0
424680,101217,30.06,0.00,0.00,1.00,0
424720,101215,30.20,-0.03,-0.01,1.00,0
424760,101214,30.27,0.02,0.01,1.00,0
424800,101220,30.16,0.02,0.01,0.99,0
424840,101215,30.08,0.02,-0.00,1.00,0
424880,101213,30.21,0.01,-0.00,1.01,0
424920,101212,30.21,-0.02,-0.00,1.00,0
424960,101215,30.07,-0.01,0.02,1.01,0
425000,101219,30.10,0.01,0.01,0.99,0
425040,101213,30.08,-0.00,-0.01,1.00,0
425080,101212,30.09,0.00,0.01,1.02,0
425120,101218,30.08,0.01,-0.00,1.02,0
425160,101215,30.12,-0.01,-0.00,0.98,0
425200,101215,30.12,0.00,0.00,1.01,0
425240,101222,30.21,-0.03,0.00,1.00,0
425280,101211,30.09,-0.00,-0.01,1.03,0
425320,101216,30.14,0.00,0.02,1.00,0
425360,101209,30.21,-0.02,0.02,0.99,0
425400,101214,30.15,-0.02,-0.03,1.01,0
425440,101217,30.16,-0.02,0.00,1.01,0
425480,101219,30.14,-0.00,-0.00,1.01,0
425520,101211,30.18,-0.00,-0.02,0.98,0
425560,101218,30.10,0.01,0.00,1.00,0
425600,101218,30.20,0.01,0.00,1.00,0
425640,101215,30.02,-0.00,-0.01,1.02,0
425680,101223,30.15,-0.02,0.00,1.01,0
425720,101215,30.11,0.02,0.02,0.99,0
425760,101212,30.13,-0.00,-0.01,1.01,0
425800,101217,30.17,0.00,0.01,0.98,0
425840,101209,30.14,-0.01,-0.02,1.02,0
425880,101220,30.24,0.01,0.00,0.99,0
425920,101218,30.18,0.01,-0.00,1.00,0
425960,101214,30.26,0.01,-0.00,1.00,0
426000,101217,30.15,-0.01,0.00,1.00,0
426040,101217,30.06,0.01,-0.01,1.00,0
426080,101221,30.14,0.02,-0.00,1.01,0
426120,101213,30.10,-0.00,0.02,1.00,0
426160,101211,30.17,-0.02,0.00,1.01,0
426200,101208,30.19,-0.02,0.00,1.01,0
426240,101214,30.18,-0.01,-0.00,1.01,0
426280,101210,30.10,0.00,-0.01,1.04,0
426320,101215,30.09,0.00,-0.00,1.00,0
426360,101216,30.17,0.01,0.01,0.99,0
426400,101214,30.09,-0.00,-0.01,1.01,0
426440,101212,30.22,-0.00,0.00,0.99,0
426480,101219,30.15,0.00,0.02,0.97,0
426520,101214,30.24,-0.01,-0.00,1.01,0
426560,101216,30.15,-0.00,-0.01,0.99,0
426600,101218,30.17,0.01,-0.01,1.00,0
426640,101211,30.15,0.01,0.01,0.96,0
426680,101212,30.13,0.02,0.03,0.99,0
426720,101223,30.27,0.01,-0.02,1.00,0
426760,101215,30.22,0.02,0.00,1.00,0
426800,101212,30.08,-0.00,-0.02,1.00,0
426840,101214,30.15,0.00,0.02,0.99,0
426880,101213,30.07,-0.02,0.01,0.98,0
426920,101211,30.20,-0.01,0.02,1.00,0
426960,101214,30.11,0.02,0.02,0.99,0
427000,101215,30.17,-0.00,0.02,1.00,0
427040,101215,30.23,0.01,-0.02,1.00,0
427080,101217,30.15,0.01,-0.00,1.01,0
427120,101209,30.09,0.00,-0.00,0.99,0
427160,101210,30.23,-0.01,0.01,1.00,0
427200,101218,30.21,0.02,0.01,0.98,0
427240,101214,30.17,0.02,0.02,1.00,0
427280,101219,30.06,-0.00,-0.02,0.98,0
427320,101216,30.17,0.01,-0.01,0.98,0
427360,101210,30.15,0.01,0.01,1.00,0
427400,101217,30.18,-0.01,-0.01,1.01,0
427440,101212,30.11,0.02,0.00,1.00,0
427480,101216,30.16,0.01,0.01,0.99,0
427520,101219,30.14,0.01,-0.01,1.01,0
427560,101222,30.17,0.02,-0.01,1.03,0
427600,101215,30.16,-0.01,-0.00,1.02,0
427640,101217,30.16,-0.02,-0.01,1.03,0
427680,101216,30.07,-0.02,0.01,1.01,0
427720,101218,30.14,-0.00,0.03,0.98,0
427760,101207,30.19,-0.01,0.02,0.97,0
427800,101214,30.13,0.00,0.01,0.99,0
427840,101216,30.19,0.01,-0.03,1.00,0
427880,101217,30.18,0.01,-0.01,0.98,0
427920,101213,30.09,-0.01,0.00,0.99,0
427960,101218,30.12,-0.01,0.00,1.00,0
428000,101219,30.06,0.01,-0.01,1.01,0
428040,101215,30.15,-0.02,-0.01,0.99,0
428080,101214,30.11,0.02,-0.01,1.01,0
428120,101214,30.10,0.00,0.00,1.01,0
428160,101215,30.17,-0.00,0.02,1.01,0
428200,101219,30.13,-0.00,-0.00,1.01,0
428240,101220,30.25,-0.01,0.01,1.00,0
428280,101220,30.17,-0.00,0.01,1.00,0
428320,101212,30.09,0.01,-0.01,1.02,0
428360,101212,30.11,0.01,-0.01,0.98,0
428400,101218,30.25,0.01,-0.00,0.99,0
428440,101216,30.08,0.00,-0.02,0.97,0
428480,101216,30.16,-0.02,-0.01,1.00,0
428520,101217,30.19,-0.01,0.00,1.01,0
428560,101216,30.07,-0.01,0.02,1.00,0
428600,101215,30.23,0.00,0.02,0.98,0
428640,101212,30.14,0.01,-0.01,0.99,0
428680,101213,30.17,0.01,-0.00,1.02,0
428720,101215,30.11,-0.02,0.01,0.96,0
428760,101216,30.19,0.02,0.01,1.03,0
428800,101214,30.07,-0.01,0.02,0.99,0
428840,101214,30.14,0.00,-0.01,1.01,0
428880,0,30.20,0.01,0.00,0.99,0
428920,101213,30.17,-0.01,0.00,1.02,0
428960,101216,30.29,0.01,0.03,1.00,0
429000,101214,30.22,-0.02,0.02,0.98,0
429040,101212,30.13,0.02,0.02,1.00,0
429080,101210,30.23,-0.01,0.02,1.00,0
429120,101213,30.13,0.02,0.01,1.02,0
429160,101212,30.15,0.00,-0.01,1.02,0
429200,101218,30.24,0.01,0.01,0.97,0
429240,101211,30.22,0.01,-0.00,1.01,0
429280,101214,30.15,0.01,0.01,1.00,0
429320,101217,30.20,0.01,0.00,1.02,0
429360,101215,30.21,0.01,-0.00,1.00,0
429400,101217,30.22,0.01,-0.02,1.01,0
429440,101218,30.17,-0.00,-0.01,0.99,0
429480,101209,30.14,-0.02,-0.01,0.99,0
429520,101214,30.12,0.01,-0.00,0.99,0
429560,101212,30.14,0.01,0.00,0.99,0
429600,101219,30.20,0.00,0.01,1.03,0
429640,101215,30.20,-0.00,0.02,1.00,0
429680,101217,30.20,-0.00,0.01,1.02,0
429720,101220,30.16,-0.01,0.00,1.00,0
429760,101214,30.16,-0.01,0.00,1.02,0
429800,101215,30.14,0.01,0.02,0.98,0
429840,101216,30.19,-0.01,0.01,1.01,0
429880,101214,30.18,-0.00,-0.01,1.00,0
429920,101219,30.18,0.02,0.01,1.01,0
429960,101218,30.22,0.01,0.02,1.00,0
430000,101218,30.15,0.01,-0.01,1.00,0
430040,101215,30.11,-0.02,0.01,1.00,0
430080,101214,30.20,0.00,0.01,1.02,0
430120,101214,30.21,-0.00,0.01,0.99,0
430160,101214,30.15,0.01,0.01,0.97,0
430200,101209,30.12,0.01,-0.01,0.99,0
430240,101216,30.20,0.00,-0.00,0.99,0
430280,101218,30.23,0.00,0.00,0.97,0
430320,101215,30.20,-0.03,0.01,0.99,0
430360,101213,30.12,-0.00,0.00,0.99,0
430400,101215,30.20,0.00,0.00,1.00,0
430440,101216,30.13,-0.01,-0.01,0.99,0
430480,101216,30.12,0.01,0.01,0.99,0
430520,101221,30.12,-0.01,-0.01,1.00,0
430560,101212,30.12,-0.01,0.01,0.99,0
430600,101216,30.21,0.00,0.02,0.98,0
430640,101217,30.17,0.00,-0.02,0.99,0
430680,101215,30.19,-0.01,0.01,0.98,0
430720,101214,30.25,-0.00,0.00,1.02,0
430760,101211,30.27,-0.02,-0.01,0.99,0
430800,101213,30.11,0.01,0.02,0.98,0
430840,101217,30.25,-0.01,0.00,1.02,0
430880,101220,30.17,0.02,0.00,1.00,0
430920,101213,30.20,0.01,0.00,1.04,0
430960,101216,30.20,0.01,-0.01,1.00,0
431000,101216,30.21,-0.00,0.01,0.99,0
431040,101218,30.20,-0.00,0.00,0.99,0
431080,101216,30.12,0.00,0.00,1.01,0
431120,101216,30.19,-0.01,0.00,1.02,0
431160,101218,30.15,0.02,0.01,1.01,0
431200,101211,30.18,-0.01,0.02,1.00,0
431240,101215,30.15,0.00,-0.01,0.99,0
431280,101209,30.29,-0.00,0.00,0.98,0
431320,101208,30.14,-0.01,0.02,1.01,0
431360,101212,30.16,0.00,-0.00,0.98,0
431400,101210,30.18,-0.00,0.02,1.00,0
431440,101216,30.18,0.00,0.02,0.98,0
431480,101218,30.15,0.00,-0.01,1.00,0
431520,101214,30.15,0.04,-0.02,0.99,0
431560,101214,30.13,0.02,-0.02,1.02,0
431600,101214,30.16,-0.01,-0.00,0.97,0
431640,101214,30.16,0.00,0.01,0.98,0
431680,101215,30.18,0.01,-0.01,1.01,0
431720,101216,30.18,-0.02,0.00,0.97,0
431760,101213,30.18,-0.01,0.00,1.00,0
431800,101212,30.27,-0.02,0.00,1.01,0
431840,101213,30.06,-0.00,0.01,1.00,0
431880,101217,30.25,0.01,-0.02,1.00,0
431920,101213,30.23,-0.01,0.03,1.00,0
431960,101219,30.21,-0.00,0.01,0.99,0
432000,101214,30.14,0.01,-0.02,1.01,0
432040,101219,30.17,-0.00,0.01,1.02,0
432080,101211,30.22,0.00,0.00,0.99,0
432120,101212,30.23,-0.02,-0.01,1.01,0
432160,101216,30.19,0.01,-0.01,0.99,0
432200,101216,30.30,-0.01,-0.00,0.96,0
432240,101214,30.20,0.00,-0.01,1.01,0
432280,101221,30.25,-0.00,0.02,1.01,0
432320,101215,30.19,-0.02,-0.00,1.00,0
432360,101216,30.20,-0.02,-0.00,0.98,0
432400,101213,30.18,0.02,-0.02,0.98,0
432440,101220,30.25,-0.01,0.01,1.02,0
432480,101217,30.23,0.01,-0.01,0.99,0
432520,101216,30.17,0.00,-0.00,1.01,0
432560,101209,30.19,-0.00,0.02,0.99,0
432600,101216,30.20,-0.02,0.02,1.00,0
432640,101213,30.18,-0.03,-0.01,1.01,0
432680,101216,30.13,-0.01,-0.00,1.02,0
432720,101218,30.18,0.00,0.03,0.99,0
432760,101212,30.25,-0.01,-0.01,1.01,0
432800,101215,30.19,-0.01,-0.00,1.00,0
432840,101217,30.14,0.03,-0.00,1.01,0
432880,101215,30.15,0.01,-0.01,1.04,0
432920,101214,30.16,0.00,0.00,1.00,0
432960,101211,30.24,0.01,-0.01,0.99,0
433000,101213,30.19,0.00,-0.01,1.00,0
433040,101211,30.21,0.00,0.00,1.00,0
433080,101218,30.20,0.01,0.01,1.00,0
433120,101215,30.17,0.01,0.03,0.99,0
433160,101211,30.25,0.02,0.01,1.04,0
433200,101215,30.18,0.01,0.00,1.00,0
433240,101210,30.16,0.01,0.00,1.03,0
433280,101204,30.17,-0.01,0.00,1.01,0
433320,101219,30.23,-0.01,-0.02,0.99,0
433360,101218,30.14,-0.00,-0.01,1.02,0
433400,101210,30.14,0.00,0.00,0.99,0
433440,101212,30.17,-0.02,-0.02,1.02,0
433480,101215,30.21,-0.01,0.01,0.99,0
433520,101213,30.18,0.02,0.01,1.00,0
433560,101212,30.19,-0.00,0.00,1.02,0
433600,101213,30.25,0.02,-0.02,0.98,0
433640,101214,30.18,-0.02,0.00,1.00,0
433680,101213,30.20,-0.00,0.01,0.99,0
433720,101215,30.24,-0.00,-0.01,1.00,0
433760,101214,30.18,0.00,0.01,1.01,0
433800,101212,30.14,-0.00,0.00,0.99,0
433840,101215,30.22,-0.01,-0.00,0.98,0
433880,101209,30.23,-0.01,-0.01,1.01,0
433920,101219,30.22,0.00,0.00,0.99,0
433960,101209,30.16,-0.01,0.01,1.00,0
434000,101214,30.21,-0.02,-0.01,1.00,0
434040,101216,30.23,-0.02,0.01,0.99,0
434080,101216,30.17,0.00,0.02,1.00,0
434120,101215,30.16,0.02,0.02,1.00,0
434160,101219,30.25,0.01,0.01,1.00,0
434200,101211,30.19,-0.01,-0.00,0.98,0
434240,101214,30.18,-0.00,0.00,0.99,0
434280,101215,30.22,-0.00,0.03,0.98,0
434320,101213,30.17,-0.02,-0.01,0.98,0
434360,101213,30.16,0.01,0.01,0.99,0
434400,101219,30.15,0.02,-0.01,1.02,0
434440,101212,30.19,0.00,-0.01,1.01,0
434480,101213,30.21,-0.00,-0.01,1.02,0
434520,101214,30.21,0.00,0.02,0.99,0
434560,101214,30.20,0.01,0.01,1.00,0
434600,101215,30.20,-0.02,0.01,1.01,0
434640,101214,30.12,-0.00,0.00,1.03,0
434680,101216,30.18,0.00,0.01,1.00,0
434720,101215,30.11,-0.01,0.02,1.02,0
434760,101216,30.26,0.00,-0.00,1.02,0
434800,101219,30.17,0.01,0.00,1.00,0
434840,101212,30.18,0.00,-0.02,1.00,0
434880,101220,30.11,-0.01,-0.01,0.98,0
434920,101213,30.20,-0.03,0.00,1.00,0
434960,101217,30.21,0.02,-0.00,1.03,0
435000,101215,30.22,-0.00,0.00,1.01,0
435040,101214,30.13,0.00,-0.00,1.00,0
435080,101208,30.17,0.01,0.01,1.00,0
435120,101220,30.21,0.01,0.01,1.00,0
435160,101212,30.24,-0.01,-0.00,1.00,0
435200,101212,30.16,-0.01,0.00,1.01,0
435240,101218,30.23,-0.02,0.01,0.98,0
435280,101215,30.24,0.02,-0.01,1.02,0
435320,101221,30.13,0.01,-0.02,1.00,0
435360,101220,30.17,-0.01,-0.00,1.00,0
435400,101217,30.18,0.00,-0.00,1.00,0
435440,101215,30.16,-0.03,-0.01,1.02,0
435480,101217,30.10,-0.01,-0.01,1.00,0
435520,101210,30.19,0.01,0.01,0.99,0
435560,101215,30.13,0.01,0.01,1.02,0
435600,101215,30.26,0.00,0.00,0.99,0
435640,101213,30.19,0.02,-0.00,0.98,0
435680,101215,30.19,-0.00,-0.01,0.98,0
435720,101210,30.26,-0.01,-0.00,1.01,0
435760,101217,30.23,-0.01,-0.01,1.01,0
435800,101219,30.18,0.02,0.03,0.99,0
435840,101210,30.20,-0.01,0.01,1.00,0
435880,101215,30.36,0.01,0.00,0.98,0
435920,101219,30.22,0.00,-0.02,0.99,0
435960,101216,30.28,0.01,-0.01,1.00,0
436000,101211,30.23,-0.00,0.02,1.00,0
436040,101211,30.12,0.01,-0.00,0.97,0
436080,101217,30.20,0.02,0.01,1.02,0
436120,101220,30.16,0.01,0.00,1.01,0
436160,101211,30.19,0.01,0.02,1.03,0
436200,101215,30.18,0.00,-0.01,1.01,0
436240,101212,30.16,0.01,0.02,0.99,0
436280,101214,30.25,0.01,0.00,1.01,0
436320,101215,30.19,0.01,0.01,1.00,0
436360,101214,30.27,0.01,0.00,1.01,0
436400,101212,30.25,0.01,-0.02,1.01,0
436440,101221,30.24,-0.01,0.02,1.02,0
436480,101214,30.29,0.02,0.02,0.99,0
436520,101214,30.20,-0.01,-0.01,1.00,0
436560,101218,30.18,-0.00,0.01,0.99,0
436600,101214,30.15,0.02,-0.01,0.96,0
436640,101214,30.20,-0.00,0.00,0.99,0
436680,101217,30.22,-0.01,-0.03,0.98,0
436720,101211,30.15,-0.01,-0.01,1.01,0
436760,101217,30.18,-0.01,0.01,1.01,0
436800,101218,30.23,0.02,-0.00,0.99,0
436840,101216,30.25,-0.00,-0.01,0.98,0
436880,101214,30.26,0.00,0.00,1.02,0
436920,101214,30.26,0.00,-0.02,0.97,0
436960,101209,30.16,-0.00,-0.00,0.99,0
437000,101214,30.22,0.01,-0.02,1.00,0
437040,101215,30.24,-0.01,0.00,0.99,0
437080,0,30.23,-0.00,-0.00,0.98,0
437120,101215,30.12,-0.00,-0.01,1.02,0
437160,101213,30.21,0.02,-0.01,1.01,0
437200,101212,30.20,-0.01,-0.00,0.98,0
437240,101214,30.20,0.01,0.00,1.02,0
437280,101215,30.28,-0.01,0.00,1.01,0
437320,101218,30.21,-0.03,0.00,1.00,0
437360,101214,30.20,-0.00,0.01,1.02,0
437400,101213,30.17,0.01,-0.01,1.00,0
437440,101214,30.20,-0.01,0.01,1.02,0
437480,101213,30.25,-0.01,0.00,1.00,0
437520,101214,30.26,0.01,0.00,1.01,0
437560,101207,30.21,-0.00,0.02,1.02,0
437600,101209,30.17,-0.00,0.01,0.99,0
437640,101211,30.29,0.00,-0.00,1.01,0
437680,101216,30.23,-0.01,0.02,0.99,0
437720,101214,30.30,0.01,0.02,1.01,0
437760,101215,30.19,-0.01,0.01,1.02,0
437800,101218,30.10,0.02,-0.03,0.99,0
437840,101211,30.31,0.00,-0.00,1.01,0
437880,101218,30.32,-0.00,0.01,1.00,0
437920,101216,30.29,0.01,-0.01,0.97,0
437960,101212,30.31,-0.00,0.01,0.99,0
438000,101219,30.19,0.00,0.00,0.99,0
438280,101213,30.30,-0.00,-0.01,1.00,0
438320,101214,30.23,0.00,-0.00,1.01,0
438360,101222,30.35,0.01,-0.01,1.03,0
438400,101219,30.24,-0.00,-0.00,1.00,0
438440,101215,30.25,-0.02,-0.01,0.98,0
438480,101211,30.29,-0.01,-0.01,1.02,0
438520,101215,30.32,0.02,0.01,1.01,0
438560,101211,30.15,-0.00,-0.01,1.00,0
438600,101215,30.19,-0.02,-0.00,0.99,0
438640,101215,30.16,-0.02,-0.01,0.98,0
438680,101213,30.11,0.00,-0.00,1.00,0
438720,101215,30.31,0.00,0.01,0.97,0
439280,101218,30.16,-0.02,-0.00,0.98,0
439320,101217,30.21,0.01,0.01,1.00,0
439360,101218,30.25,0.00,-0.00,1.00,0
439400,101209,30.15,-0.01,-0.00,1.00,0
439440,101213,30.13,0.01,-0.01,0.98,0
439480,101213,30.15,0.01,-0.01,1.00,0
439520,101218,30.24,0.00,0.01,0.99,0
439560,101210,30.22,-0.02,0.03,1.01,0
439600,101213,30.24,0.01,-0.01,1.01,0
439640,101219,30.21,0.01,0.01,0.99,0
439680,101216,30.20,-0.01,-0.01,0.99,0
439720,101213,30.23,0.01,-0.01,1.04,0
439760,101220,30.08,-0.03,-0.01,1.01,0
439800,101210,30.21,-0.00,-0.00,1.01,0
439840,101216,30.25,0.01,0.03,0.99,0
439880,101213,30.21,-0.02,0.02,0.98,0
439920,101216,30.14,-0.02,0.02,1.00,0
439960,101213,30.19,-0.00,-0.01,1.01,0
440000,101212,30.12,-0.01,0.01,1.01,0
440040,101215,30.15,-0.01,0.02,1.02,0
440080,101210,30.20,-0.01,0.00,0.99,0
440120,101216,30.29,-0.01,-0.01,1.00,0
440160,101213,30.21,-0.00,0.01,0.99,0
440200,101217,30.23,-0.00,-0.00,1.01,0
440240,101213,30.15,-0.01,0.02,1.00,0
440280,101212,30.26,-0.01,0.00,1.00,0
440320,101215,30.23,-0.01,0.01,1.01,0
440360,101218,30.30,-0.01,-0.00,0.99,0
440400,101208,30.09,-0.00,-0.00,1.00,0
440400,101208,30.09,-0.00,-0.00,1.00,0
440440,101215,30.22,-0.02,-0.00,1.01,0
440480,101216,30.20,-0.01,-0.02,0.98,0
440520,101210,30.24,-0.00,0.02,1.01,0
440560,101211,30.24,0.02,-0.00,1.02,0
440600,101216,30.20,0.01,-0.01,0.98,0
440640,101212,30.14,-0.01,0.01,1.00,0
440680,101212,30.25,0.01,0.01,1.01,0
440720,101220,30.21,0.01,-0.02,1.00,0
441120,101217,30.28,0.00,-0.01,1.00,0
441160,101214,30.20,-0.00,0.02,1.00,0
441200,101217,30.23,0.02,0.02,0.99,0
441240,101215,30.21,-0.00,0.00,0.98,0
441280,101212,30.22,-0.01,0.01,0.99,0
441320,101209,30.20,0.00,0.01,1.02,0
441360,101211,30.22,0.01,-0.02,1.00,0
441400,101214,30.23,-0.01,0.03,1.01,0
441440,101213,30.20,0.02,0.00,0.99,0
441480,101212,30.27,0.02,0.01,1.00,0
441520,101217,30.23,0.01,-0.02,1.02,0
441560,101211,30.24,-0.03,0.02,0.99,0
441600,101217,30.22,-0.00,0.01,1.00,0
441640,101213,30.22,-0.00,0.01,0.98,0
441680,101214,30.15,0.01,-0.01,1.00,0
441720,101211,30.24,-0.01,-0.01,0.96,0
441760,101214,30.28,-0.00,-0.00,0.99,0
441800,101212,30.26,0.01,-0.02,0.98,0
441840,101209,30.23,-0.02,-0.01,0.98,0
441880,101214,30.22,0.01,-0.00,1.01,0
441920,101214,30.25,-0.02,-0.01,0.97,0
441960,101217,30.31,-0.01,-0.01,0.99,0
442000,101215,30.29,0.01,-0.00,0.99,0
442040,101211,30.17,-0.00,-0.02,1.02,0
442080,101212,30.19,0.00,0.00,1.01,0
442120,101206,30.23,-0.00,0.02,1.02,0
442160,101210,30.30,0.02,-0.01,1.02,0
442200,101218,30.21,-0.00,-0.01,0.99,0
442240,101219,30.25,-0.02,-0.00,1.00,0
442280,101216,30.15,0.02,-0.01,0.99,0
442320,101215,30.23,0.02,-0.00,0.99,0
442360,101216,30.28,-0.00,0.01,1.00,0
442400,101216,30.23,0.01,-0.01,0.99,0
442440,101209,30.27,-0.01,-0.00,1.00,0
442480,101211,30.18,-0.02,-0.00,0.99,0
442520,101218,30.30,0.01,-0.01,0.99,0
442560,101218,30.22,-0.01,-0.00,0.98,0
442600,101215,30.20,0.00,-0.02,1.00,0
442640,101213,30.31,-0.01,0.00,1.02,0
442680,101213,30.19,0.01,0.02,1.01,0
442720,101212,30.23,0.03,-0.00,1.00,0
442760,101211,30.23,-0.01,0.00,0.98,0
442800,101208,30.30,-0.01,-0.00,1.00,0
442840,101214,30.29,0.00,0.01,1.01,0
442880,101213,30.19,-0.01,0.01,1.00,0
442920,101213,30.25,-0.02,0.01,1.01,0
442960,101219,30.20,-0.01,-0.00,0.98,0
443000,101216,30.23,0.00,0.01,1.01,0
443040,101212,30.22,0.00,-0.01,1.02,0
443080,101216,30.23,-0.00,0.00,0.99,0
443120,101209,30.24,0.01,0.01,1.03,0
443160,101217,30.22,-0.00,-0.02,0.99,0
443200,101215,30.26,0.00,0.01,1.02,0
443240,101213,30.27,-0.01,0.02,1.01,0
443280,101216,30.28,0.02,0.02,0.98,0
443320,101219,30.22,-0.00,-0.00,1.01,0
443360,101212,30.26,0.01,-0.01,1.00,0
443400,101211,30.25,0.01,-0.01,0.99,0
443440,101221,30.26,0.02,-0.03,1.00,0
443480,101214,30.23,0.00,-0.01,1.01,0
443520,101219,30.23,-0.00,0.01,0.99,0
443560,101212,30.23,0.01,0.01,0.99,0
443600,101215,30.19,-0.00,-0.00,1.02,0
443640,101212,30.25,-0.01,0.01,1.01,0
443680,101216,30.24,0.00,0.02,0.99,0
443720,101213,30.23,0.01,0.02,0.96,0
443760,101212,30.23,-0.00,-0.01,1.00,0
443800,101219,30.26,-0.01,-0.02,1.02,0
443840,101215,30.20,-0.03,-0.00,1.00,0
443880,101207,30.23,0.00,-0.01,1.03,0
443920,101213,30.20,-0.01,-0.02,1.01,0
443960,101211,30.22,0.01,0.01,0.99,0
444000,101210,30.19,-0.01,-0.01,0.99,0
444040,101212,30.24,0.01,-0.02,1.02,0
444080,101212,30.27,-0.01,0.00,1.01,0
444120,101214,30.30,0.02,-0.03,0.99,0
444160,101211,30.24,-0.01,0.02,1.01,0
444200,101208,30.29,0.00,-0.03,1.00,0
444240,101212,30.21,-0.01,0.04,0.98,0
444280,101217,30.24,0.00,0.00,1.01,0
444320,101210,30.27,0.00,-0.00,0.99,0
444360,101216,30.21,0.00,-0.02,1.00,0
444400,101215,30.24,-0.00,0.00,1.00,0
444440,101212,30.24,-0.00,-0.00,0.99,0
444480,101215,30.30,-0.01,0.00,0.99,0
444520,101211,30.26,0.03,-0.02,1.02,0
444560,101213,30.26,0.01,-0.02,1.02,0
444600,101211,30.28,-0.00,0.01,0.97,0
444640,101215,30.27,0.02,-0.02,1.02,0
444680,101218,30.29,-0.00,-0.01,0.97,0
444720,101212,30.18,-0.01,0.01,0.99,0
444760,101218,30.28,-0.00,-0.00,1.00,0
444800,101207,30.29,0.00,0.01,0.99,0
444840,101211,30.20,0.01,0.01,0.98,0
444880,101211,30.23,0.01,-0.01,0.98,0
444920,101219,30.22,-0.04,0.00,1.01,0
444960,101212,30.29,0.01,0.01,1.01,0
445000,101216,30.23,-0.00,-0.02,1.02,0
445040,101207,30.21,0.00,-0.02,1.00,0
445080,101214,30.22,0.01,0.01,0.99,0
445120,101216,30.13,-0.00,-0.02,1.02,0
445160,101214,30.18,0.01,-0.00,0.99,0
445200,101205,30.17,-0.00,-0.02,1.02,0
445240,101214,30.25,-0.03,-0.02,1.01,0
445280,101216,30.23,-0.01,0.01,1.01,0
445320,101218,30.17,0.01,0.01,1.00,0
445360,101215,30.22,-0.01,-0.03,1.01,0
445400,101208,30.24,0.01,0.02,0.98,0
445440,101213,30.25,-0.00,0.00,1.00,0
445480,101217,30.19,-0.01,-0.00,1.01,0
445520,101211,30.14,-0.00,0.02,1.03,0
445560,101216,30.14,0.01,-0.00,0.99,0
445600,101212,30.27,-0.01,0.02,1.02,0
445640,101214,30.13,0.00,0.02,1.00,0
445680,101216,30.14,-0.01,-0.02,1.00,0
445720,101212,30.29,0.00,0.01,1.01,0
445760,101223,30.27,0.03,-0.00,0.98,0
445800,101214,30.28,0.00,-0.02,0.99,0
445840,101215,30.19,0.00,-0.00,0.98,0
445880,101211,30.18,-0.01,0.02,0.98,0
445920,101214,30.19,0.00,-0.01,1.00,0
445960,101213,30.22,0.01,0.00,0.99,0
446000,0,30.11,0.01,-0.01,1.02,0
446040,101209,30.27,-0.00,0.01,1.01,0
446080,101215,30.17,-0.00,0.00,0.99,0
446120,101213,30.21,-0.00,0.00,1.00,0
446160,101205,30.25,-0.00,0.00,1.00,0
446200,101207,30.18,-0.01,0.01,0.99,0
446240,101213,30.27,0.00,0.00,0.99,0
446280,101214,30.24,-0.01,0.02,0.99,0
446280,101214,30.24,-0.01,0.02,0.99,0
446320,101216,30.25,-0.00,-0.03,0.96,0
446360,101210,30.28,-0.01,0.01,0.98,0
446400,101216,30.28,-0.01,0.01,0.98,0
446440,101213,30.29,-0.00,0.01,0.98,0
446480,101212,30.25,0.00,0.02,1.00,0
446520,101213,30.26,-0.01,-0.01,1.00,0
446560,101217,30.24,-0.01,-0.01,0.99,0
446600,101216,30.31,0.00,-0.02,1.00,0
446640,101217,30.23,0.02,-0.01,1.00,0
446680,101212,30.20,0.02,-0.02,0.99,0
446720,101213,30.26,0.01,0.01,1.00,0
446760,101210,30.17,0.01,0.01,0.97,0
446800,101212,30.30,-0.00,-0.02,0.98,0
446840,101212,30.25,-0.01,-0.00,1.01,0
446880,101212,30.19,0.01,0.01,0.98,0
446920,101216,30.21,0.01,0.00,1.00,0
446960,101215,30.32,0.00,-0.00,1.00,0
447000,101216,30.22,-0.01,0.01,0.99,0
447040,101214,30.22,0.01,-0.02,1.02,0
447080,101217,30.21,0.01,-0.01,1.01,0
447120,101214,30.20,0.01,-0.02,1.01,0
447160,101217,30.24,0.01,-0.01,1.00,0
447200,101215,30.25,0.01,-0.02,0.99,0
447240,101216,30.22,0.01,0.01,1.00,0
447280,101213,30.21,-0.00,-0.02,0.99,0
447320,101210,30.23,-0.00,-0.00,1.00,0
447360,101209,30.24,-0.01,0.00,0.98,0
447400,101220,30.26,-0.00,0.01,1.00,0
447440,101215,30.20,-0.00,0.01,1.00,0
447480,101215,30.26,0.00,0.00,0.98,0
447520,101213,30.21,0.00,-0.00,1.02,0
447560,101212,30.23,0.01,0.01,1.01,0
447600,101223,30.23,0.01,-0.00,1.00,0
447640,101210,30.23,0.01,-0.00,1.00,0
447680,101213,30.28,-0.01,0.00,1.01,0
447720,101213,30.29,-0.01,0.00,1.01,0
447760,101210,30.27,0.01,0.02,1.01,0
447800,101210,30.31,-0.00,0.02,0.99,0
447840,101211,30.22,0.01,0.01,1.01,0
447880,101213,30.23,-0.01,-0.01,1.01,0
447920,101212,30.23,-0.00,-0.00,1.00,0
447960,101216,30.23,-0.01,-0.00,1.01,0
448000,101210,30.35,0.02,-0.01,1.00,0
448040,101215,30.21,0.00,0.01,0.98,0
448080,101218,30.28,-0.01,-0.00,0.98,0
448120,101216,30.21,-0.03,-0.00,0.99,0
448160,101210,30.28,-0.00,-0.00,1.01,0
448200,101204,30.23,0.00,-0.01,1.01,0
448520,101215,30.21,-0.01,0.02,1.00,0
448560,101212,30.22,-0.03,0.02,0.99,0
448600,101212,30.27,0.00,0.00,1.01,0
448640,101212,30.20,-0.00,-0.02,1.00,0
448680,101214,30.22,-0.00,-0.01,1.03,0
448720,101209,30.29,0.00,0.01,0.95,0
448760,101216,30.21,-0.00,0.00,1.00,0
448800,101216,30.23,-0.00,0.01,1.01,0
448840,101211,30.36,-0.00,-0.02,0.99,0
448880,101212,30.15,-0.02,-0.01,1.01,0
448920,101214,30.18,0.01,-0.00,0.99,0
448960,101213,30.26,-0.00,0.01,1.01,0
449000,101214,30.24,-0.01,-0.00,1.03,0
449040,101216,30.25,-0.00,0.01,1.01,0
449080,101212,30.25,-0.02,-0.00,1.00,0
449120,101220,30.33,0.00,-0.01,1.02,0
449160,101211,30.31,0.02,0.02,1.01,0
449200,101212,30.31,0.00,0.01,1.02,0
449240,101220,30.30,-0.01,-0.00,1.02,0
449280,101221,30.27,0.01,0.00,1.01,0
449320,101214,30.32,0.00,0.02,0.99,0
449360,101213,30.26,-0.01,-0.00,1.01,0
449400,101210,30.22,0.02,0.02,1.04,0
449440,101217,30.19,-0.00,0.00,1.01,0
449480,101214,30.21,0.00,0.02,1.00,0
449520,101211,30.29,0.01,0.02,1.01,0
449560,101215,30.19,-0.00,0.01,0.99,0
449600,101218,30.24,0.02,0.01,0.99,0
449640,101216,30.33,-0.00,0.01,0.99,0
449680,101221,30.23,0.00,0.00,1.00,0
449720,101217,30.23,-0.02,0.03,0.97,0
449760,101215,30.28,-0.01,-0.03,0.99,0
449800,101213,30.25,-0.00,-0.04,1.00,0
449840,101215,30.18,-0.01,-0.00,1.01,0
449880,101217,30.21,-0.02,0.01,0.99,0
449920,101216,30.17,0.01,-0.01,1.00,0
449960,101217,30.25,-0.00,0.00,1.01,0
450000,101214,30.32,-0.01,-0.01,1.02,0
450040,101216,30.33,0.00,0.00,1.02,0
450080,101217,30.23,0.01,0.01,1.01,0
450120,101213,30.24,-0.00,-0.00,0.99,0
450160,101209,30.26,0.01,0.02,0.99,0
450200,101219,30.32,-0.00,-0.00,1.00,0
450240,101215,30.31,-0.01,0.00,1.03,0
450280,101212,30.23,-0.01,-0.01,1.00,0
450320,101214,30.32,0.01,0.01,1.00,0
450360,101213,30.33,0.02,-0.02,0.99,0
450400,101208,30.17,0.00,-0.00,1.00,0
450440,101213,30.28,-0.01,0.01,1.00,0
450480,101209,30.26,0.00,0.01,1.00,0
450520,101214,30.31,-0.01,-0.01,1.02,0
450520,101214,30.31,-0.01,-0.01,1.02,0
450560,101213,30.28,0.01,0.01,1.01,0
450600,101217,30.31,0.02,-0.01,0.98,0
450640,101213,30.25,-0.00,-0.02,1.01,0
450680,101215,30.21,-0.01,-0.00,1.00,0
450720,101213,30.25,-0.00,-0.00,0.98,0
450760,101212,30.36,0.00,0.02,1.00,0
450800,101209,30.28,-0.00,0.02,0.98,0
450840,101217,30.35,0.01,0.01,0.98,0
450880,101214,30.18,-0.00,-0.00,1.01,0
450920,101212,30.22,0.00,-0.00,0.97,0
450960,101214,30.23,-0.00,0.01,1.04,0
451000,101212,30.14,0.00,0.02,0.98,0
451040,101211,30.28,-0.01,0.00,0.99,0
451080,101214,30.22,-0.02,0.00,1.01,0
451120,101217,30.17,-0.01,0.00,0.97,0
451160,101213,30.17,-0.00,0.03,0.99,0
451200,101209,30.25,-0.00,-0.00,0.98,0
451240,101211,30.26,0.02,0.00,0.99,0
451280,101219,30.31,0.00,0.02,0.99,0
451320,101211,30.35,-0.01,0.00,0.98,0
451360,101217,30.34,0.01,-0.00,1.00,0
451400,101213,30.24,0.01,0.00,1.00,0
451440,101216,30.24,0.03,0.01,1.00,0
451480,101213,30.25,-0.01,0.02,1.00,0
451520,101208,30.28,0.01,0.01,1.00,0
451560,101212,30.30,0.02,0.02,1.00,0
451600,101220,30.32,-0.02,-0.01,1.01,0
451640,101213,30.21,0.01,-0.01,1.00,0
451680,101215,30.29,-0.01,-0.00,1.02,0
451720,101212,30.21,0.01,-0.01,1.01,0
451760,101213,30.27,0.00,0.03,1.02,0
451800,101214,30.29,-0.01,0.01,1.00,0
451840,101215,30.22,-0.01,0.01,0.98,0
451880,101221,30.29,0.00,-0.00,1.00,0
451920,101213,30.26,0.01,-0.01,1.00,0
451960,101213,30.30,-0.00,-0.02,1.02,0
452000,101211,30.33,-0.02,-0.02,1.02,0
452040,101209,30.23,0.01,0.01,1.00,0
452080,101208,30.17,-0.01,0.00,1.01,0
452120,101216,30.22,0.01,-0.00,0.99,0
452160,101207,30.22,-0.00,-0.02,0.99,0
452200,101218,30.22,0.01,-0.01,0.99,0
452240,101216,30.22,0.01,-0.00,1.01,0
452280,101212,30.23,0.01,-0.02,1.04,0
452320,101210,30.21,-0.01,-0.00,1.02,0
452360,101213,30.24,-0.03,-0.00,1.01,0
452400,101213,30.17,-0.01,0.01,0.99,0
452440,101217,30.21,0.01,-0.01,0.98,0
452480,101211,30.30,-0.01,-0.02,1.01,0
452520,101212,30.25,0.01,-0.01,0.98,0
452560,101213,30.23,-0.00,-0.01,1.03,0
452600,101212,30.29,-0.01,-0.00,1.03,0
452640,101211,30.29,0.01,-0.01,1.00,0
452680,101208,30.34,0.02,-0.01,1.00,0
452720,101208,30.29,-0.00,-0.03,0.99,0
452760,101211,30.27,0.00,0.00,1.00,0
452800,101213,30.22,-0.00,-0.00,1.00,0
452840,101217,30.25,0.01,-0.00,0.98,0
452880,101221,30.35,0.01,0.01,1.01,0
452920,101219,30.36,0.02,0.01,1.00,0
452960,101215,30.26,0.01,-0.02,0.99,0
453000,101219,30.31,-0.00,-0.03,0.99,0
453040,101213,30.29,0.00,0.00,1.04,0
453080,101212,30.28,-0.01,-0.01,0.99,0
453120,101221,30.34,0.03,0.00,1.00,0
453160,101210,30.30,0.01,0.00,0.99,0
453200,101212,30.24,-0.00,-0.01,1.00,0
453240,101213,30.34,0.02,0.00,1.01,0
453280,101218,30.33,-0.01,-0.01,0.99,0
453320,101211,30.19,0.01,-0.01,1.00,0
453360,101216,30.22,0.02,-0.02,1.00,0
453400,101212,30.26,0.01,-0.01,1.00,0
453440,101209,30.20,-0.01,-0.00,1.00,0
453480,101214,30.34,-0.00,0.02,0.99,0
453520,101214,30.38,0.01,0.01,1.02,0
453560,101210,30.33,0.02,-0.01,1.00,0
453600,101211,30.29,-0.02,-0.02,0.99,0
453640,101211,30.28,0.01,-0.02,1.03,0
453680,101216,30.20,0.01,-0.00,1.01,0
453720,101215,30.37,-0.01,0.01,1.00,0
453760,101214,30.26,0.01,-0.01,1.02,0
453800,101215,30.25,-0.01,0.02,1.03,0
453840,101212,30.25,-0.00,-0.02,1.00,0
453880,101215,30.24,0.01,-0.01,0.99,0
453920,101211,30.34,0.00,-0.01,0.99,0
453960,101209,30.37,0.00,0.00,1.00,0
454000,101211,30.23,0.00,0.00,1.01,0
454040,101214,30.31,0.00,0.01,0.99,0
454080,101214,30.19,0.01,-0.01,1.02,0
454120,101217,30.30,-0.03,0.00,0.99,0
454160,101208,30.29,0.01,0.01,0.98,0
454200,101213,30.33,-0.01,-0.01,0.99,0
454240,101215,30.31,0.00,0.01,1.01,0
454280,101210,30.21,0.02,-0.01,0.97,0
454320,101214,30.18,-0.01,0.00,0.99,0
454360,101212,30.31,-0.00,-0.00,1.02,0
454400,101210,30.30,-0.01,0.01,1.00,0
454440,101217,30.31,0.02,-0.01,0.99,0
454480,101209,30.21,-0.00,0.01,1.01,0
454520,101216,30.41,-0.01,-0.00,1.00,0
454560,101212,30.25,-0.00,0.02,0.99,0
454600,101210,30.28,0.00,0.01,1.01,0
454640,101210,30.34,0.03,-0.01,0.99,0
454680,101211,30.29,0.00,0.01,1.02,0
454720,101211,30.24,-0.00,0.01,1.01,0
454760,101214,30.18,0.01,-0.00,0.99,0
454800,101207,30.22,0.02,-0.01,0.97,0
454840,101217,30.23,0.00,0.01,0.99,0
454880,101216,30.34,0.01,-0.03,1.00,0
454920,101218,30.36,-0.00,-0.00,0.99,0
454960,101210,30.21,-0.01,-0.02,1.01,0
455000,101206,30.34,0.03,-0.02,0.98,0
455040,101211,30.30,0.01,0.00,0.98,0
455080,101213,30.29,-0.00,-0.00,1.03,0
455120,101214,30.31,-0.02,-0.01,1.00,0
455160,101212,30.21,-0.02,-0.01,0.99,0
455200,101213,30.27,-0.01,-0.00,1.01,0
455240,101214,30.41,0.01,0.02,1.01,0
455280,101208,30.29,0.01,0.00,1.00,0
455320,101219,30.29,0.01,-0.00,0.98,0
455360,101210,30.29,-0.01,0.02,1.00,0
455400,101214,30.34,0.00,0.01,0.98,0
455440,101217,30.28,0.01,0.00,1.00,0
455480,101211,30.32,0.01,0.00,0.98,0
455520,101213,30.31,-0.01,-0.00,1.00,0
455560,101218,30.23,0.03,0.01,1.00,0
455600,101212,30.30,-0.01,-0.01,0.99,0
455640,101217,30.25,0.01,-0.02,1.01,0
455680,101214,30.30,-0.00,0.02,1.00,0
455720,101214,30.30,-0.01,0.01,0.96,0
455760,101216,30.38,-0.01,0.00,0.99,0
455800,101212,30.33,-0.00,-0.02,0.97,0
455840,101213,30.32,-0.01,-0.02,1.00,0
455880,101216,30.30,0.01,0.01,0.97,0
455920,101214,30.27,-0.00,-0.01,1.00,0
455960,101215,30.31,-0.01,0.00,1.01,0
456000,101209,30.33,0.00,-0.02,0.99,0
456040,101213,30.22,0.00,0.00,0.98,0
456080,101217,30.24,-0.01,0.00,1.02,0
456120,101216,30.18,-0.00,-0.01,1.00,0
456160,101214,30.29,0.01,-0.01,1.01,0
456200,101212,30.31,0.01,-0.01,0.98,0
456240,101211,30.26,-0.01,-0.00,1.00,0
456280,101215,30.37,-0.01,-0.01,0.99,0
456320,101218,30.19,-0.00,0.02,0.98,0
456360,101213,30.27,0.00,-0.01,0.98,0
456400,101217,30.31,0.01,0.01,1.02,0
456440,101212,30.27,0.03,-0.01,1.00,0
456480,101217,30.29,-0.02,0.01,0.98,0
456520,101210,30.17,0.01,0.01,1.03,0
456560,101214,30.26,0.01,0.01,0.98,0
456600,101210,30.32,-0.01,0.00,0.99,0
456640,101215,30.35,0.01,0.01,0.98,0
456680,101215,30.29,0.00,0.03,1.01,0
456720,101210,30.30,0.04,0.01,0.98,0
456760,101211,30.38,-0.03,0.01,1.00,0
456800,101212,30.27,0.00,0.00,1.00,0
456840,101208,30.19,-0.02,-0.02,1.00,0
456880,101210,30.31,0.01,0.02,1.02,0
456920,101210,30.23,-0.02,-0.00,0.99,0
456960,101216,30.24,0.02,0.01,0.99,0
457000,101218,30.29,-0.01,-0.01,0.98,0
457040,101212,30.39,0.00,-0.00,1.01,0
457080,101212,30.25,0.02,0.01,1.02,0
457120,101214,30.17,0.02,-0.02,0.99,0
457160,101212,30.30,-0.00,-0.00,0.99,0
457200,101212,30.26,0.00,0.02,1.00,0
457240,101216,30.22,0.01,0.02,0.99,0
457280,101214,30.32,-0.00,0.02,1.00,0
457800,101206,30.26,0.03,-0.02,1.01,0
457840,101216,30.29,0.02,0.02,0.97,0
457880,101211,30.26,0.00,-0.00,0.99,0
457920,101218,30.35,0.01,-0.00,1.00,0
457960,101213,30.31,-0.01,0.02,1.01,0
458000,101211,30.36,0.00,0.01,0.99,0
458040,101215,30.26,0.00,-0.01,1.02,0
458080,101212,30.36,-0.01,0.00,1.00,0
458120,101213,30.32,0.00,-0.01,0.99,0
458160,101210,30.39,0.01,-0.00,0.98,0
458200,101215,30.42,-0.00,0.01,1.01,0
458240,101217,30.30,0.01,-0.03,1.00,0
458280,101211,30.21,0.01,-0.02,1.00,0
458320,101219,30.39,-0.01,0.01,0.99,0
458360,101211,30.28,-0.01,-0.01,1.02,0
458400,101214,30.32,-0.01,0.00,1.00,0
458440,101208,30.27,-0.00,0.01,1.01,0
458480,101207,30.33,0.01,0.00,1.01,0
458520,101220,30.35,0.03,0.00,1.00,0
458560,101218,30.26,-0.01,0.01,0.98,0
458600,101217,30.29,-0.01,0.01,1.00,0
458640,101208,30.32,0.00,0.01,1.00,0
458680,101214,30.36,-0.02,-0.00,0.99,0
458720,101214,30.35,0.03,-0.00,0.98,0
458760,101213,30.30,0.01,0.02,1.01,0
458800,101214,30.33,0.01,-0.01,1.00,0
458840,101210,30.35,0.02,0.03,1.00,0
458880,101213,30.32,0.01,0.02,0.98,0
458920,101209,30.29,0.01,0.00,0.99,0
458960,101212,30.30,-0.00,0.01,0.99,0
459000,101214,30.30,-0.01,-0.01,1.00,0
459040,101211,30.25,0.00,0.00,1.02,0
459080,101212,30.32,-0.00,0.01,0.99,0
459120,101212,30.33,-0.01,0.00,1.00,0
459160,101213,30.32,0.01,-0.01,1.01,0
459200,101216,30.41,0.01,-0.00,1.00,0
459240,101214,30.25,0.00,-0.00,1.01,0
459280,101214,30.24,0.02,-0.00,0.99,0
459320,101208,30.28,-0.00,0.00,0.96,0
459360,101212,30.29,0.01,0.01,1.01,0
459400,101216,30.27,0.02,-0.01,1.00,0
459440,101210,30.30,-0.02,-0.02,1.00,0
459480,101212,30.24,-0.00,-0.00,1.00,0
459520,101210,30.22,-0.00,0.02,1.01,0
459560,101217,30.35,0.01,-0.01,1.00,0
459600,101212,30.35,0.01,0.01,1.01,0
459640,101211,30.19,0.01,0.01,0.98,0
459680,101215,30.27,0.02,0.01,1.01,0
459720,101217,30.30,-0.01,-0.01,1.00,0
459760,101215,30.29,-0.02,-0.01,1.00,0
459800,101216,30.32,-0.00,-0.01,1.02,0
459840,101214,30.29,-0.01,-0.02,1.00,0
459880,101213,30.30,-0.03,-0.02,0.98,0
459920,101212,30.36,0.02,0.00,0.98,0
459960,101211,30.32,0.02,-0.00,1.00,0
460000,101211,30.35,0.00,-0.00,0.98,0
460040,101214,30.33,0.01,0.01,1.01,0
460080,101213,30.22,0.03,-0.01,0.99,0
460120,101213,30.34,-0.00,-0.01,1.00,0
460160,101215,30.32,-0.01,0.00,0.98,0
460200,101213,30.40,0.00,-0.00,1.00,0
460240,101209,30.39,-0.02,0.01,0.99,0
460280,101210,30.30,0.02,0.01,0.99,0
460320,101209,30.32,0.00,-0.00,1.04,0
460360,101207,30.28,-0.01,0.00,0.98,0
460400,101213,30.30,-0.01,-0.01,1.01,0
460440,101209,30.47,0.01,-0.01,1.02,0
460480,101209,30.30,0.01,-0.01,1.00,0
460520,101210,30.34,-0.01,-0.00,0.99,0
460560,101216,30.31,-0.01,0.01,1.02,0
460600,101212,30.28,-0.01,0.00,0.98,0
460640,101216,30.30,0.00,-0.01,0.99,0
460680,101213,30.36,-0.00,0.02,1.01,0
460720,101212,30.26,0.00,0.03,1.00,0
460760,101215,30.34,0.02,-0.01,1.00,0
460800,101215,30.27,-0.01,-0.00,0.99,0
460840,101213,30.29,0.01,0.00,0.98,0
460880,101210,30.30,0.02,0.00,1.00,0
460920,101211,30.30,-0.00,-0.01,1.00,0
460960,101209,30.27,-0.00,-0.01,1.01,0
461000,101212,30.25,0.01,-0.00,0.99,0
461040,101213,30.23,0.01,-0.01,0.99,0
461080,101218,30.31,0.00,0.00,0.98,0
461120,101217,30.33,0.01,0.01,0.98,0
461160,101215,30.34,0.01,0.00,1.01,0
461200,101216,30.26,0.00,-0.01,1.01,0
461240,101214,30.33,-0.01,-0.01,1.00,0
461280,101222,30.31,0.02,0.02,1.02,0
461320,101218,30.27,-0.01,0.01,1.00,0
461360,101221,30.28,0.01,-0.01,0.99,0
461400,101214,30.45,-0.01,0.00,0.98,0
461440,101214,30.33,0.00,-0.00,1.00,0
461480,101216,30.24,-0.01,0.02,0.99,0
461520,101214,30.32,-0.01,0.01,1.00,0
461560,101214,30.29,0.02,-0.03,1.00,0
461600,101210,30.35,0.01,0.03,0.98,0
461640,101216,30.32,-0.00,-0.00,1.02,0
461680,101213,30.37,0.01,-0.01,1.01,0
461720,101215,30.31,0.01,0.01,1.02,0
461760,101212,30.29,-0.01,0.01,1.02,0
461800,101207,30.37,0.00,-0.01,0.98,0
461840,101214,30.32,0.01,-0.00,0.99,0
461880,101217,30.35,-0.01,0.01,1.03,0
461920,101209,30.35,-0.01,0.01,0.99,0
461960,101210,30.30,0.00,-0.00,1.00,0
462000,101212,30.17,0.00,0.01,1.00,0
462040,101212,30.28,-0.02,0.00,1.00,0
462080,101207,30.30,0.00,0.00,0.99,0
462120,101218,30.31,0.00,-0.02,1.02,0
462160,101216,30.26,0.00,0.00,0.99,0
462200,101211,30.31,0.01,0.02,1.00,0
462240,101207,30.33,-0.02,0.01,0.98,0
462280,101214,30.37,-0.00,-0.00,1.02,0
462320,101219,30.34,-0.01,0.00,1.02,0
462360,101215,30.34,0.00,0.02,0.97,0
462400,101217,30.35,0.00,-0.01,0.99,0
462440,101210,30.23,0.01,0.00,0.98,0
462480,101214,30.36,-0.01,0.00,0.99,0
462520,101208,30.35,0.00,-0.00,1.00,0
462560,101219,30.20,0.00,0.02,1.00,0
462600,101215,30.40,-0.00,-0.01,0.99,0
462640,101206,30.26,-0.01,-0.01,0.99,0
462680,101207,30.26,-0.00,0.00,1.01,0
462720,101214,30.29,0.00,-0.01,1.00,0
462760,101213,30.31,0.01,0.03,0.99,0
462800,101212,30.34,-0.01,0.00,1.00,0
462840,101215,30.37,0.01,0.02,1.00,0
462880,101219,30.25,0.00,0.00,1.00,0
462920,101214,30.28,0.01,-0.02,1.02,0
462960,101207,30.41,-0.03,-0.00,1.03,0
463000,101212,30.32,-0.01,-0.02,1.00,0
463040,101209,30.34,-0.02,0.01,0.96,0
463080,101210,30.36,-0.01,0.02,1.00,0
463120,101214,30.36,-0.01,-0.01,1.00,0
463400,101214,30.42,-0.01,-0.00,1.00,0
463440,101212,30.31,-0.02,0.02,1.00,0
463480,101215,30.30,0.01,0.00,0.99,0
463520,101212,30.33,-0.01,0.02,0.99,0
463560,101213,30.22,-0.01,-0.01,1.00,0
463600,101211,30.44,-0.02,-0.00,0.99,0
463640,101213,30.38,-0.03,0.01,0.99,0
463680,101207,30.21,-0.00,-0.01,1.00,0
463720,101221,30.34,0.02,0.00,0.98,0
463760,101211,30.35,-0.01,-0.01,0.99,0
463800,101213,30.34,0.01,-0.02,1.01,0
463840,101211,30.30,0.01,-0.02,1.00,0
463880,101211,30.35,0.00,0.01,0.98,0
463920,101214,30.36,0.01,-0.00,1.00,0
463960,101211,30.32,-0.01,-0.00,0.99,0
464000,101211,30.31,0.02,0.00,0.99,0
464040,101208,30.33,-0.01,-0.01,0.98,0
464080,101210,30.28,0.01,0.02,1.00,0
464120,101209,30.32,0.00,0.00,0.98,0
464160,101218,30.35,0.01,-0.01,1.00,0
464200,101208,30.26,0.01,-0.00,1.01,0
464240,101209,30.27,0.01,-0.00,1.02,0
464280,101213,30.29,0.00,0.02,1.01,0
464320,101217,30.24,-0.01,0.01,0.97,0
464360,101207,30.46,-0.01,0.02,0.97,0
464400,101208,30.43,0.02,-0.00,1.03,0
464440,101213,30.27,0.00,0.01,0.97,0
464480,101214,30.36,0.00,0.01,1.01,0
464520,101208,30.29,-0.03,-0.00,0.99,0
464560,101207,30.34,-0.04,-0.00,0.99,0
464600,101210,30.33,0.00,-0.00,0.99,0
464640,101215,30.31,-0.01,-0.02,1.00,0
464680,101213,30.31,0.02,0.01,0.98,0
464720,101215,30.32,-0.01,0.01,1.00,0
464760,101212,30.34,0.02,-0.01,1.03,0
464800,101213,30.36,-0.00,-0.01,0.97,0
464840,101215,30.33,0.02,0.01,1.00,0
464880,101212,30.33,-0.00,0.00,1.02,0
464920,101213,30.30,0.02,-0.02,1.02,0
464960,101210,30.27,0.01,0.01,1.00,0
465000,101211,30.30,-0.01,-0.03,1.02,0
465040,101214,30.24,0.00,-0.02,1.01,0
465080,101212,30.25,0.01,-0.01,1.01,0
465120,101210,30.27,-0.01,-0.00,1.02,0
465160,101215,30.32,0.01,0.00,1.04,0
465200,101214,30.36,-0.01,0.01,1.00,0
465240,101213,30.31,0.00,0.01,1.00,0
465280,101210,30.35,-0.01,0.00,1.01,0
465320,101215,30.27,-0.01,0.01,0.97,0
465360,101221,30.28,0.00,0.00,1.01,0
465400,101210,30.35,0.01,0.01,0.96,0
465440,101208,30.37,0.00,0.01,1.00,0
465480,101210,30.41,0.01,0.02,1.00,0
465520,101210,30.40,0.00,-0.00,1.00,0
465560,101209,30.37,-0.01,0.00,0.97,0
465600,101209,30.28,0.01,0.01,0.99,0
465640,101215,30.30,-0.01,0.03,1.03,0
465680,101215,30.40,0.01,0.00,1.00,0
465720,101217,30.27,0.03,0.01,1.01,0
465760,101215,30.32,-0.02,-0.03,1.00,0
465800,101211,30.26,0.01,0.00,0.98,0
465840,101216,30.25,-0.00,0.00,1.01,0
465880,101211,30.36,-0.01,-0.02,0.98,0
465920,101211,30.34,-0.02,0.00,0.99,0
465960,101209,30.33,-0.02,0.00,0.99,0
466000,101216,30.36,0.00,0.01,0.97,0
466040,101216,30.35,0.00,-0.01,1.01,0
466080,101211,30.30,-0.01,0.00,1.01,0
466120,101212,30.31,-0.00,0.00,1.01,0
466160,101213,30.31,-0.00,0.01,1.00,0
466200,101213,30.29,-0.01,-0.02,1.03,0
466240,101215,30.38,-0.01,-0.00,1.00,0
466280,101213,30.37,-0.00,0.01,1.00,0
466320,101214,30.38,-0.00,-0.02,1.00,0
466360,101208,30.35,-0.01,0.00,1.01,0
466400,101212,30.22,0.01,0.02,1.03,0
466440,101207,30.44,-0.02,-0.01,1.01,0
466480,101218,30.36,-0.01,0.00,0.98,0
466520,101217,30.38,-0.01,-0.00,1.00,0
466560,101215,30.34,-0.00,0.02,1.01,0
466600,101216,30.35,0.01,0.01,0.98,0
466640,101219,30.28,0.02,-0.01,1.00,0
466680,101216,30.36,-0.00,0.00,1.02,0
466720,101207,30.33,-0.01,-0.00,1.03,0
466760,101212,30.44,0.02,0.02,1.01,0
466800,101205,30.34,-0.02,0.00,1.00,0
466840,101210,30.35,0.00,0.00,1.01,0
466880,101209,30.44,-0.01,0.00,1.03,0
466920,101212,30.27,0.01,0.00,1.01,0
466960,101214,30.35,0.01,0.00,0.98,0
467000,101210,30.35,0.00,0.02,1.01,0
467040,101212,30.36,-0.02,-0.04,1.02,0
467080,101213,30.35,-0.00,-0.04,1.00,0
467120,101212,30.29,-0.03,0.01,1.00,0
467160,101212,30.36,0.01,0.02,1.03,0
467200,101205,30.29,0.00,-0.00,1.00,0
467240,101211,30.32,-0.00,-0.01,1.02,0
467280,101215,30.28,-0.02,-0.00,1.01,0
467320,101213,30.34,-0.02,-0.02,1.00,0
467360,101208,30.40,-0.00,-0.00,1.01,0
467400,101212,30.29,-0.02,0.02,0.99,0
467440,101213,30.36,0.01,0.00,1.00,0
467480,101209,30.34,-0.01,0.01,1.01,0
467520,101215,30.30,0.01,0.01,0.98,0
467560,101210,30.39,0.01,0.02,1.00,0
467600,101211,30.25,0.00,-0.02,1.01,0
467640,101212,30.31,-0.01,0.00,0.99,0
467680,101220,30.26,-0.01,0.01,1.01,0
467720,101211,30.32,-0.01,0.00,1.01,0
467760,101211,30.38,0.02,-0.01,1.01,0
467800,101215,30.37,0.01,-0.01,1.00,0
467840,101211,30.41,0.00,0.02,1.00,0
467880,101213,30.34,-0.00,0.02,1.03,0
467920,101205,30.33,0.01,-0.00,1.02,0
467960,101213,30.28,0.01,0.01,1.00,0
468000,101212,30.31,-0.00,0.01,1.01,0
468040,101208,30.31,0.01,-0.01,0.99,0
468080,101217,30.31,-0.01,-0.01,1.01,0
468120,101212,30.35,0.01,-0.01,1.00,0
468160,101212,30.30,0.01,0.01,1.02,0
468200,101208,30.36,0.01,-0.01,0.99,0
468240,101207,30.28,-0.00,0.00,0.98,0
468280,101211,30.32,0.01,-0.01,1.00,0
468320,101208,30.33,0.00,0.02,1.01,0
468360,101214,30.38,-0.00,0.00,1.00,0
468400,101215,30.37,0.02,0.01,1.00,0
468440,101210,30.40,0.02,0.01,1.01,0
468480,101207,30.24,-0.00,0.00,1.00,0
468520,101211,30.34,-0.00,-0.01,1.02,0
468560,101209,30.30,0.01,0.01,1.01,0
468600,101213,30.33,0.02,-0.01,1.00,0
468640,101213,30.33,0.01,-0.02,1.01,0
468680,101211,30.33,-0.01,0.01,1.01,0
468720,101213,30.28,0.00,0.01,1.02,0
468760,101216,30.21,0.01,-0.04,0.99,0
468800,101218,30.41,0.02,0.01,1.00,0
468840,101211,30.35,0.00,-0.01,1.01,0
468880,101215,30.39,-0.01,0.00,1.00,0
468920,101212,30.31,0.01,-0.01,1.01,0
468960,101209,30.30,-0.02,0.00,1.01,0
469000,101216,30.35,0.00,0.01,1.01,0
469040,101214,30.27,-0.01,-0.01,1.00,0
469080,101213,30.39,0.00,0.01,1.00,0
469120,101213,30.43,-0.01,0.01,1.00,0
469160,101212,30.26,-0.02,0.01,0.99,0
469200,101209,30.35,0.00,-0.01,0.98,0
469240,101218,30.27,-0.01,0.02,0.99,0
469280,101215,30.29,-0.00,-0.01,1.02,0
469320,101213,30.28,0.01,-0.00,0.98,0
469360,101215,30.40,0.00,0.02,1.00,0
469400,101216,30.38,-0.00,0.01,1.02,0
469440,101212,30.28,-0.01,0.01,1.01,0
469480,101214,30.38,0.00,-0.00,0.99,0
469520,101211,30.30,0.01,-0.01,0.97,0
469560,101214,30.33,-0.00,-0.02,1.01,0
469600,101212,30.37,-0.01,0.01,1.00,0
469640,101220,30.38,0.01,-0.01,1.00,0
469680,101211,30.36,0.01,0.01,1.01,0
469720,101214,30.36,-0.00,0.00,1.01,0
469760,101214,30.32,0.01,0.01,1.02,0
469800,101211,30.36,-0.03,0.01,1.02,0
469840,101215,30.30,0.01,0.00,0.99,0
469880,101212,30.37,-0.01,-0.01,1.00,0
469920,101211,30.27,-0.00,-0.00,1.00,0
469960,101212,30.24,-0.01,-0.01,0.98,0
470000,101210,30.34,0.01,-0.00,1.00,0
470040,101216,30.33,-0.00,-0.01,0.99,0
470080,101214,30.29,0.02,0.02,1.01,0
470120,101215,30.32,-0.01,-0.02,1.00,0
470160,101208,30.37,-0.00,0.02,1.02,0
470200,101213,30.38,0.00,-0.02,0.98,0
470240,101210,30.35,-0.01,0.01,1.00,0
470280,101213,30.32,0.00,0.01,1.00,0
470320,101216,30.40,-0.03,0.02,1.01,0
470360,101213,30.34,0.03,-0.00,1.01,0
470400,101212,30.34,0.00,0.01,0.99,0
470440,101216,30.35,-0.01,-0.01,0.98,0
470480,101216,30.43,-0.01,-0.00,1.00,0
470520,101218,30.45,-0.00,0.00,1.01,0
470560,101206,30.38,-0.00,0.00,0.99,0
470600,101213,30.36,0.01,-0.01,1.03,0
470640,101211,30.37,0.01,-0.00,1.00,0
470680,101209,30.36,-0.01,-0.02,0.97,0
470720,101213,30.37,-0.00,0.01,1.00,0
470760,101209,30.36,0.00,0.01,1.01,0
470800,101205,30.36,0.02,-0.01,1.00,0
470840,101209,30.34,0.02,-0.01,1.00,0
470880,101211,30.39,-0.00,-0.01,1.00,0
470920,101218,30.32,-0.01,-0.01,0.99,0
470960,101210,30.31,0.02,-0.01,1.02,0
471000,101209,30.31,0.00,0.01,0.98,0
471040,101206,30.39,-0.03,0.02,1.00,0
471080,101211,30.37,0.01,-0.01,1.01,0
471120,101211,30.35,0.01,0.01,1.01,0
471160,101213,30.29,0.02,-0.02,1.00,0
471200,101208,30.42,-0.02,-0.02,0.99,0
471240,101210,30.37,-0.01,-0.01,1.00,0
471280,101205,30.39,0.01,0.01,0.98,0
471320,101213,30.41,-0.02,0.00,0.99,0
471360,101207,30.36,-0.01,0.00,0.99,0
471400,101203,30.37,0.01,0.00,0.99,0
471440,101216,30.34,-0.01,-0.00,1.01,0
471480,101214,30.29,-0.02,0.03,1.00,0
471520,101213,30.31,-0.00,0.00,1.00,0
472040,101210,30.42,0.02,0.00,1.03,0
472080,101204,30.40,0.02,0.00,1.00,0
472120,101216,30.31,-0.00,0.01,1.00,0
472160,101211,30.31,-0.00,-0.01,1.00,0
472200,101213,30.37,-0.01,-0.01,0.99,0
472240,101209,30.32,-0.02,-0.01,1.00,0
472280,101209,30.38,0.01,0.00,1.01,0
472320,101216,30.35,-0.00,0.02,1.00,0
472360,0,30.35,-0.01,-0.01,0.99,0
472400,101211,30.35,-0.01,0.01,0.98,0
472440,101208,30.38,-0.01,-0.01,1.00,0
472480,101213,30.32,-0.02,0.02,1.00,0
472520,101215,30.35,-0.03,0.01,1.02,0
472560,101211,30.32,-0.01,0.02,0.98,0
472600,101212,30.38,-0.02,-0.00,1.01,0
472640,101208,30.29,-0.01,-0.01,1.01,0
472680,101217,30.34,0.01,-0.01,1.01,0
472720,101210,30.37,-0.01,0.02,0.96,0
472760,101212,30.37,0.01,-0.01,1.00,0
472800,101218,30.35,-0.03,-0.00,1.00,0
472840,101211,30.36,0.00,-0.03,1.00,0
472880,101207,30.34,-0.00,0.01,0.96,0
472920,101209,30.30,-0.00,0.00,1.01,0
472960,101211,30.38,0.00,-0.01,1.00,0
473000,101218,30.33,0.01,-0.00,0.99,0
473040,101213,30.35,0.01,-0.00,0.99,0
473080,101211,30.31,-0.00,0.01,1.00,0
473120,101215,30.43,0.02,0.03,1.02,0
473160,101216,30.34,-0.01,-0.00,0.99,0
473200,101210,30.24,0.03,0.02,1.01,0
473240,101217,30.31,-0.01,0.02,0.99,0
473280,101215,30.32,0.01,-0.01,0.99,0
473320,101214,30.27,0.01,0.02,1.01,0
473360,101205,30.41,0.00,-0.01,1.00,0
473400,101213,30.40,0.00,0.01,1.00,0
473440,101217,30.26,0.01,0.00,1.01,0
473480,101211,30.31,0.02,0.01,1.01,0
473520,101220,30.31,-0.01,0.01,1.02,0
473560,101212,30.39,0.01,-0.00,1.00,0
473600,101209,30.28,-0.01,-0.01,0.99,0
473640,101214,30.41,0.00,0.01,0.98,0
473680,101213,30.26,0.01,-0.01,1.02,0
473720,101215,30.35,0.00,-0.02,1.00,0
473760,101211,30.34,0.00,0.00,0.99,0
473800,101216,30.35,-0.02,0.01,1.02,0
473840,101210,30.31,0.00,0.01,1.00,0
473880,101213,30.37,-0.01,0.00,0.99,0
473920,101208,30.30,0.01,0.00,1.03,0
473960,101210,30.39,-0.01,0.01,1.02,0
474000,101213,30.28,0.00,0.01,1.01,0
474040,101210,30.33,0.00,-0.00,1.03,0
474080,101211,30.39,0.01,-0.01,1.02,0
474120,101211,30.40,-0.03,-0.00,1.02,0
474160,101213,30.41,-0.01,-0.02,1.00,0
474200,101215,30.37,-0.02,-0.01,1.00,0
474240,101215,30.36,-0.01,0.00,1.03,0
474280,101215,30.30,-0.01,-0.03,1.00,0
474320,101213,30.39,0.00,-0.02,1.01,0
474360,101210,30.36,0.01,0.00,0.99,0
474400,101207,30.39,0.01,-0.01,1.00,0
474440,101211,30.38,-0.01,0.00,1.00,0
474480,101210,30.33,-0.01,0.02,0.98,0
474520,101206,30.36,0.01,0.02,1.02,0
474560,101217,30.29,0.02,0.01,0.98,0
474600,101206,30.33,-0.01,0.00,1.00,0
474640,101213,30.29,0.02,0.00,1.01,0
474680,101214,30.22,0.01,0.02,1.00,0
474720,101211,30.36,-0.03,0.01,1.05,0
474760,101221,30.45,-0.02,0.01,0.99,0
474800,101212,30.46,0.02,0.00,0.99,0
474840,101210,30.30,0.01,0.00,0.97,0
474880,101218,30.34,-0.02,-0.01,1.04,0
474920,101210,30.37,0.02,0.02,0.98,0
474960,101207,30.47,-0.00,-0.01,1.02,0
475000,101209,30.38,0.01,-0.00,1.02,0
475040,101210,30.32,0.00,-0.01,1.01,0
475080,101212,30.37,0.01,0.00,1.01,0
475120,101213,30.36,0.02,0.01,1.02,0
475160,101207,30.46,0.02,0.01,0.98,0
475200,101213,30.43,-0.01,-0.01,1.00,0
475240,101219,30.32,0.01,0.00,1.01,0
475280,101210,30.31,0.00,-0.03,1.00,0
475320,101212,30.34,-0.01,0.00,0.99,0
475360,101214,30.36,-0.01,-0.00,0.97,0
475400,101216,30.41,0.01,0.01,1.01,0
475440,101210,30.43,0.00,0.02,0.99,0
475480,101209,30.26,-0.00,0.00,1.00,0
475520,101209,30.35,-0.03,0.01,1.00,0
475560,101216,30.41,-0.01,0.01,1.01,0
475600,101215,30.42,-0.01,0.01,0.99,0
475640,101205,30.28,0.02,-0.00,1.02,0
475680,101205,30.40,-0.00,0.01,0.98,0
475720,101208,30.31,-0.02,-0.03,1.00,0
475760,101207,30.42,0.02,0.01,1.00,0
475800,101213,30.36,-0.00,-0.01,0.99,0
475840,101213,30.28,-0.00,0.00,1.00,0
475880,101218,30.31,-0.01,0.02,1.00,0
475920,101215,30.32,-0.02,0.03,0.99,0
475960,101212,30.28,-0.03,0.01,1.00,0
476000,101216,30.33,-0.01,-0.01,0.99,0
476040,101209,30.37,0.00,0.01,1.02,0
476080,101208,30.40,-0.01,-0.00,0.99,0
476120,101212,30.25,-0.03,-0.02,1.01,0
476160,101215,30.31,-0.01,-0.01,0.98,0
476200,101207,30.35,0.01,-0.02,1.00,0
476240,101215,30.34,0.01,-0.00,1.01,0
476240,101215,30.34,0.01,-0.00,1.01,0
476280,101215,30.35,0.01,-0.02,0.99,0
476320,101210,30.23,0.01,0.02,1.01,0
476360,101213,30.38,-0.00,0.00,0.99,0
476400,101211,30.35,0.01,0.01,1.00,0
476440,101212,30.24,-0.00,0.02,1.02,0
476480,101215,30.30,-0.02,-0.01,0.99,0
476520,101209,30.35,-0.00,-0.02,1.01,0
476560,101215,30.29,-0.00,-0.00,1.00,0
476600,101215,30.34,0.00,0.00,1.00,0
476640,101215,30.41,-0.01,0.00,1.00,0
476680,101206,30.39,0.02,0.00,1.01,0
476720,101206,30.35,-0.02,-0.00,0.98,0
476760,101214,30.32,0.00,0.03,1.00,0
476800,101210,30.29,-0.01,0.00,0.99,0
476840,101210,30.38,-0.01,-0.01,0.99,0
476880,101210,30.35,0.01,-0.01,0.99,0
476920,101208,30.39,-0.03,0.00,1.01,0
476960,101211,30.36,-0.00,0.00,0.99,0
477000,101210,30.35,-0.01,0.01,1.00,0
477040,101210,30.35,0.01,-0.01,0.99,0
477080,101214,30.25,0.02,0.00,0.99,0
477120,101208,30.47,0.03,0.01,1.02,0
477160,101216,30.47,-0.00,0.00,1.02,0
477200,101205,30.42,-0.03,0.01,0.99,0
477240,101220,30.31,-0.01,-0.00,0.99,0
477280,101208,30.37,0.00,0.00,0.98,0
477320,101214,30.41,-0.01,0.01,0.99,0
477360,101215,30.34,0.00,0.02,0.99,0
477400,101212,30.42,0.00,-0.01,1.01,0
477440,101214,30.39,0.02,-0.03,1.04,0
477480,101212,30.41,0.01,0.01,0.98,0
477520,101206,30.42,-0.00,0.00,1.01,0
477560,101213,30.34,0.00,-0.00,1.01,0
477600,101216,30.41,-0.00,-0.00,1.00,0
477640,101210,30.38,-0.02,-0.01,1.04,0
477680,101206,30.34,0.01,0.01,1.02,0
477720,101210,30.35,-0.01,0.03,1.00,0
477760,101213,30.39,-0.01,0.00,0.99,0
477800,101213,30.41,-0.01,-0.00,1.01,0
477840,101216,30.42,-0.02,0.01,1.03,0
477880,101214,30.35,-0.00,0.03,1.00,0
477920,101214,30.27,0.01,0.03,1.03,0
477960,101205,30.31,-0.00,-0.00,1.01,0
478000,101219,30.34,-0.01,-0.00,0.99,0
478040,101212,30.38,-0.01,-0.00,0.99,0
478080,101215,30.39,0.02,-0.01,0.99,0
478120,101211,30.40,-0.01,-0.04,1.00,0
478160,101211,30.31,0.01,-0.00,0.99,0
478200,101212,30.26,0.01,0.01,1.00,0
478240,101217,30.37,0.00,0.01,1.01,0
478280,101217,30.39,0.00,-0.00,0.99,0
478320,101214,30.42,0.00,0.02,1.00,0
478360,101218,30.35,0.01,-0.00,0.98,0
478400,101211,30.39,-0.02,-0.02,1.00,0
478440,101214,30.28,-0.01,0.01,0.98,0
478480,101210,30.35,-0.01,-0.01,1.00,0
478520,101216,30.32,-0.01,-0.01,0.98,0
478560,101212,30.28,0.01,0.02,0.98,0
478600,101215,30.30,0.01,-0.00,1.01,0
478640,101218,30.35,0.01,0.01,1.02,0
478680,101205,30.33,-0.01,0.01,1.00,0
478720,101219,30.33,-0.01,0.01,1.02,0
478760,101213,30.37,0.01,-0.02,1.01,0
478800,101211,30.36,0.02,-0.01,0.99,0
478840,101206,30.40,0.02,-0.01,1.01,0
478880,101211,30.44,0.02,0.01,0.99,0
478920,101204,30.35,0.01,-0.00,1.01,0
478960,101212,30.38,0.00,0.01,0.98,0
479000,101211,30.38,-0.01,-0.01,1.01,0
479040,101218,30.42,0.01,-0.00,0.99,0
479080,101211,30.28,-0.01,-0.00,0.99,0
479120,101215,30.42,0.01,-0.00,0.99,0
479160,101216,30.44,-0.02,0.01,0.97,0
479200,101219,30.45,0.01,0.02,1.00,0
479240,101211,30.37,0.01,0.02,1.00,0
479280,101214,30.41,-0.01,-0.00,0.98,0
479320,101207,30.35,0.01,-0.01,1.03,0
479360,101208,30.28,0.02,0.02,0.99,0
479400,101211,30.39,0.01,0.01,0.99,0
479640,101211,30.19,0.01,-0.00,1.01,0
479680,101209,30.45,-0.00,0.02,1.00,0
479720,101216,30.36,-0.02,-0.01,1.02,0
479760,101218,30.48,0.00,0.01,1.02,0
479800,101213,30.44,-0.00,0.01,1.02,0
479840,101212,30.30,-0.00,-0.01,0.99,0
479880,101217,30.38,0.01,0.00,0.99,0
479920,101214,30.46,-0.01,-0.01,0.97,0
479960,101210,30.38,0.00,-0.02,0.99,0
480000,101208,30.45,0.02,0.01,1.00,0
480040,101210,30.36,0.01,-0.01,1.01,0
480080,101219,30.41,0.00,0.01,1.01,0
480120,101210,30.39,0.01,0.01,0.97,0
480160,101221,30.50,0.02,-0.00,0.97,0
480200,101212,30.33,0.01,-0.00,1.01,0
480240,101211,30.43,-0.04,-0.02,1.01,0
480280,101216,30.34,0.01,-0.00,1.00,0
480320,101211,30.36,0.00,0.00,0.99,0
480360,101213,30.33,-0.01,0.01,1.00,0
480400,101209,30.37,-0.00,-0.01,1.05,0
480440,101208,30.39,-0.00,0.02,1.02,0
480480,101210,30.51,-0.01,0.00,0.99,0
480520,101213,30.30,0.01,0.02,0.98,0
480560,101210,30.38,-0.01,0.01,1.01,0
480600,101205,30.38,-0.00,0.00,1.00,0
480640,101213,30.43,0.00,0.02,1.00,0
480680,101211,30.33,-0.01,-0.01,0.99,0
480720,101211,30.45,0.00,-0.01,0.98,0
480760,101210,30.40,0.00,0.00,1.00,0
480800,101205,30.40,-0.01,0.01,1.00,0
480840,101217,30.40,0.00,-0.00,0.98,0
480880,101210,30.36,0.01,0.02,1.02,0
480920,101214,30.37,-0.02,0.01,1.00,0
480960,101216,30.35,0.01,-0.01,1.00,0
481000,101216,30.29,-0.01,0.02,1.01,0
481040,101213,30.39,0.00,-0.01,1.01,0
481080,101212,30.44,0.01,-0.00,1.00,0
481120,101213,30.42,0.01,0.03,1.02,0
481160,101215,30.41,-0.00,-0.01,1.01,0
481200,101214,30.39,0.00,0.00,0.97,0
481240,101210,30.42,0.01,-0.00,0.98,0
481280,101213,30.37,0.01,-0.02,1.01,0
481320,101213,30.34,0.00,0.01,0.98,0
481360,101214,30.40,-0.01,0.00,1.02,0
481400,101213,30.31,-0.01,0.02,0.98,0
481440,101216,30.34,-0.00,0.01,1.02,0
481480,101213,30.36,-0.01,0.01,0.98,0
481520,101215,30.26,-0.01,0.00,1.01,0
481560,101212,30.42,-0.02,0.00,1.00,0
481600,101210,30.38,0.00,0.01,0.99,0
481640,101209,30.32,-0.01,0.01,1.00,0
481680,101211,30.44,-0.01,-0.02,0.97,0
481720,101214,30.49,-0.02,-0.01,1.03,0
481760,101216,30.43,-0.00,0.02,0.96,0
481800,101212,30.38,0.01,0.02,1.01,0
481840,101210,30.27,-0.01,-0.00,1.01,0
481880,101210,30.29,0.02,0.01,1.00,0
481920,101216,30.39,0.00,0.01,1.02,0
481960,101212,30.34,-0.01,-0.01,0.98,0
482000,101210,30.35,-0.01,-0.00,1.01,0
482040,101214,30.48,0.00,0.00,0.99,0
482080,101208,30.40,-0.02,-0.00,1.01,0
482120,101212,30.35,-0.00,-0.01,1.01,0
482160,101212,30.47,0.02,0.02,1.00,0
482200,101211,30.37,-0.01,0.00,1.00,0
482240,101208,30.50,0.01,-0.01,1.00,0
482280,101215,30.36,0.00,0.02,1.01,0
482320,101217,30.40,-0.02,-0.02,1.01,0
482360,101208,30.42,-0.01,-0.00,1.01,0
482400,101212,30.37,-0.01,0.01,1.01,0
482440,101214,30.31,0.00,0.03,1.00,0
482480,101219,30.41,-0.00,0.01,1.01,0
482520,101210,30.39,-0.01,-0.01,1.00,0
482560,101209,30.40,0.01,-0.01,1.02,0
482600,101212,30.31,0.01,-0.01,1.01,0
482640,101218,30.44,0.02,-0.02,1.00,0
482680,101212,30.28,0.00,-0.00,1.00,0
482720,101213,30.40,-0.01,0.04,0.98,0
482760,101218,30.35,-0.00,-0.01,0.98,0
482800,101205,30.38,0.00,-0.00,1.01,0
482840,101205,30.35,0.00,0.01,1.01,0
482880,101215,30.37,0.00,-0.03,0.98,0
482920,101214,30.42,-0.01,-0.00,0.99,0
482960,101207,30.36,-0.01,-0.01,1.00,0
483000,101214,30.41,-0.00,0.01,0.99,0
483040,101212,30.34,-0.02,0.01,0.99,0
483080,101213,30.34,-0.01,0.00,1.00,0
483120,101209,30.44,-0.01,0.01,0.99,0
483160,101210,30.37,0.01,0.01,1.00,0
483200,101209,30.43,-0.01,-0.00,0.99,0
483240,101212,30.34,0.01,0.00,1.01,0
483280,101211,30.37,0.03,-0.01,1.01,0
483320,101217,30.39,-0.00,-0.01,0.98,0
483360,101214,30.46,-0.01,-0.01,1.01,0
483400,101207,30.36,-0.01,-0.00,0.98,0
483440,101213,30.36,-0.01,-0.03,1.00,0
483480,101216,30.45,-0.00,-0.01,1.01,0
483520,101213,30.34,-0.02,0.01,0.99,0
483560,101215,30.25,-0.02,-0.01,1.01,0
483600,101212,30.35,0.00,0.01,1.01,0
483640,101214,30.37,0.02,0.00,1.02,0
483680,101209,30.37,-0.02,0.01,1.02,0
483720,101214,30.41,0.01,-0.00,1.00,0
483760,101207,30.36,0.00,0.01,1.01,0
483800,101216,30.34,0.00,-0.01,1.01,0
483840,101207,30.35,-0.00,0.03,1.02,0
483880,101205,30.40,0.00,0.00,1.00,0
483920,101214,30.37,0.02,-0.01,0.98,0
483960,101211,30.34,0.01,0.03,0.97,0
484000,101212,30.34,0.01,-0.00,1.00,0
484040,101213,30.34,-0.01,-0.00,1.00,0
484080,101212,30.37,0.00,-0.00,1.00,0
484120,101209,30.48,-0.01,-0.00,0.99,0
484160,101212,30.35,0.02,0.00,0.98,0
484200,101213,30.37,-0.00,0.02,0.99,0
484240,101213,30.43,0.01,-0.00,1.00,0
484280,101218,30.45,0.00,0.01,1.00,0
484320,101209,30.36,-0.00,0.01,1.02,0
484360,101212,30.39,0.01,0.02,1.00,0
484400,101214,30.42,-0.00,0.02,1.01,0
484440,101210,30.35,-0.01,-0.00,0.99,0
484480,101208,30.37,-0.01,-0.00,1.01,0
484520,101210,30.37,0.01,0.00,1.00,0
484560,101215,30.34,0.00,-0.01,1.02,0
485200,101210,30.43,0.00,0.01,1.02,0
485240,101213,30.34,0.01,-0.00,1.00,0
485280,101212,30.42,-0.00,0.01,1.00,0
485320,101213,30.44,0.01,0.01,1.00,0
485360,101214,30.44,-0.00,-0.00,0.98,0
485400,101208,30.36,0.03,0.00,1.00,0
485440,101208,30.41,0.01,0.02,1.04,0
485480,101208,30.44,0.01,-0.01,1.00,0
485520,101207,30.47,-0.00,-0.01,0.99,0
485560,101211,30.41,-0.02,-0.00,0.99,0
485600,101213,30.46,-0.00,-0.00,1.00,0
485640,101220,30.39,0.01,0.00,1.02,0
485680,101213,30.42,0.01,0.01,0.98,0
485720,101212,30.36,0.00,0.00,1.00,0
485760,101216,30.32,-0.00,0.00,0.97,0
485800,101209,30.37,0.03,0.01,1.00,0
485840,101213,30.44,-0.01,-0.00,0.98,0
485880,101215,30.35,-0.01,0.01,0.99,0
485920,101214,30.47,0.00,0.01,0.99,0
485960,101213,30.29,0.00,0.02,1.00,0
486000,101211,30.38,0.01,-0.01,0.97,0
486040,101208,30.48,0.01,-0.01,0.99,0
486080,101211,30.42,-0.01,0.00,1.04,0
486120,101210,30.44,0.01,-0.01,0.98,0
486160,101214,30.36,-0.00,-0.01,1.01,0
486200,101211,30.40,-0.01,-0.00,1.01,0
486240,101214,30.39,0.01,0.00,0.97,0
486280,101206,30.47,-0.00,0.01,0.97,0
486320,101215,30.38,0.01,0.01,0.99,0
486360,101209,30.44,-0.01,0.01,1.02,0
486400,101207,30.42,0.01,0.01,0.98,0
486440,101207,30.46,0.01,0.02,1.02,0
486480,101210,30.38,-0.01,0.00,1.02,0
486520,101215,30.40,-0.01,0.00,1.02,0
486560,101214,30.39,0.01,0.00,0.98,0
486600,101208,30.31,-0.02,0.00,1.00,0
486640,101212,30.37,0.01,0.01,1.00,0
486680,101211,30.47,0.02,0.00,0.99,0
486720,101207,30.45,-0.01,-0.00,1.01,0
486760,101208,30.46,0.00,0.00,1.02,0
486800,101205,30.45,-0.01,-0.00,1.00,0
486840,101209,30.37,0.01,-0.00,0.99,0
486880,101203,30.43,-0.01,0.00,0.99,0
486920,101209,30.43,-0.00,0.01,1.02,0
486960,101209,30.39,-0.00,-0.01,0.98,0
487000,101209,30.52,-0.01,0.01,1.00,0
487040,101209,30.36,-0.02,0.00,1.01,0
487080,101215,30.39,-0.03,-0.00,1.00,0
487120,101210,30.34,0.02,0.01,0.99,0
487160,101212,30.49,0.01,0.01,0.98,0
487200,101214,30.38,-0.02,-0.01,1.04,0
487240,101215,30.40,-0.00,0.01,0.98,0
487280,101214,30.39,0.02,0.01,1.00,0
487320,101210,30.42,0.00,-0.00,0.97,0
487360,101208,30.38,-0.01,-0.02,0.97,0
487400,101209,30.43,0.01,-0.00,0.99,0
487440,101210,30.40,-0.01,-0.01,1.00,0
487480,101212,30.35,-0.01,0.02,0.99,0
487520,101211,30.35,-0.01,0.01,0.98,0
487560,101215,30.38,0.02,0.00,0.98,0
487600,101211,30.42,0.01,-0.01,1.02,0
487640,101217,30.49,0.00,-0.01,1.00,0
487680,101215,30.35,-0.00,0.01,0.99,0
487720,101210,30.36,-0.00,0.00,0.98,0
487760,101214,30.40,-0.01,-0.00,0.99,0
487800,101202,30.46,-0.02,0.00,1.01,0
487840,101216,30.52,0.02,0.01,1.01,0
487880,101213,30.40,-0.01,-0.02,1.02,0
487920,101213,30.37,0.02,0.01,0.99,0
487960,101206,30.41,0.00,-0.01,1.00,0
488000,101220,30.40,-0.00,-0.00,1.00,0
488040,101211,30.39,0.00,-0.01,1.01,0
488080,101211,30.45,0.01,-0.02,0.98,0
488120,101215,30.41,-0.02,-0.01,1.00,0
488160,101211,30.22,0.02,0.02,0.98,0
488200,101209,30.37,-0.01,-0.00,1.00,0
488240,101214,30.37,-0.00,-0.00,0.99,0
488280,101208,30.42,-0.02,0.02,1.01,0
488320,101214,30.44,-0.01,-0.01,1.00,0
488360,101212,30.44,0.02,0.00,1.01,0
488400,101215,30.43,-0.01,-0.03,1.02,0
488440,101208,30.45,-0.01,-0.01,1.00,0
488480,101216,30.34,0.00,0.00,1.01,0
488520,101213,30.35,0.01,-0.01,0.98,0
488560,101218,30.40,-0.02,-0.01,0.98,0
488600,101209,30.42,-0.00,-0.01,1.02,0
488640,101218,30.36,-0.00,-0.01,1.00,0
488680,101214,30.45,0.01,0.01,1.00,0
488720,101214,30.43,-0.01,0.00,1.00,0
488760,101209,30.37,-0.00,-0.00,1.01,0
488800,101213,30.45,-0.01,-0.00,1.02,0
488840,101214,30.47,0.00,0.01,0.99,0
488880,101209,30.46,-0.00,-0.02,1.00,0
488920,101208,30.50,0.00,-0.02,1.01,0
488960,101209,30.37,0.02,0.02,0.97,0
489000,101216,30.37,0.01,0.00,1.01,0
489040,101212,30.39,-0.00,0.01,0.99,0
489080,101215,30.41,0.03,0.01,1.01,0
489120,101212,30.39,0.02,-0.00,0.99,0
489160,101212,30.44,0.00,0.02,1.02,0
489200,101212,30.36,-0.02,-0.01,0.99,0
489240,101210,30.45,-0.00,-0.01,1.03,0
489280,101216,30.32,-0.01,-0.00,0.97,0
489320,101212,30.33,-0.01,0.02,1.00,0
489360,101212,30.34,-0.00,0.02,1.01,0
489400,101207,30.41,0.02,-0.01,1.00,0
489440,101213,30.29,0.01,0.01,0.99,0
489480,101209,30.41,0.00,0.01,0.99,0
489520,101210,30.38,0.01,-0.02,1.00,0
489560,101215,30.36,0.00,0.02,1.01,0
489600,101208,30.46,-0.01,-0.02,0.99,0
489640,101211,30.45,-0.01,-0.02,1.00,0
489680,101214,30.39,-0.03,0.01,0.99,0
489720,101215,30.34,0.01,0.01,1.00,0
489760,101210,30.43,-0.02,-0.01,1.01,0
489800,101213,30.27,-0.02,0.01,1.02,0
489840,101212,30.47,-0.01,0.02,0.99,0
489880,101208,30.39,-0.01,-0.00,1.02,0
489920,101205,30.53,-0.01,0.00,0.98,0
489960,101205,30.42,-0.01,0.01,0.99,0
490000,101213,30.38,0.02,-0.01,0.97,0
490040,101212,30.42,-0.01,-0.00,1.01,0
490080,101207,30.48,0.02,-0.01,1.00,0
490120,101209,30.52,-0.01,-0.01,0.98,0
490160,101210,30.40,-0.01,-0.01,0.98,0
490200,101210,30.46,-0.00,0.01,1.01,0
490240,101211,30.39,0.02,0.01,0.99,0
490280,101219,30.40,0.01,-0.02,1.00,0
490320,101209,30.44,-0.00,-0.01,1.03,0
490360,101212,30.30,0.01,0.01,1.01,0
490400,101209,30.39,0.02,-0.00,0.98,0
490440,101209,30.38,-0.00,-0.00,1.03,0
490480,101209,30.31,0.01,0.01,0.98,0
490520,101211,30.41,-0.01,-0.01,1.04,0
490560,101210,30.31,0.01,-0.00,0.99,0
490600,101213,30.46,0.00,0.02,1.02,0
490640,101212,30.41,0.00,0.00,0.97,0
490680,101209,30.45,-0.00,-0.01,1.02,0
490720,101218,30.46,0.01,0.01,1.00,0
490760,101208,30.43,0.02,0.01,1.00,0
490800,101213,30.46,0.00,-0.00,1.00,0
490840,101219,30.46,0.01,0.00,1.01,0
490880,101209,30.40,-0.00,-0.01,1.04,0
490920,101216,30.41,0.01,-0.00,1.00,0
490960,101216,30.32,0.01,0.01,1.01,0
491000,101213,30.48,0.01,0.00,0.99,0
491040,101205,30.43,0.01,0.03,0.99,0
491080,101216,30.43,0.01,-0.01,1.00,0
491120,101212,30.47,0.01,0.01,1.01,0
491160,101210,30.41,-0.00,-0.00,1.00,0
491200,101216,30.46,-0.01,0.01,1.00,0
491240,101209,30.41,-0.01,-0.00,0.98,0
491280,101215,30.33,-0.00,-0.00,0.99,0
491320,101210,30.40,0.01,0.01,0.99,0
491360,101213,30.43,0.01,-0.00,0.98,0
491400,101208,30.34,0.02,-0.00,1.01,0
491440,101210,30.32,-0.01,-0.02,1.01,0
491480,101208,30.43,-0.02,-0.00,1.02,0
491520,101209,30.41,0.02,0.00,0.98,0
491560,101212,30.42,-0.03,-0.02,1.02,0
491600,101211,30.47,0.02,0.01,1.01,0
491640,101212,30.41,0.00,0.01,1.00,0
491680,101216,30.37,-0.01,-0.01,1.02,0
491720,101211,30.47,0.00,-0.01,1.02,0
491760,101205,30.35,0.01,0.01,1.01,0
491800,101210,30.47,-0.00,0.01,0.98,0
491840,101212,30.43,0.00,-0.00,0.99,0
491880,101215,30.48,-0.02,0.02,0.97,0
491920,101215,30.39,-0.01,-0.00,1.01,0
491960,101215,30.34,0.02,-0.02,1.01,0
492000,101211,30.47,0.01,0.01,1.00,0
492040,101214,30.40,-0.00,-0.00,0.98,0
492080,101207,30.38,0.00,0.03,1.00,0
492120,101216,30.44,-0.02,-0.01,0.99,0
492160,101213,30.47,-0.00,-0.01,1.00,0
492200,101213,30.42,-0.01,-0.02,1.01,0
492240,101210,30.43,-0.01,-0.01,1.01,0
492280,101212,30.45,-0.01,-0.01,0.99,0
492320,101209,30.37,-0.02,-0.01,0.99,0
492360,101213,30.47,-0.04,0.01,1.02,0
492400,101207,30.44,-0.02,-0.02,0.99,0
492440,101215,30.41,-0.01,0.00,1.00,0
492480,101213,30.41,-0.02,-0.01,0.98,0
492520,101218,30.37,-0.00,0.01,1.01,0
492560,101211,30.42,-0.02,-0.01,1.00,0
492600,101211,30.38,-0.01,0.01,1.02,0
492640,101212,30.37,0.01,-0.00,0.97,0
492680,101212,30.47,0.02,-0.00,1.00,0
492680,101212,30.47,0.02,-0.00,1.00,0
492720,101211,30.43,0.01,-0.02,0.99,0
492760,101208,30.44,-0.00,0.02,1.02,0
492800,101208,30.44,-0.01,-0.01,0.97,0
492840,101210,30.48,-0.02,-0.02,1.01,0
492880,101210,30.36,-0.01,0.01,1.00,0
492920,101208,30.49,-0.01,-0.01,0.99,0
492960,101208,30.42,0.01,0.01,1.03,0
493000,101210,30.49,-0.01,-0.00,1.01,0
493040,101214,30.48,0.01,0.01,1.03,0
493080,101211,30.40,-0.00,0.02,0.98,0
493120,101214,30.34,-0.01,0.00,1.00,0
493160,101215,30.51,0.00,-0.03,1.02,0
493200,101214,30.49,0.02,0.01,0.98,0
493240,101210,30.34,0.02,0.02,0.98,0
493280,101210,30.43,-0.00,0.02,0.97,0
493320,101205,30.49,-0.00,0.00,1.01,0
493360,101209,30.39,0.00,-0.03,1.00,0
493400,101213,30.43,0.01,0.00,1.04,0
493440,101208,30.49,0.02,0.01,1.02,0
493480,101216,30.44,0.03,-0.02,1.02,0
493520,101216,30.44,0.00,-0.02,0.99,0
493560,101210,30.40,0.02,0.01,1.01,0
493600,101214,30.42,0.01,0.01,1.00,0
493640,101207,30.41,-0.00,-0.00,1.04,0
493680,101208,30.38,0.02,-0.01,1.01,0
493720,101210,30.43,-0.01,-0.01,1.01,0
493760,101211,30.44,-0.01,-0.00,1.00,0
493800,101211,30.43,0.00,0.01,0.97,0
493840,101209,30.41,0.00,-0.01,1.01,0
493880,101218,30.38,-0.03,0.00,1.02,0
493920,101212,30.39,0.01,-0.01,1.02,0
493960,101212,30.37,-0.01,-0.00,1.01,0
494000,101214,30.44,0.02,-0.00,0.97,0
494040,101212,30.45,-0.01,-0.00,1.01,0
494080,101211,30.40,0.02,0.01,1.01,0
494120,101210,30.46,-0.01,0.00,1.01,0
494160,101206,30.45,0.00,0.01,1.01,0
494200,101216,30.40,0.01,0.02,0.97,0
494240,101208,30.42,0.02,-0.01,0.98,0
494280,101206,30.44,0.00,-0.00,1.00,0
494320,101209,30.46,-0.01,0.01,0.98,0
494360,101206,30.45,0.01,0.01,1.01,0
494400,101218,30.50,0.00,0.03,1.02,0
494440,101213,30.37,-0.01,0.00,1.02,0
494480,101216,30.54,-0.02,-0.01,1.00,0
494520,101216,30.44,-0.01,-0.01,1.00,0
494560,101213,30.46,0.02,-0.00,0.97,0
494600,101213,30.44,0.01,0.01,1.02,0
494640,101209,30.52,-0.01,-0.02,0.99,0
494680,101211,30.49,-0.01,-0.01,0.98,0
494720,101209,30.37,-0.02,0.00,0.99,0
494760,101211,30.40,0.01,0.01,0.97,0
494800,101209,30.42,0.01,0.01,1.00,0
494840,101215,30.42,0.00,-0.01,1.01,0
494880,101214,30.39,0.00,0.00,0.99,0
494920,101211,30.42,0.03,-0.01,0.99,0
494960,101206,30.39,-0.01,-0.00,1.01,0
495000,101214,30.51,0.01,-0.00,1.01,0
495040,101214,30.45,0.01,-0.00,0.98,0
495080,101211,30.34,0.00,0.01,0.98,0
495120,101207,30.34,0.02,0.02,1.00,0
495160,101213,30.43,0.00,-0.01,1.00,0
495200,101215,30.40,0.01,-0.00,0.99,0
495240,101205,30.41,-0.00,-0.02,1.00,0
495280,101213,30.43,-0.00,0.03,0.97,0
495320,101205,30.41,-0.00,-0.01,0.99,0
495360,101212,30.48,0.00,-0.01,1.02,0
495400,101217,30.42,0.01,0.02,1.00,0
495440,101212,30.49,0.02,0.02,0.97,0
495480,101213,30.42,-0.02,0.00,1.03,0
495520,101210,30.47,-0.01,0.02,1.00,0
495560,101211,30.49,0.01,0.00,0.98,0
495600,101219,30.44,0.00,0.01,1.03,0
495640,101216,30.46,0.01,0.01,1.01,0
495680,101210,30.42,0.01,-0.01,1.02,0
495720,101210,30.52,0.01,0.02,0.99,0
495760,101211,30.42,-0.01,0.00,1.02,0
495800,101218,30.44,0.01,0.01,1.02,0
495840,101212,30.46,0.00,0.02,1.00,0
495880,101215,30.42,-0.02,-0.01,1.02,0
495920,101210,30.37,-0.01,-0.01,0.99,0
495960,101207,30.38,-0.01,-0.02,0.98,0
496000,101216,30.44,-0.00,-0.01,1.00,0
496040,101211,30.42,0.01,0.00,1.00,0
496080,101209,30.44,-0.01,-0.01,1.00,0
496120,101209,30.41,0.01,-0.00,1.00,0
496160,101209,30.41,-0.01,0.01,0.98,0
496200,101209,30.40,0.03,-0.01,1.02,0
496240,101206,30.40,-0.01,0.03,0.98,0
496280,101215,30.37,0.03,-0.00,1.03,0
496320,101213,30.39,0.04,-0.00,1.01,0
496360,101214,30.44,0.01,0.01,0.99,0
496400,101210,30.37,0.00,0.02,1.02,0
496440,101212,30.48,0.02,-0.00,1.00,0
496480,101212,30.48,-0.02,0.01,0.98,0
496520,101215,30.46,-0.00,-0.05,0.98,0
496560,101214,30.37,0.01,-0.00,1.03,0
496600,101212,30.48,0.00,-0.00,0.99,0
496640,101209,30.41,-0.01,-0.01,1.01,0
496680,101207,30.50,0.02,-0.00,1.02,0
496720,101209,30.42,-0.02,-0.03,0.98,0
496760,101209,30.47,0.02,0.03,1.03,0
496800,101209,30.38,-0.01,0.02,1.00,0
496840,101207,30.34,-0.01,0.01,0.99,0
496880,101217,30.41,0.01,-0.01,0.98,0
496920,101212,30.51,0.03,-0.00,1.00,0
496960,101205,30.41,0.00,0.00,0.98,0
497000,101208,30.50,-0.00,0.01,0.99,0
497040,101207,30.51,-0.01,0.00,0.99,0
497080,101212,30.51,0.01,-0.01,0.96,0
497120,101215,30.33,-0.01,-0.01,1.03,0
497160,101208,30.58,0.01,0.01,1.01,0
497200,101213,30.44,0.01,0.01,1.00,0
497240,101210,30.46,0.00,-0.00,1.00,0
497280,101215,30.42,-0.00,-0.00,1.02,0
497320,101216,30.52,-0.01,0.00,0.98,0
497360,101212,30.41,0.02,-0.01,0.99,0
497400,101214,30.40,-0.00,0.01,1.00,0
497440,101211,30.51,0.01,0.00,1.02,0
497480,101210,30.45,-0.01,-0.01,1.02,0
497520,101207,30.45,0.00,-0.00,1.00,0
497560,101212,30.48,-0.00,-0.03,0.98,0
497600,101211,30.38,0.01,0.01,1.00,0
497640,101210,30.40,0.00,0.00,1.03,0
497680,101211,30.49,-0.01,0.01,0.99,0
497720,101211,30.34,-0.00,-0.01,0.99,0
497760,101208,30.40,-0.00,-0.01,0.99,0
497800,101209,30.40,-0.00,-0.03,1.00,0
497840,101215,30.44,0.01,-0.01,1.02,0
497880,101210,30.40,-0.00,-0.01,0.98,0
497920,101216,30.35,-0.01,-0.02,0.98,0
497960,101207,30.48,0.01,-0.00,1.02,0
498000,101207,30.43,-0.00,0.01,0.99,0
498040,101212,30.33,0.02,-0.01,1.00,0
498080,101214,30.47,0.04,-0.01,1.01,0
498120,101209,30.41,-0.01,-0.00,1.01,0
498160,101213,30.48,0.00,0.02,1.00,0
498200,101214,30.34,0.01,0.02,0.99,0
498240,101215,30.36,0.02,0.03,0.98,0
498280,101211,30.47,0.01,-0.01,1.00,0
498320,101211,30.37,0.01,0.00,1.00,0
498360,101206,30.49,-0.01,0.00,1.00,0
498400,101211,30.51,-0.02,-0.01,0.98,0
498440,101212,30.39,0.01,0.01,0.99,0
498480,101216,30.45,-0.01,-0.00,0.98,0
498520,101207,30.42,0.01,0.01,1.00,0
498560,101208,30.47,-0.01,-0.00,1.01,0
498600,101208,30.46,-0.02,-0.00,1.01,0
498640,101214,30.48,0.01,-0.01,0.99,0
498680,101203,30.42,-0.02,-0.02,1.01,0
498720,101208,30.41,-0.01,0.01,0.99,0
498760,101218,30.41,-0.01,0.01,0.99,0
498800,101213,30.47,-0.00,-0.00,0.99,0
498840,101207,30.36,0.01,-0.00,0.99,0
498880,101211,30.38,-0.01,-0.00,1.01,0
498920,101214,30.39,-0.00,-0.01,1.03,0
498960,101213,30.42,-0.01,-0.02,1.02,0
499000,0,30.46,0.01,0.00,0.99,0
499040,101209,30.45,-0.00,-0.01,1.00,0
499080,101214,30.46,0.02,0.01,1.01,0
499120,101211,30.53,-0.01,-0.02,1.00,0
499160,101214,30.37,-0.01,-0.01,1.02,0
499200,101212,30.46,0.00,-0.01,1.01,0
499240,101210,30.44,0.01,-0.00,1.02,0
499280,101216,30.39,-0.01,-0.01,1.02,0
499320,101210,30.50,0.00,-0.01,0.99,0
499360,101213,30.42,0.03,0.00,1.00,0
499400,101209,30.42,0.02,-0.00,1.00,0
499440,101210,30.43,0.03,-0.00,0.99,0
499480,101210,30.51,-0.01,-0.00,1.03,0
499520,101209,30.43,0.00,0.02,1.01,0
499560,101212,30.49,-0.01,0.01,0.98,0
499600,101215,30.44,0.01,-0.01,1.00,0
499640,101217,30.50,-0.01,-0.02,0.99,0
499680,101216,30.47,0.00,-0.01,1.03,0
499720,101211,30.52,0.00,-0.01,0.98,0
499760,101216,30.40,0.01,-0.01,0.99,0
499800,101212,30.43,0.01,-0.01,0.99,0
499840,101217,30.44,-0.00,0.01,1.02,0
499880,101207,30.47,-0.00,-0.02,1.01,0
499920,101216,30.37,-0.01,-0.00,1.00,0
499960,101209,30.52,-0.01,-0.00,1.00,0
500000,101215,30.47,-0.02,0.01,1.00,0
500040,101210,30.46,0.00,-0.02,1.00,0
500080,101214,30.49,-0.02,0.01,1.00,0
500120,101210,30.43,-0.01,-0.00,1.01,0
500160,101205,30.42,-0.00,-0.01,1.00,0
500200,101208,30.39,0.00,-0.00,1.01,0
500240,101210,30.38,0.01,-0.00,1.00,0
500280,101211,30.36,-0.00,0.00,0.98,0
500320,101204,30.45,0.00,-0.00,1.02,0
500360,101207,30.46,-0.01,0.00,1.00,0
500400,101209,30.47,-0.01,-0.01,0.98,0
500440,101210,30.51,0.00,0.02,1.00,0
500480,101212,30.36,-0.01,0.01,1.00,0
500520,101208,30.40,-0.01,-0.02,0.99,0
500560,101206,30.46,0.00,-0.01,1.02,0
500600,101212,30.44,0.00,-0.01,1.01,0
500640,101210,30.47,-0.02,0.00,1.00,0
500680,101214,30.48,0.02,-0.00,0.99,0
500720,101209,30.39,0.00,0.01,0.99,0
500760,101213,30.56,-0.01,-0.02,1.01,0
500800,101208,30.55,0.02,0.02,0.98,0
500840,101212,30.42,-0.01,-0.01,1.00,0
500880,101211,30.41,0.00,0.00,1.01,0
500920,101213,30.49,0.01,-0.00,0.98,0
500960,101208,30.44,-0.01,0.02,1.02,0
501000,101211,30.46,0.02,-0.00,1.01,0
501040,101208,30.41,0.01,0.01,0.99,0
501080,101211,30.51,0.02,0.02,0.98,0
501120,101213,30.43,0.00,0.00,1.00,0
501160,101221,30.55,0.01,-0.01,1.00,0
501200,101211,30.41,0.03,0.02,1.00,0
501240,101213,30.37,-0.01,0.01,1.00,0
501280,101211,30.48,-0.02,-0.02,1.00,0
501320,101215,30.42,0.02,-0.01,0.98,0
501360,101213,30.43,-0.01,-0.00,1.02,0
501400,101214,30.43,-0.02,-0.01,1.01,0
501440,101212,30.42,0.01,0.01,0.99,0
501480,101219,30.48,0.01,0.01,1.01,0
501520,101215,30.43,0.00,0.01,1.02,0
501560,101206,30.46,0.03,-0.01,1.01,0
501600,101212,30.44,-0.00,0.02,1.01,0
501640,101211,30.41,-0.01,-0.01,1.00,0
501680,101204,30.44,-0.00,0.00,1.01,0
501720,101208,30.46,0.02,0.01,0.99,0
501760,101210,30.45,0.01,-0.01,1.00,0
501800,101209,30.51,-0.01,0.02,1.01,0
501840,101211,30.51,0.00,-0.02,0.99,0
501880,101205,30.50,0.01,0.02,0.99,0
501920,101213,30.47,0.01,-0.01,0.99,0
501960,101214,30.41,0.02,0.00,1.00,0
502000,101212,30.34,0.01,-0.01,1.00,0
502040,101210,30.43,0.00,0.01,1.00,0
502080,101211,30.38,0.00,0.02,1.01,0
502120,101210,30.48,-0.01,0.00,1.01,0
502160,101215,30.45,0.02,0.03,1.00,0
502200,101213,30.35,-0.03,0.00,0.99,0
502240,101217,30.44,0.00,0.00,1.01,0
502280,101210,30.43,0.01,0.02,0.98,0
502320,101216,30.43,0.00,-0.01,1.00,0
502360,101209,30.44,0.00,0.02,1.01,0
502400,101210,30.43,0.01,0.02,1.02,0
502440,101208,30.42,-0.01,0.00,0.99,0
502480,101213,30.44,-0.03,0.00,0.98,0
502520,101211,30.40,-0.00,-0.00,1.00,0
502560,101213,30.48,0.00,0.04,0.99,0
502600,101216,30.47,0.00,-0.02,1.02,0
502640,101211,30.49,-0.01,0.00,1.00,0
502680,101212,30.52,-0.01,-0.00,0.99,0
502720,101214,30.46,-0.01,-0.03,0.98,0
502760,101211,30.35,0.01,0.00,1.00,0
502800,101209,30.44,0.00,-0.01,1.00,0
502840,101212,30.50,-0.01,-0.01,1.02,0
502880,101213,30.47,0.02,0.01,0.99,0
502920,101214,30.53,0.02,-0.02,1.01,0
502960,101214,30.47,0.00,0.01,1.00,0
503000,101209,30.43,0.01,0.00,0.97,0
503040,101212,30.46,-0.02,0.01,0.99,0
503080,101215,30.44,-0.01,-0.01,1.03,0
503120,101210,30.46,0.00,0.02,1.01,0
503160,101212,30.39,-0.01,-0.02,0.99,0
503200,101209,30.43,0.01,0.00,1.01,0
503240,101212,30.41,0.00,0.02,0.99,0
503280,101217,30.46,0.01,-0.01,1.00,0
503320,101212,30.53,-0.00,0.01,1.00,0
503360,101208,30.46,0.01,-0.00,1.00,0
503400,101212,30.47,0.00,0.00,1.00,0
503440,101212,30.50,-0.01,-0.01,1.01,0
503480,101215,30.51,-0.00,0.00,1.01,0
503520,101207,30.49,-0.01,0.00,1.00,0
503560,101208,30.40,0.02,0.01,1.02,0
503600,101211,30.49,0.01,-0.00,0.99,0
503640,101206,30.46,-0.02,0.02,1.01,0
503680,101215,30.43,-0.00,-0.00,1.00,0
503720,101204,30.39,-0.02,0.02,0.99,0
503760,101208,30.45,0.01,-0.01,1.02,0
503800,101206,30.48,0.01,-0.02,0.99,0
503840,101209,30.43,0.01,-0.01,0.99,0
503880,101214,30.48,0.03,0.01,1.01,0
503920,101213,30.46,-0.01,0.01,0.99,0
503960,101214,30.34,-0.00,0.01,0.99,0
504000,101213,30.47,0.01,0.01,1.01,0
504040,101204,30.44,0.01,-0.00,1.01,0
504080,101212,30.47,0.01,-0.01,1.01,0
504120,101205,30.49,-0.00,-0.01,0.98,0
504160,101209,30.38,0.01,0.00,1.00,0
504200,101210,30.50,-0.00,-0.01,1.01,0
504240,101209,30.35,-0.02,0.01,0.98,0
504280,101213,30.41,-0.00,-0.01,1.00,0
504320,101208,30.45,-0.04,0.01,1.01,0
504360,101217,30.46,-0.02,0.02,1.00,0
504400,101213,30.54,0.03,0.02,1.03,0
504440,101215,30.43,-0.03,-0.00,1.02,0
504480,101213,30.49,-0.02,0.01,1.00,0
504520,101214,30.47,-0.00,0.00,0.98,0
504560,101211,30.42,0.01,0.02,0.99,0
504600,101217,30.42,0.01,0.00,1.03,0
504640,101208,30.45,-0.02,-0.01,1.02,0
504680,101212,30.46,0.00,-0.01,0.99,0
504720,101211,30.48,-0.00,0.01,0.99,0
504760,101210,30.47,0.02,0.01,1.00,0
504800,101212,30.44,-0.01,0.01,0.99,0
504840,101209,30.51,0.01,0.01,1.03,0
504880,101214,30.56,0.01,0.00,0.99,0
504920,101213,30.49,-0.00,-0.01,0.99,0
504960,101211,30.48,0.02,-0.01,1.01,0
505000,101213,30.50,0.02,-0.02,1.00,0
505040,101208,30.43,0.00,-0.01,0.98,0
505080,101205,30.56,0.00,-0.00,1.02,0
505120,101209,30.47,-0.02,0.01,1.00,0
505160,101210,30.52,0.00,0.01,1.03,0
505200,101219,30.46,-0.02,-0.01,1.00,0
505240,101210,30.46,0.01,0.01,1.01,0
505280,101214,30.44,-0.00,-0.01,0.97,0
505320,101214,30.38,-0.00,-0.00,1.03,0
505360,101218,30.41,0.00,-0.01,0.99,0
505400,101211,30.45,-0.01,-0.01,1.01,0
505440,101213,30.54,-0.01,0.01,0.99,0
505480,101210,30.38,-0.00,-0.03,0.98,0
505520,101208,30.51,0.02,0.00,0.99,0
505560,101208,30.49,0.01,0.01,1.00,0
505600,101208,30.43,0.01,0.01,0.99,0
505640,101216,30.52,0.00,0.00,0.97,0
505680,101212,30.45,-0.01,-0.00,1.00,0
505720,101210,30.47,-0.01,-0.01,1.01,0
505760,101211,30.41,-0.00,0.01,0.99,0
505800,101209,30.35,-0.01,-0.02,0.98,0
505840,101211,30.50,-0.02,-0.01,1.00,0
505880,101211,30.46,0.00,0.00,0.99,0
505920,101213,30.43,-0.02,0.01,0.99,0
505960,101214,30.55,-0.00,-0.02,1.01,0
506000,101206,30.44,-0.00,0.00,0.98,0
506040,101212,30.48,-0.00,0.01,0.98,0
506080,101215,30.40,0.01,-0.01,1.00,0
506120,101208,30.50,-0.01,-0.01,1.00,0
506160,101210,30.45,-0.00,-0.01,0.99,0
506200,101211,30.45,-0.00,0.00,1.03,0
506240,101214,30.45,-0.00,0.01,0.99,0
506280,101213,30.39,-0.01,-0.01,1.00,0
506320,101210,30.48,0.01,0.01,1.01,0
506360,101213,30.52,0.01,0.01,1.00,0
506400,101214,30.53,0.03,-0.02,1.00,0
506440,101212,30.49,-0.01,-0.00,0.99,0
506480,101217,30.45,-0.01,0.01,0.99,0
506520,101212,30.41,0.01,-0.01,1.01,0
506560,101208,30.55,-0.01,0.01,1.02,0
506600,101208,30.40,0.02,0.03,1.01,0
506640,101210,30.47,0.01,0.01,1.01,0
506680,101210,30.48,0.00,-0.01,1.02,0
506720,101213,30.44,0.01,0.01,0.99,0
506760,101212,30.48,0.01,0.00,1.02,0
506800,101216,30.48,-0.00,0.01,1.02,0
506840,101213,30.44,-0.01,0.01,1.01,0
506880,101216,30.40,-0.02,-0.01,1.00,0
506920,101208,30.49,0.02,0.02,1.02,0
506960,101210,30.47,0.02,0.01,0.99,0
507000,101213,30.55,-0.01,-0.01,0.99,0
507040,101211,30.42,0.00,0.01,0.99,0
507080,101213,30.45,0.02,-0.01,1.01,0
507120,101212,30.41,0.01,0.00,1.01,0
507160,101209,30.40,0.02,0.01,1.04,0
507200,101216,30.45,-0.01,0.00,1.00,0
507240,101215,30.49,-0.01,-0.01,1.00,0
507280,101206,30.48,0.01,0.01,1.05,0
507320,101209,30.51,0.01,0.01,1.01,0
507360,101211,30.48,-0.02,-0.00,1.00,0
507400,101213,30.46,-0.01,-0.02,1.00,0
507440,101211,30.54,0.00,0.02,0.99,0
507480,101207,30.45,-0.01,-0.01,1.01,0
507520,101214,30.45,0.00,-0.02,1.00,0
507560,101210,30.43,-0.00,0.02,1.00,0
507600,101215,30.47,0.00,-0.01,0.99,0
507640,101212,30.51,0.01,0.00,1.00,0
507680,101214,30.45,-0.01,0.02,1.00,0
507720,101214,30.54,0.00,-0.02,1.01,0
507760,101214,30.34,-0.02,-0.02,0.97,0
507800,101209,30.46,-0.00,0.02,0.99,0
507840,101214,30.45,-0.00,-0.01,0.99,0
507880,101212,30.37,0.01,-0.02,1.00,0
507920,101207,30.42,0.01,0.01,0.99,0
507960,101210,30.54,0.01,-0.01,1.00,0
508000,101210,30.49,0.02,-0.01,0.97,0
508040,101212,30.42,0.00,-0.01,0.98,0
508080,101213,30.39,0.01,0.00,1.00,0
508120,101207,30.44,0.00,-0.04,1.01,0
508160,101213,30.48,0.03,-0.00,1.04,0
508200,101211,30.49,-0.01,-0.01,0.99,0
508240,101207,30.53,0.01,-0.00,1.01,0
508280,101214,30.45,-0.00,-0.00,0.98,0
508320,101208,30.45,-0.00,0.00,0.99,0
508360,101207,30.43,0.02,-0.01,0.99,0
508400,101213,30.43,0.01,0.01,1.00,0
508440,101214,30.41,-0.00,0.02,0.99,0
508480,101209,30.45,0.01,0.01,0.99,0
508520,101214,30.44,0.02,0.00,0.99,0
508560,101214,30.47,-0.01,-0.01,1.02,0
508600,101209,30.46,-0.01,0.01,1.00,0
508640,101217,30.51,-0.00,0.01,1.01,0
508680,101211,30.42,0.00,0.01,0.99,0
508720,101212,30.44,-0.02,-0.00,1.00,0
508760,101203,30.46,-0.01,0.03,1.01,0
508800,101213,30.42,0.01,-0.02,1.01,0
508840,101209,30.54,-0.03,0.01,0.99,0
508880,101212,30.45,0.01,-0.01,1.03,0
508920,101205,30.43,0.02,0.02,1.01,0
508960,101215,30.47,0.00,0.01,1.01,0
509000,101216,30.36,0.00,0.00,1.03,0
509040,101217,30.46,0.01,-0.02,0.98,0
509080,101201,30.44,0.00,-0.02,1.01,0
509120,101213,30.46,-0.02,0.02,1.01,0
509160,101212,30.53,-0.01,-0.00,1.02,0
509200,101201,30.44,-0.03,0.00,0.99,0
509240,101209,30.41,-0.00,0.01,1.00,0
509280,101211,30.55,0.00,0.01,0.99,0
509320,101215,30.45,-0.02,0.00,1.01,0
509360,101208,30.46,0.01,0.01,1.01,0
509400,101212,30.46,-0.00,-0.01,0.98,0
509440,101211,30.44,0.01,0.02,1.01,0
509480,101212,30.35,-0.01,-0.01,0.99,0
509520,101210,30.51,0.00,-0.01,1.00,0
509560,101214,30.41,0.01,0.00,1.02,0
509600,101214,30.46,-0.00,0.01,1.00,0
509640,101207,30.42,0.00,-0.03,1.00,0
509680,101214,30.37,-0.00,0.01,1.00,0
509720,101208,30.50,-0.00,0.01,1.03,0
509760,101210,30.47,0.01,-0.00,1.01,0
509800,101214,30.44,0.03,0.03,1.02,0
509840,101211,30.51,-0.00,-0.01,1.00,0
509880,101213,30.40,-0.00,-0.01,0.99,0
509920,101213,30.40,0.01,-0.01,0.98,0
509960,101213,30.48,-0.01,-0.00,1.01,0
510000,101209,30.52,0.02,0.02,1.01,0
510040,101208,30.47,0.00,0.01,1.00,0
510080,101213,30.55,-0.01,-0.01,1.00,0
510120,101213,30.44,0.00,0.02,1.01,0
510160,101212,30.48,0.01,-0.01,1.02,0
510200,101210,30.49,0.00,0.01,1.01,0
510240,101214,30.48,-0.01,0.01,0.98,0
510280,101211,30.42,0.01,0.01,1.01,0
510320,101207,30.49,0.00,-0.02,1.03,0
510360,101212,30.44,0.01,-0.00,0.99,0
510400,101212,30.39,0.01,-0.00,1.01,0
510440,101213,30.46,-0.03,0.00,1.01,0
510480,101208,30.49,0.00,0.02,0.97,0
510520,101208,30.48,0.01,-0.01,0.98,0
510560,101212,30.46,-0.00,0.00,1.01,0
510600,101209,30.50,0.00,0.01,1.01,0
511160,101212,30.43,0.02,-0.00,1.00,0
511200,101212,30.45,0.02,0.01,0.98,0
511240,101206,30.46,-0.01,-0.00,1.00,0
511280,101212,30.50,-0.01,-0.01,0.99,0
511320,101210,30.48,-0.02,0.01,1.00,0
511360,101211,30.39,-0.01,0.02,1.03,0
511400,101212,30.46,0.00,0.01,0.99,0
511440,101210,30.49,-0.00,-0.01,1.02,0
511480,101214,30.47,0.02,-0.01,0.98,0
511520,101213,30.42,0.02,-0.01,1.03,0
511560,101210,30.40,0.02,-0.00,0.99,0
511600,101211,30.58,0.00,-0.01,0.98,0
511640,101214,30.45,-0.00,-0.02,0.99,0
511680,101213,30.47,-0.02,0.03,1.00,0
511720,101215,30.30,0.01,0.01,1.01,0
511760,101211,30.52,-0.01,-0.00,1.00,0
511800,101211,30.50,-0.01,0.00,0.96,0
511840,101217,30.48,0.01,0.01,1.02,0
511880,101211,30.44,0.00,0.02,1.00,0
511920,101216,30.47,0.00,0.02,1.00,0
511960,101214,30.44,0.02,-0.02,0.96,0
512000,101210,30.44,0.00,-0.01,1.00,0
512040,101207,30.51,0.01,-0.01,1.04,0
512080,101213,30.50,-0.00,0.01,0.96,0
512120,101209,30.41,-0.01,0.01,0.99,0
512160,101209,30.42,-0.00,-0.01,0.95,0
512200,101205,30.47,0.01,0.01,0.98,0
512240,101215,30.55,-0.01,-0.01,0.99,0
512280,101211,30.49,-0.00,-0.00,1.01,0
512320,101211,30.57,-0.01,-0.00,1.01,0
512360,101212,30.45,-0.02,0.02,1.00,0
512400,101212,30.55,-0.01,0.01,0.99,0
512440,101211,30.47,-0.01,0.02,1.00,0
512480,101213,30.42,-0.01,-0.00,1.01,0
512520,101210,30.55,0.01,-0.00,1.02,0
512560,101203,30.48,-0.01,0.01,0.99,0
512600,101213,30.44,-0.00,0.00,1.01,0
512640,101212,30.53,0.02,0.01,1.02,0
512680,101211,30.42,0.01,0.02,1.01,0
512720,101216,30.55,-0.01,0.01,1.00,0
512760,101207,30.40,-0.01,0.01,1.01,0
512800,101202,30.52,0.01,-0.00,0.99,0
512840,101216,30.48,-0.01,-0.00,0.99,0
512880,101212,30.43,-0.02,-0.00,1.02,0
512920,101206,30.47,0.00,0.02,1.01,0
512960,101210,30.51,0.02,-0.01,1.03,0
513000,101213,30.51,-0.01,0.03,1.00,0
513040,101207,30.47,0.00,0.01,0.98,0
513080,101213,30.47,0.00,-0.00,1.01,0
513120,101218,30.50,0.01,-0.00,1.01,0
513160,101215,30.52,-0.01,0.02,1.03,0
513200,101211,30.45,-0.02,-0.00,1.00,0
513240,101212,30.48,-0.00,0.01,1.04,0
513280,101208,30.53,0.01,-0.01,1.02,0
513320,101211,30.57,-0.00,-0.01,1.01,0
513360,101210,30.51,-0.01,-0.00,1.01,0
513400,101208,30.49,-0.00,0.00,0.98,0
513440,101207,30.57,0.02,0.02,0.99,0
513480,101217,30.55,-0.01,0.01,0.99,0
513520,101211,30.46,0.00,0.01,1.00,0
513560,101208,30.47,0.00,-0.02,1.00,0
513600,101210,30.48,0.00,0.02,1.03,0
513640,101216,30.45,0.00,-0.01,0.98,0
513680,101216,30.42,0.02,-0.01,1.01,0
513720,101209,30.43,0.00,-0.02,1.03,0
513760,101212,30.55,-0.00,-0.00,0.99,0
513800,101214,30.46,0.01,-0.01,0.98,0
513840,101210,30.49,0.01,-0.01,1.00,0
513880,101207,30.40,0.01,0.00,0.98,0
513920,101208,30.54,-0.01,0.00,1.00,0
513960,101211,30.46,-0.02,0.01,1.01,0
514000,101208,30.51,0.01,0.00,1.02,0
514040,101207,30.48,-0.01,0.01,1.02,0
514080,101210,30.46,0.02,-0.03,1.00,0
514120,101214,30.47,0.01,0.00,1.01,0
514160,101213,30.45,-0.01,0.00,1.03,0
514200,101210,30.48,0.02,0.01,0.99,0
514240,101217,30.56,0.01,0.01,1.00,0
514280,101208,30.49,-0.00,-0.04,1.00,0
514320,101211,30.51,-0.01,-0.00,1.01,0
514360,101207,30.51,-0.03,0.00,1.02,0
514400,101213,30.49,0.00,-0.01,0.99,0
514440,101211,30.61,0.00,0.00,1.00,0
514480,101206,30.57,-0.00,-0.01,1.04,0
514520,101208,30.46,0.02,-0.01,1.02,0
514560,101217,30.52,0.00,-0.00,1.00,0
514600,101213,30.46,-0.00,-0.00,0.98,0
514640,101211,30.47,-0.01,0.01,1.00,0
514680,101214,30.57,-0.01,0.00,1.03,0
514720,101206,30.46,-0.01,-0.01,1.03,0
514760,101208,30.55,0.02,-0.01,1.01,0
514800,101207,30.55,-0.01,-0.01,0.98,0
514840,101208,30.51,-0.01,-0.00,1.02,0
514880,101210,30.39,-0.01,-0.00,1.00,0
514920,101213,30.43,-0.02,0.01,0.98,0
514960,101214,30.53,0.00,0.00,1.02,0
515000,101214,30.49,-0.02,-0.03,1.01,0
515040,101219,30.48,0.00,-0.00,0.99,0
515080,101209,30.46,-0.01,-0.02,0.99,0
515120,101211,30.53,-0.01,-0.01,1.03,0
515160,101213,30.60,-0.01,0.01,1.03,0
515200,101208,30.48,-0.01,0.01,1.01,0
515240,101210,30.48,-0.02,0.01,1.01,0
515280,101212,30.52,0.02,-0.01,0.99,0
515320,101208,30.56,-0.02,-0.01,1.00,0
515360,101212,30.53,0.01,0.01,0.99,0
515400,101215,30.53,0.01,0.01,0.99,0
515440,101207,30.56,0.00,0.00,1.00,0
515480,101204,30.47,-0.01,-0.01,0.99,0
515520,101211,30.44,-0.01,-0.02,1.00,0
515560,101208,30.41,-0.00,0.00,1.00,0
515600,101211,30.56,0.00,0.00,0.99,0
515640,101209,30.52,-0.01,0.01,1.02,0
515680,101212,30.43,-0.01,0.02,1.01,0
515720,101214,30.44,-0.01,-0.01,1.02,0
515760,101213,30.42,0.01,0.00,0.99,0
515800,101210,30.43,0.03,0.00,1.02,0
515840,101207,30.52,0.01,0.01,0.97,0
515880,101203,30.52,0.01,0.02,0.99,0
515920,101204,30.52,-0.01,0.03,0.97,0
515960,101208,30.52,0.02,-0.01,1.01,0
516000,101211,30.56,-0.00,0.02,1.00,0
516040,101209,30.39,0.00,-0.02,0.99,0
516080,101209,30.42,-0.02,-0.01,0.99,0
516120,101206,30.46,-0.01,-0.00,1.00,0
516160,101206,30.52,-0.00,0.02,1.00,0
516200,101205,30.61,0.00,-0.00,0.99,0
516240,101213,30.49,0.02,-0.01,0.98,0
516280,101204,30.50,-0.01,0.01,0.98,0
516320,101213,30.42,0.01,-0.02,0.98,0
516360,101208,30.50,-0.00,0.01,0.99,0
516400,101212,30.57,-0.01,-0.02,1.00,0
516440,101211,30.44,-0.00,-0.01,0.99,0
516480,101213,30.42,-0.01,0.03,0.96,0
516520,101214,30.47,0.02,-0.01,0.98,0
516560,101208,30.50,0.01,0.00,0.98,0
516600,101208,30.58,0.00,0.01,1.00,0
516640,101209,30.61,0.00,-0.01,1.01,0
516680,101208,30.48,-0.01,-0.01,1.01,0
516720,101213,30.49,-0.02,-0.02,1.00,0
516760,101210,30.47,0.01,0.00,0.99,0
516800,101211,30.56,0.01,0.00,0.99,0
516840,101212,30.52,-0.00,0.02,0.95,0
516880,101209,30.46,0.00,-0.00,0.98,0
516920,101214,30.54,0.00,-0.01,1.03,0
516920,101214,30.54,0.00,-0.01,1.03,0
516960,101205,30.55,-0.00,0.00,0.98,0
517000,101211,30.40,-0.01,0.00,1.03,0
517040,101212,30.44,-0.02,0.01,1.01,0
517080,101208,30.49,-0.02,0.00,1.01,0
517120,101208,30.43,-0.00,0.01,1.01,0
517160,101213,30.55,0.02,-0.01,1.01,0
517200,101210,30.53,0.01,0.01,1.00,0
517240,101204,30.51,0.01,0.01,0.98,0
517280,101206,30.50,0.02,-0.00,0.99,0
517320,101214,30.45,0.02,-0.01,0.99,0
517360,101208,30.50,-0.00,-0.01,1.01,0
517400,101215,30.53,-0.01,0.01,0.97,0
517440,101215,30.48,0.02,0.04,1.00,0
517480,101210,30.47,0.02,0.02,1.03,0
517520,101212,30.56,-0.00,0.01,1.00,0
517560,101208,30.46,-0.00,-0.01,1.01,0
517600,101209,30.53,-0.01,-0.01,0.98,0
517640,101208,30.47,-0.00,0.01,1.02,0
517680,101212,30.46,0.01,-0.00,0.99,0
517720,101206,30.57,0.01,-0.00,0.98,0
517760,101210,30.53,-0.00,0.01,1.00,0
517800,101211,30.43,0.00,0.00,0.98,0
517840,101212,30.49,0.02,0.01,0.99,0
517880,101204,30.50,0.01,-0.00,0.99,0
517920,101205,30.50,-0.02,-0.01,1.03,0
517960,101208,30.48,0.00,0.00,0.99,0
518000,101210,30.49,0.02,-0.01,1.02,0
518040,101211,30.45,0.01,0.00,1.00,0
518080,101211,30.49,0.00,0.01,0.99,0
518120,101217,30.47,0.00,-0.00,1.01,0
518160,101213,30.59,0.01,-0.01,0.99,0
518200,101212,30.51,0.01,0.01,1.00,0
518240,101209,30.51,0.02,-0.03,1.01,0
518280,101213,30.44,-0.02,-0.00,0.99,0
518320,101213,30.47,0.01,-0.02,1.00,0
518360,101213,30.41,-0.02,0.01,1.03,0
518400,101210,30.46,0.01,-0.00,1.01,0
518440,101212,30.48,0.01,0.01,1.00,0
518480,101215,30.45,-0.02,-0.00,0.99,0
518520,101208,30.54,0.00,0.02,0.99,0
518560,101204,30.55,0.00,-0.01,0.98,0
518600,101213,30.46,-0.04,0.00,0.98,0
518640,101213,30.56,0.01,0.01,1.01,0
518680,101210,30.50,0.01,0.01,0.99,0
518720,101209,30.45,-0.01,-0.01,1.00,0
518760,101219,30.45,0.01,0.00,0.99,0
518800,101209,30.45,-0.01,0.01,1.00,0
518840,101207,30.54,0.01,0.01,1.00,0
518880,101209,30.47,0.00,0.01,0.98,0
518920,101212,30.53,0.01,0.01,1.02,0
518960,101208,30.46,0.00,0.00,0.99,0
519000,101209,30.50,0.02,0.01,0.98,0
519040,101211,30.46,-0.02,0.01,1.01,0
519080,101209,30.60,0.00,-0.01,0.99,0
519120,101211,30.43,0.02,0.02,1.02,0
519160,101210,30.59,-0.00,-0.00,1.00,0
519200,101207,30.50,0.01,0.00,1.02,0
519240,101211,30.46,0.01,-0.02,1.00,0
519280,101207,30.42,0.01,0.01,1.01,0
519320,101213,30.47,-0.02,0.01,1.01,0
519360,101207,30.50,-0.02,-0.01,1.00,0
519400,101210,30.53,0.01,0.01,1.02,0
519440,101205,30.46,-0.00,-0.00,0.97,0
519480,101209,30.44,0.00,0.01,1.00,0
519520,101206,30.41,-0.01,-0.01,1.02,0
519560,101215,30.59,0.01,-0.02,1.00,0
519600,101210,30.54,0.00,-0.01,1.00,0
519640,101212,30.38,0.01,0.01,0.98,0
519680,101205,30.39,0.03,-0.01,1.01,0
519720,101206,30.48,0.01,0.00,1.00,0
519760,101210,30.48,-0.00,0.01,0.98,0
519800,101206,30.53,-0.01,-0.01,1.00,0
519840,101214,30.45,-0.02,-0.01,1.00,0
519880,101209,30.50,-0.02,-0.01,0.98,0
519920,101211,30.41,0.02,0.01,1.03,0
519960,101211,30.57,-0.02,-0.01,1.01,0
520000,101210,30.54,0.00,-0.01,1.02,0
520040,101213,30.53,0.01,-0.00,1.00,0
520080,101208,30.52,0.02,0.02,1.00,0
520120,101212,30.54,-0.00,0.01,1.00,0
520160,101214,30.49,-0.01,0.00,1.02,0
520200,101211,30.51,-0.00,0.01,1.01,0
520240,101211,30.51,-0.02,0.00,1.01,0
520280,101209,30.47,0.01,-0.02,0.99,0
520320,101211,30.52,-0.00,0.01,1.01,0
520360,101212,30.50,0.03,-0.01,1.00,0
520400,101210,30.46,-0.00,0.01,1.00,0
520440,101205,30.46,0.01,-0.01,1.01,0
520480,101211,30.48,0.02,-0.00,0.98,0
520520,101210,30.51,-0.00,0.02,0.99,0
520560,101212,30.50,-0.02,0.01,1.00,0
520600,101210,30.49,0.00,-0.00,0.99,0
520640,101215,30.46,0.01,0.01,1.00,0
520680,101207,30.50,-0.01,-0.00,0.99,0
520720,101207,30.56,0.00,0.01,1.00,0
520760,101212,30.43,-0.01,-0.01,1.00,0
520800,101207,30.51,-0.01,-0.02,1.01,0
520840,101211,30.50,0.02,0.01,0.99,0
520880,101210,30.48,0.03,0.00,1.03,0
520920,101204,30.42,-0.00,0.01,1.01,0
521400,101210,30.46,-0.02,0.00,0.98,0
521440,101208,30.56,0.01,0.01,0.99,0
521480,101208,30.52,0.00,-0.00,1.03,0
521520,101213,30.48,-0.01,0.00,1.01,0
521560,101210,30.50,-0.01,-0.01,1.00,0
521600,101209,30.52,0.00,-0.01,1.01,0
521640,101208,30.44,-0.01,-0.00,1.00,0
521680,101211,30.53,0.01,0.01,1.01,0
521720,101211,30.57,-0.01,0.02,1.01,0
521760,101210,30.48,-0.01,0.00,1.00,0
521800,101206,30.47,-0.01,0.00,1.02,0
521840,101209,30.45,-0.01,-0.01,0.99,0
522200,101209,30.54,-0.03,0.00,0.99,0
522240,101209,30.43,-0.00,0.01,1.01,0
522280,101208,30.51,0.00,0.01,1.00,0
522320,101210,30.50,0.00,0.01,0.99,0
522360,101210,30.52,0.01,0.00,1.01,0
522400,101216,30.51,-0.01,-0.00,0.99,0
522440,101212,30.42,-0.01,0.02,0.99,0
522480,101209,30.47,0.01,-0.00,1.01,0
522520,101213,30.41,-0.03,0.01,1.00,0
522560,101209,30.61,0.03,-0.00,0.99,0
522600,101213,30.50,0.01,0.02,1.03,0
522640,101213,30.54,0.00,0.01,0.99,0
522680,101219,30.55,0.00,-0.01,0.99,0
522720,101207,30.43,-0.01,0.00,0.99,0
522760,101210,30.45,-0.00,-0.01,1.00,0
522800,101210,30.39,0.01,-0.00,0.99,0
522840,101211,30.47,0.00,0.01,1.00,0
522880,101212,30.43,-0.02,0.01,1.00,0
522920,101207,30.56,-0.00,0.01,0.98,0
522960,101208,30.38,-0.00,0.04,1.00,0
523000,101211,30.53,0.00,0.01,0.99,0
523040,101213,30.52,-0.01,-0.01,0.98,0
523080,101207,30.49,0.02,-0.00,1.00,0
523120,101205,30.52,0.01,0.01,0.97,0
523160,101214,30.54,0.01,0.00,1.01,0
523200,101213,30.54,-0.02,-0.01,1.01,0
523240,101214,30.44,0.00,-0.03,1.01,0
523280,101207,30.48,0.01,0.00,1.00,0
523320,101210,30.56,-0.02,0.00,1.00,0
523360,101211,30.44,-0.00,-0.00,1.00,0
523400,101212,30.52,-0.00,-0.01,1.03,0
523440,101210,30.49,-0.01,0.00,0.99,0
523480,101210,30.47,-0.01,-0.01,1.00,0
523520,101213,30.51,0.00,-0.02,0.97,0
523560,101209,30.54,0.01,0.00,1.02,0
523600,101209,30.47,-0.01,0.02,1.01,0
523640,101209,30.51,-0.02,0.01,0.98,0
523680,101209,30.47,-0.01,-0.03,0.99,0
523720,101211,30.55,0.01,-0.03,1.01,0
523760,101210,30.54,-0.00,-0.01,1.00,0
523800,101209,30.42,0.01,0.01,1.01,0
523840,101215,30.46,0.01,-0.00,1.00,0
523880,101211,30.48,-0.01,-0.00,0.99,0
523920,101209,30.47,0.00,0.02,0.99,0
523960,101214,30.51,-0.00,0.01,0.99,0
524000,101209,30.51,0.01,0.01,1.00,0
524040,101210,30.57,0.00,0.03,1.00,0
524080,101210,30.48,0.01,-0.01,1.01,0
524120,101208,30.53,-0.02,-0.01,1.00,0
524160,101209,30.52,-0.00,0.01,0.99,0
524200,101210,30.52,-0.01,-0.00,0.97,0
524240,101206,30.42,-0.01,-0.01,1.00,0
524280,101209,30.47,-0.01,0.01,1.01,0
524320,101211,30.51,0.01,0.00,1.00,0
524360,101211,30.50,0.00,-0.01,1.00,0
524400,101211,30.45,-0.01,0.00,1.01,0
524440,101217,30.39,0.01,0.00,1.00,0
524480,101212,30.55,-0.01,0.00,1.02,0
524520,101210,30.47,0.00,0.01,1.00,0
524560,101210,30.47,-0.01,-0.00,1.00,0
524600,101210,30.48,0.02,0.02,1.02,0
524640,101212,30.48,0.01,-0.01,0.98,0
524680,101209,30.46,0.01,-0.01,0.98,0
524720,101215,30.56,0.00,0.02,1.00,0
524760,101207,30.54,0.02,0.01,0.99,0
524800,101212,30.51,-0.01,-0.02,0.95,0
524840,101212,30.55,-0.02,0.02,1.00,0
524880,101207,30.55,-0.01,0.01,1.02,0
524920,101212,30.53,-0.01,0.00,1.02,0
524960,101212,30.52,0.03,-0.02,1.02,0
525000,101208,30.59,0.01,0.01,1.00,0
525040,101217,30.52,-0.01,-0.01,0.99,0
525080,101212,30.60,0.01,0.00,1.00,0
525120,101209,30.50,0.01,-0.00,1.03,0
525160,101209,30.55,-0.00,-0.00,1.01,0
525200,101208,30.51,0.01,0.02,0.98,0
525240,101211,30.44,-0.01,-0.01,1.01,0
525280,101210,30.55,-0.02,-0.01,1.02,0
525320,101206,30.52,-0.00,-0.02,1.01,0
525360,101207,30.48,0.02,0.01,0.98,0
525400,101208,30.54,-0.01,0.00,0.99,0
525440,101209,30.45,-0.00,-0.01,0.97,0
525480,101209,30.54,-0.01,0.01,1.00,0
525520,101208,30.57,0.00,0.00,0.99,0
525560,101212,30.44,-0.01,-0.00,1.00,0
525600,101213,30.44,-0.01,0.00,1.00,0
525640,101210,30.51,0.02,-0.00,1.02,0
525680,101203,30.61,-0.01,0.00,1.02,0
525720,101210,30.40,0.00,-0.01,0.99,0
525760,101212,30.50,0.02,0.00,1.00,0
525800,101210,30.47,0.00,0.00,1.00,0
525840,101211,30.57,-0.00,0.01,1.01,0
525880,101210,30.50,-0.03,0.00,1.01,0
525920,101206,30.48,0.01,0.00,0.99,0
525960,101202,30.53,0.01,0.00,1.00,0
526000,101212,30.58,0.01,0.01,1.00,0
526040,101209,30.55,-0.03,0.02,0.99,0
526080,101211,30.51,0.00,-0.01,1.00,0
526120,101209,30.51,0.00,0.00,1.01,0
526160,101210,30.52,-0.03,0.02,1.01,0
526200,101214,30.56,0.01,-0.01,0.98,0
526240,101206,30.50,-0.01,0.03,1.00,0
526280,101210,30.58,-0.00,0.01,0.99,0
526320,101207,30.53,0.01,-0.00,0.99,0
526360,101210,30.54,-0.02,0.00,1.00,0
526400,101212,30.48,-0.00,0.02,1.01,0
526440,101212,30.51,-0.02,0.01,1.00,0
526480,101211,30.51,-0.02,-0.01,0.98,0
526520,101206,30.62,-0.01,-0.01,1.01,0
526560,101211,30.52,-0.00,-0.00,1.01,0
526600,101213,30.44,-0.00,0.00,1.00,0
526640,101213,30.49,-0.00,0.02,1.00,0
526680,101217,30.59,-0.02,0.02,0.97,0
526720,101212,30.53,-0.02,0.00,1.01,0
526760,101207,30.55,0.01,-0.02,0.99,0
526800,101209,30.48,-0.00,-0.02,1.00,0
526840,101210,30.48,0.01,0.03,1.01,0
526880,101213,30.62,-0.02,0.01,0.99,0
526920,101207,30.49,-0.00,-0.00,1.00,0
526960,101213,30.48,-0.00,0.01,0.98,0
527000,101212,30.53,-0.00,0.00,1.02,0
527040,101207,30.57,-0.00,-0.01,1.02,0
527080,101212,30.58,-0.01,0.01,0.97,0
527120,101208,30.50,-0.01,-0.02,1.00,0
527160,101210,30.60,-0.02,0.00,1.02,0
527200,101209,30.46,0.01,0.00,0.99,0
527240,101211,30.49,-0.03,0.00,0.99,0
527280,101207,30.43,-0.00,0.01,1.02,0
527320,101212,30.51,-0.00,0.02,0.99,0
527360,101204,30.55,-0.00,-0.00,1.00,0
527400,101209,30.58,0.00,0.01,1.00,0
527440,101208,30.47,-0.01,0.00,1.00,0
527480,101215,30.52,0.02,-0.00,0.99,0
527520,101212,30.58,-0.01,0.00,0.99,0
527560,101209,30.60,0.00,-0.01,1.01,0
527600,101207,30.47,-0.00,0.00,1.04,0
527640,101210,30.47,0.01,-0.00,1.02,0
527680,101208,30.53,-0.01,0.00,1.00,0
527720,101217,30.42,-0.02,0.00,1.01,0
527760,101202,30.60,-0.01,0.01,1.01,0
527800,101210,30.48,0.02,-0.01,1.00,0
527840,101203,30.51,0.01,-0.00,1.01,0
527880,101213,30.54,0.00,-0.02,0.99,0
527920,101208,30.51,0.00,-0.01,1.02,0
527960,101215,30.61,0.01,0.00,0.98,0
528000,101208,30.55,0.00,-0.00,1.01,0
528040,101213,30.50,-0.01,0.03,1.00,0
528080,101211,30.58,-0.01,0.00,0.99,0
528120,101214,30.47,-0.01,0.02,1.02,0
528160,101210,30.57,-0.01,0.00,1.01,0
528200,101201,30.55,-0.01,0.01,1.03,0
528240,101208,30.58,0.01,0.00,0.99,0
528280,101205,30.52,0.02,-0.00,1.01,0
528320,101213,30.57,0.01,0.02,0.99,0
528360,101212,30.53,-0.01,-0.00,1.00,0
528400,101210,30.53,0.01,-0.01,1.01,0
528440,101211,30.54,0.01,0.00,1.01,0
528480,101211,30.55,-0.02,0.01,1.00,0
528520,101208,30.48,-0.00,-0.00,0.99,0
528560,101216,30.52,-0.03,-0.01,1.00,0
528600,101211,30.60,0.02,-0.00,1.00,0
528640,101209,30.46,0.00,0.01,0.97,0
528680,101206,30.55,0.00,-0.02,1.01,0
528720,101208,30.43,-0.03,0.01,1.01,0
528760,101210,30.46,0.00,0.00,1.00,0
528800,101210,30.53,0.02,0.01,1.00,0
528840,101209,30.52,0.03,0.01,1.00,0
528880,101210,30.48,-0.00,0.01,0.99,0
528920,101207,30.48,0.01,0.01,1.00,0
528960,101210,30.47,-0.01,-0.01,1.01,0
529000,101205,30.50,-0.01,0.01,1.01,0
529040,101207,30.57,0.02,0.00,0.99,0
529080,101208,30.58,-0.00,-0.00,0.98,0
529120,101213,30.49,-0.02,-0.01,1.02,0
529160,101212,30.49,-0.00,0.02,1.02,0
529200,101210,30.61,-0.02,0.02,0.98,0
529240,101207,30.53,-0.00,0.00,0.99,0
529280,101209,30.49,0.00,-0.02,0.96,0
529320,101212,30.53,-0.00,-0.00,1.00,0
529360,101214,30.55,-0.03,0.02,1.01,0
529400,101206,30.43,0.01,0.00,1.02,0
529440,101209,30.56,-0.01,-0.02,1.00,0
529480,101210,30.53,-0.00,0.01,1.00,0
529520,101211,30.56,-0.00,-0.02,1.00,0
529560,101210,30.41,0.01,-0.02,1.01,0
529600,101212,30.56,0.00,-0.01,1.01,0
529640,101206,30.61,0.01,-0.02,1.00,0
529680,101215,30.52,0.01,0.00,1.00,0
529720,101207,30.54,0.00,0.01,0.99,0
529760,101210,30.48,0.00,-0.02,0.97,0
529800,101212,30.54,-0.02,-0.02,1.01,0
529840,101214,30.51,-0.01,-0.02,0.98,0
529880,101213,30.54,-0.01,0.00,1.04,0
529920,101213,30.48,0.00,-0.00,0.99,0
529960,101214,30.54,0.01,0.01,1.01,0
529960,101214,30.54,0.01,0.01,1.01,0
530000,101210,30.58,0.00,-0.00,1.04,0
530040,101212,30.57,0.00,0.02,1.01,0
530080,101215,30.56,0.01,-0.02,1.01,0
530120,101208,30.52,0.00,0.01,0.99,0
530160,101206,30.43,0.01,-0.01,1.00,0
530200,101207,30.48,-0.01,-0.03,1.00,0
530240,101214,30.55,0.01,-0.00,0.99,0
530280,101214,30.58,-0.01,0.01,0.98,0
530320,101209,30.55,0.01,0.01,1.00,0
530360,101211,30.50,-0.00,0.01,1.01,0
530400,101212,30.57,-0.00,0.01,0.98,0
530440,101213,30.61,-0.00,0.02,1.02,0
530480,101204,30.53,-0.02,-0.01,1.00,0
530520,101208,30.48,-0.01,-0.00,1.00,0
530560,101209,30.48,0.02,0.01,1.02,0
530600,101211,30.57,0.01,0.00,1.00,0
530640,101210,30.53,-0.00,-0.00,1.00,0
530680,101209,30.55,-0.02,0.02,0.98,0
530720,101211,30.44,0.02,-0.00,0.98,0
530760,101202,30.53,-0.02,0.01,1.00,0
530800,101219,30.51,-0.01,0.02,1.00,0
530840,101213,30.59,-0.00,0.01,0.99,0
530880,101213,30.49,0.00,0.00,1.00,0
530920,101208,30.58,-0.01,-0.01,1.01,0
530960,101211,30.52,-0.01,-0.02,1.01,0
531000,101216,30.51,0.01,-0.00,1.00,0
531040,101216,30.52,-0.00,0.00,0.99,0
531080,101210,30.54,-0.02,0.03,0.97,0
531120,101206,30.58,0.01,0.00,1.00,0
531160,101211,30.52,0.01,0.00,1.00,0
531200,101209,30.50,-0.00,-0.01,1.00,0
531240,101213,30.53,0.01,0.00,0.99,0
531280,101206,30.52,0.01,0.00,1.01,0
531320,101209,30.49,0.01,0.01,1.01,0
531360,101211,30.57,0.02,-0.01,0.98,0
531400,101209,30.56,-0.01,-0.01,1.03,0
531440,101213,30.53,0.01,-0.02,1.00,0
531480,101207,30.52,0.01,0.01,0.99,0
531520,101206,30.59,0.01,0.00,1.00,0
531560,101209,30.51,0.00,-0.02,0.98,0
531600,101213,30.56,0.03,-0.00,0.98,0
531640,101209,30.51,0.01,0.01,0.99,0
531680,101208,30.53,0.01,0.01,1.00,0
531720,101213,30.52,0.02,0.01,0.99,0
531760,101211,30.56,0.00,0.00,0.98,0
531800,101208,30.50,-0.00,-0.00,0.98,0
531840,101210,30.46,0.01,0.02,1.01,0
531880,101209,30.45,-0.01,-0.02,1.00,0
531920,101212,30.49,0.00,0.02,1.01,0
531960,101210,30.55,-0.00,-0.01,0.99,0
532000,101208,30.51,-0.00,0.02,1.01,0
532040,101209,30.50,-0.01,-0.01,0.98,0
532080,101209,30.52,-0.03,-0.01,0.98,0
532120,101211,30.52,-0.03,0.01,1.03,0
532160,101211,30.55,-0.01,-0.00,1.01,0
532200,101207,30.50,-0.01,-0.01,0.99,0
532240,101209,30.58,-0.00,-0.00,1.00,0
532280,101211,30.52,-0.00,-0.01,0.98,0
532320,101213,30.60,-0.01,-0.00,0.99,0
532360,101211,30.49,-0.02,0.00,0.99,0
532400,101216,30.58,0.01,-0.03,0.98,0
532440,101210,30.47,0.02,-0.01,0.99,0
532480,101212,30.48,0.00,0.00,1.03,0
532520,101209,30.52,0.01,-0.01,1.03,0
532560,101207,30.56,-0.00,-0.01,1.00,0
532600,101210,30.54,-0.00,-0.00,0.99,0
532640,101212,30.47,0.00,-0.04,0.99,0
532680,101211,30.56,0.00,0.01,1.04,0
532720,101210,30.52,0.01,0.02,1.00,0
532760,101209,30.53,-0.00,-0.02,1.00,0
532800,101208,30.46,-0.00,0.01,1.00,0
532840,101209,30.44,-0.00,-0.01,0.98,0
532880,101211,30.54,0.03,0.00,1.02,0
532920,101213,30.54,0.00,0.02,1.02,0
532960,101200,30.53,0.01,0.01,1.00,0
533000,101212,30.53,0.02,0.01,1.00,0
533040,101213,30.59,-0.01,0.01,1.01,0
533080,101214,30.49,0.02,0.02,1.02,0
533120,101211,30.60,-0.00,0.01,1.01,0
533160,101212,30.58,0.01,0.01,1.02,0
533200,101209,30.55,-0.02,0.01,1.01,0
533240,101210,30.47,-0.00,-0.01,0.98,0
533280,101212,30.62,0.01,-0.01,1.02,0
533320,101207,30.56,0.01,0.00,1.01,0
533360,101208,30.57,-0.01,-0.01,1.01,0
533400,101211,30.53,-0.01,-0.00,1.02,0
533440,101206,30.53,0.02,-0.01,1.01,0
533480,101210,30.59,-0.03,-0.01,0.97,0
533520,101205,30.54,0.01,0.00,1.00,0
533560,101211,30.45,0.00,0.00,1.00,0
533600,101210,30.55,0.01,-0.01,1.02,0
533640,101208,30.49,0.01,0.03,0.99,0
533680,101207,30.54,0.00,0.00,1.00,0
533720,101208,30.50,0.01,0.01,1.00,0
533760,101203,30.51,-0.01,-0.02,0.99,0
533800,101209,30.45,-0.03,-0.00,1.00,0
533840,101210,30.51,-0.01,0.01,0.99,0
533880,101214,30.58,0.01,-0.01,1.00,0
533920,101208,30.57,-0.00,0.01,1.03,0
533960,101209,30.47,-0.00,-0.01,1.02,0
534000,101214,30.60,0.00,0.01,1.01,0
534040,101215,30.54,0.01,-0.01,1.00,0
534080,101209,30.52,0.01,0.01,1.00,0
534120,101213,30.52,-0.01,-0.00,0.99,0
534160,101214,30.50,0.01,-0.00,1.02,0
534200,101212,30.63,0.00,0.01,1.01,0
534240,101207,30.47,-0.01,0.02,0.97,0
534280,101207,30.66,0.01,0.00,1.01,0
534320,101212,30.58,-0.01,-0.02,1.00,0
534360,101217,30.56,-0.00,-0.01,0.99,0
534400,101209,30.49,-0.00,-0.02,1.00,0
534440,101215,30.50,-0.00,-0.02,1.00,0
534480,101216,30.56,-0.01,-0.01,1.01,0
534520,101206,30.50,-0.02,0.02,0.99,0
534560,101208,30.51,0.02,0.01,1.01,0
534600,101215,30.55,0.01,0.01,0.99,0
534640,101213,30.54,-0.00,-0.01,1.00,0
534680,101212,30.59,-0.01,-0.00,1.00,0
534720,101210,30.51,-0.00,-0.03,0.98,0
534760,101212,30.58,-0.01,0.00,1.00,0
534800,101208,30.56,0.01,-0.00,0.99,0
534840,101218,30.56,0.01,-0.00,1.01,0
534880,101206,30.56,0.01,-0.01,1.01,0
534920,101204,30.61,0.02,0.02,0.99,0
534960,101210,30.54,-0.01,0.01,1.00,0
535000,101214,30.51,-0.00,0.00,0.99,0
535040,101208,30.48,-0.00,0.01,0.99,0
535080,101210,30.50,0.01,-0.01,0.97,0
535120,101207,30.56,0.01,-0.02,1.03,0
535160,101210,30.58,-0.01,-0.01,0.99,0
535200,101207,30.59,-0.02,-0.02,0.96,0
535240,101207,30.54,0.01,-0.00,1.01,0
535280,101205,30.47,0.00,0.01,1.01,0
535320,101208,30.54,0.00,-0.00,1.05,0
535360,101216,30.55,0.02,-0.01,0.98,0
535400,101210,30.55,0.01,-0.00,0.99,0
535440,101211,30.54,-0.01,-0.00,1.03,0
535480,101217,30.53,0.01,0.00,1.02,0
535520,101208,30.65,0.04,0.01,1.01,0
535560,101207,30.51,-0.00,-0.01,1.00,0
535600,101212,30.54,0.01,0.01,1.00,0
535640,101206,30.59,-0.00,-0.00,0.98,0
535680,101211,30.56,-0.01,0.00,0.99,0
535720,101214,30.53,0.00,0.01,1.00,0
535760,101207,30.57,0.01,-0.01,0.99,0
535800,101208,30.48,0.00,-0.01,1.02,0
535840,101215,30.45,0.00,0.00,1.01,0
535880,101207,30.52,-0.02,-0.00,1.00,0
535920,101208,30.52,0.01,0.01,1.00,0
535960,101211,30.57,0.01,-0.03,0.97,0
536000,101209,30.54,0.02,-0.01,1.01,0
536040,101207,30.52,-0.01,-0.01,1.00,0
536080,101215,30.53,-0.01,-0.01,0.98,0
536120,101208,30.43,0.01,0.00,0.99,0
536160,101211,30.61,-0.01,0.00,1.01,0
536200,101209,30.48,-0.00,0.00,1.02,0
536240,101209,30.54,-0.01,-0.02,1.01,0
536280,101206,30.55,-0.00,0.01,0.97,0
536320,101213,30.53,-0.02,-0.02,1.02,0
536360,101209,30.47,-0.00,0.00,0.99,0
536400,101214,30.61,-0.03,-0.02,1.02,0
536440,101206,30.51,-0.01,0.00,0.97,0
536480,101208,30.65,0.00,0.03,1.01,0
536520,101211,30.47,-0.00,0.01,1.01,0
536560,101210,30.63,-0.00,-0.02,0.97,0
536600,101208,30.55,-0.00,0.02,1.01,0
536640,101210,30.50,-0.01,-0.00,0.99,0
536680,101206,30.59,0.01,-0.02,1.00,0
536720,101210,30.52,0.01,0.01,1.00,0
536760,101202,30.53,-0.00,-0.01,1.01,0
536800,101210,30.58,-0.00,0.00,1.01,0
536840,101214,30.50,-0.00,-0.01,1.02,0
536880,101213,30.48,-0.01,0.01,1.03,0
536920,101213,30.52,-0.01,-0.02,1.01,0
536960,101209,30.54,0.00,-0.01,1.01,0
537000,101211,30.57,0.03,-0.00,0.99,0
537040,101209,30.60,0.03,-0.01,1.02,0
537080,101210,30.51,-0.00,-0.01,1.02,0
537120,101210,30.56,0.01,0.02,0.96,0
537160,101200,30.45,-0.01,-0.00,1.00,0
537200,101213,30.64,0.01,0.00,0.99,0
537240,101211,30.48,-0.02,0.01,0.98,0
537280,101213,30.56,0.01,0.00,0.99,0
537320,101207,30.60,-0.00,-0.02,0.99,0
537360,101212,30.57,-0.02,-0.00,1.00,0
537400,101211,30.52,0.01,0.01,0.99,0
537440,101203,30.55,0.02,-0.00,1.02,0
537480,101204,30.55,0.01,-0.00,1.00,0
537520,101210,30.62,-0.01,-0.02,0.99,0
537560,101208,30.61,-0.02,0.01,1.01,0
537600,101210,30.52,-0.00,-0.00,0.98,0
537640,101208,30.55,-0.01,-0.00,1.02,0
537680,101215,30.54,0.01,0.02,1.00,0
537720,101204,30.59,0.00,-0.00,0.99,0
537760,101206,30.61,-0.01,0.02,0.99,0
537800,101207,30.60,0.01,-0.00,0.99,0
537840,101206,30.61,-0.00,-0.01,0.99,0
537840,101206,30.61,-0.00,-0.01,0.99,0
537880,101208,30.45,-0.00,-0.01,0.99,0
537920,101210,30.60,-0.01,0.00,1.01,0
537960,101206,30.59,0.02,0.02,1.01,0
538000,101211,30.53,-0.02,-0.01,0.98,0
538040,101214,30.46,-0.02,-0.01,1.03,0
538080,101213,30.55,-0.01,0.00,0.97,0
538120,101216,30.51,0.01,0.00,0.98,0
538160,101213,30.60,0.02,0.01,1.00,0
538200,101210,30.55,-0.00,0.01,0.97,0
538240,101215,30.50,-0.01,0.00,0.98,0
538280,101212,30.51,-0.00,0.01,1.01,0
538320,101216,30.57,-0.01,0.00,1.00,0
538360,101209,30.51,-0.01,0.03,1.00,0
538400,101203,30.59,0.00,-0.01,0.99,0
538440,101206,30.53,-0.01,0.00,1.05,0
538480,101210,30.48,-0.02,0.02,0.99,0
538520,101212,30.57,-0.03,0.01,1.01,0
538560,101209,30.60,0.00,0.01,1.04,0
538600,101213,30.49,-0.00,-0.01,1.01,0
538640,101206,30.56,0.00,-0.01,1.00,0
538680,101208,30.54,0.01,-0.03,1.00,0
538720,101213,30.56,0.00,0.01,1.01,0
538760,101210,30.52,0.00,-0.01,1.01,0
538800,101210,30.67,-0.00,0.00,1.03,0
538840,101214,30.54,0.02,0.00,0.99,0
538880,101213,30.58,-0.01,-0.00,1.00,0
538920,101207,30.62,-0.01,-0.02,0.98,0
538960,101211,30.61,0.00,-0.00,1.01,0
539000,101205,30.56,-0.01,-0.01,1.00,0
539040,101210,30.50,0.01,0.01,0.97,0
539080,101211,30.59,0.01,-0.01,0.98,0
539120,101205,30.50,-0.00,0.01,0.99,0
539160,101215,30.53,-0.01,-0.01,1.00,0
539200,101216,30.51,-0.01,-0.00,0.96,0
539240,101211,30.45,-0.01,0.01,1.03,0
539280,101213,30.55,0.01,0.01,1.01,0
539320,101215,30.59,-0.00,0.00,1.01,0
539360,101209,30.54,0.00,-0.02,0.99,0
539400,101213,30.62,0.02,-0.01,1.01,0
539440,101211,30.60,0.00,-0.02,1.02,0
539480,101205,30.53,-0.00,-0.01,0.99,0
539520,101207,30.59,-0.02,-0.02,0.99,0
539560,101208,30.55,0.01,0.01,1.01,0
539600,101213,30.51,-0.01,-0.01,1.00,0
539640,101210,30.58,-0.01,0.00,0.99,0
539680,101213,30.60,0.01,-0.01,0.98,0
539720,101208,30.58,0.01,0.00,1.02,0
539760,101206,30.57,0.01,-0.01,1.01,0
539800,101216,30.54,0.00,0.02,0.99,0
539840,101218,30.58,-0.00,0.01,1.01,0
539880,101211,30.53,0.01,-0.00,1.01,0
539920,101209,30.52,0.01,-0.01,0.99,0
539960,101214,30.55,0.01,-0.01,1.02,0
540000,101207,30.53,0.01,-0.01,1.00,0
540040,101209,30.60,0.01,-0.00,0.99,0
540080,101206,30.49,-0.01,-0.02,1.04,0
540120,101211,30.68,0.00,-0.02,1.01,0
540160,101211,30.58,-0.00,0.01,1.00,0
540200,101209,30.60,-0.01,0.00,1.00,0
540240,101208,30.53,0.01,0.00,0.99,0
540280,101205,30.57,0.00,0.01,1.02,0
540320,101207,30.54,-0.00,-0.01,1.00,0
540360,101214,30.52,-0.00,0.00,0.98,0
540400,101209,30.50,-0.01,-0.00,0.97,0
540440,101214,30.65,-0.01,0.01,1.01,0
540480,101207,30.64,0.00,-0.01,1.00,0
540520,101210,30.51,0.02,-0.00,1.01,0
540560,101209,30.52,-0.01,0.01,1.00,0
540600,101209,30.57,-0.01,0.02,1.02,0
540640,101212,30.59,0.01,-0.01,1.00,0
540680,101204,30.53,-0.01,0.02,1.00,0
540720,101212,30.57,-0.00,-0.01,1.01,0
540760,101212,30.51,0.01,0.00,0.99,0
540800,101210,30.48,0.00,-0.01,0.97,0
540840,101210,30.55,-0.01,-0.00,1.01,0
540880,101209,30.56,0.01,-0.01,1.01,0
540920,101212,30.59,-0.02,-0.01,1.00,0
540960,101210,30.59,0.01,0.01,1.00,0
541000,101207,30.60,-0.01,0.00,1.01,0
541040,101210,30.63,-0.01,-0.00,0.99,0
541080,101213,30.51,-0.00,0.02,1.01,0
541120,101211,30.63,0.01,-0.01,1.00,0
541160,101210,30.60,-0.00,0.01,1.00,0
541200,101211,30.59,0.02,0.01,1.02,0
541240,101208,30.61,0.00,-0.02,0.97,0
541280,101208,30.52,0.01,-0.00,1.02,0
541320,101204,30.50,-0.01,-0.02,1.00,0
541360,101209,30.57,0.02,0.03,0.98,0
541400,101213,30.57,-0.00,-0.01,1.00,0
541440,101209,30.56,-0.01,-0.00,1.01,0
541480,101207,30.51,0.00,-0.00,1.03,0
541520,101213,30.53,-0.02,0.01,1.02,0
541560,101210,30.60,-0.01,-0.00,1.01,0
541600,101210,30.54,-0.00,-0.01,1.00,0
541640,101211,30.55,-0.01,-0.02,1.01,0
541680,101212,30.60,0.01,-0.01,0.99,0
541720,101210,30.59,0.01,-0.02,0.99,0
541760,101207,30.60,0.00,0.00,0.99,0
541800,101215,30.56,-0.02,-0.01,0.97,0
541840,101210,30.51,0.00,0.03,1.01,0
541880,101208,30.56,0.00,-0.01,1.02,0
541920,101210,30.58,-0.01,0.01,1.00,0
541960,101214,30.57,0.01,-0.01,1.01,0
542000,101206,30.51,-0.03,-0.01,1.00,0
542040,101214,30.62,0.00,0.01,1.00,0
542080,101209,30.54,0.00,0.01,0.99,0
542120,101216,30.51,0.01,0.00,1.03,0
542160,101212,30.54,-0.00,-0.00,1.00,0
542200,101210,30.57,-0.01,0.00,1.02,0
542240,101214,30.66,-0.00,-0.00,1.00,0
542280,101214,30.56,-0.01,0.00,1.02,0
542320,101209,30.56,0.00,-0.01,0.99,0
542360,101211,30.54,-0.00,-0.02,0.99,0
542400,101208,30.51,0.01,-0.03,1.01,0
542440,101213,30.56,-0.00,-0.00,0.99,0
542480,101206,30.54,-0.01,-0.01,0.99,0
542520,101209,30.57,-0.00,0.01,1.01,0
542560,101203,30.57,-0.01,0.01,0.99,0
542600,101212,30.61,0.01,0.02,1.01,0
542640,101203,30.58,-0.01,-0.03,1.01,0
542680,101207,30.58,-0.01,0.01,0.99,0
542720,101211,30.55,0.00,-0.02,1.00,0
542760,101209,30.63,-0.01,-0.02,0.97,0
542800,101209,30.53,0.01,-0.00,1.01,0
542840,101207,30.57,0.03,-0.02,1.01,0
542880,101208,30.61,0.01,0.00,1.00,0
542920,101205,30.56,-0.02,0.01,1.00,0
542960,101211,30.57,-0.01,0.00,1.04,0
543000,101212,30.61,0.00,-0.01,1.01,0
543040,101212,30.57,0.02,-0.00,1.01,0
543080,101210,30.47,-0.00,-0.00,1.00,0
543120,101214,30.60,-0.02,0.01,1.01,0
543160,101211,30.58,0.01,0.01,0.99,0
543200,101213,30.53,-0.01,0.02,0.97,0
543240,101211,30.53,-0.01,-0.01,1.01,0
543280,101210,30.56,-0.02,0.02,1.00,0
543320,101208,30.55,-0.00,-0.02,1.00,0
543360,101202,30.62,0.02,-0.00,0.98,0
543400,101212,30.49,0.00,0.00,1.00,0
543440,101210,30.62,-0.01,-0.00,1.00,0
543480,101216,30.56,0.01,0.01,1.00,0
543520,101204,30.56,0.00,-0.02,0.97,0
543560,101212,30.57,0.00,-0.02,1.01,0
543600,101207,30.50,-0.02,0.02,1.01,0
543640,101210,30.67,0.01,-0.00,1.04,0
543680,101207,30.54,-0.00,-0.01,1.01,0
543720,101211,30.60,0.00,-0.01,1.02,0
543760,101210,30.55,0.00,0.00,1.00,0
543800,101213,30.61,-0.02,0.00,0.99,0
543840,101210,30.59,-0.01,-0.01,1.01,0
543880,101211,30.60,0.00,-0.01,0.98,0
543920,101214,30.62,0.00,-0.01,1.01,0
543960,101214,30.59,0.01,0.01,1.00,0
544000,101209,30.57,-0.01,0.00,0.98,0
544040,101214,30.58,0.00,0.00,1.00,0
544080,101210,30.58,0.00,0.00,1.01,0
544120,101211,30.59,0.01,0.01,1.01,0
544160,101209,30.56,0.00,-0.01,1.01,0
544200,101208,30.63,0.01,0.01,1.02,0
544240,101201,30.53,0.01,-0.03,1.01,0
544280,101212,30.53,0.02,0.01,0.99,0
544320,101206,30.56,0.02,-0.00,0.98,0
544360,101212,30.53,0.00,0.01,0.98,0
544400,101215,30.54,0.01,0.01,1.00,0
544440,101206,30.60,-0.01,0.01,1.03,0
544480,101213,30.50,0.00,-0.01,0.99,0
544520,101210,30.58,-0.01,-0.01,0.99,0
544560,101211,30.61,-0.01,-0.00,1.00,0
544600,101206,30.61,-0.01,-0.03,1.04,0
544640,101210,30.65,0.01,0.01,1.00,0
544680,101210,30.44,-0.00,-0.01,1.00,0
544720,101214,30.63,0.01,0.01,0.99,0
544760,101216,30.42,0.02,0.00,1.00,0
544800,101211,30.61,0.02,0.00,0.99,0
544840,101209,30.59,0.00,-0.01,1.01,0
544880,101217,30.54,0.00,-0.01,1.00,0
544920,101210,30.47,0.00,0.01,1.00,0
544960,101210,30.49,-0.02,0.01,1.00,0
545000,101210,30.58,0.01,-0.00,0.99,0
545040,101211,30.50,0.00,-0.01,0.99,0
545080,101212,30.51,0.00,-0.01,0.97,0
545120,101208,30.63,0.01,-0.02,1.02,0
545160,101210,30.62,0.02,0.00,0.97,0
545200,101216,30.55,-0.01,-0.00,1.00,0
545240,101215,30.49,-0.00,-0.01,1.01,0
545280,101211,30.49,0.03,-0.02,1.00,0
545320,101211,30.58,0.01,0.00,1.03,0
545360,101209,30.63,0.01,0.02,0.98,0
545400,101213,30.59,0.00,-0.01,0.99,0
545440,101208,30.60,-0.00,-0.00,1.01,0
545480,101210,30.60,0.02,-0.00,1.01,0
545520,101208,30.55,0.00,-0.01,1.00,0
545560,101208,30.54,-0.01,0.00,0.99,0
545600,101210,30.51,-0.03,0.02,1.02,0
545640,101210,30.63,0.01,-0.00,1.01,0
545680,101208,30.55,-0.01,-0.03,0.99,0
545720,101210,30.70,-0.00,-0.01,1.01,0
545760,101210,30.55,0.02,-0.02,0.97,0
545800,101208,30.62,0.01,-0.01,1.01,0
545840,101208,30.63,0.00,0.02,0.99,0
545880,101209,30.59,0.01,-0.01,0.98,0
545920,101212,30.53,0.03,0.03,1.01,0
545960,101213,30.47,0.01,-0.00,0.99,0
546000,101210,30.69,0.02,-0.03,0.96,0
546040,101209,30.55,-0.00,0.02,1.00,0
546080,101210,30.53,-0.01,0.00,0.99,0
546120,101216,30.50,-0.01,-0.02,0.99,0
546160,101213,30.64,0.01,0.01,0.99,0
546200,101207,30.59,-0.02,-0.01,0.98,0
546240,101210,30.55,-0.01,-0.01,0.98,0
546280,101208,30.69,0.01,0.01,0.99,0
546320,101209,30.54,-0.01,0.01,1.00,0
546360,101205,30.55,0.00,0.01,0.99,0
546400,101210,30.55,-0.01,0.01,1.00,0
546440,101206,30.55,-0.01,0.01,1.03,0
546480,101208,30.56,0.00,-0.00,1.01,0
546520,101214,30.57,0.00,0.02,1.01,0
546560,101213,30.55,0.00,-0.00,1.01,0
546600,101207,30.55,-0.01,-0.01,1.03,0
546640,101207,30.48,-0.01,-0.01,1.00,0
546680,101207,30.60,-0.01,-0.01,1.00,0
546720,101204,30.44,0.00,0.01,1.02,0
546760,101207,30.63,0.01,-0.01,0.99,0
546800,101209,30.55,-0.01,0.01,1.01,0
546840,101207,30.51,-0.00,0.00,1.04,0
546880,101212,30.52,-0.01,0.01,0.99,0
546920,101210,30.58,0.02,0.00,0.98,0
546960,101208,30.60,-0.01,0.00,1.01,0
547000,101215,30.51,0.01,0.01,1.00,0
547040,101212,30.65,0.01,0.01,1.01,0
547080,101210,30.59,-0.02,0.00,0.98,0
547120,101215,30.67,-0.00,0.01,0.98,0
547160,101214,30.52,0.01,-0.01,1.01,0
547200,101208,30.68,-0.02,-0.00,1.01,0
547240,101211,30.50,-0.00,0.02,0.98,0
547280,101209,30.54,-0.02,0.01,0.99,0
547320,101205,30.50,-0.01,-0.01,1.03,0
547360,101216,30.43,0.02,-0.00,0.99,0
547400,101214,30.60,0.01,-0.00,0.99,0
547440,101206,30.54,-0.01,-0.01,0.98,0
547480,101211,30.53,-0.00,-0.01,0.99,0
547520,101205,30.56,-0.01,-0.01,0.98,0
547560,101213,30.60,-0.00,0.00,1.02,0
547600,101210,30.49,0.01,0.01,1.02,0
547640,101209,30.53,-0.02,0.01,1.01,0
547680,101214,30.62,0.00,0.01,1.01,0
547720,101210,30.67,-0.01,0.01,0.99,0
547760,101209,30.59,0.00,0.02,1.01,0
547800,101213,30.61,-0.01,0.04,0.99,0
547840,101209,30.57,0.00,0.00,1.00,0
547880,101213,30.53,-0.01,-0.03,1.01,0
547920,101210,30.55,0.00,0.00,1.00,0
547960,101212,30.55,0.01,0.02,1.00,0
548000,101212,30.54,-0.02,-0.01,0.99,0
548040,101212,30.48,-0.02,-0.01,1.01,0
548080,101207,30.58,-0.01,0.00,1.00,0
548120,101216,30.58,-0.00,-0.01,1.00,0
548160,101209,30.60,0.01,-0.00,0.99,0
548200,101215,30.63,-0.00,0.00,1.02,0
548240,101208,30.52,-0.01,0.01,1.02,0
548280,101209,30.54,0.01,-0.00,1.02,0
548320,101209,30.61,0.01,0.01,1.03,0
548360,101213,30.61,0.01,-0.03,1.03,0
548400,101209,30.47,-0.02,-0.02,1.00,0
548440,101211,30.59,0.01,0.00,0.97,0
548480,101205,30.59,0.01,-0.01,1.02,0
548520,101208,30.53,0.01,-0.01,1.00,0
548560,101211,30.64,0.01,0.00,1.02,0
548600,101209,30.52,0.02,0.01,0.99,0
548640,101204,30.51,0.00,0.00,0.98,0
548680,101211,30.57,0.01,0.00,1.01,0
548720,101207,30.52,0.00,0.02,1.02,0
548760,101216,30.56,-0.01,-0.01,0.98,0
548800,101209,30.54,0.00,-0.01,1.02,0
548840,101217,30.57,-0.01,-0.00,1.00,0
548880,101212,30.55,-0.00,-0.01,0.97,0
548920,101211,30.59,-0.00,-0.01,0.99,0
548960,101208,30.60,-0.02,-0.01,0.99,0
549000,101209,30.58,0.01,0.03,1.00,0
549040,101211,30.57,-0.00,-0.01,1.03,0
549080,101204,30.65,-0.01,-0.01,1.02,0
549120,101213,30.60,-0.02,0.01,1.02,0
549160,101206,30.51,0.01,0.01,1.01,0
549200,101209,30.57,-0.01,-0.01,1.02,0
549240,101201,30.59,0.00,-0.01,1.01,0
549280,101211,30.57,-0.01,-0.01,0.97,0
549320,101212,30.53,-0.00,0.01,1.01,0
549360,101211,30.74,0.01,-0.01,0.98,0
549400,101211,30.57,-0.01,0.02,1.01,0
549440,101209,30.58,0.01,0.03,1.00,0
549480,101210,30.57,0.00,0.00,1.01,0
549520,101214,30.50,0.00,-0.01,0.99,0
549560,101208,30.54,0.00,0.01,1.00,0
550120,101212,30.59,-0.02,-0.02,0.99,0
550160,101207,30.59,-0.02,0.00,1.02,0
550200,101211,30.57,0.03,-0.00,1.02,0
550240,101206,30.59,-0.01,-0.01,1.00,0
550280,101207,30.60,-0.03,-0.02,1.03,0
550320,101209,30.55,0.01,-0.01,1.00,0
550360,101210,30.58,0.00,-0.01,0.99,0
550400,101215,30.50,-0.01,0.00,0.97,0
550440,101211,30.59,0.03,0.00,1.01,0
550480,101213,30.63,0.01,-0.01,0.99,0
550520,101206,30.63,0.00,-0.01,0.99,0
550560,101206,30.65,0.01,-0.00,1.00,0
550600,101208,30.50,-0.01,0.02,1.00,0
550640,101215,30.59,-0.01,0.01,1.00,0
550680,101206,30.61,-0.00,0.00,1.00,0
550720,101205,30.65,-0.00,0.01,1.00,0
550760,101210,30.57,0.01,-0.01,0.99,0
550800,101213,30.52,-0.00,0.01,1.01,0
550840,101205,30.56,0.02,-0.01,1.00,0
550880,101209,30.56,0.00,-0.00,0.98,0
550920,101206,30.61,0.00,0.03,1.00,0
550960,101214,30.57,0.01,-0.01,1.02,0
551000,101212,30.59,-0.01,0.01,0.98,0
551040,101211,30.48,0.01,0.00,1.01,0
551080,101210,30.58,-0.00,-0.01,0.96,0
551120,101209,30.57,0.02,0.01,1.02,0
551160,101210,30.65,0.01,-0.01,0.98,0
551200,101208,30.46,0.01,-0.00,1.01,0
551240,101207,30.69,0.00,0.01,1.00,0
551280,101206,30.58,0.02,0.01,1.00,0
551320,101210,30.58,-0.01,-0.01,1.02,0
551360,101207,30.59,-0.01,-0.01,1.00,0
551400,101212,30.64,-0.02,0.00,1.00,0
551440,101203,30.52,0.02,-0.00,0.98,0
551480,101212,30.67,0.00,0.01,1.00,0
551520,101211,30.56,-0.01,-0.00,1.01,0
551560,101214,30.59,-0.01,-0.01,1.00,0
551600,101209,30.62,-0.01,-0.02,1.01,0
551640,101205,30.56,-0.02,0.02,1.01,0
551680,101207,30.49,-0.01,0.01,1.02,0
551720,101213,30.56,0.01,-0.01,0.96,0
551760,101209,30.58,-0.02,-0.01,1.00,0
551800,101208,30.56,-0.01,-0.01,1.03,0
551840,101208,30.63,0.01,-0.02,1.02,0
551880,101210,30.55,-0.01,-0.01,1.01,0
551920,101209,30.57,0.01,0.01,0.99,0
551960,101205,30.64,0.00,-0.00,1.00,0
552000,101208,30.55,0.02,-0.01,1.02,0
552040,101213,30.60,0.01,-0.02,1.02,0
552080,101214,30.60,-0.00,0.01,1.00,0
552120,101209,30.53,-0.00,0.01,1.01,0
552160,101208,30.64,0.02,0.01,1.00,0
552200,101214,30.58,-0.00,-0.01,1.01,0
552800,101199,30.59,-0.01,0.00,1.01,0
552840,101212,30.51,-0.00,-0.01,0.99,0
552880,101210,30.51,0.01,-0.01,1.00,0
552920,101209,30.73,0.02,0.00,1.01,0
552960,101209,30.65,-0.01,-0.01,1.00,0
553000,101210,30.58,0.01,-0.01,0.99,0
553040,101210,30.58,0.00,0.02,0.99,0
553080,101206,30.51,0.01,0.00,0.98,0
553120,101210,30.56,-0.02,-0.00,1.02,0
553160,101210,30.59,0.01,0.01,1.00,0
553200,101210,30.55,-0.02,-0.00,0.99,0
553240,101205,30.59,0.00,0.01,1.02,0
553280,101209,30.50,-0.00,-0.01,0.98,0
553320,101206,30.54,0.01,-0.00,0.99,0
553360,101211,30.54,0.00,0.01,1.00,0
553400,101214,30.49,0.01,0.03,1.01,0
553440,101212,30.60,-0.01,-0.00,1.00,0
553480,101209,30.65,0.02,0.00,0.99,0
553520,101208,30.51,-0.01,-0.02,0.98,0
553560,101208,30.60,0.01,0.02,1.01,0
553600,101211,30.56,0.01,-0.02,1.00,0
553640,101208,30.53,-0.00,-0.01,0.99,0
553680,101208,30.58,-0.01,0.02,1.00,0
553720,101202,30.73,-0.01,0.01,1.02,0
553760,101207,30.53,0.03,0.00,1.00,0
553800,101207,30.59,-0.00,-0.00,0.97,0
553840,101208,30.61,0.02,0.01,0.98,0
553880,101213,30.55,-0.01,0.00,1.00,0
553920,101205,30.54,-0.01,-0.02,1.01,0
553960,101206,30.57,0.01,-0.01,1.00,0
554000,101212,30.48,0.01,-0.00,1.01,0
554040,101207,30.64,-0.00,0.01,0.98,0
554080,101209,30.52,-0.02,0.00,1.01,0
554120,101210,30.52,-0.01,0.00,1.00,0
554160,101210,30.59,0.00,-0.01,1.01,0
554200,101207,30.57,0.00,0.00,1.04,0
554240,101213,30.62,0.02,-0.00,0.98,0
554280,101214,30.58,-0.00,-0.01,1.00,0
554320,101207,30.62,-0.02,0.04,1.01,0
554360,101209,30.54,0.02,-0.01,1.02,0
554400,101213,30.53,-0.00,0.02,1.00,0
554440,101209,30.56,0.02,0.01,1.00,0
554480,101207,30.57,0.01,-0.01,1.03,0
554520,101208,30.63,0.02,0.00,1.00,0
554560,101212,30.57,0.02,-0.02,1.00,0
554600,101207,30.59,0.02,-0.02,1.00,0
554640,101210,30.57,0.01,-0.02,1.03,0
554680,101211,30.68,-0.01,-0.00,1.01,0
554720,101208,30.58,-0.00,0.00,1.02,0
554760,101211,30.53,0.01,-0.01,1.01,0
554800,101212,30.61,-0.01,-0.00,1.00,0
554840,101213,30.59,0.02,-0.00,0.99,0
554880,101213,30.59,0.01,-0.01,0.99,0
554920,101205,30.60,-0.01,-0.01,1.00,0
554960,101212,30.59,0.00,-0.01,1.00,0
555000,101212,30.60,-0.02,0.02,1.00,0
555040,101213,30.57,-0.00,-0.01,0.98,0
555080,101207,30.53,-0.01,-0.01,1.02,0
555120,101213,30.59,-0.01,0.01,0.99,0
555160,101211,30.61,-0.00,0.00,0.97,0
555200,101206,30.62,-0.01,0.01,1.00,0
555240,101214,30.53,0.00,-0.02,0.99,0
555280,101207,30.58,-0.02,-0.00,1.01,0
555320,101207,30.59,0.01,-0.00,0.99,0
555360,101211,30.67,0.01,0.00,0.97,0
555400,101208,30.62,0.01,0.02,1.00,0
555440,101211,30.76,0.01,0.01,0.99,0
555480,101209,30.57,0.00,0.00,0.99,0
555520,101211,30.64,0.01,-0.01,0.99,0
555560,101212,30.54,0.00,-0.02,1.00,0
555600,101210,30.67,0.02,0.00,1.00,0
555640,101212,30.65,0.01,0.00,1.02,0
555680,101212,30.56,0.02,0.01,1.02,0
555720,101207,30.67,-0.00,-0.00,1.00,0
555760,101212,30.58,0.01,0.00,0.99,0
555800,101212,30.48,-0.01,0.00,0.98,0
555840,101210,30.59,-0.00,0.00,1.02,0
555880,101213,30.59,-0.00,0.00,1.02,0
555920,101215,30.62,0.01,-0.02,0.99,0
555960,101212,30.60,-0.01,0.01,0.99,0
556000,101205,30.58,0.00,0.01,1.01,0
556040,101211,30.70,-0.02,-0.01,0.99,0
556080,101209,30.66,0.01,-0.01,0.99,0
556120,101209,30.70,0.01,-0.01,0.98,0
556160,101211,30.64,-0.01,-0.00,1.00,0
556200,101209,30.55,0.01,0.00,1.00,0
556240,101215,30.61,0.00,0.01,0.97,0
556280,101211,30.69,0.01,0.00,0.99,0
556320,101210,30.60,0.01,-0.01,0.99,0
556360,101212,30.68,-0.00,0.00,0.99,0
556400,101212,30.59,-0.01,-0.01,1.01,0
556440,101213,30.56,-0.01,0.01,1.01,0
556480,101212,30.65,0.01,0.00,1.00,0
556520,101210,30.61,-0.01,-0.02,1.02,0
556560,101210,30.58,-0.01,0.02,0.98,0
556600,0,30.63,-0.01,0.00,1.00,0
556640,101205,30.62,-0.02,-0.01,1.01,0
556680,101213,30.61,-0.01,0.00,1.00,0
556720,101209,30.49,-0.01,0.01,1.01,0
556760,101215,30.60,0.00,-0.02,1.01,0
556800,101215,30.57,0.02,-0.02,1.00,0
556840,101206,30.55,-0.01,-0.01,0.99,0
556880,101211,30.57,-0.01,-0.02,1.03,0
556920,101219,30.64,0.01,-0.01,1.02,0
556960,101207,30.69,-0.02,0.02,0.98,0
557000,101211,30.62,0.00,0.00,1.01,0
557040,101209,30.54,0.00,-0.01,1.01,0
557080,101209,30.51,0.02,0.02,1.00,0
557120,101209,30.64,0.02,0.01,1.01,0
557160,101210,30.55,-0.00,0.02,1.00,0
557200,101212,30.63,-0.00,0.01,1.03,0
557240,101207,30.57,0.01,0.01,1.01,0
557280,101211,30.58,0.00,0.02,0.97,0
557320,101208,30.56,0.01,0.00,0.97,0
557360,101211,30.63,-0.00,-0.03,0.99,0
557400,101211,30.59,-0.01,-0.00,1.00,0
557440,101207,30.66,0.01,0.01,0.99,0
557480,101210,30.54,0.03,0.00,0.99,0
557520,101207,30.65,0.01,-0.00,1.00,0
557560,101207,30.67,-0.02,-0.01,0.99,0
557600,101213,30.58,-0.03,-0.01,1.01,0
557640,101204,30.58,-0.01,-0.01,1.00,0
557680,101211,30.58,0.02,0.01,1.00,0
557720,101212,30.60,-0.02,-0.00,1.02,0
557760,101208,30.57,0.02,0.00,0.99,0
557800,101213,30.57,0.01,0.00,0.99,0
557840,101213,30.59,-0.00,-0.03,1.03,0
557880,101206,30.59,0.00,-0.03,0.98,0
557920,101211,30.63,0.01,0.01,1.01,0
557960,101211,30.57,-0.01,0.00,1.00,0
558000,101207,30.52,-0.00,-0.00,1.01,0
558040,101211,30.52,-0.00,-0.02,1.02,0
558080,101212,30.56,0.01,-0.00,1.02,0
558120,101207,30.57,-0.00,0.01,0.99,0
558160,101203,30.59,-0.01,-0.00,1.01,0
558200,101211,30.54,0.01,-0.01,0.97,0
558240,101207,30.57,0.00,0.02,1.01,0
558280,101204,30.56,0.00,0.01,1.02,0
558320,101208,30.56,0.02,0.02,1.00,0
558360,101202,30.61,-0.02,-0.01,1.00,0
558400,101209,30.59,0.00,-0.01,1.02,0
558440,101214,30.62,-0.00,0.01,0.97,0
558480,101201,30.57,-0.01,-0.00,1.00,0
558520,101211,30.66,-0.00,-0.02,1.00,0
558560,101207,30.55,0.02,0.02,1.01,0
558600,101208,30.56,0.01,-0.01,1.01,0
558640,101207,30.59,-0.03,0.00,1.02,0
558680,101212,30.55,0.03,-0.02,1.00,0
558720,101210,30.60,-0.00,0.01,1.03,0
558760,101207,30.56,-0.02,-0.00,0.99,0
558800,101206,30.64,0.00,0.01,1.00,0
558840,101208,30.69,-0.00,-0.02,0.99,0
558880,101213,30.54,0.02,0.00,0.98,0
558920,101206,30.55,-0.01,-0.01,1.01,0
558960,101211,30.64,0.01,-0.01,1.01,0
559000,101211,30.57,0.01,0.00,1.04,0
559040,101203,30.53,-0.00,0.00,1.03,0
559080,101213,30.66,-0.00,-0.02,1.01,0
559120,101210,30.56,-0.01,0.01,1.00,0
559160,101217,30.67,0.00,0.02,1.01,0
559200,101215,30.55,0.00,0.01,1.01,0
559240,101209,30.57,-0.00,-0.00,1.00,0
559280,101209,30.62,-0.00,-0.00,1.02,0
559320,101207,30.59,-0.01,0.01,0.99,0
559360,101205,30.72,0.01,-0.01,1.00,0
559400,101212,30.63,0.01,-0.01,1.00,0
559440,101209,30.58,0.01,-0.02,1.00,0
559480,101208,30.67,0.01,0.01,1.02,0
559520,101209,30.55,-0.01,0.01,1.01,0
559560,101212,30.68,-0.01,0.02,0.99,0
559600,101213,30.68,0.01,0.00,0.99,0
559640,101210,30.60,0.01,0.01,0.99,0
559680,101209,30.63,0.01,-0.01,0.98,0
559720,101210,30.72,0.02,0.00,1.00,0
559760,101216,30.69,0.01,-0.03,1.00,0
559800,101203,30.54,0.01,-0.02,1.01,0
559840,101206,30.62,-0.03,0.02,1.00,0
559880,101211,30.59,-0.01,-0.01,1.01,0
559920,101210,30.65,-0.00,-0.01,0.99,0
559960,101214,30.60,-0.00,0.00,1.00,0
560000,101214,30.45,0.02,0.01,1.02,0
560040,101216,30.64,-0.01,0.00,1.01,0
560080,101207,30.59,-0.01,0.01,0.99,0
560120,101212,30.64,-0.01,-0.02,0.99,0
560160,101209,30.59,-0.02,-0.02,1.00,0
560200,101213,30.58,0.00,0.01,0.99,0
560240,101210,30.62,0.00,0.01,0.99,0
560280,101212,30.51,-0.02,0.01,0.99,0
560320,101207,30.62,-0.01,-0.00,1.01,0
560360,101210,30.59,-0.00,0.00,1.02,0
560400,101208,30.60,-0.01,-0.00,0.99,0
560440,101209,30.59,-0.01,-0.01,1.00,0
560480,101208,30.59,-0.00,0.00,0.98,0
560520,101206,30.51,0.01,-0.01,1.03,0
560560,101213,30.67,0.02,-0.01,1.02,0
560600,101211,30.57,-0.01,0.01,1.01,0
560640,101213,30.58,0.00,0.00,1.00,0
560680,101207,30.62,0.00,-0.01,0.99,0
560720,101204,30.54,-0.01,-0.01,1.00,0
560760,101208,30.60,-0.00,0.00,1.00,0
560800,101209,30.56,0.00,0.01,1.02,0
560840,101212,30.56,-0.00,-0.01,1.01,0
560880,101213,30.55,-0.00,-0.01,1.00,0
560920,101214,30.60,0.01,0.01,0.99,0
560960,101214,30.54,0.01,0.01,1.00,0
561000,101212,30.71,-0.01,-0.00,1.02,0
561040,101210,30.52,-0.01,0.02,1.00,0
561080,101207,30.59,-0.01,0.01,1.00,0
561120,101212,30.61,-0.02,-0.00,1.01,0
561160,101208,30.60,-0.01,0.01,0.99,0
561200,101207,30.60,-0.00,-0.01,1.01,0
561240,101212,30.69,-0.00,-0.01,0.98,0
561280,101210,30.54,-0.01,-0.02,0.99,0
561320,101212,30.54,0.02,0.01,0.98,0
561360,101207,30.59,0.00,-0.00,1.00,0
561400,101213,30.60,0.01,0.02,0.98,0
561440,101211,30.57,-0.01,0.01,1.00,0
561480,101209,30.50,-0.00,0.01,0.97,0
561520,101207,30.51,0.02,0.01,1.00,0
561560,101206,30.61,-0.02,-0.01,0.98,0
561600,101205,30.61,0.01,0.02,1.00,0
561640,101214,30.53,0.00,-0.01,1.00,0
561680,101205,30.65,0.00,-0.00,1.00,0
561720,101212,30.55,0.02,0.00,1.04,0
561760,101209,30.56,0.01,0.00,1.00,0
561800,101208,30.63,0.01,0.00,0.99,0
561840,101208,30.51,-0.00,0.00,1.01,0
561880,101209,30.56,-0.02,0.00,1.00,0
561920,101213,30.65,0.01,0.01,1.01,0
561960,101211,30.63,0.01,0.00,1.00,0
562000,101210,30.62,0.00,-0.00,1.00,0
562040,101205,30.54,0.00,0.00,0.98,0
562080,101204,30.56,-0.02,-0.01,0.99,0
562120,101216,30.68,-0.01,-0.02,1.01,0
562160,101207,30.65,0.00,-0.00,1.01,0
562200,101205,30.65,-0.00,0.00,1.01,0
562240,101213,30.56,0.01,0.00,0.99,0
562280,101205,30.55,0.00,-0.01,1.00,0
562320,101212,30.60,0.00,-0.01,0.97,0
562360,101213,30.60,-0.03,-0.03,0.99,0
562400,101210,30.62,0.01,0.01,0.99,0
562440,101213,30.73,0.00,0.01,0.97,0
562480,101205,30.62,0.02,0.02,0.97,0
562520,101206,30.67,-0.02,0.03,1.01,0
562560,101209,30.59,0.00,-0.00,1.01,0
562600,101210,30.55,0.00,0.01,1.01,0
562640,101209,30.66,0.02,0.01,0.98,0
562680,101211,30.60,-0.02,-0.01,0.99,0
562720,101207,30.59,-0.01,-0.00,1.01,0
562760,101203,30.70,0.01,0.02,1.01,0
562800,101211,30.53,-0.01,0.02,1.01,0
562840,101209,30.61,0.01,0.00,1.00,0
562880,101212,30.66,0.00,-0.02,1.01,0
562920,101216,30.58,-0.01,-0.01,1.00,0
562960,101210,30.65,-0.01,0.01,1.01,0
563000,101211,30.66,-0.02,-0.01,0.99,0
563040,101207,30.68,0.00,-0.02,1.01,0
563080,101213,30.63,-0.01,0.01,1.00,0
563120,101211,30.54,-0.02,0.02,0.99,0
563160,101210,30.54,-0.00,0.03,0.98,0
563200,101213,30.55,0.02,0.02,1.03,0
563240,101206,30.63,0.01,0.01,1.01,0
563280,101211,30.55,0.02,0.00,1.00,0
563320,101211,30.53,0.01,0.01,1.00,0
563360,101215,30.59,-0.01,0.00,1.00,0
563400,101204,30.58,-0.02,-0.02,1.00,0
563440,101209,30.60,-0.02,0.01,1.01,0
563480,101217,30.61,-0.01,0.01,0.99,0
563520,101208,30.49,0.01,-0.01,1.00,0
563560,101208,30.56,-0.00,-0.02,1.01,0
563600,101215,30.67,0.00,-0.01,1.00,0
563640,101218,30.53,0.00,-0.00,1.02,0
563680,101210,30.60,0.01,-0.02,0.99,0
563720,101207,30.58,0.02,0.00,0.99,0
563760,101208,30.57,-0.03,0.01,1.02,0
563800,101208,30.59,0.01,-0.01,1.00,0
563840,101207,30.69,-0.00,-0.00,1.01,0
563880,101207,30.67,-0.02,-0.00,1.00,0
563920,101210,30.61,-0.01,-0.01,0.99,0
563960,101210,30.69,0.01,-0.01,0.98,0
564560,101206,30.57,-0.00,0.00,0.99,0
564600,101209,30.63,-0.01,0.00,0.99,0
564640,101211,30.64,0.02,-0.02,1.00,0
564680,101212,30.66,0.00,0.02,1.00,0
564720,101210,30.54,0.00,0.01,1.02,0
564760,101209,30.69,-0.01,0.02,1.06,0
564800,101207,30.60,-0.01,-0.01,1.01,0
564840,101210,30.69,-0.02,0.00,1.02,0
564880,101206,30.58,0.00,-0.01,1.00,0
564920,101210,30.57,0.00,0.01,1.00,0
564960,101210,30.59,-0.01,0.02,1.03,0
565000,101207,30.69,-0.01,-0.00,1.00,0
565040,101211,30.62,-0.01,-0.01,1.00,0
565080,101209,30.57,0.00,0.01,0.98,0
565120,101212,30.58,-0.01,0.01,1.03,0
565160,101208,30.55,0.00,-0.01,1.01,0
565200,101211,30.55,0.00,0.02,1.02,0
565240,101215,30.61,0.00,-0.00,1.01,0
565280,101210,30.70,0.01,0.02,1.00,0
565320,101212,30.69,-0.01,-0.02,1.03,0
565360,101208,30.56,-0.02,-0.01,1.01,0
565400,101209,30.61,-0.00,0.01,0.98,0
565440,101204,30.60,-0.03,-0.02,0.99,0
565480,101209,30.63,-0.00,-0.01,1.00,0
565520,101206,30.60,-0.01,-0.01,1.00,0
565560,101210,30.53,0.00,-0.01,1.02,0
565600,101203,30.55,-0.01,0.00,1.00,0
565640,101207,30.74,-0.01,-0.01,1.00,0
565680,101210,30.61,0.02,-0.01,1.01,0
565720,101211,30.74,0.02,-0.01,1.01,0
565760,101204,30.63,-0.00,0.01,1.00,0
565800,101208,30.49,0.00,-0.01,1.00,0
565840,101218,30.64,0.02,0.00,0.99,0
565880,101212,30.56,-0.01,0.00,1.02,0
565920,101210,30.68,-0.03,0.02,1.00,0
565960,101201,30.56,0.00,0.00,0.99,0
566000,101207,30.60,-0.00,-0.02,1.02,0
566040,101211,30.49,0.00,-0.01,1.02,0
566080,101210,30.60,0.01,0.01,0.99,0
566120,101211,30.57,-0.01,0.00,0.99,0
566160,101213,30.52,0.00,-0.01,1.00,0
566200,101210,30.62,-0.01,0.01,0.99,0
566240,101212,30.57,0.01,-0.00,1.00,0
566280,101204,30.63,-0.02,0.00,1.00,0
566320,101217,30.60,-0.01,0.00,0.99,0
566360,101209,30.62,-0.02,-0.00,0.99,0
566400,101208,30.60,-0.01,0.00,1.02,0
566440,101214,30.53,0.01,-0.01,0.99,0
566480,101211,30.65,-0.02,-0.00,1.00,0
566520,101213,30.60,0.02,-0.01,1.01,0
566560,101208,30.53,0.02,-0.01,0.97,0
566600,101210,30.65,-0.00,-0.00,0.98,0
566640,101212,30.64,-0.01,-0.01,1.00,0
566680,101206,30.58,-0.01,-0.00,1.00,0
566720,101209,30.56,-0.01,0.01,0.98,0
566760,101209,30.57,-0.01,-0.00,0.99,0
566800,101209,30.57,0.02,-0.01,1.01,0
566840,101207,30.56,-0.00,0.01,1.01,0
566880,101206,30.60,-0.00,-0.01,1.01,0
566920,101211,30.68,0.01,0.01,1.01,0
566960,101210,30.62,-0.02,0.01,0.97,0
567000,101213,30.57,-0.00,0.01,0.99,0
567040,101209,30.67,0.00,0.01,1.01,0
567080,101207,30.63,0.03,0.01,1.00,0
567120,101205,30.65,0.02,0.01,0.99,0
567160,101210,30.62,-0.01,-0.00,0.98,0
567200,101209,30.55,0.01,0.02,1.01,0
567240,101216,30.58,-0.01,0.02,1.03,0
567280,101217,30.65,-0.02,0.00,1.01,0
567320,101215,30.60,-0.01,0.02,1.01,0
567360,101207,30.62,-0.01,-0.01,1.01,0
567400,101205,30.69,0.00,0.00,1.01,0
567440,101209,30.54,-0.00,0.01,1.00,0
567480,101207,30.56,0.00,0.01,1.00,0
567520,101214,30.59,0.01,-0.00,1.02,0
567560,101210,30.63,0.00,-0.00,1.00,0
567600,101208,30.61,0.01,-0.01,1.02,0
567640,101210,30.66,-0.00,-0.01,1.00,0
567680,101214,30.65,-0.02,0.01,1.03,0
567720,101207,30.66,0.02,-0.01,1.01,0
567760,101211,30.52,-0.01,0.02,0.99,0
567800,101205,30.58,0.01,-0.01,0.99,0
567840,101209,30.58,0.01,-0.01,0.97,0
567880,101207,30.61,-0.01,0.00,1.04,0
567920,101211,30.70,-0.01,-0.02,1.00,0
567960,101210,30.63,-0.01,0.01,1.01,0
568000,101213,30.64,0.03,0.00,1.00,0
568040,101212,30.60,-0.01,-0.01,1.01,0
568080,101208,30.61,-0.02,0.00,1.00,0
568120,101205,30.65,-0.01,0.00,0.99,0
568160,101207,30.64,0.01,-0.00,1.00,0
568200,101208,30.62,-0.02,0.01,1.00,0
568240,101209,30.58,-0.01,-0.02,1.01,0
568280,101207,30.70,0.01,-0.00,0.99,0
568320,101213,30.61,-0.00,0.01,1.00,0
568360,101212,30.62,-0.01,-0.00,1.01,0
568400,101209,30.68,-0.01,-0.01,0.99,0
568440,101208,30.66,0.00,-0.00,1.03,0
568480,101209,30.71,-0.02,-0.00,1.02,0
568520,101209,30.57,-0.01,-0.02,1.00,0
568560,101209,30.66,0.01,0.00,1.04,0
568600,101204,30.58,0.02,0.00,0.97,0
568640,101208,30.60,-0.00,0.00,1.03,0
568680,101204,30.60,0.01,-0.00,1.00,0
568720,101210,30.66,0.01,-0.01,1.01,0
568760,101212,30.61,-0.00,0.00,1.01,0
568800,101206,30.61,0.00,-0.02,1.01,0
568840,101210,30.56,-0.01,0.01,1.01,0
568880,101208,30.61,-0.01,-0.01,0.97,0
568920,101207,30.61,-0.00,-0.01,1.01,0
568960,101216,30.61,-0.00,-0.02,1.00,0
569000,101212,30.55,-0.02,0.03,0.99,0
569040,101211,30.63,0.02,0.01,0.98,0
569080,101208,30.67,0.00,-0.02,0.99,0
569120,101211,30.63,-0.00,0.00,1.01,0
569160,101209,30.54,-0.00,-0.02,0.99,0
569200,101211,30.62,-0.01,-0.00,0.99,0
569240,101207,30.63,0.02,-0.01,0.99,0
569280,101209,30.64,0.01,0.02,1.00,0
569320,101208,30.67,0.03,0.01,0.99,0
569360,101205,30.59,-0.00,-0.02,0.99,0
569400,101215,30.61,0.00,0.02,0.99,0
569440,101212,30.54,0.00,0.02,1.01,0
569480,101207,30.60,-0.00,0.03,0.99,0
569520,101205,30.60,-0.02,0.00,1.01,0
569560,101207,30.61,-0.01,0.01,1.00,0
569600,101207,30.56,0.01,0.01,1.03,0
569640,101208,30.72,0.02,0.00,1.02,0
569680,101205,30.58,-0.00,-0.00,0.97,0
569720,101207,30.56,-0.02,0.02,0.99,0
569760,101210,30.67,0.01,0.01,1.02,0
569800,101211,30.64,0.01,0.00,0.99,0
569840,101203,30.66,-0.01,-0.00,0.99,0
569880,101210,30.65,-0.00,-0.01,0.99,0
569920,101206,30.69,-0.01,-0.00,1.00,0
569960,101206,30.65,-0.01,0.01,1.00,0
570000,101209,30.58,-0.02,-0.00,0.99,0
570040,101207,30.58,-0.00,0.00,0.97,0
570080,101212,30.63,-0.02,0.01,0.98,0
570120,101212,30.69,0.03,0.00,1.00,0
570160,101209,30.60,0.01,0.01,1.03,0
570200,101208,30.60,-0.01,-0.00,0.99,0
570240,101215,30.71,-0.00,0.01,0.99,0
570280,101215,30.58,0.01,-0.02,0.99,0
570320,101211,30.64,0.01,-0.02,0.98,0
570360,101209,30.65,-0.00,-0.01,1.00,0
570400,101213,30.67,-0.02,-0.00,1.00,0
570440,101214,30.56,-0.00,-0.00,1.03,0
570480,101208,30.64,0.01,0.00,0.97,0
570520,101215,30.53,0.01,0.01,1.03,0
570560,101209,30.59,-0.01,0.01,1.01,0
570600,101213,30.66,-0.00,-0.02,0.98,0
570640,101208,30.62,0.03,-0.01,0.96,0
570680,101210,30.62,0.00,-0.00,0.98,0
570720,101208,30.56,0.00,0.00,1.01,0
570760,101210,30.58,0.01,-0.00,1.00,0
570800,101213,30.64,-0.00,0.01,1.01,0
570840,101207,30.61,-0.01,-0.01,1.00,0
570880,101209,30.72,0.01,0.02,0.99,0
570920,101211,30.66,-0.01,-0.01,1.03,0
570960,101208,30.62,0.01,-0.03,1.00,0
571000,101216,30.67,0.00,0.01,1.01,0
571040,101205,30.55,-0.01,-0.02,1.01,0
571080,101218,30.58,0.02,0.01,1.03,0
571120,101207,30.58,0.02,-0.01,1.00,0
571160,101213,30.59,0.01,-0.00,1.00,0
571200,101215,30.65,0.02,-0.01,1.00,0
571240,101211,30.52,0.01,0.00,1.00,0
571280,101205,30.56,0.01,-0.01,0.99,0
571320,101208,30.58,0.02,-0.01,0.97,0
571360,101210,30.57,0.01,0.00,1.00,0
571400,101211,30.74,-0.02,-0.01,1.02,0
571440,101213,30.61,-0.00,-0.00,0.98,0
571480,101213,30.63,-0.02,-0.02,1.01,0
571520,101214,30.64,-0.02,0.01,1.02,0
571560,101207,30.62,-0.01,-0.01,1.00,0
571600,101213,30.64,-0.01,-0.03,1.01,0
571640,101204,30.67,0.00,0.02,0.99,0
571680,101210,30.68,-0.01,-0.00,1.00,0
571720,101206,30.57,-0.00,-0.03,0.99,0
571760,101204,30.60,-0.01,0.00,0.99,0
571800,101212,30.62,-0.00,0.01,1.00,0
571840,101209,30.64,-0.00,0.00,1.03,0
571880,101213,30.61,-0.00,-0.01,1.01,0
571920,101205,30.62,-0.02,0.01,0.99,0
571960,101206,30.63,-0.00,0.03,0.97,0
572000,101209,30.65,-0.00,0.02,1.00,0
572040,101207,30.66,0.02,0.01,1.03,0
572080,101210,30.55,-0.02,-0.00,1.00,0
572120,101208,30.52,0.01,-0.00,0.99,0
572160,101208,30.69,0.02,-0.01,1.02,0
572200,101206,30.53,0.00,0.01,1.01,0
572240,101214,30.67,0.00,0.01,1.00,0
572280,101209,30.58,-0.00,-0.01,1.02,0
572320,101206,30.66,0.01,-0.03,0.99,0
572360,101212,30.56,0.00,-0.01,1.00,0
572400,101211,30.70,-0.01,-0.01,1.00,0
572440,101210,30.68,0.01,-0.01,0.97,0
572480,101210,30.53,-0.03,0.03,0.99,0
572520,101208,30.67,0.01,0.02,1.00,0
572560,101209,30.65,-0.03,0.04,1.03,0
572600,101202,30.65,0.01,-0.00,1.01,0
572640,101205,30.72,0.02,-0.01,1.00,0
572680,101206,30.65,-0.01,-0.01,1.01,0
572720,101210,30.57,0.00,0.00,1.00,0
572760,101213,30.60,-0.01,-0.01,1.02,0
572800,101209,30.58,0.01,-0.01,1.03,0
572840,101209,30.60,0.01,-0.02,0.97,0
572880,101213,30.61,-0.01,-0.00,0.99,0
572920,101208,30.66,0.01,0.03,0.99,0
572960,101212,30.59,-0.01,0.02,1.01,0
573000,101211,30.64,-0.00,-0.01,0.99,0
573040,101205,30.69,0.00,-0.01,1.00,0
573080,101211,30.68,0.01,0.02,1.01,0
573120,101210,30.63,0.00,-0.01,1.01,0
573160,101206,30.66,-0.01,0.00,1.02,0
573200,101206,30.70,-0.01,-0.01,0.99,0
573240,101205,30.64,0.01,-0.00,1.00,0
573280,101214,30.68,0.00,-0.01,1.00,0
573320,101216,30.58,0.01,0.00,1.00,0
573360,101212,30.63,0.02,-0.01,0.99,0
573400,101214,30.58,0.03,0.01,0.99,0
573440,101205,30.61,-0.01,0.01,1.02,0
573480,101214,30.63,-0.00,-0.01,1.00,0
573520,101216,30.63,-0.00,-0.01,1.00,0
573560,101215,30.69,-0.00,0.00,1.01,0
573600,101207,30.60,-0.00,0.01,1.00,0
573640,101213,30.58,-0.01,-0.01,1.02,0
573680,101209,30.58,0.01,-0.00,1.00,0
573720,101213,30.63,-0.00,0.01,0.99,0
573760,101207,30.64,-0.00,-0.00,1.04,0
573800,101210,30.59,0.01,0.01,1.01,0
573840,101208,30.63,-0.02,0.01,1.03,0
573880,101211,30.52,0.00,-0.01,1.01,0
573920,101209,30.64,-0.01,0.00,1.03,0
573960,101213,30.65,0.03,0.00,0.98,0
574000,101212,30.66,-0.03,0.01,0.99,0
574040,101211,30.69,0.02,0.01,1.00,0
574080,101209,30.61,0.00,0.00,1.01,0
574120,101209,30.66,0.02,-0.00,0.99,0
574160,101210,30.63,-0.01,0.00,1.01,0
574200,101212,30.70,-0.02,0.01,1.02,0
574240,101210,30.67,-0.01,-0.00,0.96,0
574280,101210,30.62,0.02,-0.00,0.99,0
574320,101209,30.65,0.01,-0.02,1.01,0
574360,101209,30.68,0.00,-0.01,1.01,0
574400,101207,30.63,0.01,0.00,0.98,0
574440,101204,30.66,0.02,-0.01,0.98,0
574480,101211,30.64,-0.00,0.00,0.99,0
574520,101211,30.55,-0.00,-0.00,0.99,0
574560,101206,30.66,0.00,-0.02,0.99,0
574600,101216,30.57,0.02,0.01,0.97,0
574640,101206,30.61,0.00,0.02,0.99,0
574680,101213,30.63,0.02,0.01,0.98,0
574720,101210,30.58,-0.01,0.01,1.02,0
574760,101211,30.65,0.02,-0.01,1.00,0
574800,101213,30.61,0.01,-0.02,1.00,0
574840,101212,30.65,0.00,0.00,1.00,0
574880,101210,30.59,0.01,-0.02,0.99,0
574920,101206,30.52,-0.00,-0.01,0.98,0
574960,101206,30.69,-0.03,0.00,1.00,0
575000,101210,30.65,0.02,0.00,1.01,0
575040,101215,30.67,0.00,-0.02,0.99,0
575080,101212,30.65,0.00,0.00,1.00,0
575120,101209,30.55,-0.00,0.01,1.00,0
575160,101211,30.69,0.00,-0.01,1.01,0
575200,101212,30.73,0.00,-0.01,0.98,0
575240,101215,30.70,0.02,0.00,1.01,0
575280,101207,30.63,0.01,0.01,1.01,0
575320,101212,30.67,0.01,0.00,0.99,0
575360,101210,30.65,-0.01,0.01,1.01,0
575400,101207,30.63,-0.00,-0.01,1.02,0
575440,101206,30.61,0.00,0.00,1.00,0
575480,101214,30.63,-0.03,0.00,0.99,0
575520,101211,30.63,0.00,0.02,1.00,0
575560,101209,30.62,-0.02,-0.01,0.97,0
575600,101210,30.67,0.01,0.02,1.00,0
575640,101213,30.67,-0.00,-0.02,0.97,0
575680,101210,30.69,0.00,-0.01,1.01,0
575720,101215,30.56,-0.01,0.00,1.00,0
575760,101209,30.71,0.01,0.01,0.99,0
575800,101207,30.63,0.03,0.01,1.00,0
575840,101209,30.73,0.02,0.00,1.00,0
575880,101207,30.54,-0.01,0.01,0.97,0
575920,101208,30.63,0.03,0.01,1.03,0
575960,101213,30.64,-0.02,0.00,1.00,0
576000,101215,30.57,0.02,-0.01,1.00,0
576040,101212,30.58,0.00,-0.01,0.98,0
576080,101210,30.69,-0.00,0.02,1.01,0
576120,101207,30.55,0.01,-0.01,0.99,0
576720,101203,30.65,-0.00,-0.03,1.00,0
576760,101202,30.64,0.01,-0.00,0.99,0
576800,101209,30.65,0.00,0.00,1.02,0
576840,101211,30.70,-0.01,0.00,0.98,0
576880,101207,30.64,0.01,-0.01,1.02,0
576920,101211,30.62,0.02,0.00,1.00,0
576960,101211,30.59,-0.00,-0.01,1.01,0
577000,101209,30.63,-0.01,-0.01,1.00,0
577040,101205,30.63,0.01,0.01,0.98,0
577080,101214,30.70,-0.01,-0.01,1.00,0
577120,101214,30.66,-0.00,0.02,1.02,0
577160,101208,30.69,0.01,0.02,1.03,0
577200,101216,30.61,-0.01,0.01,0.98,0
577240,101210,30.63,0.02,-0.00,1.01,0
577280,101207,30.59,-0.01,-0.03,1.02,0
577280,101207,30.59,-0.01,-0.03,1.02,0
577320,101208,30.70,0.01,-0.01,1.00,0
577360,101204,30.62,-0.01,0.01,1.00,0
577400,101208,30.55,0.01,-0.01,0.99,0
577440,101204,30.63,-0.00,-0.00,1.03,0
577480,101213,30.66,0.00,0.02,1.01,0
577520,101211,30.64,-0.02,0.00,1.00,0
577560,101205,30.63,-0.00,0.00,1.02,0
577600,101211,30.62,0.01,0.02,1.00,0
577640,101204,30.64,-0.00,0.00,0.98,0
577680,101210,30.70,-0.02,0.00,0.99,0
577720,101211,30.64,0.02,-0.02,1.00,0
577760,101210,30.68,-0.01,0.02,0.99,0
577800,101206,30.67,0.01,-0.01,1.02,0
577840,101209,30.69,0.00,-0.00,0.99,0
577880,101209,30.61,0.00,-0.01,1.02,0
577920,101210,30.65,0.02,-0.01,0.99,0
577960,101214,30.59,0.02,0.00,1.00,0
578000,101215,30.65,-0.01,0.01,1.01,0
578040,101215,30.65,-0.00,-0.01,1.01,0
578080,101207,30.60,-0.01,-0.01,0.99,0
578120,101207,30.71,-0.00,-0.01,1.00,0
578160,101210,30.61,-0.02,-0.01,1.01,0
578200,101211,30.66,0.01,0.01,1.00,0
578240,101203,30.53,-0.00,0.02,0.99,0
578280,101208,30.65,-0.00,-0.01,1.01,0
578320,101215,30.58,0.00,0.00,1.02,0
578360,101206,30.72,0.00,-0.01,1.00,0
578400,101207,30.62,0.00,-0.01,1.00,0
578440,101207,30.63,-0.00,-0.01,0.99,0
578480,101211,30.69,-0.02,0.00,1.02,0
578520,101209,30.64,-0.01,0.02,1.02,0
578560,101208,30.65,-0.00,-0.00,1.00,0
578600,101205,30.70,0.01,-0.01,0.98,0
578640,101211,30.55,0.01,-0.00,0.99,0
578680,101209,30.66,-0.00,0.00,1.02,0
578720,101207,30.64,-0.01,0.01,1.01,0
578760,101210,30.66,0.00,0.03,0.99,0
578800,101212,30.68,0.01,-0.00,1.03,0
578840,101205,30.61,0.00,0.02,1.01,0
578880,101205,30.70,0.00,0.01,1.01,0
578920,101206,30.73,-0.00,-0.00,1.01,0
578960,101207,30.69,-0.01,0.02,0.98,0
579000,101200,30.58,0.01,-0.02,0.99,0
579040,101208,30.70,-0.00,0.00,1.02,0
579080,101213,30.60,0.01,-0.01,0.99,0
579120,101208,30.64,0.02,-0.01,1.00,0
579160,101213,30.62,-0.01,0.00,0.99,0
579200,101200,30.64,0.01,0.00,1.00,0
579240,101209,30.55,-0.01,-0.01,0.99,0
579280,101214,30.65,-0.02,-0.01,0.98,0
579320,101215,30.65,-0.02,-0.03,1.01,0
579360,101208,30.67,0.02,0.01,0.98,0
579400,101207,30.69,0.00,0.01,1.02,0
579440,101211,30.52,0.01,-0.00,1.03,0
579480,101206,30.68,-0.02,-0.02,1.01,0
579520,101208,30.67,-0.00,-0.01,0.96,0
579560,101204,30.63,-0.01,0.01,0.99,0
579600,101210,30.69,0.00,0.01,1.00,0
579640,101209,30.60,0.01,0.00,1.02,0
579680,101215,30.65,0.02,-0.01,1.00,0
579720,101211,30.68,-0.03,0.00,1.01,0
579760,101207,30.66,0.01,-0.01,0.99,0
579800,101209,30.64,-0.01,-0.00,1.00,0
579840,101205,30.60,0.01,-0.02,0.98,0
579880,101210,30.64,0.01,-0.02,1.01,0
579920,101209,30.61,0.01,-0.03,1.03,0
579960,101211,30.68,0.02,0.01,0.98,0
580000,101212,30.67,0.00,-0.02,1.01,0
580040,101203,30.60,0.03,-0.02,1.03,0
580080,101211,30.53,-0.00,-0.00,1.00,0
580120,101212,30.64,-0.01,-0.01,1.01,0
580160,101206,30.61,0.00,-0.00,0.99,0
580200,101216,30.67,-0.02,0.02,1.01,0
580240,101207,30.61,0.01,-0.00,1.02,0
580280,101217,30.60,0.01,-0.01,1.02,0
580320,101212,30.62,-0.00,-0.02,0.99,0
580360,101213,30.65,0.00,0.00,1.02,0
580400,101210,30.70,-0.01,0.01,1.01,0
580440,101213,30.69,0.00,-0.01,1.01,0
580480,101206,30.58,-0.00,0.01,0.97,0
580520,101207,30.68,0.01,0.02,0.99,0
580560,101203,30.53,0.02,0.01,1.01,0
580600,101211,30.59,0.02,0.01,0.99,0
580640,101207,30.63,-0.00,-0.01,1.02,0
580680,101212,30.62,-0.01,-0.00,1.01,0
580720,101211,30.72,-0.01,0.01,1.01,0
580760,101205,30.68,0.01,0.00,0.97,0
580800,101212,30.62,0.00,0.00,1.02,0
580840,101210,30.57,-0.00,0.01,1.00,0
580880,101210,30.66,-0.02,0.01,1.02,0
580920,101211,30.63,0.02,0.00,1.02,0
580960,101209,30.66,-0.00,0.02,0.99,0
581000,101210,30.69,0.02,0.00,0.99,0
581040,101213,30.63,0.01,0.03,1.02,0
581080,101206,30.67,0.00,0.01,0.99,0
581120,101206,30.63,-0.01,0.01,0.99,0
581160,101207,30.66,0.01,-0.00,0.99,0
581200,101213,30.62,0.01,-0.02,0.98,0
581240,101208,30.54,-0.01,-0.00,1.01,0
581280,101216,30.77,0.01,0.00,0.99,0
581320,101200,30.63,-0.01,0.00,1.00,0
581360,101207,30.59,0.01,-0.01,1.02,0
581400,101208,30.63,0.00,-0.02,1.00,0
581440,101210,30.62,-0.01,0.00,1.00,0
581480,101214,30.62,-0.03,-0.00,1.00,0
581520,101209,30.65,0.01,-0.02,1.01,0
581560,101206,30.77,-0.00,0.00,0.99,0
581600,101212,30.71,0.02,-0.00,1.00,0
581640,101214,30.65,0.02,-0.02,1.03,0
581680,101201,30.64,-0.01,0.00,1.01,0
581720,101211,30.60,-0.01,0.02,0.98,0
581760,101210,30.67,-0.01,-0.00,1.02,0
581800,101207,30.67,-0.02,-0.01,0.97,0
581840,101208,30.62,-0.01,0.01,1.01,0
581880,101210,30.65,-0.00,-0.02,0.98,0
581920,101210,30.59,0.01,0.01,0.98,0
581960,101209,30.60,-0.01,0.02,1.00,0
582000,101206,30.74,-0.03,0.01,1.02,0
582040,101210,30.63,-0.01,-0.00,1.00,0
582080,101207,30.65,-0.01,0.00,1.02,0
582120,101210,30.68,-0.00,0.01,0.99,0
582160,101208,30.74,-0.01,-0.01,1.01,0
582200,101210,30.67,0.00,-0.00,0.99,0
582240,101212,30.60,0.01,0.02,0.99,0
582280,101210,30.68,-0.01,-0.01,1.02,0
582320,101212,30.60,0.02,-0.01,1.01,0
582360,101205,30.68,0.01,-0.01,1.00,0
582400,101211,30.59,-0.02,-0.01,1.02,0
582440,101210,30.61,-0.02,-0.01,1.01,0
582480,101207,30.62,0.01,0.02,1.00,0
582520,101209,30.64,0.00,0.01,1.01,0
582560,101200,30.68,0.01,-0.01,1.02,0
582600,101210,30.65,0.00,0.00,1.00,0
582640,101208,30.71,0.00,-0.02,0.99,0
582680,101202,30.65,0.02,-0.01,1.01,0
582720,101211,30.72,0.00,-0.00,1.00,0
582760,101207,30.58,0.02,-0.01,0.98,0
582800,101210,30.63,-0.03,0.01,0.99,0
582840,101209,30.65,-0.00,-0.01,1.03,0
582880,101211,30.59,0.00,-0.00,1.01,0
582920,101210,30.65,0.01,-0.03,1.00,0
582960,101209,30.69,0.00,-0.02,1.00,0
583000,101211,30.61,-0.00,0.02,1.02,0
583040,101212,30.66,0.01,-0.02,1.01,0
583080,101202,30.57,0.00,-0.00,0.99,0
583120,101210,30.69,-0.00,-0.00,0.99,0
583160,101208,30.57,0.00,-0.02,1.01,0
583200,101206,30.64,0.01,0.00,0.99,0
583240,101214,30.65,-0.01,0.01,1.01,0
583280,101213,30.60,0.02,0.01,1.01,0
583320,101206,30.64,-0.01,0.01,0.98,0
583360,101206,30.65,0.00,0.01,1.00,0
583400,101212,30.61,-0.01,-0.00,1.00,0
583440,101207,30.66,-0.00,0.01,0.98,0
583480,101208,30.64,0.02,0.02,0.99,0
583520,101203,30.55,0.01,0.01,0.99,0
583560,101209,30.72,0.02,0.00,0.99,0
583600,101213,30.71,0.01,0.02,1.01,0
583640,101208,30.71,0.01,0.02,0.98,0
583680,101209,30.68,0.01,0.02,1.00,0
583720,101215,30.61,0.00,0.00,1.01,0
583760,101212,30.64,-0.00,0.01,0.97,0
583800,101214,30.67,-0.01,0.01,1.02,0
583840,101211,30.63,-0.01,0.01,0.99,0
583880,101213,30.75,0.02,0.00,0.99,0
583920,101204,30.58,-0.01,-0.00,0.99,0
583960,101207,30.66,-0.01,-0.01,0.98,0
584000,101204,30.61,0.00,-0.01,1.01,0
584040,101217,30.63,0.00,0.00,0.98,0
584080,101210,30.66,0.01,-0.02,0.98,0
584120,101209,30.69,0.02,-0.00,1.01,0
584160,101207,30.58,-0.00,0.00,1.00,0
584200,101206,30.60,0.01,-0.03,1.01,0
584240,101200,30.63,0.00,0.00,0.98,0
584280,101217,30.69,-0.00,-0.00,0.98,0
584320,101209,30.68,0.01,0.00,0.96,0
584360,101210,30.76,0.00,-0.00,1.01,0
584400,101205,30.58,-0.00,0.01,1.01,0
584440,101209,30.62,0.01,0.01,0.99,0
584480,101211,30.67,-0.00,-0.01,1.00,0
584520,101209,30.70,-0.01,0.01,1.00,0
584560,101211,30.67,0.00,0.01,1.02,0
584600,101207,30.58,-0.00,0.01,1.01,0
584640,101210,30.67,0.00,0.03,1.01,0
584680,101212,30.61,-0.00,-0.00,1.02,0
584720,101211,30.57,-0.00,0.03,1.01,0
584760,101211,30.59,-0.02,-0.00,1.01,0
584800,101209,30.74,0.01,0.01,0.99,0
584840,101206,30.65,0.00,-0.01,1.01,0
584880,101211,30.57,-0.01,-0.02,1.02,0
584920,101208,30.64,0.02,0.02,0.99,0
584960,101206,30.60,0.02,-0.02,1.00,0
585000,101212,30.76,-0.00,0.01,1.01,0
585040,101204,30.64,0.00,0.01,1.01,0
585080,101208,30.66,-0.01,-0.01,1.01,0
585120,101212,30.61,0.01,-0.00,1.01,0
585160,101212,30.65,0.00,0.02,0.98,0
585200,101208,30.54,-0.02,0.01,0.99,0
585240,101210,30.60,0.00,-0.02,1.00,0
585280,101211,30.70,-0.01,-0.01,1.02,0
585320,101209,30.64,-0.01,-0.01,1.00,0
585360,101207,30.73,0.01,-0.01,1.01,0
585400,101207,30.60,-0.00,0.01,1.03,0
585440,101210,30.64,0.02,0.01,1.00,0
585480,101210,30.64,0.01,0.00,1.00,0
585520,101213,30.62,0.01,0.01,1.00,0
585560,101210,30.70,-0.01,-0.01,1.01,0
585600,101208,30.59,-0.01,-0.00,1.00,0
585640,101210,30.59,0.03,-0.01,0.99,0
585680,101216,30.68,-0.01,-0.01,1.01,0
585720,101207,30.63,0.01,-0.00,1.00,0
585760,101209,30.66,0.02,0.00,1.00,0
585800,101207,30.61,-0.02,0.00,1.01,0
585840,101211,30.66,0.00,-0.02,1.01,0
585880,101205,30.56,0.01,0.02,1.01,0
585920,101211,30.59,0.02,-0.01,1.00,0
585960,101212,30.60,-0.00,0.02,0.98,0
586000,101207,30.70,0.01,0.01,1.00,0
586040,101207,30.65,-0.01,-0.01,0.99,0
586080,101205,30.65,0.00,0.00,0.97,0
586120,101210,30.68,-0.01,-0.00,0.99,0
586160,101206,30.66,0.00,0.00,0.99,0
586200,101207,30.61,0.01,0.01,1.00,0
586240,101208,30.63,-0.01,0.02,1.02,0
586280,101207,30.65,0.02,0.02,1.02,0
586320,101212,30.65,0.02,0.00,0.99,0
586360,101215,30.58,-0.00,0.02,1.00,0
586400,101203,30.66,0.02,-0.01,0.99,0
586440,101207,30.71,-0.01,0.00,1.00,0
586480,101210,30.57,-0.01,-0.00,1.01,0
586520,101206,30.60,-0.01,0.00,0.98,0
586560,101208,30.55,0.00,0.00,0.99,0
586600,101210,30.71,0.02,0.01,1.00,0
586640,101214,30.70,-0.01,-0.00,1.00,0
586680,101213,30.70,-0.02,0.01,0.98,0
586720,101209,30.68,-0.00,0.00,0.98,0
586760,101210,30.59,-0.00,0.01,1.00,0
586800,101208,30.64,-0.01,0.01,0.99,0
586840,101209,30.72,-0.01,-0.01,1.01,0
586880,101206,30.57,0.01,0.02,1.01,0
586920,101204,30.65,0.01,0.02,1.00,0
586960,101208,30.54,-0.01,-0.01,0.99,0
587000,101213,30.59,0.00,0.01,1.02,0
587040,101212,30.72,-0.01,0.00,1.02,0
587080,101203,30.69,-0.01,-0.01,1.00,0
587120,101209,30.63,0.01,0.03,1.00,0
587160,101207,30.59,0.00,-0.02,1.03,0
587200,101210,30.65,-0.01,-0.01,0.99,0
587240,101206,30.67,0.00,0.00,1.00,0
587280,101212,30.66,-0.01,0.01,1.00,0
587320,101209,30.62,0.02,0.01,0.97,0
587360,101211,30.69,0.00,-0.00,1.02,0
587400,101212,30.77,0.00,0.01,1.00,0
587440,101203,30.63,0.02,0.01,1.00,0
587480,101209,30.64,0.01,-0.00,1.01,0
587520,101214,30.56,0.03,-0.01,0.98,0
587560,101210,30.68,-0.01,0.02,1.01,0
587600,101213,30.69,-0.02,0.01,0.99,0
587640,101211,30.73,-0.01,0.01,1.00,0
587680,101208,30.71,-0.00,-0.01,1.00,0
587720,101210,30.69,0.00,-0.01,0.99,0
587760,101213,30.66,-0.00,0.00,1.02,0
587800,101214,30.72,-0.01,-0.01,1.01,0
587840,101214,30.69,0.01,0.01,1.02,0
587880,101206,30.64,-0.00,0.00,0.96,0
587920,101212,30.67,-0.00,-0.03,0.99,0
587960,101205,30.73,-0.02,0.02,1.00,0
587960,101205,30.73,-0.02,0.02,1.00,0
588000,101209,30.59,0.01,-0.01,1.01,0
588040,101209,30.65,0.01,0.01,1.00,0
588080,101211,30.59,-0.01,-0.00,0.98,0
588120,101210,30.72,-0.00,0.00,0.98,0
588160,101213,30.71,0.02,-0.01,0.98,0
588200,101208,30.70,0.00,0.01,1.01,0
588240,101212,30.61,0.01,-0.01,0.97,0
588280,101211,30.69,-0.01,0.03,0.99,0
588320,101209,30.61,-0.01,-0.02,0.97,0
588360,101206,30.67,0.01,0.00,0.99,0
588400,101211,30.65,-0.00,0.00,1.00,0
588440,101210,30.67,-0.01,-0.00,1.00,0
588480,101212,30.64,-0.00,-0.01,0.99,0
588520,101209,30.62,-0.01,0.01,1.00,0
588560,101209,30.69,0.00,0.01,1.01,0
588600,101211,30.75,-0.01,0.01,1.00,0
588640,101211,30.61,0.02,0.02,1.01,0
588680,101212,30.74,-0.00,0.02,1.00,0
588720,101216,30.60,-0.00,0.01,0.98,0
588760,101207,30.64,0.01,0.00,0.99,0
588800,101216,30.66,-0.00,-0.01,1.02,0
588840,101200,30.80,-0.02,-0.01,1.01,0
588880,101213,30.58,-0.01,0.01,1.02,0
588920,101207,30.62,-0.01,-0.00,0.99,0
588960,101216,30.75,0.02,-0.01,1.00,0
589000,101207,30.70,0.01,-0.01,1.00,0
589040,101213,30.66,0.00,-0.01,1.01,0
589080,101206,30.66,-0.01,-0.00,0.97,0
589120,101206,30.67,-0.00,-0.01,0.99,0
589160,101212,30.73,0.01,-0.01,1.00,0
589200,101212,30.61,0.03,0.01,0.98,0
589240,101207,30.64,0.02,-0.03,0.99,0
589280,101217,30.72,0.00,0.02,0.99,0
589320,101208,30.57,0.01,-0.00,1.00,0
589360,101214,30.64,0.02,-0.00,0.99,0
589400,101206,30.57,-0.00,0.00,0.99,0
589440,101206,30.71,0.00,-0.01,0.99,0
589480,101210,30.71,0.01,0.01,1.02,0
589520,101206,30.73,-0.01,-0.01,1.00,0
589560,101211,30.71,-0.01,0.01,0.98,0
589600,101203,30.65,-0.01,0.01,1.00,0
589640,101210,30.61,0.00,-0.01,1.00,0
589680,101208,30.68,-0.01,0.01,1.00,0
589720,101206,30.64,0.00,0.03,0.97,0
589760,101210,30.66,0.02,-0.01,0.99,0
589800,101209,30.76,-0.01,-0.00,1.01,0
589840,101208,30.68,-0.01,0.02,1.00,0
589880,101212,30.60,0.02,-0.01,1.03,0
589920,101210,30.63,-0.00,-0.01,0.99,0
589960,101211,30.63,-0.01,-0.00,0.99,0
590000,101214,30.63,-0.01,-0.01,0.98,0
590040,101209,30.61,0.01,0.00,0.99,0
590080,101212,30.62,0.00,-0.01,1.00,0
590120,101208,30.72,-0.00,-0.01,1.00,0
590160,101211,30.62,-0.02,0.02,0.98,0
590200,101211,30.64,0.02,0.01,1.00,0
590240,101208,30.73,0.01,0.02,1.00,0
590280,101205,30.67,0.03,-0.02,1.02,0
590320,101205,30.66,-0.01,0.00,0.99,0
590360,101206,30.60,0.01,0.00,0.99,0
590400,101211,30.72,0.00,0.03,0.99,0
590440,101209,30.69,-0.02,0.01,1.00,0
590480,101209,30.73,-0.01,0.01,1.01,0
590520,101211,30.60,-0.01,-0.00,0.98,0
590560,101212,30.60,0.02,-0.00,1.00,0
590600,101214,30.73,0.01,0.00,1.01,0
590640,101208,30.62,-0.03,0.00,1.01,0
590680,101211,30.78,-0.01,-0.01,0.99,0
590720,101212,30.78,-0.00,0.01,0.99,0
590760,101206,30.59,-0.01,0.00,1.00,0
590800,101210,30.67,0.01,0.00,1.00,0
590840,101207,30.72,0.01,-0.01,0.97,0
590880,101209,30.73,0.00,0.01,1.00,0
590920,101211,30.67,-0.01,0.03,0.99,0
590960,101204,30.65,-0.02,0.00,1.01,0
591000,101207,30.64,-0.00,-0.00,1.00,0
591040,101207,30.69,-0.01,-0.00,0.98,0
591080,101210,30.72,-0.02,-0.02,1.00,0
591120,101207,30.72,0.01,-0.03,1.00,0
591160,101211,30.68,-0.00,0.01,0.99,0
591200,101207,30.72,0.00,0.01,0.99,0
591240,101208,30.68,0.01,-0.01,1.01,0
591280,101211,30.72,-0.01,-0.00,0.98,0
591320,101210,30.70,0.00,-0.00,0.99,0
591360,101210,30.66,0.02,-0.02,0.98,0
591400,101209,30.71,0.01,-0.03,1.00,0
591440,101213,30.67,0.02,0.00,0.99,0
591480,101214,30.63,-0.01,-0.01,0.99,0
591520,101208,30.57,0.00,0.00,0.98,0
591560,101207,30.67,0.02,0.00,1.00,0
591600,101206,30.80,0.01,-0.01,1.00,0
591640,101215,30.67,-0.00,0.00,1.01,0
591680,101207,30.72,0.02,0.01,1.01,0
591720,101205,30.66,-0.00,0.01,1.01,0
591760,101210,30.65,0.01,-0.01,1.00,0
591800,101213,30.74,-0.01,-0.01,1.02,0
591840,101206,30.69,-0.01,0.03,1.05,0
591880,101209,30.65,-0.01,0.01,1.01,0
591920,101205,30.65,-0.01,-0.01,0.98,0
591960,101207,30.69,-0.01,-0.01,1.00,0
592000,101215,30.65,-0.01,-0.01,0.98,0
592040,101210,30.70,0.01,0.00,1.03,0
592080,101209,30.63,0.00,0.00,0.97,0
592120,101210,30.60,-0.00,-0.00,1.00,0
592160,101210,30.65,0.01,-0.01,1.00,0
592200,101209,30.66,0.02,-0.01,0.99,0
592240,101206,30.66,-0.02,-0.00,1.02,0
592280,101206,30.72,-0.01,0.00,1.00,0
592320,101216,30.69,0.00,-0.00,1.00,0
592360,101207,30.63,-0.00,-0.00,1.02,0
592400,101213,30.69,0.00,0.01,1.00,0
592440,101207,30.68,0.02,-0.01,1.03,0
592480,101207,30.64,0.02,0.02,1.00,0
592520,101212,30.71,-0.00,-0.01,0.98,0
592560,101209,30.73,-0.01,0.01,1.03,0
592600,101216,30.65,0.01,-0.00,0.99,0
592640,101207,30.66,0.01,0.01,0.99,0
592680,101209,30.73,-0.01,-0.01,1.01,0
592720,101207,30.63,0.01,0.00,0.99,0
592760,101207,30.67,-0.02,-0.00,1.01,0
592800,101208,30.68,-0.03,-0.02,0.98,0
592840,101206,30.76,0.01,-0.02,1.01,0
592880,101208,30.63,0.02,0.01,1.01,0
592920,101215,30.70,-0.00,0.01,0.99,0
592960,101204,30.66,-0.02,0.00,0.98,0
593000,101205,30.64,-0.00,-0.01,1.00,0
593040,101206,30.63,0.01,-0.01,0.97,0
593080,101208,30.71,0.00,0.01,1.03,0
593120,101213,30.56,-0.00,-0.01,0.98,0
593160,101212,30.72,0.00,0.02,1.02,0
593200,101211,30.63,0.00,-0.00,0.97,0
593240,101210,30.61,0.00,0.01,1.02,0
593280,101217,30.67,0.01,-0.00,1.00,0
593320,101206,30.65,-0.02,-0.02,0.98,0
593360,101206,30.68,0.01,0.00,1.00,0
593400,101209,30.78,-0.01,-0.01,0.98,0
593440,101210,30.66,0.01,0.02,0.98,0
593480,101209,30.64,-0.03,-0.00,1.01,0
593520,101207,30.68,0.01,0.02,1.00,0
593560,101205,30.70,0.01,0.01,0.97,0
593600,101209,30.67,-0.01,-0.00,1.00,0
593640,101207,30.65,-0.01,-0.02,0.98,0
593680,101208,30.70,-0.00,-0.00,0.99,0
593720,101206,30.64,-0.03,0.01,0.98,0
593760,101214,30.69,0.02,-0.02,1.00,0
593800,101211,30.72,0.02,0.02,1.00,0
593840,101215,30.63,-0.01,0.02,1.01,0
593880,101208,30.71,-0.01,-0.01,1.01,0
593920,101210,30.68,0.02,0.02,0.97,0
593960,101209,30.71,-0.01,-0.00,0.98,0
594000,101210,30.65,-0.01,0.00,1.00,0
594040,101209,30.79,-0.01,-0.00,1.00,0
594080,101209,30.66,0.02,0.00,0.99,0
594120,101203,30.65,0.00,0.01,1.02,0
594160,101209,30.68,-0.00,-0.02,0.99,0
594200,101212,30.66,-0.00,-0.01,1.02,0
594240,101203,30.65,-0.00,-0.01,1.00,0
594280,101208,30.60,-0.01,0.00,0.99,0
594320,101211,30.78,0.00,0.02,1.01,0
594360,101214,30.71,0.00,0.00,0.98,0
594400,101209,30.80,0.02,0.02,0.99,0
594440,101211,30.56,0.00,-0.00,1.04,0
594480,101215,30.64,0.01,-0.00,1.01,0
594520,101214,30.70,0.01,0.02,0.97,0
594560,101208,30.67,-0.02,0.00,0.97,0
594600,101208,30.57,-0.01,-0.02,1.02,0
594640,101213,30.64,0.01,-0.01,1.02,0
594680,101210,30.76,0.00,-0.01,1.01,0
594720,101208,30.66,0.03,-0.01,0.99,0
594760,101209,30.64,0.02,-0.00,0.99,0
594800,101211,30.70,0.01,-0.01,1.02,0
594840,101209,30.68,0.01,0.01,0.99,0
594880,101209,30.69,0.01,-0.01,1.01,0
594920,101209,30.59,0.02,-0.00,1.01,0
594960,101205,30.68,0.01,0.01,1.00,0
595000,101215,30.71,-0.00,-0.01,1.01,0
595040,101213,30.68,0.01,-0.01,1.04,0
595080,101214,30.63,0.01,-0.01,0.98,0
595120,101209,30.69,-0.00,-0.02,1.01,0
595160,101210,30.57,0.00,-0.01,1.01,0
595200,101211,30.58,-0.00,0.01,0.99,0
595240,101212,30.70,0.00,0.00,1.02,0
595280,101204,30.72,-0.01,-0.02,0.98,0
595320,101211,30.60,-0.01,-0.03,1.00,0
595360,101206,30.56,-0.01,-0.00,1.00,0
595400,101209,30.71,0.01,0.00,1.02,0
595440,101207,30.73,-0.01,-0.01,1.00,0
595480,101215,30.67,-0.01,0.02,1.00,0
595520,101211,30.69,-0.01,-0.00,0.99,0
595560,101209,30.64,-0.01,-0.00,0.99,0
595600,101214,30.64,-0.01,0.01,1.01,0
595640,101209,30.65,-0.01,-0.01,0.98,0
595680,101207,30.63,-0.00,-0.01,1.01,0
595720,101209,30.63,-0.02,-0.02,1.00,0
595760,101208,30.64,-0.01,0.02,1.00,0
595800,101210,30.68,-0.03,-0.00,1.01,0
595840,101212,30.62,0.01,-0.02,1.00,0
595880,101209,30.67,-0.00,0.02,1.02,0
595920,101209,30.64,-0.00,0.01,1.00,0
595960,101213,30.78,-0.00,0.00,0.98,0
596000,101210,30.60,0.00,0.00,1.02,0
596040,101213,30.71,0.01,0.01,1.01,0
596080,101210,30.65,-0.01,0.02,1.00,0
596120,101205,30.67,-0.02,-0.00,0.97,0
596160,101206,30.65,-0.02,-0.01,1.00,0
596200,101204,30.58,0.00,0.01,1.00,0
596240,101213,30.69,-0.02,0.02,1.01,0
596280,101211,30.65,0.01,0.02,1.00,0
596320,101208,30.59,0.01,0.00,1.02,0
596360,101206,30.68,0.01,-0.00,1.02,0
596400,101211,30.63,0.00,-0.01,1.00,0
596440,101209,30.66,-0.01,-0.01,1.01,0
596480,101211,30.67,-0.00,0.01,0.99,0
596520,101207,30.69,0.01,0.00,0.99,0
596560,101206,30.69,-0.02,-0.03,0.99,0
596600,101214,30.70,0.01,-0.01,0.97,0
596640,101206,30.66,0.01,0.01,0.99,0
596680,101209,30.64,0.01,0.02,1.00,0
596720,101214,30.69,0.01,0.00,0.98,0
596760,101204,30.61,0.00,-0.01,1.02,0
596800,101212,30.72,-0.00,-0.01,0.99,0
596840,101210,30.83,0.01,0.01,0.97,0
596880,101209,30.72,0.01,0.01,1.00,0
596920,101210,30.68,-0.01,0.00,1.00,0
596960,101206,30.66,-0.01,0.01,1.00,0
597000,101202,30.61,-0.02,-0.00,1.03,0
597040,101216,30.60,0.01,-0.00,1.01,0
597080,101209,30.63,0.00,-0.04,0.99,0
597120,101212,30.57,0.01,0.01,1.00,0
597160,101213,30.67,-0.01,0.01,0.99,0
597200,101210,30.63,0.01,-0.01,1.03,0
597240,101211,30.72,0.03,0.01,1.01,0
597280,101212,30.64,-0.02,0.00,1.02,0
597320,101215,30.54,0.01,-0.01,1.02,0
597360,101211,30.67,-0.01,-0.01,1.00,0
597400,101214,30.70,-0.02,0.02,0.99,0
597440,101209,30.67,0.01,0.00,1.04,0
597480,101208,30.69,-0.00,-0.00,1.01,0
597520,101210,30.53,0.01,0.01,1.01,0
597560,101211,30.74,-0.03,-0.01,0.99,0
597600,101211,30.71,-0.01,0.00,0.99,0
597640,101216,30.68,-0.01,-0.01,1.01,0
597680,101212,30.71,-0.00,0.00,0.99,0
597720,101210,30.71,0.01,0.00,0.97,0
597760,101216,30.65,0.00,0.02,1.02,0
597800,101211,30.74,0.00,-0.00,0.99,0
597840,101211,30.65,-0.01,-0.00,0.96,0
597880,101211,30.70,-0.01,0.01,1.00,0
597920,101208,30.62,-0.01,-0.02,1.03,0
597960,101206,30.67,0.00,-0.01,1.00,0
598000,101210,30.74,0.01,-0.00,0.99,0
598040,101209,30.70,0.03,-0.01,1.02,0
598080,101207,30.55,0.01,0.02,1.00,0
598120,101210,30.66,0.00,-0.01,1.01,0
598160,101209,30.64,-0.00,-0.01,1.01,0
598200,101208,30.72,-0.01,-0.01,0.96,0
598240,101204,30.71,-0.01,-0.00,1.00,0
598280,101209,30.60,0.02,0.02,1.02,0
598320,101215,30.75,0.02,0.00,1.00,0
598360,101212,30.72,0.00,-0.01,0.99,0
598400,101213,30.60,-0.03,0.02,1.03,0
598440,101209,30.74,0.01,0.00,0.99,0
598480,101213,30.65,-0.03,-0.00,0.99,0
598520,101207,30.64,-0.01,0.01,1.02,0
598560,101208,30.72,-0.01,0.00,1.00,0
598600,101211,30.62,-0.01,-0.01,1.01,0
598640,101205,30.69,0.00,-0.00,1.00,0
598680,101210,30.61,-0.01,0.00,1.01,0
598720,101210,30.62,0.00,-0.01,1.01,0
598760,101215,30.62,-0.00,0.03,0.99,0
598800,101207,30.73,-0.01,-0.00,0.99,0
598840,101211,30.76,0.00,0.01,0.97,0
598880,101207,30.62,-0.01,0.01,0.98,0
598920,101208,30.73,-0.01,-0.01,1.02,0
598960,101201,30.70,0.01,0.00,1.00,0
599000,101207,30.69,-0.01,0.00,1.00,0
599040,101213,30.71,-0.01,0.01,1.03,0
599080,101211,30.69,-0.02,0.00,1.02,0
599120,101210,30.72,0.01,-0.02,1.02,0
599160,101217,30.69,0.00,-0.01,1.00,0
599200,101211,30.69,-0.02,0.02,1.00,0
599240,101206,30.67,-0.02,-0.02,1.02,0
599280,101209,30.63,0.01,-0.00,1.01,0
599320,101209,30.75,-0.00,0.02,1.00,0
599360,101215,30.74,-0.00,0.00,0.98,0
599400,101207,30.68,-0.02,-0.01,0.99,0
599440,101211,30.67,0.00,0.01,1.03,0
599480,101213,30.64,-0.00,0.00,0.99,0
599520,101207,30.73,-0.01,0.00,1.01,0
599560,101210,30.67,0.01,-0.01,1.00,0
599600,101203,30.69,-0.00,0.03,0.99,0
599640,101210,30.76,0.00,0.00,1.01,0
599680,101203,30.66,0.01,0.03,0.99,0
599720,101208,30.73,-0.01,-0.00,1.00,0
599760,101215,30.73,-0.02,0.00,1.01,0
599800,101211,30.72,-0.01,0.00,1.00,0
599840,101210,30.62,-0.00,0.00,1.00,0
599880,101210,30.65,-0.00,0.00,1.00,0
599920,101216,30.64,0.01,0.02,1.00,0
599960,101211,30.65,0.01,-0.01,0.99,0
600000,101211,2