zaman_s,irtifa_m,olay
0.00,1,
0.05,0,
0.10,0,
0.15,0,
0.20,0,
0.25,-1,
0.30,1,
0.35,0,
0.40,0,
0.45,0,
0.50,0,
0.55,0,
0.60,0,
0.65,0,
0.70,0,
0.75,0,
0.80,0,
0.85,0,
0.90,0,
0.95,0,
1.00,0,
1.05,0,
1.10,0,
1.15,-1,
1.20,0,
1.25,0,
1.30,0,
1.35,0,
1.40,0,
1.45,0,
1.50,0,
1.55,0,
1.60,0,
1.65,0,
1.70,0,
1.75,0,
1.80,0,
1.85,0,
1.90,0,
1.95,0,
2.00,-1,
2.05,0,
2.10,0,
2.15,1,
2.20,0,
2.25,0,
2.30,0,
2.35,-1,
2.40,0,
2.45,0,
2.50,0,
2.55,0,
2.60,0,
2.65,0,
2.70,0,
2.75,0,
2.80,0,
2.85,0,
2.90,0,
2.95,0,
3.00,0,
3.05,0,
3.10,0,
3.15,0,
3.20,0,
3.25,0,
3.30,0,
3.35,0,
3.40,0,
3.45,0,
3.50,0,
3.55,0,
3.60,-1,
3.65,0,
3.70,0,
3.75,0,
3.80,0,
3.85,0,
3.90,0,
3.95,1,
4.00,0,
4.05,0,
4.10,0,
4.15,0,
4.20,1,
4.25,0,
4.30,0,
4.35,0,
4.40,0,
4.45,0,
4.50,0,
4.55,0,
4.60,0,
4.65,0,
4.70,0,
4.75,0,
4.80,0,
4.85,0,
4.90,0,
4.95,0,
5.00,0,
5.05,-1,
5.10,0,
5.15,0,
5.20,0,
5.25,0,
5.30,0,
5.35,0,
5.40,0,
5.45,0,
5.50,0,
5.55,0,
5.60,0,
5.65,0,
5.70,0,
5.75,0,
5.80,0,
5.85,0,
5.90,0,
5.95,0,
6.00,0,
6.05,0,
6.10,0,
6.15,0,
6.20,1,
6.25,0,
6.30,0,
6.35,0,
6.40,0,
6.45,0,
6.50,0,
6.55,0,
6.60,0,
6.65,0,
6.70,0,
6.75,1,
6.80,0,
6.85,0,
6.90,0,
6.95,0,
7.00,0,
7.05,0,
7.10,-1,
7.15,0,
7.20,1,
7.25,0,
7.30,0,
7.35,0,
7.40,0,
7.45,0,
7.50,0,
7.55,0,
7.60,0,
7.65,0,
7.70,0,
7.75,1,
7.80,0,
7.85,-1,
7.90,0,
7.95,0,
8.00,1,
8.05,0,
8.10,0,
8.15,0,
8.20,0,
8.25,0,
8.30,0,
8.35,0,
8.40,0,
8.45,0,
8.50,0,
8.55,0,
8.60,0,
8.65,0,
8.70,0,
8.75,0,
8.80,0,
8.85,0,
8.90,0,
8.95,0,
9.00,-1,
9.05,0,
9.10,0,
9.15,0,
9.20,0,
9.25,0,
9.30,0,
9.35,0,
9.40,0,
9.45,-1,
9.50,0,
9.55,0,
9.60,0,
9.65,0,
9.70,0,
9.75,-1,
9.80,0,
9.85,0,
9.90,0,
9.95,0,
10.00,0,
10.05,-1,
10.10,0,
10.15,0,
10.20,0,
10.25,0,
10.30,0,
10.35,0,
10.40,0,
10.45,0,
10.50,0,
10.55,0,
10.60,0,
10.65,0,
10.70,0,
10.75,0,
10.80,0,
10.85,0,
10.90,0,
10.95,0,
11.00,0,
11.05,-1,
11.10,0,
11.15,0,
11.20,-1,
11.25,0,
11.30,0,
11.35,0,
11.40,-1,
11.45,0,
11.50,0,
11.55,0,
11.60,0,
11.65,0,
11.70,-1,
11.75,0,
11.80,0,
11.85,1,
11.90,0,
11.95,0,
12.00,0,
12.05,0,
12.10,0,
12.15,0,
12.20,0,
12.25,0,
12.30,0,
12.35,0,
12.40,0,
12.45,0,
12.50,-1,
12.55,-1,
12.60,0,
12.65,0,
12.70,0,
12.75,0,
12.80,0,
12.85,0,
12.90,0,
12.95,0,
13.00,0,
13.05,0,
13.10,1,
13.15,0,
13.20,0,
13.25,0,
13.30,-1,
13.35,0,
13.40,0,
13.45,0,
13.50,0,
13.55,0,
13.60,0,
13.65,0,
13.70,0,
13.75,0,
13.80,0,
13.85,0,
13.90,0,
13.95,0,
14.00,1,
14.05,0,
14.10,0,
14.15,0,
14.20,0,
14.25,0,
14.30,0,
14.35,0,
14.40,0,
14.45,0,
14.50,0,
14.55,0,
14.60,0,
14.65,0,
14.70,0,
14.75,0,
14.80,0,
14.85,0,
14.90,0,
14.95,0,
15.00,0,
15.05,0,
15.10,0,
15.15,0,
15.20,0,
15.25,0,
15.30,0,
15.35,0,
15.40,0,
15.45,0,
15.50,0,
15.55,0,
15.60,0,
15.65,0,
15.70,0,
15.75,-1,
15.80,-1,
15.85,-1,
15.90,0,
15.95,0,
16.00,0,
16.05,0,
16.10,0,
16.15,0,
16.20,0,
16.25,0,
16.30,0,
16.35,0,
16.40,0,
16.45,1,
16.50,0,
16.55,-1,
16.60,-1,
16.65,0,
16.70,0,
16.75,0,
16.80,0,
16.85,0,
16.90,0,
16.95,0,
17.00,0,
17.05,-1,
17.10,-1,
17.15,0,
17.20,0,
17.25,0,
17.30,0,
17.35,0,
17.40,0,
17.45,0,
17.50,0,
17.55,0,
17.60,0,
17.65,0,
17.70,0,
17.75,0,
17.80,0,
17.85,-1,
17.90,1,
17.95,-1,
18.00,0,
18.05,0,
18.10,0,
18.15,0,
18.20,0,
18.25,0,
18.30,0,
18.35,0,
18.40,0,
18.45,0,
18.50,0,
18.55,0,
18.60,0,
18.65,0,
18.70,0,
18.75,0,
18.80,0,
18.85,1,
18.90,-1,
18.95,0,
19.00,0,
19.05,0,
19.10,0,
19.15,0,
19.20,-1,
19.25,-1,
19.30,1,
19.35,0,
19.40,0,
19.45,0,
19.50,-1,
19.55,0,
19.60,0,
19.65,0,
19.70,0,
19.75,0,
19.80,0,
19.85,-1,
19.90,0,
19.95,0,
20.00,0,
20.05,0,
20.10,0,
20.15,0,
20.20,-1,
20.25,0,
20.30,0,
20.35,1,
20.40,0,
20.45,-1,
20.50,0,
20.55,0,
20.60,0,
20.65,0,
20.70,0,
20.75,0,
20.80,0,
20.85,0,
20.90,-1,
20.95,-1,
21.00,0,
21.05,0,
21.10,-1,
21.15,0,
21.20,0,
21.25,0,
21.30,0,
21.35,0,
21.40,0,
21.45,0,
21.50,0,
21.55,0,
21.60,0,
21.65,0,
21.70,0,
21.75,0,
21.80,0,
21.85,-1,
21.90,0,
21.95,0,
22.00,1,
22.05,1,
22.10,0,
22.15,0,
22.20,-1,
22.25,0,
22.30,1,
22.35,0,
22.40,0,
22.45,0,
22.50,0,
22.55,0,
22.60,0,
22.65,0,
22.70,0,
22.75,0,
22.80,0,
22.85,0,
22.90,0,
22.95,0,
23.00,1,
23.05,0,
23.10,-1,
23.15,0,
23.20,0,
23.25,0,
23.30,0,
23.35,0,
23.40,0,
23.45,0,
23.50,0,
23.55,0,
23.60,0,
23.65,-1,
23.70,0,
23.75,0,
23.80,0,
23.85,0,
23.90,-1,
23.95,0,
24.00,0,
24.05,0,
24.10,0,
24.15,0,
24.20,0,
24.25,0,
24.30,-1,
24.35,0,
24.40,0,
24.45,0,
24.50,0,
24.55,0,
24.60,0,
24.65,0,
24.70,0,
24.75,0,
24.80,0,
24.85,0,
24.90,0,
24.95,0,
25.00,0,
25.05,0,
25.10,1,
25.15,0,
25.20,0,
25.25,0,
25.30,0,
25.35,0,
25.40,0,
25.45,0,
25.50,0,
25.55,-1,
25.60,0,
25.65,0,
25.70,0,
25.75,0,
25.80,0,
25.85,0,
25.90,0,
25.95,0,
26.00,0,
26.05,0,
26.10,0,
26.15,0,
26.20,0,
26.25,0,
26.30,0,
26.35,0,
26.40,0,
26.45,0,
26.50,0,
26.55,0,
26.60,0,
26.65,-1,
26.70,0,
26.75,0,
26.80,0,
26.85,0,
26.90,0,
26.95,0,
27.00,0,
27.05,0,
27.10,0,
27.15,0,
27.20,0,
27.25,-1,
27.30,0,
27.35,-1,
27.40,-1,
27.45,0,
27.50,0,
27.55,-1,
27.60,0,
27.65,0,
27.70,0,
27.75,0,
27.80,0,
27.85,0,
27.90,0,
27.95,0,
28.00,0,
28.05,0,
28.10,0,
28.15,0,
28.20,0,
28.25,0,
28.30,0,
28.35,0,
28.40,0,
28.45,0,
28.50,0,
28.55,0,
28.60,0,
28.65,0,
28.70,0,
28.75,0,
28.80,0,
28.85,0,
28.90,-1,
28.95,0,
29.00,0,
29.05,0,
29.10,0,
29.15,0,
29.20,0,
29.25,0,
29.30,0,
29.35,0,
29.40,0,
29.45,0,
29.50,0,
29.55,0,
29.60,0,
29.65,1,
29.70,0,
29.75,0,
29.80,0,
29.85,0,
29.90,0,
29.95,0,
30.00,0,
30.05,0,
30.10,0,
30.15,0,
30.20,0,
30.25,0,
30.30,0,
30.35,0,
30.40,-1,
30.45,0,
30.50,0,
30.55,0,
30.60,0,
30.65,-1,
30.70,0,
30.75,0,
30.80,0,
30.85,0,
30.90,0,
30.95,0,
31.00,-1,
31.05,0,
31.10,0,
31.15,0,
31.20,0,
31.25,-1,
31.30,0,
31.35,0,
31.40,0,
31.45,-1,
31.50,-1,
31.55,0,
31.60,1,
31.65,1,
31.70,0,
31.75,0,
31.80,0,
31.85,0,
31.90,0,
31.95,-1,
32.00,1,
32.05,0,
32.10,0,
32.15,0,
32.20,0,
32.25,0,
32.30,0,
32.35,0,
32.40,0,
32.45,0,
32.50,1,
32.55,0,
32.60,0,
32.65,0,
32.70,0,
32.75,-1,
32.80,0,
32.85,0,
32.90,-1,
32.95,0,
33.00,0,
33.05,0,
33.10,-1,
33.15,0,
33.20,0,
33.25,0,
33.30,0,
33.35,0,
33.40,0,
33.45,0,
33.50,0,
33.55,0,
33.60,0,
33.65,0,
33.70,0,
33.75,-1,
33.80,0,
33.85,0,
33.90,0,
33.95,0,
34.00,0,
34.05,0,
34.10,0,
34.15,0,
34.20,0,
34.25,0,
34.30,0,
34.35,0,
34.40,-1,
34.45,0,
34.50,0,
34.55,0,
34.60,0,
34.65,0,
34.70,0,
34.75,0,
34.80,0,
34.85,-1,
34.90,-1,
34.95,-1,
35.00,-1,
35.05,0,
35.10,0,
35.15,-1,
35.20,0,
35.25,-1,
35.30,0,
35.35,0,
35.40,0,
35.45,0,
35.50,-1,
35.55,0,
35.60,0,
35.65,0,
35.70,0,
35.75,0,
35.80,0,
35.85,-1,
35.90,0,
35.95,-1,
36.00,0,
36.05,-1,
36.10,0,
36.15,0,
36.20,0,
36.25,0,
36.30,0,
36.35,0,
36.40,0,
36.45,0,
36.50,0,
36.55,0,
36.60,-1,
36.65,0,
36.70,0,
36.75,0,
36.80,0,
36.85,0,
36.90,0,
36.95,0,
37.00,-1,
37.05,-1,
37.10,0,
37.15,-1,
37.20,0,
37.25,0,
37.30,-1,
37.35,0,
37.40,0,
37.45,0,
37.50,0,
37.55,0,
37.60,-1,
37.65,0,
37.70,0,
37.75,0,
37.80,0,
37.85,-1,
37.90,0,
37.95,0,
38.00,0,
38.05,-1,
38.10,0,
38.15,0,
38.20,0,
38.25,-1,
38.30,0,
38.35,0,
38.40,0,
38.45,0,
38.50,0,
38.55,0,
38.60,1,
38.65,0,
38.70,0,
38.75,-1,
38.80,0,
38.85,0,
38.90,0,
38.95,0,
39.00,0,
39.05,-1,
39.10,0,
39.15,0,
39.20,0,
39.25,0,
39.30,-1,
39.35,0,
39.40,0,
39.45,-1,
39.50,0,
39.55,-1,
39.60,0,
39.65,0,
39.70,0,
39.75,0,
39.80,0,
39.85,0,
39.90,0,
39.95,-1,
40.00,0,
40.05,0,
40.10,0,
40.15,0,
40.20,-1,
40.25,0,
40.30,1,
40.35,0,
40.40,0,
40.45,0,
40.50,0,
40.55,-1,
40.60,-1,
40.65,-1,
40.70,0,
40.75,0,
40.80,0,
40.85,0,
40.90,0,
40.95,1,
41.00,1,
41.05,0,
41.10,0,
41.15,0,
41.20,0,
41.25,-1,
41.30,0,
41.35,0,
41.40,-1,
41.45,0,
41.50,0,
41.55,0,
41.60,0,
41.65,0,
41.70,0,
41.75,0,
41.80,-1,
41.85,0,
41.90,0,
41.95,0,
42.00,0,
42.05,0,
42.10,-1,
42.15,0,
42.20,1,
42.25,0,
42.30,0,
42.35,-1,
42.40,0,
42.45,-1,
42.50,0,
42.55,0,
42.60,0,
42.65,0,
42.70,0,
42.75,0,
42.80,0,
42.85,-1,
42.90,-1,
42.95,0,
43.00,0,
43.05,0,
43.10,0,
43.15,0,
43.20,0,
43.25,0,
43.30,1,
43.35,-1,
43.40,0,
43.45,0,
43.50,0,
43.55,0,
43.60,0,
43.65,-1,
43.70,0,
43.75,0,
43.80,0,
43.85,0,
43.90,0,
43.95,0,
44.00,-1,
44.05,-1,
44.10,0,
44.15,0,
44.20,0,
44.25,0,
44.30,-1,
44.35,-1,
44.40,0,
44.45,0,
44.50,0,
44.55,0,
44.60,0,
44.65,0,
44.70,0,
44.75,-1,
44.80,0,
44.85,0,
44.90,0,
44.95,0,
45.00,0,
45.05,0,
45.10,0,
45.15,0,
45.20,-1,
45.25,0,
45.30,0,
45.35,0,
45.40,0,
45.45,-1,
45.50,0,
45.55,-1,
45.60,0,
45.65,0,
45.70,0,
45.75,0,
45.80,1,
45.85,0,
45.90,-1,
45.95,0,
46.00,0,
46.05,0,
46.10,0,
46.15,0,
46.20,0,
46.25,0,
46.30,0,
46.35,0,
46.40,0,
46.45,0,
46.50,-1,
46.55,0,
46.60,-1,
46.65,0,
46.70,-1,
46.75,0,
46.80,0,
46.85,0,
46.90,0,
46.95,0,
47.00,1,
47.05,0,
47.10,0,
47.15,0,
47.20,-1,
47.25,0,
47.30,0,
47.35,0,
47.40,0,
47.45,0,
47.50,0,
47.55,-1,
47.60,0,
47.65,0,
47.70,0,
47.75,0,
47.80,0,
47.85,0,
47.90,0,
47.95,0,
48.00,-1,
48.05,0,
48.10,0,
48.15,0,
48.20,0,
48.25,0,
48.30,-1,
48.35,0,
48.40,0,
48.45,0,
48.50,-1,
48.55,0,
48.60,-1,
48.65,0,
48.70,0,
48.75,0,
48.80,0,
48.85,0,
48.90,0,
48.95,0,
49.00,0,
49.05,-1,
49.10,-1,
49.15,0,
49.20,-1,
49.25,-1,
49.30,0,
49.35,0,
49.40,0,
49.45,0,
49.50,0,
49.55,0,
49.60,0,
49.65,0,
49.70,0,
49.75,-1,
49.80,0,
49.85,-1,
49.90,0,
49.95,1,
50.00,0,
50.05,0,
50.10,0,
50.15,0,
50.20,0,
50.25,0,
50.30,0,
50.35,0,
50.40,0,
50.45,-1,
50.50,0,
50.55,0,
50.60,0,
50.65,0,
50.70,0,
50.75,-1,
50.80,0,
50.85,0,
50.90,-1,
50.95,-1,
51.00,0,
51.05,0,
51.10,-1,
51.15,-1,
51.20,0,
51.25,-1,
51.30,0,
51.35,0,
51.40,-1,
51.45,-1,
51.50,0,
51.55,0,
51.60,0,
51.65,0,
51.70,-1,
51.75,0,
51.80,0,
51.85,0,
51.90,0,
51.95,-1,
52.00,0,
52.05,-1,
52.10,0,
52.15,0,
52.20,-1,
52.25,0,
52.30,0,
52.35,0,
52.40,-1,
52.45,0,
52.50,0,
52.55,0,
52.60,0,
52.65,0,
52.70,0,
52.75,0,
52.80,0,
52.85,0,
52.90,0,
52.95,0,
53.00,-1,
53.05,0,
53.10,0,
53.15,0,
53.20,0,
53.25,0,
53.30,-1,
53.35,-1,
53.40,0,
53.45,0,
53.50,-1,
53.55,0,
53.60,0,
53.65,-1,
53.70,0,
53.75,0,
53.80,0,
53.85,0,
53.90,0,
53.95,0,
54.00,0,
54.05,-1,
54.10,0,
54.15,0,
54.20,0,
54.25,0,
54.30,-1,
54.35,-1,
54.40,-1,
54.45,-1,
54.50,0,
54.55,0,
54.60,0,
54.65,0,
54.70,-1,
54.75,0,
54.80,0,
54.85,0,
54.90,-1,
54.95,0,
55.00,-1,
55.05,0,
55.10,0,
55.15,0,
55.20,0,
55.25,0,
55.30,0,
55.35,0,
55.40,1,
55.45,0,
55.50,0,
55.55,0,
55.60,-1,
55.65,0,
55.70,0,
55.75,0,
55.80,0,
55.85,0,
55.90,0,
55.95,-1,
56.00,-1,
56.05,-1,
56.10,0,
56.15,0,
56.20,0,
56.25,0,
56.30,0,
56.35,-1,
56.40,0,
56.45,0,
56.50,0,
56.55,0,
56.60,0,
56.65,0,
56.70,0,
56.75,0,
56.80,0,
56.85,-1,
56.90,-1,
56.95,0,
57.00,0,
57.05,0,
57.10,0,
57.15,0,
57.20,0,
57.25,0,
57.30,0,
57.35,-1,
57.40,0,
57.45,0,
57.50,0,
57.55,0,
57.60,-1,
57.65,0,
57.70,0,
57.75,0,
57.80,0,
57.85,0,
57.90,0,
57.95,0,
58.00,0,
58.05,0,
58.10,1,
58.15,-1,
58.20,0,
58.25,0,
58.30,0,
58.35,-1,
58.40,0,
58.45,0,
58.50,0,
58.55,-1,
58.60,-1,
58.65,-1,
58.70,0,
58.75,0,
58.80,0,
58.85,0,
58.90,0,
58.95,-1,
59.00,0,
59.05,0,
59.10,1,
59.15,0,
59.20,1,
59.25,0,
59.30,0,
59.35,0,
59.40,0,
59.45,-1,
59.50,0,
59.55,0,
59.60,0,
59.65,-1,
59.70,-1,
59.75,0,
59.80,0,
59.85,0,
59.90,-1,
59.95,-1,
60.00,0,
60.05,0,
60.10,0,
60.15,0,
60.20,0,
60.25,0,
60.30,-1,
60.35,0,
60.40,-1,
60.45,0,
60.50,-1,
60.55,0,
60.60,0,
60.65,0,
60.70,0,
60.75,0,
60.80,-1,
60.85,0,
60.90,0,
60.95,0,
61.00,0,
61.05,-1,
61.10,0,
61.15,0,
61.20,0,
61.25,0,
61.30,0,
61.35,0,
61.40,0,
61.45,-1,
61.50,0,
61.55,0,
61.60,0,
61.65,0,
61.70,0,
61.75,0,
61.80,0,
61.85,0,
61.90,0,
61.95,0,
62.00,0,
62.05,0,
62.10,0,
62.15,0,
62.20,-1,
62.25,0,
62.30,0,
62.35,0,
62.40,-1,
62.45,0,
62.50,0,
62.55,-1,
62.60,0,
62.65,-1,
62.70,0,
62.75,0,
62.80,0,
62.85,-1,
62.90,0,
62.95,0,
63.00,0,
63.05,-1,
63.10,0,
63.15,-1,
63.20,0,
63.25,0,
63.30,0,
63.35,0,
63.40,0,
63.45,0,
63.50,0,
63.55,0,
63.60,0,
63.65,-1,
63.70,0,
63.75,-1,
63.80,0,
63.85,-1,
63.90,0,
63.95,-1,
64.00,-1,
64.05,0,
64.10,0,
64.15,0,
64.20,0,
64.25,0,
64.30,0,
64.35,0,
64.40,0,
64.45,0,
64.50,0,
64.55,0,
64.60,0,
64.65,0,
64.70,0,
64.75,0,
64.80,0,
64.85,0,
64.90,0,
64.95,0,
65.00,-1,
65.05,0,
65.10,-1,
65.15,0,
65.20,0,
65.25,0,
65.30,-1,
65.35,0,
65.40,-1,
65.45,0,
65.50,0,
65.55,0,
65.60,-1,
65.65,0,
65.70,0,
65.75,0,
65.80,0,
65.85,0,
65.90,0,
65.95,0,
66.00,0,
66.05,0,
66.10,0,
66.15,0,
66.20,0,
66.25,0,
66.30,0,
66.35,0,
66.40,0,
66.45,0,
66.50,0,
66.55,0,
66.60,0,
66.65,0,
66.70,-1,
66.75,0,
66.80,0,
66.85,0,
66.90,0,
66.95,0,
67.00,-1,
67.05,0,
67.10,0,
67.15,0,
67.20,-1,
67.25,0,
67.30,0,
67.35,0,
67.40,0,
67.45,0,
67.50,0,
67.55,0,
67.60,0,
67.65,0,
67.70,0,
67.75,0,
67.80,0,
67.85,-1,
67.90,-1,
67.95,0,
68.00,-1,
68.05,0,
68.10,0,
68.15,0,
68.20,-1,
68.25,0,
68.30,0,
68.35,-1,
68.40,0,
68.45,-1,
68.50,0,
68.55,-1,
68.60,0,
68.65,0,
68.70,0,
68.75,0,
68.80,0,
68.85,0,
68.90,0,
68.95,0,
69.00,0,
69.05,-1,
69.10,0,
69.15,0,
69.20,0,
69.25,0,
69.30,0,
69.35,0,
69.40,0,
69.45,0,
69.50,0,
69.55,0,
69.60,0,
69.65,0,
69.70,0,
69.75,0,
69.80,0,
69.85,0,
69.90,0,
69.95,0,
70.00,0,
70.05,0,
70.10,-1,
70.15,-1,
70.20,0,
70.25,0,
70.30,0,
70.35,0,
70.40,0,
70.45,0,
70.50,0,
70.55,1,
70.60,-1,
70.65,0,
70.70,-1,
70.75,-1,
70.80,0,
70.85,0,
70.90,0,
70.95,0,
71.00,-1,
71.05,0,
71.10,0,
71.15,-1,
71.20,0,
71.25,0,
71.30,0,
71.35,0,
71.40,0,
71.45,-1,
71.50,-1,
71.55,0,
71.60,0,
71.65,0,
71.70,0,
71.75,-1,
71.80,0,
71.85,0,
71.90,-1,
71.95,0,
72.00,0,
72.05,0,
72.10,-1,
72.15,0,
72.20,-1,
72.25,0,
72.30,0,
72.35,-1,
72.40,0,
72.45,-1,
72.50,0,
72.55,-1,
72.60,0,
72.65,0,
72.70,0,
72.75,0,
72.80,0,
72.85,0,
72.90,-1,
72.95,0,
73.00,-1,
73.05,0,
73.10,-1,
73.15,0,
73.20,-1,
73.25,-1,
73.30,0,
73.35,-1,
73.40,0,
73.45,-1,
73.50,0,
73.55,0,
73.60,-1,
73.65,-1,
73.70,0,
73.75,-1,
73.80,-1,
73.85,0,
73.90,0,
73.95,0,
74.00,-1,
74.05,0,
74.10,0,
74.15,0,
74.20,0,
74.25,0,
74.30,0,
74.35,0,
74.40,0,
74.45,0,
74.50,-1,
74.55,0,
74.60,0,
74.65,0,
74.70,-1,
74.75,0,
74.80,0,
74.85,0,
74.90,0,
74.95,0,
75.00,-1,
75.05,-1,
75.10,-1,
75.15,0,
75.20,0,
75.25,0,
75.30,0,
75.35,-1,
75.40,0,
75.45,-1,
75.50,0,
75.55,0,
75.60,-1,
75.65,0,
75.70,0,
75.75,0,
75.80,-1,
75.85,0,
75.90,0,
75.95,0,
76.00,0,
76.05,0,
76.10,0,
76.15,0,
76.20,0,
76.25,-1,
76.30,0,
76.35,0,
76.40,0,
76.45,0,
76.50,-1,
76.55,0,
76.60,0,
76.65,0,
76.70,0,
76.75,0,
76.80,-1,
76.85,0,
76.90,0,
76.95,0,
77.00,0,
77.05,0,
77.10,0,
77.15,0,
77.20,0,
77.25,0,
77.30,0,
77.35,-1,
77.40,-1,
77.45,0,
77.50,-1,
77.55,0,
77.60,0,
77.65,0,
77.70,0,
77.75,-1,
77.80,-1,
77.85,-1,
77.90,-1,
77.95,0,
78.00,0,
78.05,0,
78.10,0,
78.15,0,
78.20,-1,
78.25,-1,
78.30,0,
78.35,-1,
78.40,-1,
78.45,-1,
78.50,-1,
78.55,0,
78.60,-1,
78.65,0,
78.70,0,
78.75,0,
78.80,-1,
78.85,0,
78.90,-1,
78.95,0,
79.00,-1,
79.05,0,
79.10,0,
79.15,0,
79.20,0,
79.25,0,
79.30,0,
79.35,0,
79.40,-1,
79.45,-1,
79.50,0,
79.55,0,
79.60,0,
79.65,0,
79.70,0,
79.75,-1,
79.80,0,
79.85,0,
79.90,-1,
79.95,-1,
80.00,-1,
80.05,0,
80.10,0,
80.15,-1,
80.20,-1,
80.25,0,
80.30,0,
80.35,0,
80.40,0,
80.45,0,
80.50,-1,
80.55,0,
80.60,0,
80.65,-1,
80.70,0,
80.75,-1,
80.80,0,
80.85,0,
80.90,0,
80.95,-1,
81.00,0,
81.05,0,
81.10,0,
81.15,-1,
81.20,0,
81.25,0,
81.30,0,
81.35,0,
81.40,0,
81.45,0,
81.50,0,
81.55,0,
81.60,0,
81.65,0,
81.70,0,
81.75,0,
81.80,0,
81.85,0,
81.90,0,
81.95,-1,
82.00,-1,
82.05,0,
82.10,0,
82.15,0,
82.20,-1,
82.25,-1,
82.30,-1,
82.35,0,
82.40,0,
82.45,-1,
82.50,0,
82.55,0,
82.60,0,
82.65,-1,
82.70,-1,
82.75,0,
82.80,0,
82.85,0,
82.90,0,
82.95,0,
83.00,0,
83.05,1,
83.10,0,
83.15,0,
83.20,0,
83.25,-1,
83.30,0,
83.35,0,
83.40,-1,
83.45,-1,
83.50,-1,
83.55,0,
83.60,-1,
83.65,0,
83.70,-1,
83.75,0,
83.80,0,
83.85,0,
83.90,0,
83.95,0,
84.00,-1,
84.05,-1,
84.10,0,
84.15,0,
84.20,0,
84.25,0,
84.30,0,
84.35,0,
84.40,0,
84.45,0,
84.50,-1,
84.55,0,
84.60,0,
84.65,0,
84.70,0,
84.75,0,
84.80,0,
84.85,0,
84.90,-1,
84.95,-1,
85.00,0,
85.05,0,
85.10,-1,
85.15,0,
85.20,0,
85.25,0,
85.30,-1,
85.35,0,
85.40,0,
85.45,-1,
85.50,0,
85.55,-1,
85.60,-1,
85.65,0,
85.70,0,
85.75,0,
85.80,0,
85.85,-1,
85.90,0,
85.95,0,
86.00,-1,
86.05,0,
86.10,-1,
86.15,-1,
86.20,-1,
86.25,-1,
86.30,0,
86.35,-1,
86.40,0,
86.45,-1,
86.50,0,
86.55,0,
86.60,-1,
86.65,0,
86.70,-1,
86.75,-1,
86.80,-1,
86.85,0,
86.90,0,
86.95,0,
87.00,0,
87.05,0,
87.10,-1,
87.15,0,
87.20,-1,
87.25,0,
87.30,-1,
87.35,0,
87.40,-1,
87.45,0,
87.50,0,
87.55,-1,
87.60,-1,
87.65,0,
87.70,0,
87.75,0,
87.80,0,
87.85,0,
87.90,1,
87.95,0,
88.00,0,
88.05,-1,
88.10,0,
88.15,-1,
88.20,0,
88.25,-1,
88.30,0,
88.35,0,
88.40,-1,
88.45,-1,
88.50,0,
88.55,0,
88.60,0,
88.65,-1,
88.70,0,
88.75,-1,
88.80,0,
88.85,-1,
88.90,0,
88.95,0,
89.00,0,
89.05,0,
89.10,-1,
89.15,0,
89.20,0,
89.25,0,
89.30,0,
89.35,-1,
89.40,-1,
89.45,-1,
89.50,0,
89.55,0,
89.60,0,
89.65,-1,
89.70,0,
89.75,-1,
89.80,0,
89.85,0,
89.90,0,
89.95,-1,
90.00,-1,
90.05,0,
90.10,0,
90.15,0,
90.20,-1,
90.25,0,
90.30,-1,
90.35,0,
90.40,-1,
90.45,-1,
90.50,0,
90.55,0,
90.60,0,
90.65,0,
90.70,0,
90.75,0,
90.80,-1,
90.85,0,
90.90,0,
90.95,-1,
91.00,-1,
91.05,-1,
91.10,0,
91.15,-1,
91.20,-1,
91.25,0,
91.30,-1,
91.35,-1,
91.40,0,
91.45,-1,
91.50,-1,
91.55,0,
91.60,0,
91.65,-1,
91.70,0,
91.75,0,
91.80,0,
91.85,0,
91.90,0,
91.95,-1,
92.00,0,
92.05,0,
92.10,-1,
92.15,-1,
92.20,0,
92.25,0,
92.30,0,
92.35,0,
92.40,0,
92.45,0,
92.50,0,
92.55,0,
92.60,-1,
92.65,0,
92.70,-1,
92.75,-1,
92.80,0,
92.85,-1,
92.90,-1,
92.95,0,
93.00,0,
93.05,0,
93.10,-1,
93.15,-1,
93.20,0,
93.25,0,
93.30,0,
93.35,0,
93.40,0,
93.45,-1,
93.50,0,
93.55,0,
93.60,-1,
93.65,0,
93.70,0,
93.75,-1,
93.80,0,
93.85,0,
93.90,0,
93.95,-1,
94.00,0,
94.05,0,
94.10,-1,
94.15,0,
94.20,0,
94.25,0,
94.30,0,
94.35,0,
94.40,-1,
94.45,-1,
94.50,-1,
94.55,0,
94.60,-1,
94.65,0,
94.70,0,
94.75,0,
94.80,0,
94.85,0,
94.90,-1,
94.95,0,
95.00,-1,
95.05,0,
95.10,0,
95.15,0,
95.20,0,
95.25,0,
95.30,0,
95.35,0,
95.40,0,
95.45,-1,
95.50,-1,
95.55,0,
95.60,0,
95.65,0,
95.70,-1,
95.75,0,
95.80,0,
95.85,0,
95.90,-1,
95.95,-1,
96.00,0,
96.05,-1,
96.10,0,
96.15,0,
96.20,0,
96.25,0,
96.30,0,
96.35,-1,
96.40,-1,
96.45,0,
96.50,0,
96.55,0,
96.60,0,
96.65,0,
96.70,0,
96.75,0,
96.80,-1,
96.85,0,
96.90,0,
96.95,0,
97.00,0,
97.05,-1,
97.10,0,
97.15,0,
97.20,-1,
97.25,-1,
97.30,-1,
97.35,-1,
97.40,0,
97.45,0,
97.50,-1,
97.55,0,
97.60,0,
97.65,0,
97.70,0,
97.75,-1,
97.80,-1,
97.85,0,
97.90,0,
97.95,0,
98.00,0,
98.05,0,
98.10,0,
98.15,-1,
98.20,1,
98.25,0,
98.30,0,
98.35,-1,
98.40,0,
98.45,-1,
98.50,-1,
98.55,0,
98.60,0,
98.65,0,
98.70,0,
98.75,0,
98.80,-1,
98.85,0,
98.90,0,
98.95,0,
99.00,0,
99.05,-1,
99.10,0,
99.15,0,
99.20,0,
99.25,-1,
99.30,-1,
99.35,0,
99.40,0,
99.45,1,
99.50,0,
99.55,0,
99.60,-1,
99.65,-1,
99.70,0,
99.75,0,
99.80,0,
99.85,0,
99.90,0,
99.95,0,
100.00,-1,
100.05,0,
100.10,0,
100.15,0,
100.20,-1,
100.25,0,
100.30,-1,
100.35,0,
100.40,0,
100.45,0,
100.50,0,
100.55,0,
100.60,0,
100.65,-1,
100.70,-1,
100.75,-1,
100.80,0,
100.85,0,
100.90,-1,
100.95,0,
101.00,0,
101.05,0,
101.10,0,
101.15,0,
101.20,0,
101.25,0,
101.30,-1,
101.35,0,
101.40,0,
101.45,0,
101.50,-1,
101.55,0,
101.60,0,
101.65,0,
101.70,0,
101.75,-1,
101.80,-1,
101.85,-1,
101.90,-1,
101.95,0,
102.00,0,
102.05,0,
102.10,-1,
102.15,0,
102.20,0,
102.25,0,
102.30,-1,
102.35,-1,
102.40,0,
102.45,0,
102.50,0,
102.55,0,
102.60,0,
102.65,-1,
102.70,0,
102.75,0,
102.80,-1,
102.85,-1,
102.90,0,
102.95,0,
103.00,0,
103.05,-1,
103.10,0,
103.15,0,
103.20,-1,
103.25,0,
103.30,-1,
103.35,0,
103.40,0,
103.45,0,
103.50,0,
103.55,-1,
103.60,-1,
103.65,0,
103.70,0,
103.75,-1,
103.80,-1,
103.85,0,
103.90,0,
103.95,0,
104.00,0,
104.05,-1,
104.10,-1,
104.15,0,
104.20,-1,
104.25,0,
104.30,0,
104.35,-1,
104.40,0,
104.45,0,
104.50,0,
104.55,0,
104.60,0,
104.65,-1,
104.70,0,
104.75,0,
104.80,-1,
104.85,0,
104.90,0,
104.95,0,
105.00,-1,
105.05,0,
105.10,0,
105.15,0,
105.20,0,
105.25,0,
105.30,-1,
105.35,0,
105.40,-1,
105.45,-1,
105.50,0,
105.55,-1,
105.60,0,
105.65,-1,
105.70,0,
105.75,0,
105.80,0,
105.85,-1,
105.90,-1,
105.95,0,
106.00,-1,
106.05,0,
106.10,0,
106.15,0,
106.20,-1,
106.25,0,
106.30,-1,
106.35,0,
106.40,-1,
106.45,0,
106.50,0,
106.55,-1,
106.60,0,
106.65,-1,
106.70,0,
106.75,-1,
106.80,0,
106.85,-1,
106.90,0,
106.95,-1,
107.00,-1,
107.05,-1,
107.10,-1,
107.15,0,
107.20,0,
107.25,-1,
107.30,0,
107.35,-1,
107.40,-1,
107.45,0,
107.50,-1,
107.55,0,
107.60,-1,
107.65,-1,
107.70,0,
107.75,0,
107.80,-1,
107.85,-1,
107.90,-1,
107.95,-1,
108.00,0,
108.05,0,
108.10,0,
108.15,0,
108.20,0,
108.25,0,
108.30,-1,
108.35,0,
108.40,0,
108.45,-1,
108.50,0,
108.55,0,
108.60,0,
108.65,0,
108.70,-1,
108.75,0,
108.80,-1,
108.85,-1,
108.90,0,
108.95,-1,
109.00,0,
109.05,-1,
109.10,0,
109.15,0,
109.20,0,
109.25,0,
109.30,0,
109.35,-1,
109.40,-1,
109.45,0,
109.50,-1,
109.55,0,
109.60,0,
109.65,-1,
109.70,0,
109.75,0,
109.80,-1,
109.85,0,
109.90,-1,
109.95,0,
110.00,0,
110.05,-1,
110.10,0,
110.15,-1,
110.20,-1,
110.25,0,
110.30,0,
110.35,0,
110.40,-1,
110.45,-1,
110.50,-1,
110.55,0,
110.60,0,
110.65,-1,
110.70,0,
110.75,0,
110.80,-1,
110.85,-1,
110.90,0,
110.95,0,
111.00,0,
111.05,0,
111.10,0,
111.15,0,
111.20,-1,
111.25,0,
111.30,-1,
111.35,0,
111.40,0,
111.45,0,
111.50,0,
111.55,0,
111.60,-1,
111.65,-1,
111.70,0,
111.75,0,
111.80,-1,
111.85,-1,
111.90,0,
111.95,0,
112.00,0,
112.05,0,
112.10,0,
112.15,-1,
112.20,-1,
112.25,-1,
112.30,-1,
112.35,0,
112.40,-1,
112.45,0,
112.50,-1,
112.55,0,
112.60,-1,
112.65,-1,
112.70,0,
112.75,-1,
112.80,0,
112.85,-1,
112.90,-1,
112.95,0,
113.00,0,
113.05,-1,
113.10,0,
113.15,-1,
113.20,0,
113.25,-1,
113.30,-1,
113.35,0,
113.40,0,
113.45,-1,
113.50,-1,
113.55,0,
113.60,0,
113.65,0,
113.70,-1,
113.75,0,
113.80,0,
113.85,-1,
113.90,0,
113.95,-1,
114.00,-1,
114.05,0,
114.10,-1,
114.15,0,
114.20,0,
114.25,-1,
114.30,-1,
114.35,-1,
114.40,0,
114.45,-1,
114.50,0,
114.55,0,
114.60,-1,
114.65,-1,
114.70,-1,
114.75,0,
114.80,0,
114.85,0,
114.90,0,
114.95,0,
115.00,0,
115.05,0,
115.10,0,
115.15,-1,
115.20,0,
115.25,0,
115.30,-1,
115.35,0,
115.40,-1,
115.45,0,
115.50,0,
115.55,0,
115.60,-1,
115.65,-1,
115.70,0,
115.75,0,
115.80,0,
115.85,-1,
115.90,0,
115.95,0,
116.00,0,
116.05,0,
116.10,0,
116.15,0,
116.20,0,
116.25,0,
116.30,0,
116.35,0,
116.40,-1,
116.45,-1,
116.50,0,
116.55,0,
116.60,0,
116.65,-1,
116.70,-1,
116.75,0,
116.80,-1,
116.85,0,
116.90,-1,
116.95,0,
117.00,-1,
117.05,0,
117.10,0,
117.15,0,
117.20,-1,
117.25,0,
117.30,-1,
117.35,-1,
117.40,-1,
117.45,-1,
117.50,0,
117.55,-1,
117.60,0,
117.65,-1,
117.70,-1,
117.75,0,
117.80,0,
117.85,0,
117.90,0,
117.95,0,
118.00,0,
118.05,0,
118.10,0,
118.15,-1,
118.20,0,
118.25,0,
118.30,0,
118.35,-1,
118.40,-1,
118.45,0,
118.50,-1,
118.55,0,
118.60,-1,
118.65,0,
118.70,-1,
118.75,-1,
118.80,-1,
118.85,0,
118.90,0,
118.95,0,
119.00,-1,
119.05,0,
119.10,0,
119.15,0,
119.20,0,
119.25,0,
119.30,-1,
119.35,0,
119.40,0,
119.45,0,
119.50,0,
119.55,0,
119.60,-1,
119.65,-1,
119.70,-1,
119.75,-1,
119.80,0,
119.85,-1,
119.90,0,
119.95,-1,
120.00,0,
120.05,0,
120.10,0,
120.15,0,
120.20,0,
120.25,0,
120.30,0,
120.35,-1,
120.40,0,
120.45,0,
120.50,-1,
120.55,0,
120.60,0,
120.65,0,
120.70,-1,
120.75,-1,
120.80,0,
120.85,0,
120.90,0,
120.95,0,
121.00,-1,
121.05,-1,
121.10,-1,
121.15,-1,
121.20,0,
121.25,0,
121.30,0,
121.35,0,
121.40,-1,
121.45,0,
121.50,-1,
121.55,-1,
121.60,0,
121.65,0,
121.70,0,
121.75,0,
121.80,-1,
121.85,0,
121.90,0,
121.95,-1,
122.00,0,
122.05,0,
122.10,-1,
122.15,0,
122.20,-1,
122.25,-1,
122.30,0,
122.35,0,
122.40,-1,
122.45,0,
122.50,-1,
122.55,-1,
122.60,0,
122.65,0,
122.70,-1,
122.75,0,
122.80,-1,
122.85,0,
122.90,0,
122.95,0,
123.00,-1,
123.05,-1,
123.10,-1,
123.15,-1,
123.20,0,
123.25,0,
123.30,0,
123.35,0,
123.40,-1,
123.45,0,
123.50,-1,
123.55,0,
123.60,-1,
123.65,-1,
123.70,-1,
123.75,-1,
123.80,0,
123.85,0,
123.90,-1,
123.95,-1,
124.00,0,
124.05,-1,
124.10,0,
124.15,-1,
124.20,0,
124.25,-1,
124.30,0,
124.35,-1,
124.40,0,
124.45,0,
124.50,0,
124.55,0,
124.60,-1,
124.65,-1,
124.70,0,
124.75,0,
124.80,0,
124.85,-1,
124.90,-1,
124.95,0,
125.00,-1,
125.05,-1,
125.10,0,
125.15,0,
125.20,-1,
125.25,0,
125.30,0,
125.35,0,
125.40,0,
125.45,0,
125.50,-1,
125.55,-1,
125.60,-1,
125.65,0,
125.70,0,
125.75,0,
125.80,0,
125.85,-1,
125.90,0,
125.95,0,
126.00,0,
126.05,0,
126.10,0,
126.15,-1,
126.20,0,
126.25,0,
126.30,-1,
126.35,0,
126.40,-1,
126.45,0,
126.50,-1,
126.55,0,
126.60,0,
126.65,-1,
126.70,-1,
126.75,-1,
126.80,0,
126.85,0,
126.90,-1,
126.95,-1,
127.00,0,
127.05,-1,
127.10,0,
127.15,0,
127.20,0,
127.25,0,
127.30,0,
127.35,-1,
127.40,-1,
127.45,0,
127.50,0,
127.55,0,
127.60,0,
127.65,0,
127.70,-1,
127.75,-1,
127.80,0,
127.85,-1,
127.90,0,
127.95,-1,
128.00,0,
128.05,-1,
128.10,-1,
128.15,0,
128.20,0,
128.25,0,
128.30,-1,
128.35,0,
128.40,0,
128.45,0,
128.50,0,
128.55,0,
128.60,0,
128.65,0,
128.70,0,
128.75,0,
128.80,0,
128.85,0,
128.90,0,
128.95,0,
129.00,0,
129.05,0,
129.10,-1,
129.15,0,
129.20,0,
129.25,1,
129.30,-1,
129.35,0,
129.40,-1,
129.45,-1,
129.50,-1,
129.55,0,
129.60,0,
129.65,-1,
129.70,0,
129.75,0,
129.80,-1,
129.85,0,
129.90,0,
129.95,0,
130.00,0,
130.05,0,
130.10,-1,
130.15,-1,
130.20,-1,
130.25,0,
130.30,0,
130.35,0,
130.40,-1,
130.45,0,
130.50,-1,
130.55,0,
130.60,0,
130.65,0,
130.70,0,
130.75,-1,
130.80,-1,
130.85,-1,
130.90,0,
130.95,-1,
131.00,-1,
131.05,-1,
131.10,-1,
131.15,-1,
131.20,0,
131.25,-1,
131.30,-1,
131.35,0,
131.40,0,
131.45,0,
131.50,0,
131.55,-1,
131.60,0,
131.65,0,
131.70,0,
131.75,-1,
131.80,-1,
131.85,-1,
131.90,-1,
131.95,-1,
132.00,-1,
132.05,0,
132.10,-1,
132.15,-1,
132.20,-1,
132.25,-1,
132.30,0,
132.35,-1,
132.40,0,
132.45,0,
132.50,0,
132.55,0,
132.60,0,
132.65,0,
132.70,-1,
132.75,0,
132.80,0,
132.85,0,
132.90,0,
132.95,0,
133.00,-1,
133.05,0,
133.10,0,
133.15,0,
133.20,-1,
133.25,-1,
133.30,-1,
133.35,0,
133.40,0,
133.45,-1,
133.50,0,
133.55,0,
133.60,0,
133.65,-1,
133.70,0,
133.75,0,
133.80,0,
133.85,0,
133.90,0,
133.95,0,
134.00,0,
134.05,0,
134.10,-1,
134.15,-1,
134.20,-1,
134.25,0,
134.30,0,
134.35,0,
134.40,-1,
134.45,0,
134.50,0,
134.55,-1,
134.60,0,
134.65,-1,
134.70,0,
134.75,-1,
134.80,0,
134.85,0,
134.90,0,
134.95,0,
135.00,-1,
135.05,0,
135.10,-1,
135.15,-1,
135.20,0,
135.25,0,
135.30,0,
135.35,0,
135.40,-1,
135.45,-1,
135.50,-1,
135.55,-1,
135.60,0,
135.65,0,
135.70,0,
135.75,0,
135.80,-1,
135.85,-1,
135.90,0,
135.95,0,
136.00,0,
136.05,-1,
136.10,0,
136.15,-1,
136.20,-1,
136.25,0,
136.30,0,
136.35,-1,
136.40,-1,
136.45,0,
136.50,0,
136.55,-1,
136.60,0,
136.65,-1,
136.70,-1,
136.75,0,
136.80,-1,
136.85,-1,
136.90,0,
136.95,-1,
137.00,-1,
137.05,0,
137.10,0,
137.15,0,
137.20,-1,
137.25,-1,
137.30,0,
137.35,-1,
137.40,0,
137.45,0,
137.50,0,
137.55,-1,
137.60,-1,
137.65,-1,
137.70,0,
137.75,-1,
137.80,-1,
137.85,0,
137.90,0,
137.95,-1,
138.00,-1,
138.05,-1,
138.10,-1,
138.15,0,
138.20,0,
138.25,0,
138.30,-1,
138.35,0,
138.40,0,
138.45,0,
138.50,0,
138.55,-1,
138.60,0,
138.65,-1,
138.70,0,
138.75,-1,
138.80,-1,
138.85,0,
138.90,0,
138.95,0,
139.00,0,
139.05,-1,
139.10,-1,
139.15,-1,
139.20,-1,
139.25,0,
139.30,0,
139.35,0,
139.40,-1,
139.45,0,
139.50,-1,
139.55,0,
139.60,-1,
139.65,-1,
139.70,0,
139.75,0,
139.80,0,
139.85,-1,
139.90,-1,
139.95,-1,
140.00,0,
140.05,-1,
140.10,-1,
140.15,0,
140.20,-1,
140.25,-1,
140.30,0,
140.35,-1,
140.40,-1,
140.45,0,
140.50,-1,
140.55,0,
140.60,0,
140.65,-1,
140.70,-1,
140.75,0,
140.80,0,
140.85,0,
140.90,0,
140.95,-1,
141.00,0,
141.05,0,
141.10,-1,
141.15,-1,
141.20,-1,
141.25,-1,
141.30,0,
141.35,0,
141.40,-1,
141.45,0,
141.50,-1,
141.55,-1,
141.60,0,
141.65,-1,
141.70,0,
141.75,0,
141.80,0,
141.85,-1,
141.90,0,
141.95,-1,
142.00,0,
142.05,-1,
142.10,-1,
142.15,-1,
142.20,-1,
142.25,0,
142.30,0,
142.35,0,
142.40,0,
142.45,0,
142.50,-1,
142.55,0,
142.60,0,
142.65,-1,
142.70,-1,
142.75,-1,
142.80,-1,
142.85,0,
142.90,1,
142.95,-1,
143.00,-1,
143.05,-1,
143.10,-1,
143.15,0,
143.20,-1,
143.25,-1,
143.30,0,
143.35,0,
143.40,0,
143.45,0,
143.50,0,
143.55,-1,
143.60,0,
143.65,-1,
143.70,-1,
143.75,0,
143.80,0,
143.85,0,
143.90,0,
143.95,0,
144.00,0,
144.05,-1,
144.10,-1,
144.15,-1,
144.20,0,
144.25,-1,
144.30,-1,
144.35,-1,
144.40,-1,
144.45,-1,
144.50,0,
144.55,-1,
144.60,-1,
144.65,0,
144.70,0,
144.75,0,
144.80,0,
144.85,0,
144.90,0,
144.95,-1,
145.00,0,
145.05,-1,
145.10,-1,
145.15,0,
145.20,0,
145.25,0,
145.30,-1,
145.35,0,
145.40,-1,
145.45,-1,
145.50,0,
145.55,0,
145.60,0,
145.65,0,
145.70,0,
145.75,-1,
145.80,0,
145.85,-1,
145.90,0,
145.95,0,
146.00,-1,
146.05,-1,
146.10,-1,
146.15,0,
146.20,0,
146.25,-1,
146.30,0,
146.35,0,
146.40,-1,
146.45,-1,
146.50,-1,
146.55,0,
146.60,0,
146.65,0,
146.70,-1,
146.75,-1,
146.80,0,
146.85,-1,
146.90,0,
146.95,0,
147.00,-1,
147.05,0,
147.10,-1,
147.15,-1,
147.20,0,
147.25,-1,
147.30,0,
147.35,0,
147.40,-1,
147.45,-1,
147.50,0,
147.55,-1,
147.60,-1,
147.65,-1,
147.70,-1,
147.75,-1,
147.80,0,
147.85,0,
147.90,0,
147.95,0,
148.00,0,
148.05,-1,
148.10,0,
148.15,-1,
148.20,0,
148.25,0,
148.30,-1,
148.35,0,
148.40,-1,
148.45,-1,
148.50,-1,
148.55,-1,
148.60,-1,
148.65,-1,
148.70,0,
148.75,0,
148.80,0,
148.85,-1,
148.90,0,
148.95,0,
149.00,-1,
149.05,0,
149.10,0,
149.15,0,
149.20,-1,
149.25,-1,
149.30,-1,
149.35,0,
149.40,0,
149.45,-1,
149.50,0,
149.55,0,
149.60,-1,
149.65,0,
149.70,-1,
149.75,0,
149.80,-1,
149.85,0,
149.90,0,
149.95,-1,
150.00,-1,
150.05,-1,
150.10,0,
150.15,0,
150.20,-1,
150.25,0,
150.30,0,
150.35,0,
150.40,-1,
150.45,0,
150.50,0,
150.55,-1,
150.60,-1,
150.65,0,
150.70,-1,
150.75,0,
150.80,0,
150.85,0,
150.90,-1,
150.95,-1,
151.00,0,
151.05,-1,
151.10,-1,
151.15,0,
151.20,0,
151.25,-1,
151.30,0,
151.35,-1,
151.40,-1,
151.45,-1,
151.50,0,
151.55,0,
151.60,-1,
151.65,0,
151.70,0,
151.75,-1,
151.80,-1,
151.85,0,
151.90,0,
151.95,-1,
152.00,-1,
152.05,-1,
152.10,-1,
152.15,-1,
152.20,-1,
152.25,0,
152.30,-1,
152.35,-1,
152.40,0,
152.45,-1,
152.50,0,
152.55,0,
152.60,0,
152.65,-1,
152.70,-1,
152.75,0,
152.80,1,
152.85,-1,
152.90,0,
152.95,0,
153.00,-1,
153.05,-1,
153.10,-1,
153.15,0,
153.20,0,
153.25,0,
153.30,-1,
153.35,-1,
153.40,-1,
153.45,-1,
153.50,0,
153.55,0,
153.60,-1,
153.65,-1,
153.70,-1,
153.75,0,
153.80,0,
153.85,-1,
153.90,-1,
153.95,-1,
154.00,0,
154.05,0,
154.10,-1,
154.15,-1,
154.20,0,
154.25,-1,
154.30,-1,
154.35,-1,
154.40,-1,
154.45,-1,
154.50,-1,
154.55,-1,
154.60,-1,
154.65,0,
154.70,-1,
154.75,-1,
154.80,-1,
154.85,-1,
154.90,-1,
154.95,-1,
155.00,0,
155.05,0,
155.10,-1,
155.15,0,
155.20,0,
155.25,-1,
155.30,-1,
155.35,-1,
155.40,0,
155.45,0,
155.50,0,
155.55,0,
155.60,0,
155.65,0,
155.70,-1,
155.75,0,
155.80,-1,
155.85,0,
155.90,0,
155.95,-1,
156.00,-1,
156.05,-1,
156.10,-1,
156.15,1,
156.20,0,
156.25,-1,
156.30,-1,
156.35,-1,
156.40,-1,
156.45,-1,
156.50,0,
156.55,0,
156.60,-1,
156.65,-1,
156.70,0,
156.75,0,
156.80,-1,
156.85,0,
156.90,0,
156.95,-1,
157.00,-1,
157.05,-1,
157.10,0,
157.15,-1,
157.20,-1,
157.25,-1,
157.30,-1,
157.35,0,
157.40,0,
157.45,-1,
157.50,-2,
157.55,0,
157.60,0,
157.65,0,
157.70,-1,
157.75,-1,
157.80,-1,
157.85,0,
157.90,-1,
157.95,0,
158.00,0,
158.05,0,
158.10,-1,
158.15,-1,
158.20,0,
158.25,0,
158.30,0,
158.35,-1,
158.40,-1,
158.45,-1,
158.50,0,
158.55,-1,
158.60,0,
158.65,0,
158.70,-1,
158.75,-1,
158.80,-1,
158.85,0,
158.90,-1,
158.95,0,
159.00,-1,
159.05,-1,
159.10,0,
159.15,-1,
159.20,0,
159.25,-1,
159.30,-1,
159.35,0,
159.40,0,
159.45,-1,
159.50,0,
159.55,0,
159.60,0,
159.65,0,
159.70,0,
159.75,-1,
159.80,0,
159.85,0,
159.90,0,
159.95,-1,
160.00,0,
160.05,-1,
160.10,0,
160.15,0,
160.20,0,
160.25,0,
160.30,0,
160.35,0,
160.40,0,
160.45,-1,
160.50,0,
160.55,-1,
160.60,0,
160.65,0,
160.70,0,
160.75,0,
160.80,-1,
160.85,-1,
160.90,0,
160.95,-1,
161.00,0,
161.05,0,
161.10,0,
161.15,0,
161.20,0,
161.25,-1,
161.30,0,
161.35,0,
161.40,0,
161.45,0,
161.50,-1,
161.55,-1,
161.60,0,
161.65,0,
161.70,-1,
161.75,0,
161.80,0,
161.85,0,
161.90,-1,
161.95,0,
162.00,-1,
162.05,-1,
162.10,-1,
162.15,-1,
162.20,0,
162.25,0,
162.30,0,
162.35,0,
162.40,0,
162.45,-1,
162.50,-1,
162.55,-1,
162.60,-1,
162.65,-1,
162.70,0,
162.75,-1,
162.80,-1,
162.85,-1,
162.90,0,
162.95,0,
163.00,-1,
163.05,0,
163.10,0,
163.15,0,
163.20,0,
163.25,-1,
163.30,0,
163.35,-1,
163.40,0,
163.45,-1,
163.50,0,
163.55,-1,
163.60,0,
163.65,-1,
163.70,-1,
163.75,-1,
163.80,0,
163.85,0,
163.90,-1,
163.95,-1,
164.00,-1,
164.05,0,
164.10,-1,
164.15,0,
164.20,-1,
164.25,-1,
164.30,0,
164.35,0,
164.40,0,
164.45,0,
164.50,0,
164.55,-1,
164.60,-1,
164.65,0,
164.70,0,
164.75,-1,
164.80,-1,
164.85,0,
164.90,0,
164.95,0,
165.00,-1,
165.05,-1,
165.10,-1,
165.15,0,
165.20,-1,
165.25,-1,
165.30,0,
165.35,0,
165.40,0,
165.45,-1,
165.50,-1,
165.55,0,
165.60,0,
165.65,-1,
165.70,0,
165.75,0,
165.80,-1,
165.85,0,
165.90,0,
165.95,0,
166.00,0,
166.05,-1,
166.10,-1,
166.15,0,
166.20,0,
166.25,0,
166.30,-1,
166.35,-1,
166.40,-1,
166.45,-1,
166.50,0,
166.55,0,
166.60,-1,
166.65,0,
166.70,-1,
166.75,-1,
166.80,0,
166.85,0,
166.90,0,
166.95,-1,
167.00,-1,
167.05,0,
167.10,-1,
167.15,0,
167.20,0,
167.25,-1,
167.30,-1,
167.35,0,
167.40,0,
167.45,0,
167.50,-1,
167.55,0,
167.60,0,
167.65,-1,
167.70,0,
167.75,0,
167.80,0,
167.85,0,
167.90,0,
167.95,-1,
168.00,-1,
168.05,-1,
168.10,-1,
168.15,-1,
168.20,0,
168.25,0,
168.30,-1,
168.35,-1,
168.40,0,
168.45,-1,
168.50,0,
168.55,0,
168.60,-1,
168.65,0,
168.70,-1,
168.75,0,
168.80,-1,
168.85,-1,
168.90,-1,
168.95,-1,
169.00,0,
169.05,-1,
169.10,0,
169.15,0,
169.20,-1,
169.25,0,
169.30,0,
169.35,0,
169.40,0,
169.45,-1,
169.50,-1,
169.55,-1,
169.60,0,
169.65,-1,
169.70,0,
169.75,-1,
169.80,0,
169.85,-1,
169.90,0,
169.95,-1,
170.00,0,
170.05,0,
170.10,0,
170.15,0,
170.20,-1,
170.25,-1,
170.30,0,
170.35,0,
170.40,-1,
170.45,0,
170.50,-1,
170.55,0,
170.60,-1,
170.65,-1,
170.70,0,
170.75,-1,
170.80,0,
170.85,-1,
170.90,-1,
170.95,-1,
171.00,-1,
171.05,0,
171.10,0,
171.15,0,
171.20,-1,
171.25,-1,
171.30,0,
171.35,0,
171.40,0,
171.45,-1,
171.50,-1,
171.55,-1,
171.60,-1,
171.65,0,
171.70,0,
171.75,0,
171.80,0,
171.85,0,
171.90,0,
171.95,0,
172.00,0,
172.05,-1,
172.10,-1,
172.15,-1,
172.20,0,
172.25,-1,
172.30,0,
172.35,-2,
172.40,-1,
172.45,-1,
172.50,0,
172.55,-1,
172.60,0,
172.65,0,
172.70,0,
172.75,-1,
172.80,-1,
172.85,0,
172.90,0,
172.95,-1,
173.00,0,
173.05,-1,
173.10,-1,
173.15,-1,
173.20,0,
173.25,0,
173.30,0,
173.35,-1,
173.40,-1,
173.45,-1,
173.50,-1,
173.55,0,
173.60,-1,
173.65,-1,
173.70,-1,
173.75,0,
173.80,-1,
173.85,-1,
173.90,0,
173.95,-1,
174.00,0,
174.05,0,
174.10,0,
174.15,-1,
174.20,0,
174.25,-1,
174.30,0,
174.35,0,
174.40,0,
174.45,-1,
174.50,-1,
174.55,0,
174.60,-1,
174.65,0,
174.70,0,
174.75,0,
174.80,0,
174.85,0,
174.90,0,
174.95,-1,
175.00,0,
175.05,-1,
175.10,0,
175.15,0,
175.20,0,
175.25,0,
175.30,0,
175.35,-1,
175.40,-1,
175.45,0,
175.50,0,
175.55,-1,
175.60,-1,
175.65,-1,
175.70,0,
175.75,-1,
175.80,-1,
175.85,-1,
175.90,-1,
175.95,0,
176.00,-1,
176.05,0,
176.10,0,
176.15,0,
176.20,-1,
176.25,0,
176.30,-1,
176.35,-1,
176.40,0,
176.45,0,
176.50,0,
176.55,-1,
176.60,-1,
176.65,0,
176.70,-1,
176.75,-1,
176.80,0,
176.85,0,
176.90,0,
176.95,0,
177.00,0,
177.05,0,
177.10,-1,
177.15,-1,
177.20,-1,
177.25,-1,
177.30,-1,
177.35,0,
177.40,0,
177.45,0,
177.50,-1,
177.55,0,
177.60,-1,
177.65,0,
177.70,0,
177.75,0,
177.80,0,
177.85,0,
177.90,-1,
177.95,-1,
178.00,0,
178.05,-1,
178.10,0,
178.15,0,
178.20,0,
178.25,-1,
178.30,-1,
178.35,0,
178.40,0,
178.45,-1,
178.50,-1,
178.55,0,
178.60,0,
178.65,-1,
178.70,-1,
178.75,-1,
178.80,-1,
178.85,0,
178.90,0,
178.95,-1,
179.00,0,
179.05,-1,
179.10,-1,
179.15,-1,
179.20,0,
179.25,-1,
179.30,-1,
179.35,-1,
179.40,0,
179.45,0,
179.50,0,
179.55,0,
179.60,-1,
179.65,0,
179.70,0,
179.75,-1,
179.80,-1,
179.85,-1,
179.90,-1,
179.95,-1,
180.00,-1,
180.05,0,
180.10,-1,
180.15,-1,
180.20,0,
180.25,-1,
180.30,-1,
180.35,-1,
180.40,0,
180.45,-1,
180.50,-1,
180.55,-1,
180.60,0,
180.65,-1,
180.70,0,
180.75,-1,
180.80,0,
180.85,-1,
180.90,0,
180.95,0,
181.00,-1,
181.05,0,
181.10,-1,
181.15,0,
181.20,0,
181.25,-1,
181.30,-1,
181.35,-1,
181.40,-1,
181.45,-1,
181.50,-1,
181.55,-1,
181.60,-1,
181.65,0,
181.70,1,
181.75,-1,
181.80,-1,
181.85,0,
181.90,-1,
181.95,-1,
182.00,0,
182.05,0,
182.10,-1,
182.15,-1,
182.20,-1,
182.25,-1,
182.30,-1,
182.35,0,
182.40,0,
182.45,0,
182.50,0,
182.55,-1,
182.60,-1,
182.65,0,
182.70,-1,
182.75,0,
182.80,-1,
182.85,-1,
182.90,-1,
182.95,0,
183.00,-1,
183.05,-1,
183.10,-1,
183.15,-1,
183.20,-1,
183.25,-1,
183.30,0,
183.35,-1,
183.40,-1,
183.45,-1,
183.50,-2,
183.55,0,
183.60,-1,
183.65,-1,
183.70,-1,
183.75,0,
183.80,-1,
183.85,0,
183.90,0,
183.95,-1,
184.00,-1,
184.05,-1,
184.10,-1,
184.15,0,
184.20,-1,
184.25,0,
184.30,-1,
184.35,0,
184.40,-1,
184.45,0,
184.50,-1,
184.55,0,
184.60,0,
184.65,-1,
184.70,-1,
184.75,-1,
184.80,0,
184.85,-2,
184.90,-1,
184.95,0,
185.00,0,
185.05,-1,
185.10,0,
185.15,-1,
185.20,0,
185.25,0,
185.30,-1,
185.35,0,
185.40,-1,
185.45,0,
185.50,-1,
185.55,-1,
185.60,-1,
185.65,-1,
185.70,0,
185.75,-1,
185.80,0,
185.85,0,
185.90,0,
185.95,0,
186.00,-1,
186.05,0,
186.10,-1,
186.15,-1,
186.20,-1,
186.25,-1,
186.30,-1,
186.35,0,
186.40,0,
186.45,-1,
186.50,-1,
186.55,0,
186.60,-1,
186.65,-1,
186.70,-1,
186.75,0,
186.80,0,
186.85,-1,
186.90,0,
186.95,-1,
187.00,0,
187.05,-1,
187.10,-1,
187.15,-1,
187.20,-1,
187.25,0,
187.30,-1,
187.35,0,
187.40,-1,
187.45,-1,
187.50,-1,
187.55,0,
187.60,-1,
187.65,0,
187.70,-1,
187.75,-1,
187.80,0,
187.85,0,
187.90,-1,
187.95,0,
188.00,0,
188.05,-1,
188.10,0,
188.15,0,
188.20,-1,
188.25,0,
188.30,-1,
188.35,-1,
188.40,0,
188.45,-1,
188.50,-1,
188.55,-1,
188.60,-1,
188.65,-1,
188.70,-1,
188.75,0,
188.80,0,
188.85,-1,
188.90,0,
188.95,0,
189.00,0,
189.05,-1,
189.10,0,
189.15,-1,
189.20,-1,
189.25,-1,
189.30,0,
189.35,-1,
189.40,0,
189.45,-1,
189.50,-1,
189.55,-1,
189.60,0,
189.65,0,
189.70,-1,
189.75,0,
189.80,0,
189.85,0,
189.90,-1,
189.95,0,
190.00,-1,
190.05,-1,
190.10,-1,
190.15,0,
190.20,0,
190.25,-1,
190.30,0,
190.35,0,
190.40,0,
190.45,0,
190.50,0,
190.55,-1,
190.60,0,
190.65,-1,
190.70,0,
190.75,-1,
190.80,-1,
190.85,-1,
190.90,-1,
190.95,-1,
191.00,-1,
191.05,-1,
191.10,-1,
191.15,0,
191.20,0,
191.25,0,
191.30,-1,
191.35,0,
191.40,0,
191.45,0,
191.50,0,
191.55,-1,
191.60,0,
191.65,0,
191.70,0,
191.75,-1,
191.80,0,
191.85,-1,
191.90,-1,
191.95,0,
192.00,-1,
192.05,0,
192.10,0,
192.15,-1,
192.20,0,
192.25,-1,
192.30,0,
192.35,-1,
192.40,-1,
192.45,0,
192.50,0,
192.55,-1,
192.60,0,
192.65,-1,
192.70,0,
192.75,0,
192.80,-1,
192.85,-1,
192.90,-1,
192.95,-1,
193.00,0,
193.05,0,
193.10,0,
193.15,-1,
193.20,0,
193.25,-1,
193.30,-1,
193.35,0,
193.40,-1,
193.45,-1,
193.50,-1,
193.55,-1,
193.60,0,
193.65,0,
193.70,0,
193.75,-1,
193.80,-1,
193.85,0,
193.90,-1,
193.95,0,
194.00,-1,
194.05,-1,
194.10,-1,
194.15,0,
194.20,0,
194.25,0,
194.30,0,
194.35,-1,
194.40,0,
194.45,0,
194.50,0,
194.55,0,
194.60,-1,
194.65,0,
194.70,0,
194.75,0,
194.80,-1,
194.85,0,
194.90,0,
194.95,-1,
195.00,0,
195.05,0,
195.10,0,
195.15,0,
195.20,-1,
195.25,0,
195.30,-1,
195.35,-1,
195.40,-1,
195.45,0,
195.50,-1,
195.55,0,
195.60,0,
195.65,0,
195.70,0,
195.75,-1,
195.80,-1,
195.85,-1,
195.90,0,
195.95,0,
196.00,-1,
196.05,-1,
196.10,-1,
196.15,-1,
196.20,-1,
196.25,-1,
196.30,-1,
196.35,0,
196.40,-1,
196.45,0,
196.50,0,
196.55,0,
196.60,-1,
196.65,0,
196.70,-2,
196.75,0,
196.80,0,
196.85,0,
196.90,-1,
196.95,-1,
197.00,-1,
197.05,0,
197.10,-1,
197.15,0,
197.20,-1,
197.25,0,
197.30,-1,
197.35,-1,
197.40,0,
197.45,0,
197.50,-1,
197.55,-1,
197.60,-1,
197.65,0,
197.70,0,
197.75,-1,
197.80,-1,
197.85,-1,
197.90,-1,
197.95,0,
198.00,-1,
198.05,0,
198.10,0,
198.15,-1,
198.20,-1,
198.25,0,
198.30,0,
198.35,-1,
198.40,-1,
198.45,-1,
198.50,-1,
198.55,0,
198.60,0,
198.65,-1,
198.70,-1,
198.75,0,
198.80,0,
198.85,-1,
198.90,0,
198.95,-1,
199.00,0,
199.05,-1,
199.10,0,
199.15,-1,
199.20,-1,
199.25,0,
199.30,0,
199.35,-1,
199.40,-1,
199.45,0,
199.50,-1,
199.55,0,
199.60,-1,
199.65,0,
199.70,-1,
199.75,0,
199.80,-1,
199.85,-1,
199.90,-1,
199.95,0,
200.00,0,
200.05,0,
200.10,0,
200.15,-1,
200.20,-1,
200.25,-1,
200.30,0,
200.35,-1,
200.40,-1,
200.45,0,
200.50,-1,
200.55,-1,
200.60,0,
200.65,-1,
200.70,-1,
200.75,0,
200.80,0,
200.85,-1,
200.90,0,
200.95,-1,
201.00,0,
201.05,-1,
201.10,0,
201.15,-1,
201.20,-1,
201.25,-1,
201.30,-1,
201.35,-1,
201.40,0,
201.45,0,
201.50,-1,
201.55,0,
201.60,0,
201.65,-1,
201.70,-1,
201.75,0,
201.80,0,
201.85,-1,
201.90,0,
201.95,-1,
202.00,0,
202.05,0,
202.10,-1,
202.15,-1,
202.20,0,
202.25,0,
202.30,-1,
202.35,-1,
202.40,0,
202.45,0,
202.50,-1,
202.55,0,
202.60,-1,
202.65,-1,
202.70,0,
202.75,0,
202.80,-1,
202.85,-1,
202.90,0,
202.95,-1,
203.00,0,
203.05,-1,
203.10,0,
203.15,0,
203.20,0,
203.25,-1,
203.30,-1,
203.35,0,
203.40,-1,
203.45,0,
203.50,-1,
203.55,-1,
203.60,0,
203.65,0,
203.70,-1,
203.75,-1,
203.80,0,
203.85,-1,
203.90,-1,
203.95,0,
204.00,0,
204.05,0,
204.10,-1,
204.15,-1,
204.20,-1,
204.25,0,
204.30,-1,
204.35,-1,
204.40,-1,
204.45,-1,
204.50,-1,
204.55,-1,
204.60,-1,
204.65,-1,
204.70,-1,
204.75,0,
204.80,-1,
204.85,-1,
204.90,0,
204.95,-1,
205.00,-1,
205.05,0,
205.10,0,
205.15,0,
205.20,-1,
205.25,0,
205.30,-1,
205.35,-1,
205.40,0,
205.45,-1,
205.50,-1,
205.55,-1,
205.60,0,
205.65,0,
205.70,-1,
205.75,0,
205.80,0,
205.85,0,
205.90,-1,
205.95,0,
206.00,-1,
206.05,-1,
206.10,-1,
206.15,-1,
206.20,0,
206.25,0,
206.30,0,
206.35,-1,
206.40,-1,
206.45,0,
206.50,-1,
206.55,0,
206.60,0,
206.65,0,
206.70,-1,
206.75,0,
206.80,0,
206.85,-1,
206.90,-1,
206.95,0,
207.00,0,
207.05,-1,
207.10,0,
207.15,-1,
207.20,-1,
207.25,-1,
207.30,-1,
207.35,-1,
207.40,-1,
207.45,0,
207.50,-1,
207.55,0,
207.60,0,
207.65,0,
207.70,0,
207.75,0,
207.80,0,
207.85,-1,
207.90,0,
207.95,0,
208.00,-1,
208.05,-1,
208.10,0,
208.15,0,
208.20,0,
208.25,0,
208.30,0,
208.35,-1,
208.40,-1,
208.45,0,
208.50,0,
208.55,0,
208.60,-1,
208.65,0,
208.70,0,
208.75,0,
208.80,0,
208.85,-1,
208.90,-1,
208.95,-1,
209.00,0,
209.05,0,
209.10,0,
209.15,0,
209.20,0,
209.25,-1,
209.30,-1,
209.35,0,
209.40,-1,
209.45,-1,
209.50,0,
209.55,-1,
209.60,0,
209.65,-1,
209.70,0,
209.75,0,
209.80,-1,
209.85,0,
209.90,0,
209.95,0,
210.00,0,
210.05,-1,
210.10,-1,
210.15,-1,
210.20,0,
210.25,-1,
210.30,-1,
210.35,0,
210.40,0,
210.45,-1,
210.50,-1,
210.55,0,
210.60,-1,
210.65,-1,
210.70,0,
210.75,-1,
210.80,-1,
210.85,-1,
210.90,0,
210.95,0,
211.00,0,
211.05,0,
211.10,0,
211.15,0,
211.20,0,
211.25,-1,
211.30,0,
211.35,0,
211.40,0,
211.45,-1,
211.50,-1,
211.55,-1,
211.60,-1,
211.65,0,
211.70,0,
211.75,0,
211.80,0,
211.85,-1,
211.90,0,
211.95,-1,
212.00,0,
212.05,0,
212.10,-1,
212.15,0,
212.20,-1,
212.25,0,
212.30,-1,
212.35,0,
212.40,0,
212.45,-1,
212.50,0,
212.55,0,
212.60,-1,
212.65,0,
212.70,-1,
212.75,-1,
212.80,-1,
212.85,-1,
212.90,0,
212.95,0,
213.00,0,
213.05,0,
213.10,0,
213.15,0,
213.20,0,
213.25,-1,
213.30,-1,
213.35,-1,
213.40,-1,
213.45,0,
213.50,0,
213.55,0,
213.60,0,
213.65,0,
213.70,-1,
213.75,0,
213.80,-1,
213.85,0,
213.90,0,
213.95,0,
214.00,-1,
214.05,0,
214.10,-1,
214.15,0,
214.20,-1,
214.25,0,
214.30,-1,
214.35,-1,
214.40,0,
214.45,0,
214.50,0,
214.55,-1,
214.60,0,
214.65,0,
214.70,0,
214.75,0,
214.80,-1,
214.85,0,
214.90,0,
214.95,0,
215.00,-1,
215.05,0,
215.10,-1,
215.15,-1,
215.20,-1,
215.25,0,
215.30,-1,
215.35,0,
215.40,0,
215.45,0,
215.50,0,
215.55,0,
215.60,-1,
215.65,-1,
215.70,-1,
215.75,0,
215.80,-1,
215.85,-1,
215.90,-1,
215.95,-1,
216.00,0,
216.05,0,
216.10,0,
216.15,0,
216.20,0,
216.25,-1,
216.30,-1,
216.35,-1,
216.40,0,
216.45,-1,
216.50,1,
216.55,0,
216.60,-1,
216.65,-1,
216.70,0,
216.75,-1,
216.80,-1,
216.85,0,
216.90,-1,
216.95,-1,
217.00,-1,
217.05,0,
217.10,0,
217.15,0,
217.20,-1,
217.25,0,
217.30,-1,
217.35,0,
217.40,-1,
217.45,0,
217.50,0,
217.55,-1,
217.60,-1,
217.65,-1,
217.70,-1,
217.75,-1,
217.80,0,
217.85,-1,
217.90,0,
217.95,0,
218.00,0,
218.05,-1,
218.10,-1,
218.15,-1,
218.20,-1,
218.25,-1,
218.30,0,
218.35,0,
218.40,-1,
218.45,0,
218.50,-1,
218.55,0,
218.60,-1,
218.65,-1,
218.70,-1,
218.75,-1,
218.80,0,
218.85,-1,
218.90,-1,
218.95,0,
219.00,0,
219.05,0,
219.10,-1,
219.15,0,
219.20,0,
219.25,0,
219.30,0,
219.35,0,
219.40,-1,
219.45,-1,
219.50,0,
219.55,-1,
219.60,-1,
219.65,-1,
219.70,-1,
219.75,-1,
219.80,-1,
219.85,-1,
219.90,-1,
219.95,-1,
220.00,-1,
220.05,0,
220.10,-1,
220.15,0,
220.20,0,
220.25,0,
220.30,0,
220.35,-1,
220.40,-1,
220.45,0,
220.50,-1,
220.55,-1,
220.60,0,
220.65,0,
220.70,0,
220.75,0,
220.80,0,
220.85,-1,
220.90,0,
220.95,-1,
221.00,0,
221.05,-1,
221.10,-1,
221.15,0,
221.20,-1,
221.25,-1,
221.30,0,
221.35,0,
221.40,-1,
221.45,0,
221.50,-1,
221.55,-1,
221.60,-1,
221.65,0,
221.70,0,
221.75,0,
221.80,-1,
221.85,-1,
221.90,0,
221.95,0,
222.00,-1,
222.05,0,
222.10,-1,
222.15,-1,
222.20,0,
222.25,0,
222.30,-1,
222.35,-1,
222.40,0,
222.45,0,
222.50,-1,
222.55,-1,
222.60,0,
222.65,-1,
222.70,0,
222.75,-1,
222.80,-1,
222.85,0,
222.90,0,
222.95,0,
223.00,0,
223.05,-1,
223.10,0,
223.15,-1,
223.20,-1,
223.25,0,
223.30,-1,
223.35,-1,
223.40,-1,
223.45,-1,
223.50,-1,
223.55,-1,
223.60,0,
223.65,-1,
223.70,0,
223.75,0,
223.80,-1,
223.85,-1,
223.90,-1,
223.95,-1,
224.00,-1,
224.05,-1,
224.10,0,
224.15,-1,
224.20,-1,
224.25,0,
224.30,0,
224.35,-1,
224.40,0,
224.45,0,
224.50,0,
224.55,0,
224.60,-1,
224.65,-1,
224.70,0,
224.75,-1,
224.80,0,
224.85,0,
224.90,0,
224.95,0,
225.00,-1,
225.05,-1,
225.10,-1,
225.15,0,
225.20,0,
225.25,-1,
225.30,0,
225.35,-1,
225.40,-1,
225.45,-1,
225.50,0,
225.55,0,
225.60,0,
225.65,0,
225.70,0,
225.75,0,
225.80,-1,
225.85,-1,
225.90,-1,
225.95,-1,
226.00,0,
226.05,-1,
226.10,0,
226.15,-1,
226.20,-1,
226.25,-1,
226.30,-1,
226.35,0,
226.40,-1,
226.45,0,
226.50,-1,
226.55,0,
226.60,0,
226.65,-1,
226.70,0,
226.75,-1,
226.80,0,
226.85,-1,
226.90,-1,
226.95,0,
227.00,-1,
227.05,-1,
227.10,-1,
227.15,0,
227.20,0,
227.25,0,
227.30,0,
227.35,-1,
227.40,0,
227.45,-1,
227.50,-1,
227.55,0,
227.60,0,
227.65,0,
227.70,-1,
227.75,0,
227.80,-1,
227.85,-1,
227.90,0,
227.95,0,
228.00,0,
228.05,0,
228.10,0,
228.15,0,
228.20,-1,
228.25,0,
228.30,-1,
228.35,0,
228.40,-1,
228.45,-1,
228.50,-1,
228.55,-1,
228.60,0,
228.65,-1,
228.70,0,
228.75,-1,
228.80,0,
228.85,0,
228.90,0,
228.95,0,
229.00,0,
229.05,-1,
229.10,-1,
229.15,-1,
229.20,0,
229.25,0,
229.30,0,
229.35,-1,
229.40,0,
229.45,-1,
229.50,-1,
229.55,0,
229.60,0,
229.65,-1,
229.70,0,
229.75,0,
229.80,-1,
229.85,0,
229.90,0,
229.95,0,
230.00,0,
230.05,-1,
230.10,0,
230.15,-1,
230.20,-1,
230.25,0,
230.30,0,
230.35,-1,
230.40,0,
230.45,-1,
230.50,-1,
230.55,0,
230.60,0,
230.65,0,
230.70,0,
230.75,-1,
230.80,-1,
230.85,-1,
230.90,0,
230.95,0,
231.00,0,
231.05,0,
231.10,0,
231.15,0,
231.20,-1,
231.25,-1,
231.30,0,
231.35,0,
231.40,0,
231.45,0,
231.50,-1,
231.55,0,
231.60,0,
231.65,-1,
231.70,-1,
231.75,-1,
231.80,-1,
231.85,-1,
231.90,-1,
231.95,0,
232.00,0,
232.05,-1,
232.10,-1,
232.15,0,
232.20,-1,
232.25,-1,
232.30,-1,
232.35,-1,
232.40,0,
232.45,0,
232.50,-1,
232.55,-1,
232.60,0,
232.65,0,
232.70,0,
232.75,-1,
232.80,0,
232.85,-1,
232.90,0,
232.95,0,
233.00,0,
233.05,-1,
233.10,-1,
233.15,0,
233.20,0,
233.25,0,
233.30,0,
233.35,0,
233.40,-1,
233.45,0,
233.50,-1,
233.55,0,
233.60,0,
233.65,0,
233.70,-1,
233.75,0,
233.80,0,
233.85,-1,
233.90,-1,
233.95,-1,
234.00,-1,
234.05,0,
234.10,-1,
234.15,-1,
234.20,-1,
234.25,0,
234.30,0,
234.35,-1,
234.40,-1,
234.45,0,
234.50,0,
234.55,-1,
234.60,-1,
234.65,-1,
234.70,-1,
234.75,0,
234.80,0,
234.85,0,
234.90,0,
234.95,0,
235.00,0,
235.05,-1,
235.10,0,
235.15,-1,
235.20,-1,
235.25,-1,
235.30,0,
235.35,0,
235.40,0,
235.45,0,
235.50,-1,
235.55,0,
235.60,0,
235.65,-1,
235.70,0,
235.75,-1,
235.80,-1,
235.85,0,
235.90,0,
235.95,0,
236.00,-1,
236.05,-1,
236.10,0,
236.15,0,
236.20,0,
236.25,-1,
236.30,-1,
236.35,0,
236.40,0,
236.45,0,
236.50,0,
236.55,-1,
236.60,0,
236.65,-1,
236.70,0,
236.75,0,
236.80,-1,
236.85,-1,
236.90,0,
236.95,-1,
237.00,0,
237.05,0,
237.10,-1,
237.15,0,
237.20,-1,
237.25,0,
237.30,-1,
237.35,-1,
237.40,0,
237.45,-1,
237.50,0,
237.55,0,
237.60,-1,
237.65,0,
237.70,-1,
237.75,0,
237.80,0,
237.85,-1,
237.90,0,
237.95,-1,
238.00,0,
238.05,-1,
238.10,0,
238.15,0,
238.20,-1,
238.25,-1,
238.30,0,
238.35,-1,
238.40,-1,
238.45,-1,
238.50,-1,
238.55,-1,
238.60,0,
238.65,0,
238.70,-1,
238.75,-1,
238.80,-1,
238.85,0,
238.90,-1,
238.95,0,
239.00,0,
239.05,0,
239.10,0,
239.15,-1,
239.20,0,
239.25,0,
239.30,0,
239.35,0,
239.40,-1,
239.45,-1,
239.50,0,
239.55,0,
239.60,-1,
239.65,0,
239.70,-1,
239.75,0,
239.80,-1,
239.85,-1,
239.90,0,
239.95,0,
240.00,-1,
240.05,-1,
240.10,-1,
240.15,0,
240.20,0,
240.25,0,
240.30,-1,
240.35,0,
240.40,0,
240.45,-1,
240.50,0,
240.55,0,
240.60,-1,
240.65,0,
240.70,0,
240.75,0,
240.80,-1,
240.85,-1,
240.90,0,
240.95,0,
241.00,0,
241.05,0,
241.10,0,
241.15,0,
241.20,-1,
241.25,-1,
241.30,0,
241.35,0,
241.40,-1,
241.45,0,
241.50,-1,
241.55,0,
241.60,0,
241.65,-1,
241.70,-1,
241.75,0,
241.80,0,
241.85,0,
241.90,-1,
241.95,0,
242.00,-1,
242.05,0,
242.10,0,
242.15,0,
242.20,-1,
242.25,0,
242.30,0,
242.35,-1,
242.40,-1,
242.45,-1,
242.50,-1,
242.55,0,
242.60,-1,
242.65,0,
242.70,-1,
242.75,0,
242.80,-1,
242.85,-1,
242.90,-1,
242.95,0,
243.00,-1,
243.05,-1,
243.10,-1,
243.15,-1,
243.20,0,
243.25,0,
243.30,-1,
243.35,0,
243.40,-1,
243.45,0,
243.50,0,
243.55,0,
243.60,-1,
243.65,-1,
243.70,-1,
243.75,0,
243.80,0,
243.85,0,
243.90,-1,
243.95,0,
244.00,0,
244.05,0,
244.10,0,
244.15,-1,
244.20,-1,
244.25,0,
244.30,0,
244.35,0,
244.40,0,
244.45,-1,
244.50,0,
244.55,-1,
244.60,0,
244.65,-1,
244.70,0,
244.75,0,
244.80,-1,
244.85,0,
244.90,0,
244.95,-1,
245.00,-1,
245.05,0,
245.10,-1,
245.15,0,
245.20,-1,
245.25,-1,
245.30,-1,
245.35,0,
245.40,0,
245.45,-1,
245.50,0,
245.55,-1,
245.60,-1,
245.65,0,
245.70,-1,
245.75,-1,
245.80,0,
245.85,0,
245.90,-1,
245.95,0,
246.00,0,
246.05,0,
246.10,-1,
246.15,-1,
246.20,-1,
246.25,0,
246.30,0,
246.35,-1,
246.40,-1,
246.45,0,
246.50,0,
246.55,-1,
246.60,0,
246.65,0,
246.70,0,
246.75,0,
246.80,0,
246.85,-1,
246.90,-1,
246.95,0,
247.00,0,
247.05,0,
247.10,-1,
247.15,0,
247.20,0,
247.25,0,
247.30,0,
247.35,-1,
247.40,0,
247.45,0,
247.50,-1,
247.55,-1,
247.60,0,
247.65,-1,
247.70,0,
247.75,0,
247.80,0,
247.85,-1,
247.90,-1,
247.95,0,
248.00,-1,
248.05,0,
248.10,0,
248.15,0,
248.20,-1,
248.25,0,
248.30,0,
248.35,0,
248.40,-1,
248.45,-1,
248.50,-1,
248.55,0,
248.60,0,
248.65,0,
248.70,-1,
248.75,-1,
248.80,0,
248.85,-1,
248.90,0,
248.95,0,
249.00,0,
249.05,-1,
249.10,-1,
249.15,0,
249.20,-1,
249.25,-1,
249.30,0,
249.35,-1,
249.40,-1,
249.45,0,
249.50,-1,
249.55,0,
249.60,0,
249.65,-1,
249.70,0,
249.75,0,
249.80,-1,
249.85,0,
249.90,-1,
249.95,-1,
250.00,0,
250.05,-1,
250.10,-1,
250.15,0,
250.20,0,
250.25,-1,
250.30,0,
250.35,0,
250.40,0,
250.45,-1,
250.50,-1,
250.55,0,
250.60,0,
250.65,-1,
250.70,-1,
250.75,0,
250.80,0,
250.85,0,
250.90,-1,
250.95,0,
251.00,0,
251.05,0,
251.10,0,
251.15,0,
251.20,-1,
251.25,0,
251.30,0,
251.35,-1,
251.40,-1,
251.45,-1,
251.50,-1,
251.55,0,
251.60,0,
251.65,-1,
251.70,0,
251.75,0,
251.80,-1,
251.85,0,
251.90,-1,
251.95,0,
252.00,0,
252.05,-1,
252.10,-1,
252.15,-1,
252.20,-1,
252.25,0,
252.30,-1,
252.35,0,
252.40,-1,
252.45,-1,
252.50,0,
252.55,-1,
252.60,0,
252.65,-1,
252.70,0,
252.75,-1,
252.80,0,
252.85,0,
252.90,0,
252.95,0,
253.00,-1,
253.05,-1,
253.10,-1,
253.15,0,
253.20,0,
253.25,0,
253.30,0,
253.35,-1,
253.40,-1,
253.45,-1,
253.50,0,
253.55,0,
253.60,0,
253.65,-1,
253.70,0,
253.75,-1,
253.80,0,
253.85,-1,
253.90,0,
253.95,0,
254.00,-1,
254.05,-1,
254.10,0,
254.15,-1,
254.20,0,
254.25,-1,
254.30,0,
254.35,0,
254.40,-1,
254.45,0,
254.50,0,
254.55,0,
254.60,0,
254.65,0,
254.70,0,
254.75,0,
254.80,-1,
254.85,0,
254.90,-1,
254.95,-1,
255.00,0,
255.05,0,
255.10,-1,
255.15,0,
255.20,-1,
255.25,0,
255.30,0,
255.35,0,
255.40,-1,
255.45,-1,
255.50,-1,
255.55,0,
255.60,0,
255.65,0,
255.70,0,
255.75,0,
255.80,0,
255.85,-1,
255.90,0,
255.95,0,
256.00,-1,
256.05,-1,
256.10,0,
256.15,0,
256.20,0,
256.25,0,
256.30,0,
256.35,0,
256.40,0,
256.45,0,
256.50,0,
256.55,-1,
256.60,0,
256.65,0,
256.70,0,
256.75,-1,
256.80,0,
256.85,-1,
256.90,-1,
256.95,0,
257.00,0,
257.05,0,
257.10,0,
257.15,0,
257.20,0,
257.25,0,
257.30,0,
257.35,-1,
257.40,0,
257.45,0,
257.50,0,
257.55,0,
257.60,-1,
257.65,-1,
257.70,-1,
257.75,0,
257.80,0,
257.85,-1,
257.90,0,
257.95,-1,
258.00,-1,
258.05,-1,
258.10,0,
258.15,-1,
258.20,-1,
258.25,-1,
258.30,-1,
258.35,0,
258.40,-1,
258.45,-1,
258.50,-1,
258.55,0,
258.60,0,
258.65,0,
258.70,-1,
258.75,0,
258.80,0,
258.85,0,
258.90,0,
258.95,0,
259.00,-1,
259.05,-1,
259.10,0,
259.15,0,
259.20,-1,
259.25,0,
259.30,-1,
259.35,0,
259.40,0,
259.45,0,
259.50,0,
259.55,1,
259.60,0,
259.65,0,
259.70,0,
259.75,0,
259.80,0,
259.85,-1,
259.90,-1,
259.95,0,
260.00,0,
260.05,-1,
260.10,0,
260.15,0,
260.20,-1,
260.25,-1,
260.30,0,
260.35,0,
260.40,-1,
260.45,0,
260.50,0,
260.55,-1,
260.60,-1,
260.65,-1,
260.70,0,
260.75,0,
260.80,-1,
260.85,0,
260.90,0,
260.95,0,
261.00,0,
261.05,0,
261.10,0,
261.15,0,
261.20,-1,
261.25,-1,
261.30,-1,
261.35,0,
261.40,-1,
261.45,0,
261.50,0,
261.55,-1,
261.60,-1,
261.65,-1,
261.70,-1,
261.75,-1,
261.80,0,
261.85,-1,
261.90,-1,
261.95,0,
262.00,-1,
262.05,-1,
262.10,0,
262.15,0,
262.20,-1,
262.25,-1,
262.30,-1,
262.35,-1,
262.40,0,
262.45,0,
262.50,0,
262.55,0,
262.60,0,
262.65,0,
262.70,-1,
262.75,0,
262.80,-1,
262.85,0,
262.90,-1,
262.95,0,
263.00,-1,
263.05,0,
263.10,0,
263.15,-1,
263.20,0,
263.25,-1,
263.30,0,
263.35,-1,
263.40,0,
263.45,0,
263.50,0,
263.55,-1,
263.60,-1,
263.65,0,
263.70,0,
263.75,0,
263.80,-1,
263.85,-1,
263.90,0,
263.95,0,
264.00,-1,
264.05,0,
264.10,0,
264.15,-1,
264.20,0,
264.25,-1,
264.30,0,
264.35,0,
264.40,1,
264.45,0,
264.50,0,
264.55,0,
264.60,0,
264.65,0,
264.70,-1,
264.75,0,
264.80,0,
264.85,0,
264.90,-1,
264.95,-1,
265.00,0,
265.05,-1,
265.10,-1,
265.15,0,
265.20,0,
265.25,-1,
265.30,0,
265.35,0,
265.40,0,
265.45,0,
265.50,-1,
265.55,-1,
265.60,-1,
265.65,0,
265.70,0,
265.75,0,
265.80,-1,
265.85,-1,
265.90,0,
265.95,0,
266.00,-1,
266.05,0,
266.10,-1,
266.15,0,
266.20,0,
266.25,-1,
266.30,0,
266.35,0,
266.40,-1,
266.45,0,
266.50,-1,
266.55,-1,
266.60,0,
266.65,0,
266.70,-1,
266.75,0,
266.80,-1,
266.85,0,
266.90,0,
266.95,0,
267.00,0,
267.05,-1,
267.10,-1,
267.15,-1,
267.20,-1,
267.25,-1,
267.30,-1,
267.35,-1,
267.40,0,
267.45,0,
267.50,0,
267.55,0,
267.60,-1,
267.65,-1,
267.70,0,
267.75,-1,
267.80,0,
267.85,0,
267.90,0,
267.95,-1,
268.00,0,
268.05,0,
268.10,-1,
268.15,0,
268.20,0,
268.25,0,
268.30,-1,
268.35,0,
268.40,0,
268.45,0,
268.50,-1,
268.55,0,
268.60,-1,
268.65,0,
268.70,0,
268.75,-1,
268.80,0,
268.85,0,
268.90,-1,
268.95,-1,
269.00,-1,
269.05,0,
269.10,0,
269.15,-1,
269.20,0,
269.25,0,
269.30,0,
269.35,0,
269.40,0,
269.45,0,
269.50,0,
269.55,0,
269.60,-1,
269.65,0,
269.70,0,
269.75,0,
269.80,-1,
269.85,-1,
269.90,0,
269.95,-1,
270.00,0,
270.05,-1,
270.10,0,
270.15,0,
270.20,-1,
270.25,0,
270.30,0,
270.35,0,
270.40,0,
270.45,-1,
270.50,-1,
270.55,0,
270.60,0,
270.65,0,
270.70,-1,
270.75,0,
270.80,0,
270.85,0,
270.90,0,
270.95,0,
271.00,0,
271.05,-1,
271.10,0,
271.15,0,
271.20,-1,
271.25,0,
271.30,0,
271.35,-1,
271.40,-1,
271.45,0,
271.50,0,
271.55,0,
271.60,0,
271.65,0,
271.70,0,
271.75,-1,
271.80,0,
271.85,0,
271.90,-1,
271.95,0,
272.00,0,
272.05,-1,
272.10,0,
272.15,-1,
272.20,0,
272.25,0,
272.30,0,
272.35,-1,
272.40,0,
272.45,-1,
272.50,0,
272.55,-1,
272.60,0,
272.65,-1,
272.70,0,
272.75,0,
272.80,-1,
272.85,-1,
272.90,0,
272.95,0,
273.00,-1,
273.05,0,
273.10,0,
273.15,0,
273.20,-1,
273.25,-1,
273.30,0,
273.35,0,
273.40,0,
273.45,0,
273.50,0,
273.55,-1,
273.60,-1,
273.65,0,
273.70,0,
273.75,0,
273.80,-1,
273.85,-1,
273.90,0,
273.95,-1,
274.00,0,
274.05,0,
274.10,0,
274.15,0,
274.20,0,
274.25,0,
274.30,-1,
274.35,0,
274.40,0,
274.45,0,
274.50,0,
274.55,0,
274.60,0,
274.65,0,
274.70,0,
274.75,0,
274.80,0,
274.85,-1,
274.90,0,
274.95,0,
275.00,-1,
275.05,0,
275.10,0,
275.15,0,
275.20,0,
275.25,-1,
275.30,0,
275.35,0,
275.40,-1,
275.45,0,
275.50,-1,
275.55,0,
275.60,0,
275.65,0,
275.70,-1,
275.75,-1,
275.80,0,
275.85,0,
275.90,-1,
275.95,0,
276.00,0,
276.05,0,
276.10,-1,
276.15,-1,
276.20,-1,
276.25,0,
276.30,0,
276.35,-1,
276.40,0,
276.45,-1,
276.50,0,
276.55,0,
276.60,0,
276.65,0,
276.70,-1,
276.75,0,
276.80,-1,
276.85,0,
276.90,0,
276.95,-1,
277.00,0,
277.05,-1,
277.10,-1,
277.15,-1,
277.20,-1,
277.25,0,
277.30,-1,
277.35,-1,
277.40,-1,
277.45,0,
277.50,-1,
277.55,0,
277.60,0,
277.65,0,
277.70,0,
277.75,0,
277.80,-1,
277.85,0,
277.90,0,
277.95,1,
278.00,0,
278.05,-1,
278.10,-1,
278.15,-1,
278.20,0,
278.25,0,
278.30,0,
278.35,-1,
278.40,0,
278.45,0,
278.50,0,
278.55,0,
278.60,0,
278.65,-1,
278.70,0,
278.75,-1,
278.80,-1,
278.85,-1,
278.90,0,
278.95,0,
279.00,-1,
279.05,-1,
279.10,0,
279.15,-1,
279.20,0,
279.25,0,
279.30,-1,
279.35,0,
279.40,0,
279.45,0,
279.50,0,
279.55,0,
279.60,-1,
279.65,0,
279.70,0,
279.75,0,
279.80,-1,
279.85,0,
279.90,0,
279.95,0,
280.00,-1,
280.05,-1,
280.10,0,
280.15,0,
280.20,-1,
280.25,0,
280.30,0,
280.35,0,
280.40,0,
280.45,0,
280.50,0,
280.55,-1,
280.60,0,
280.65,-1,
280.70,0,
280.75,0,
280.80,-1,
280.85,0,
280.90,0,
280.95,0,
281.00,-1,
281.05,-1,
281.10,0,
281.15,0,
281.20,-1,
281.25,-1,
281.30,-1,
281.35,0,
281.40,0,
281.45,-1,
281.50,-1,
281.55,0,
281.60,-1,
281.65,0,
281.70,-1,
281.75,0,
281.80,0,
281.85,-1,
281.90,-1,
281.95,0,
282.00,0,
282.05,-1,
282.10,-1,
282.15,0,
282.20,0,
282.25,0,
282.30,-1,
282.35,-1,
282.40,0,
282.45,0,
282.50,0,
282.55,0,
282.60,-1,
282.65,0,
282.70,0,
282.75,0,
282.80,0,
282.85,0,
282.90,0,
282.95,0,
283.00,-1,
283.05,-1,
283.10,-1,
283.15,0,
283.20,0,
283.25,0,
283.30,0,
283.35,0,
283.40,-1,
283.45,-1,
283.50,0,
283.55,0,
283.60,0,
283.65,0,
283.70,0,
283.75,0,
283.80,0,
283.85,0,
283.90,0,
283.95,0,
284.00,0,
284.05,0,
284.10,-1,
284.15,0,
284.20,-1,
284.25,0,
284.30,0,
284.35,-1,
284.40,0,
284.45,0,
284.50,0,
284.55,0,
284.60,0,
284.65,0,
284.70,0,
284.75,0,
284.80,0,
284.85,0,
284.90,0,
284.95,0,
285.00,-1,
285.05,-1,
285.10,0,
285.15,0,
285.20,0,
285.25,-1,
285.30,0,
285.35,0,
285.40,0,
285.45,0,
285.50,0,
285.55,-1,
285.60,0,
285.65,-1,
285.70,0,
285.75,-1,
285.80,-1,
285.85,0,
285.90,-1,
285.95,0,
286.00,-1,
286.05,0,
286.10,1,
286.15,0,
286.20,0,
286.25,0,
286.30,0,
286.35,0,
286.40,-1,
286.45,-1,
286.50,-1,
286.55,-1,
286.60,0,
286.65,-1,
286.70,-1,
286.75,0,
286.80,-1,
286.85,0,
286.90,0,
286.95,0,
287.00,0,
287.05,-1,
287.10,-1,
287.15,0,
287.20,0,
287.25,-1,
287.30,0,
287.35,0,
287.40,-1,
287.45,0,
287.50,0,
287.55,-1,
287.60,-1,
287.65,0,
287.70,0,
287.75,-1,
287.80,0,
287.85,0,
287.90,0,
287.95,0,
288.00,0,
288.05,-1,
288.10,0,
288.15,1,
288.20,0,
288.25,0,
288.30,0,
288.35,0,
288.40,0,
288.45,-1,
288.50,0,
288.55,0,
288.60,0,
288.65,-1,
288.70,0,
288.75,0,
288.80,0,
288.85,0,
288.90,0,
288.95,0,
289.00,0,
289.05,0,
289.10,-1,
289.15,0,
289.20,0,
289.25,0,
289.30,0,
289.35,0,
289.40,0,
289.45,-1,
289.50,0,
289.55,0,
289.60,0,
289.65,-1,
289.70,0,
289.75,0,
289.80,-1,
289.85,-1,
289.90,0,
289.95,0,
290.00,0,
290.05,-1,
290.10,0,
290.15,-1,
290.20,-1,
290.25,0,
290.30,0,
290.35,-1,
290.40,-1,
290.45,0,
290.50,-1,
290.55,0,
290.60,1,
290.65,0,
290.70,-1,
290.75,0,
290.80,0,
290.85,-1,
290.90,0,
290.95,0,
291.00,0,
291.05,-1,
291.10,-1,
291.15,0,
291.20,-1,
291.25,-1,
291.30,0,
291.35,-1,
291.40,0,
291.45,-1,
291.50,0,
291.55,0,
291.60,0,
291.65,0,
291.70,0,
291.75,-1,
291.80,0,
291.85,0,
291.90,-1,
291.95,0,
292.00,-1,
292.05,-1,
292.10,-1,
292.15,0,
292.20,0,
292.25,0,
292.30,0,
292.35,0,
292.40,0,
292.45,0,
292.50,0,
292.55,-1,
292.60,0,
292.65,-1,
292.70,0,
292.75,0,
292.80,0,
292.85,-1,
292.90,-1,
292.95,-1,
293.00,0,
293.05,0,
293.10,0,
293.15,0,
293.20,0,
293.25,-1,
293.30,0,
293.35,0,
293.40,0,
293.45,0,
293.50,0,
293.55,0,
293.60,0,
293.65,-1,
293.70,0,
293.75,-1,
293.80,0,
293.85,0,
293.90,0,
293.95,-1,
294.00,0,
294.05,0,
294.10,0,
294.15,0,
294.20,0,
294.25,0,
294.30,0,
294.35,0,
294.40,-1,
294.45,0,
294.50,0,
294.55,0,
294.60,0,
294.65,0,
294.70,0,
294.75,0,
294.80,-1,
294.85,0,
294.90,0,
294.95,0,
295.00,-1,
295.05,-1,
295.10,-1,
295.15,0,
295.20,0,
295.25,-1,
295.30,-1,
295.35,0,
295.40,0,
295.45,0,
295.50,0,
295.55,0,
295.60,0,
295.65,0,
295.70,-1,
295.75,-1,
295.80,-1,
295.85,0,
295.90,0,
295.95,0,
296.00,-1,
296.05,0,
296.10,0,
296.15,0,
296.20,0,
296.25,0,
296.30,0,
296.35,0,
296.40,0,
296.45,0,
296.50,-1,
296.55,0,
296.60,-1,
296.65,0,
296.70,0,
296.75,0,
296.80,-1,
296.85,0,
296.90,-1,
296.95,0,
297.00,-1,
297.05,0,
297.10,0,
297.15,0,
297.20,0,
297.25,-1,
297.30,0,
297.35,-1,
297.40,0,
297.45,0,
297.50,0,
297.55,0,
297.60,0,
297.65,-1,
297.70,-1,
297.75,0,
297.80,0,
297.85,0,
297.90,0,
297.95,0,
298.00,0,
298.05,0,
298.10,0,
298.15,-1,
298.20,0,
298.25,0,
298.30,0,
298.35,-1,
298.40,0,
298.45,0,
298.50,0,
298.55,-1,
298.60,-1,
298.65,0,
298.70,0,
298.75,-1,
298.80,0,
298.85,0,
298.90,0,
298.95,0,
299.00,-1,
299.05,0,
299.10,-1,
299.15,0,
299.20,-1,
299.25,0,
299.30,0,
299.35,-1,
299.40,0,
299.45,0,
299.50,-1,
299.55,0,
299.60,-1,
299.65,0,
299.70,0,
299.75,0,
299.80,0,
299.85,0,
299.90,-1,
299.95,0,
300.00,0,
300.05,-1,
300.10,-1,
300.15,0,
300.20,-1,
300.25,-1,
300.30,0,
300.35,0,
300.40,-1,
300.45,-1,
300.50,0,
300.55,0,
300.60,0,
300.65,-1,
300.70,0,
300.75,0,
300.80,-1,
300.85,0,
300.90,0,
300.95,0,
301.00,0,
301.05,-1,
301.10,-1,
301.15,-1,
301.20,-1,
301.25,-1,
301.30,-1,
301.35,-1,
301.40,0,
301.45,-1,
301.50,0,
301.55,0,
301.60,0,
301.65,-1,
301.70,0,
301.75,-1,
301.80,0,
301.85,-1,
301.90,0,
301.95,0,
302.00,-1,
302.05,0,
302.10,0,
302.15,-1,
302.20,0,
302.25,0,
302.30,0,
302.35,0,
302.40,0,
302.45,0,
302.50,0,
302.55,-1,
302.60,0,
302.65,0,
302.70,0,
302.75,-1,
302.80,0,
302.85,0,
302.90,0,
302.95,0,
303.00,0,
303.05,0,
303.10,0,
303.15,-1,
303.20,0,
303.25,-1,
303.30,0,
303.35,0,
303.40,0,
303.45,0,
303.50,0,
303.55,0,
303.60,-1,
303.65,0,
303.70,0,
303.75,0,
303.80,-1,
303.85,0,
303.90,0,
303.95,0,
304.00,0,
304.05,0,
304.10,-1,
304.15,0,
304.20,0,
304.25,0,
304.30,0,
304.35,0,
304.40,-1,
304.45,0,
304.50,0,
304.55,0,
304.60,-1,
304.65,0,
304.70,-1,
304.75,-1,
304.80,-1,
304.85,0,
304.90,0,
304.95,0,
305.00,-1,
305.05,0,
305.10,0,
305.15,0,
305.20,0,
305.25,0,
305.30,0,
305.35,0,
305.40,-1,
305.45,0,
305.50,0,
305.55,0,
305.60,0,
305.65,0,
305.70,0,
305.75,-1,
305.80,-1,
305.85,0,
305.90,0,
305.95,0,
306.00,0,
306.05,0,
306.10,0,
306.15,0,
306.20,0,
306.25,0,
306.30,-1,
306.35,0,
306.40,-1,
306.45,0,
306.50,0,
306.55,0,
306.60,-1,
306.65,0,
306.70,0,
306.75,0,
306.80,0,
306.85,0,
306.90,-1,
306.95,0,
307.00,0,
307.05,0,
307.10,-1,
307.15,-1,
307.20,0,
307.25,-1,
307.30,0,
307.35,0,
307.40,0,
307.45,0,
307.50,0,
307.55,0,
307.60,0,
307.65,-1,
307.70,-1,
307.75,0,
307.80,0,
307.85,0,
307.90,0,
307.95,0,
308.00,0,
308.05,0,
308.10,0,
308.15,0,
308.20,0,
308.25,0,
308.30,0,
308.35,-1,
308.40,-1,
308.45,1,
308.50,0,
308.55,0,
308.60,0,
308.65,0,
308.70,-1,
308.75,-1,
308.80,0,
308.85,0,
308.90,0,
308.95,0,
309.00,0,
309.05,0,
309.10,0,
309.15,-1,
309.20,0,
309.25,0,
309.30,0,
309.35,0,
309.40,-1,
309.45,1,
309.50,-1,
309.55,0,
309.60,0,
309.65,-1,
309.70,0,
309.75,0,
309.80,0,
309.85,-1,
309.90,-1,
309.95,-1,
310.00,0,
310.05,0,
310.10,-1,
310.15,-1,
310.20,0,
310.25,0,
310.30,0,
310.35,0,
310.40,0,
310.45,-1,
310.50,0,
310.55,0,
310.60,0,
310.65,0,
310.70,-1,
310.75,0,
310.80,-1,
310.85,-1,
310.90,-1,
310.95,0,
311.00,0,
311.05,0,
311.10,0,
311.15,0,
311.20,0,
311.25,0,
311.30,0,
311.35,0,
311.40,0,
311.45,0,
311.50,0,
311.55,-1,
311.60,0,
311.65,0,
311.70,0,
311.75,0,
311.80,0,
311.85,0,
311.90,0,
311.95,0,
312.00,0,
312.05,0,
312.10,-1,
312.15,0,
312.20,0,
312.25,0,
312.30,-1,
312.35,0,
312.40,-1,
312.45,0,
312.50,0,
312.55,-1,
312.60,0,
312.65,0,
312.70,-1,
312.75,0,
312.80,0,
312.85,0,
312.90,-1,
312.95,0,
313.00,-1,
313.05,-1,
313.10,0,
313.15,0,
313.20,0,
313.25,0,
313.30,-1,
313.35,0,
313.40,0,
313.45,0,
313.50,-1,
313.55,0,
313.60,0,
313.65,0,
313.70,0,
313.75,0,
313.80,0,
313.85,0,
313.90,0,
313.95,-1,
314.00,0,
314.05,-1,
314.10,1,
314.15,0,
314.20,0,
314.25,0,
314.30,0,
314.35,0,
314.40,0,
314.45,-1,
314.50,0,
314.55,0,
314.60,-1,
314.65,-1,
314.70,-1,
314.75,0,
314.80,0,
314.85,0,
314.90,0,
314.95,0,
315.00,0,
315.05,0,
315.10,0,
315.15,0,
315.20,0,
315.25,0,
315.30,-1,
315.35,0,
315.40,-1,
315.45,0,
315.50,0,
315.55,0,
315.60,-1,
315.65,0,
315.70,0,
315.75,0,
315.80,0,
315.85,-1,
315.90,0,
315.95,0,
316.00,-1,
316.05,0,
316.10,0,
316.15,0,
316.20,0,
316.25,0,
316.30,-1,
316.35,-1,
316.40,0,
316.45,-1,
316.50,0,
316.55,0,
316.60,0,
316.65,0,
316.70,0,
316.75,0,
316.80,0,
316.85,-1,
316.90,-1,
316.95,0,
317.00,0,
317.05,0,
317.10,-1,
317.15,0,
317.20,0,
317.25,0,
317.30,0,
317.35,0,
317.40,0,
317.45,0,
317.50,0,
317.55,-1,
317.60,0,
317.65,0,
317.70,0,
317.75,1,
317.80,-1,
317.85,-1,
317.90,0,
317.95,0,
318.00,0,
318.05,0,
318.10,0,
318.15,-1,
318.20,0,
318.25,-1,
318.30,-1,
318.35,0,
318.40,0,
318.45,0,
318.50,0,
318.55,0,
318.60,0,
318.65,0,
318.70,0,
318.75,0,
318.80,0,
318.85,0,
318.90,0,
318.95,0,
319.00,0,
319.05,0,
319.10,0,
319.15,0,
319.20,-1,
319.25,0,
319.30,0,
319.35,0,
319.40,0,
319.45,0,
319.50,-1,
319.55,0,
319.60,0,
319.65,0,
319.70,-1,
319.75,0,
319.80,0,
319.85,0,
319.90,0,
319.95,0,
320.00,0,
320.05,0,
320.10,0,
320.15,0,
320.20,0,
320.25,0,
320.30,0,
320.35,0,
320.40,0,
320.45,0,
320.50,-1,
320.55,0,
320.60,0,
320.65,0,
320.70,-1,
320.75,0,
320.80,0,
320.85,0,
320.90,0,
320.95,0,
321.00,0,
321.05,0,
321.10,-1,
321.15,0,
321.20,0,
321.25,0,
321.30,-1,
321.35,0,
321.40,0,
321.45,0,
321.50,0,
321.55,0,
321.60,0,
321.65,0,
321.70,0,
321.75,0,
321.80,0,
321.85,0,
321.90,0,
321.95,0,
322.00,0,
322.05,-1,
322.10,0,
322.15,0,
322.20,-1,
322.25,0,
322.30,0,
322.35,0,
322.40,0,
322.45,0,
322.50,-1,
322.55,1,
322.60,0,
322.65,0,
322.70,0,
322.75,-1,
322.80,0,
322.85,-1,
322.90,0,
322.95,0,
323.00,0,
323.05,0,
323.10,0,
323.15,0,
323.20,0,
323.25,0,
323.30,0,
323.35,0,
323.40,0,
323.45,0,
323.50,0,
323.55,-1,
323.60,0,
323.65,0,
323.70,-1,
323.75,0,
323.80,-1,
323.85,-1,
323.90,0,
323.95,0,
324.00,0,
324.05,0,
324.10,0,
324.15,0,
324.20,0,
324.25,0,
324.30,0,
324.35,0,
324.40,0,
324.45,0,
324.50,-1,
324.55,0,
324.60,0,
324.65,-1,
324.70,0,
324.75,-1,
324.80,-1,
324.85,0,
324.90,0,
324.95,0,
325.00,0,
325.05,1,
325.10,-1,
325.15,0,
325.20,0,
325.25,0,
325.30,0,
325.35,-1,
325.40,0,
325.45,1,
325.50,0,
325.55,0,
325.60,-1,
325.65,0,
325.70,0,
325.75,0,
325.80,0,
325.85,0,
325.90,-1,
325.95,-1,
326.00,-1,
326.05,0,
326.10,0,
326.15,0,
326.20,0,
326.25,0,
326.30,0,
326.35,0,
326.40,-1,
326.45,0,
326.50,0,
326.55,-1,
326.60,0,
326.65,0,
326.70,0,
326.75,0,
326.80,0,
326.85,0,
326.90,0,
326.95,0,
327.00,0,
327.05,0,
327.10,0,
327.15,0,
327.20,-1,
327.25,0,
327.30,0,
327.35,-1,
327.40,0,
327.45,0,
327.50,0,
327.55,0,
327.60,0,
327.65,0,
327.70,0,
327.75,0,
327.80,0,
327.85,0,
327.90,0,
327.95,0,
328.00,-1,
328.05,0,
328.10,-1,
328.15,0,
328.20,0,
328.25,0,
328.30,-1,
328.35,-1,
328.40,0,
328.45,0,
328.50,-1,
328.55,-1,
328.60,0,
328.65,0,
328.70,-1,
328.75,-1,
328.80,0,
328.85,0,
328.90,0,
328.95,-1,
329.00,0,
329.05,0,
329.10,0,
329.15,-1,
329.20,-1,
329.25,-1,
329.30,0,
329.35,0,
329.40,0,
329.45,0,
329.50,0,
329.55,0,
329.60,0,
329.65,0,
329.70,0,
329.75,0,
329.80,0,
329.85,0,
329.90,0,
329.95,-1,
330.00,0,
330.05,-1,
330.10,0,
330.15,0,
330.20,0,
330.25,0,
330.30,0,
330.35,0,
330.40,0,
330.45,0,
330.50,0,
330.55,-1,
330.60,0,
330.65,0,
330.70,0,
330.75,0,
330.80,0,
330.85,0,
330.90,-1,
330.95,0,
331.00,0,
331.05,1,
331.10,0,
331.15,0,
331.20,0,
331.25,0,
331.30,0,
331.35,-1,
331.40,0,
331.45,0,
331.50,0,
331.55,0,
331.60,0,
331.65,-1,
331.70,0,
331.75,0,
331.80,0,
331.85,0,
331.90,0,
331.95,0,
332.00,0,
332.05,-1,
332.10,-1,
332.15,0,
332.20,-1,
332.25,0,
332.30,-1,
332.35,0,
332.40,-1,
332.45,0,
332.50,0,
332.55,0,
332.60,0,
332.65,1,
332.70,0,
332.75,0,
332.80,-1,
332.85,-1,
332.90,0,
332.95,0,
333.00,0,
333.05,0,
333.10,0,
333.15,0,
333.20,0,
333.25,0,
333.30,-1,
333.35,0,
333.40,0,
333.45,0,
333.50,0,
333.55,0,
333.60,0,
333.65,0,
333.70,0,
333.75,0,
333.80,-1,
333.85,1,
333.90,0,
333.95,0,
334.00,0,
334.05,0,
334.10,0,
334.15,0,
334.20,-1,
334.25,0,
334.30,0,
334.35,0,
334.40,-1,
334.45,0,
334.50,0,
334.55,0,
334.60,0,
334.65,-1,
334.70,0,
334.75,0,
334.80,-1,
334.85,0,
334.90,0,
334.95,0,
335.00,0,
335.05,-1,
335.10,-1,
335.15,0,
335.20,-1,
335.25,0,
335.30,0,
335.35,0,
335.40,0,
335.45,0,
335.50,0,
335.55,0,
335.60,0,
335.65,0,
335.70,-1,
335.75,0,
335.80,0,
335.85,0,
335.90,0,
335.95,0,
336.00,0,
336.05,0,
336.10,0,
336.15,0,
336.20,0,
336.25,0,
336.30,-1,
336.35,1,
336.40,0,
336.45,-1,
336.50,0,
336.55,1,
336.60,0,
336.65,0,
336.70,0,
336.75,0,
336.80,0,
336.85,0,
336.90,0,
336.95,0,
337.00,0,
337.05,0,
337.10,0,
337.15,0,
337.20,0,
337.25,-1,
337.30,-1,
337.35,0,
337.40,0,
337.45,0,
337.50,-1,
337.55,0,
337.60,0,
337.65,0,
337.70,0,
337.75,0,
337.80,-1,
337.85,0,
337.90,0,
337.95,0,
338.00,0,
338.05,0,
338.10,-1,
338.15,0,
338.20,0,
338.25,0,
338.30,0,
338.35,0,
338.40,0,
338.45,0,
338.50,0,
338.55,0,
338.60,0,
338.65,0,
338.70,0,
338.75,-1,
338.80,0,
338.85,0,
338.90,0,
338.95,0,
339.00,0,
339.05,-1,
339.10,0,
339.15,0,
339.20,0,
339.25,0,
339.30,0,
339.35,0,
339.40,0,
339.45,0,
339.50,0,
339.55,-1,
339.60,0,
339.65,0,
339.70,0,
339.75,0,
339.80,0,
339.85,0,
339.90,0,
339.95,0,
340.00,0,
340.05,0,
340.10,0,
340.15,0,
340.20,0,
340.25,0,
340.30,0,
340.35,0,
340.40,0,
340.45,0,
340.50,0,
340.55,0,
340.60,0,
340.65,0,
340.70,0,
340.75,0,
340.80,0,
340.85,0,
340.90,0,
340.95,0,
341.00,-1,
341.05,0,
341.10,0,
341.15,0,
341.20,0,
341.25,0,
341.30,0,
341.35,-1,
341.40,0,
341.45,0,
341.50,1,
341.55,0,
341.60,0,
341.65,0,
341.70,0,
341.75,0,
341.80,0,
341.85,0,
341.90,0,
341.95,0,
342.00,1,
342.05,0,
342.10,0,
342.15,0,
342.20,-1,
342.25,0,
342.30,-1,
342.35,0,
342.40,0,
342.45,0,
342.50,0,
342.55,0,
342.60,0,
342.65,0,
342.70,0,
342.75,0,
342.80,0,
342.85,0,
342.90,0,
342.95,0,
343.00,0,
343.05,0,
343.10,0,
343.15,0,
343.20,0,
343.25,0,
343.30,0,
343.35,0,
343.40,-1,
343.45,0,
343.50,0,
343.55,0,
343.60,0,
343.65,0,
343.70,0,
343.75,0,
343.80,0,
343.85,0,
343.90,-1,
343.95,0,
344.00,0,
344.05,-1,
344.10,-1,
344.15,0,
344.20,0,
344.25,0,
344.30,0,
344.35,0,
344.40,0,
344.45,0,
344.50,0,
344.55,-1,
344.60,0,
344.65,0,
344.70,0,
344.75,-1,
344.80,0,
344.85,0,
344.90,0,
344.95,0,
345.00,0,
345.05,-1,
345.10,0,
345.15,0,
345.20,0,
345.25,0,
345.30,-1,
345.35,0,
345.40,0,
345.45,0,
345.50,-1,
345.55,0,
345.60,0,
345.65,0,
345.70,0,
345.75,-1,
345.80,0,
345.85,0,
345.90,0,
345.95,0,
346.00,0,
346.05,0,
346.10,0,
346.15,0,
346.20,0,
346.25,0,
346.30,0,
346.35,-1,
346.40,0,
346.45,0,
346.50,-1,
346.55,0,
346.60,0,
346.65,0,
346.70,0,
346.75,0,
346.80,0,
346.85,-1,
346.90,0,
346.95,-1,
347.00,0,
347.05,0,
347.10,0,
347.15,0,
347.20,0,
347.25,0,
347.30,0,
347.35,0,
347.40,0,
347.45,0,
347.50,0,
347.55,0,
347.60,0,
347.65,-1,
347.70,0,
347.75,0,
347.80,0,
347.85,0,
347.90,0,
347.95,0,
348.00,0,
348.05,0,
348.10,0,
348.15,0,
348.20,0,
348.25,0,
348.30,0,
348.35,0,
348.40,0,
348.45,0,
348.50,0,
348.55,0,
348.60,0,
348.65,-1,
348.70,0,
348.75,0,
348.80,-1,
348.85,0,
348.90,0,
348.95,0,
349.00,0,
349.05,0,
349.10,1,
349.15,0,
349.20,0,
349.25,0,
349.30,1,
349.35,0,
349.40,0,
349.45,0,
349.50,0,
349.55,0,
349.60,0,
349.65,0,
349.70,0,
349.75,0,
349.80,0,
349.85,0,
349.90,0,
349.95,0,
350.00,-1,
350.05,0,
350.10,0,
350.15,-1,
350.20,0,
350.25,0,
350.30,0,
350.35,-1,
350.40,0,
350.45,0,
350.50,0,
350.55,0,
350.60,0,
350.65,-1,
350.70,-1,
350.75,0,
350.80,0,
350.85,-1,
350.90,0,
350.95,0,
351.00,1,
351.05,0,
351.10,0,
351.15,0,
351.20,0,
351.25,0,
351.30,0,
351.35,0,
351.40,0,
351.45,0,
351.50,1,
351.55,1,
351.60,0,
351.65,0,
351.70,0,
351.75,-1,
351.80,0,
351.85,0,
351.90,1,
351.95,0,
352.00,0,
352.05,0,
352.10,0,
352.15,0,
352.20,0,
352.25,0,
352.30,0,
352.35,-1,
352.40,0,
352.45,0,
352.50,0,
352.55,0,
352.60,-1,
352.65,-1,
352.70,0,
352.75,0,
352.80,0,
352.85,-1,
352.90,-1,
352.95,0,
353.00,1,
353.05,0,
353.10,0,
353.15,0,
353.20,0,
353.25,0,
353.30,0,
353.35,0,
353.40,0,
353.45,-1,
353.50,-1,
353.55,0,
353.60,0,
353.65,-1,
353.70,0,
353.75,0,
353.80,0,
353.85,0,
353.90,-1,
353.95,0,
354.00,0,
354.05,0,
354.10,0,
354.15,0,
354.20,0,
354.25,0,
354.30,0,
354.35,0,
354.40,0,
354.45,0,
354.50,1,
354.55,0,
354.60,0,
354.65,0,
354.70,0,
354.75,0,
354.80,0,
354.85,0,
354.90,0,
354.95,0,
355.00,0,
355.05,0,
355.10,0,
355.15,0,
355.20,0,
355.25,-1,
355.30,0,
355.35,0,
355.40,0,
355.45,0,
355.50,0,
355.55,1,
355.60,0,
355.65,0,
355.70,0,
355.75,0,
355.80,0,
355.85,0,
355.90,0,
355.95,0,
356.00,0,
356.05,0,
356.10,0,
356.15,0,
356.20,0,
356.25,0,
356.30,0,
356.35,0,
356.40,0,
356.45,0,
356.50,0,
356.55,0,
356.60,0,
356.65,0,
356.70,-1,
356.75,0,
356.80,0,
356.85,-1,
356.90,-1,
356.95,0,
357.00,-1,
357.05,0,
357.10,0,
357.15,0,
357.20,0,
357.25,0,
357.30,0,
357.35,0,
357.40,0,
357.45,-1,
357.50,-1,
357.55,1,
357.60,0,
357.65,0,
357.70,0,
357.75,0,
357.80,0,
357.85,0,
357.90,0,
357.95,0,
358.00,0,
358.05,0,
358.10,0,
358.15,0,
358.20,0,
358.25,0,
358.30,0,
358.35,0,
358.40,0,
358.45,-1,
358.50,0,
358.55,0,
358.60,0,
358.65,0,
358.70,0,
358.75,1,
358.80,0,
358.85,0,
358.90,0,
358.95,0,
359.00,-1,
359.05,0,
359.10,0,
359.15,-1,
359.20,-1,
359.25,0,
359.30,0,
359.35,0,
359.40,0,
359.45,0,
359.50,0,
359.55,0,
359.60,0,
359.65,0,
359.70,0,
359.75,0,
359.80,0,
359.85,1,
359.90,0,
359.95,0,
360.00,0,
360.05,0,
360.10,0,
360.15,0,
360.20,0,
360.25,0,
360.30,0,
360.35,-1,
360.40,-1,
360.45,0,
360.50,0,
360.55,-1,
360.60,-1,
360.65,-1,
360.70,0,
360.75,0,
360.80,0,
360.85,0,
360.90,0,
360.95,0,
361.00,-1,
361.05,0,
361.10,0,
361.15,0,
361.20,0,
361.25,0,
361.30,0,
361.35,0,
361.40,0,
361.45,0,
361.50,0,
361.55,-1,
361.60,1,
361.65,0,
361.70,0,
361.75,-1,
361.80,1,
361.85,0,
361.90,0,
361.95,0,
362.00,0,
362.05,0,
362.10,0,
362.15,0,
362.20,0,
362.25,0,
362.30,0,
362.35,0,
362.40,0,
362.45,-1,
362.50,0,
362.55,0,
362.60,-1,
362.65,-1,
362.70,0,
362.75,0,
362.80,-1,
362.85,0,
362.90,0,
362.95,0,
363.00,0,
363.05,0,
363.10,0,
363.15,0,
363.20,0,
363.25,-1,
363.30,-1,
363.35,0,
363.40,0,
363.45,0,
363.50,0,
363.55,0,
363.60,-1,
363.65,0,
363.70,0,
363.75,0,
363.80,-1,
363.85,0,
363.90,0,
363.95,0,
364.00,0,
364.05,0,
364.10,0,
364.15,0,
364.20,0,
364.25,0,
364.30,0,
364.35,-1,
364.40,0,
364.45,1,
364.50,0,
364.55,0,
364.60,0,
364.65,0,
364.70,-1,
364.75,0,
364.80,0,
364.85,0,
364.90,0,
364.95,0,
365.00,0,
365.05,0,
365.10,0,
365.15,0,
365.20,0,
365.25,0,
365.30,0,
365.35,0,
365.40,0,
365.45,0,
365.50,0,
365.55,0,
365.60,0,
365.65,0,
365.70,0,
365.75,0,
365.80,0,
365.85,1,
365.90,0,
365.95,0,
366.00,0,
366.05,0,
366.10,0,
366.15,0,
366.20,0,
366.25,0,
366.30,0,
366.35,0,
366.40,0,
366.45,0,
366.50,0,
366.55,0,
366.60,0,
366.65,0,
366.70,0,
366.75,0,
366.80,0,
366.85,0,
366.90,0,
366.95,0,
367.00,0,
367.05,0,
367.10,-1,
367.15,0,
367.20,0,
367.25,0,
367.30,0,
367.35,0,
367.40,0,
367.45,1,
367.50,0,
367.55,0,
367.60,-1,
367.65,0,
367.70,0,
367.75,1,
367.80,1,
367.85,0,
367.90,0,
367.95,0,
368.00,0,
368.05,0,
368.10,0,
368.15,0,
368.20,0,
368.25,0,
368.30,0,
368.35,1,
368.40,0,
368.45,0,
368.50,-1,
368.55,0,
368.60,0,
368.65,0,
368.70,0,
368.75,0,
368.80,-1,
368.85,0,
368.90,1,
368.95,0,
369.00,-1,
369.05,0,
369.10,0,
369.15,0,
369.20,0,
369.25,-1,
369.30,-1,
369.35,0,
369.40,0,
369.45,0,
369.50,0,
369.55,0,
369.60,0,
369.65,0,
369.70,0,
369.75,1,
369.80,0,
369.85,0,
369.90,0,
369.95,-1,
370.00,0,
370.05,0,
370.10,0,
370.15,0,
370.20,0,
370.25,0,
370.30,-1,
370.35,0,
370.40,0,
370.45,0,
370.50,0,
370.55,0,
370.60,0,
370.65,-1,
370.70,0,
370.75,0,
370.80,0,
370.85,0,
370.90,0,
370.95,1,
371.00,0,
371.05,0,
371.10,0,
371.15,0,
371.20,0,
371.25,0,
371.30,0,
371.35,0,
371.40,1,
371.45,0,
371.50,0,
371.55,0,
371.60,0,
371.65,0,
371.70,0,
371.75,0,
371.80,0,
371.85,0,
371.90,0,
371.95,0,
372.00,1,
372.05,0,
372.10,0,
372.15,-1,
372.20,0,
372.25,1,
372.30,0,
372.35,0,
372.40,0,
372.45,0,
372.50,0,
372.55,0,
372.60,0,
372.65,0,
372.70,0,
372.75,0,
372.80,0,
372.85,0,
372.90,0,
372.95,0,
373.00,0,
373.05,0,
373.10,0,
373.15,0,
373.20,0,
373.25,0,
373.30,0,
373.35,0,
373.40,0,
373.45,0,
373.50,-1,
373.55,0,
373.60,0,
373.65,0,
373.70,0,
373.75,0,
373.80,1,
373.85,0,
373.90,0,
373.95,0,
374.00,0,
374.05,0,
374.10,0,
374.15,0,
374.20,0,
374.25,0,
374.30,-1,
374.35,0,
374.40,0,
374.45,0,
374.50,0,
374.55,0,
374.60,0,
374.65,0,
374.70,0,
374.75,0,
374.80,0,
374.85,0,
374.90,0,
374.95,0,
375.00,0,
375.05,0,
375.10,1,
375.15,0,
375.20,0,
375.25,0,
375.30,-1,
375.35,0,
375.40,-1,
375.45,1,
375.50,0,
375.55,0,
375.60,0,
375.65,0,
375.70,0,
375.75,0,
375.80,1,
375.85,0,
375.90,0,
375.95,0,
376.00,0,
376.05,0,
376.10,0,
376.15,0,
376.20,0,
376.25,0,
376.30,0,
376.35,0,
376.40,0,
376.45,0,
376.50,0,
376.55,0,
376.60,-1,
376.65,0,
376.70,0,
376.75,0,
376.80,0,
376.85,0,
376.90,0,
376.95,0,
377.00,-1,
377.05,0,
377.10,0,
377.15,0,
377.20,0,
377.25,0,
377.30,0,
377.35,0,
377.40,0,
377.45,0,
377.50,0,
377.55,0,
377.60,0,
377.65,1,
377.70,0,
377.75,0,
377.80,0,
377.85,0,
377.90,0,
377.95,0,
378.00,0,
378.05,0,
378.10,0,
378.15,0,
378.20,0,
378.25,0,
378.30,1,
378.35,0,
378.40,0,
378.45,0,
378.50,0,
378.55,0,
378.60,0,
378.65,0,
378.70,0,
378.75,0,
378.80,0,
378.85,0,
378.90,0,
378.95,0,
379.00,0,
379.05,0,
379.10,0,
379.15,0,
379.20,-1,
379.25,0,
379.30,0,
379.35,0,
379.40,0,
379.45,0,
379.50,0,
379.55,0,
379.60,0,
379.65,0,
379.70,0,
379.75,1,
379.80,0,
379.85,0,
379.90,0,
379.95,0,
380.00,0,
380.05,0,
380.10,0,
380.15,0,
380.20,0,
380.25,1,
380.30,0,
380.35,0,
380.40,0,
380.45,0,
380.50,0,
380.55,0,
380.60,0,
380.65,0,
380.70,0,
380.75,0,
380.80,0,
380.85,0,
380.90,0,
380.95,0,
381.00,0,
381.05,-1,
381.10,0,
381.15,0,
381.20,-1,
381.25,0,
381.30,0,
381.35,0,
381.40,0,
381.45,0,
381.50,1,
381.55,-1,
381.60,1,
381.65,0,
381.70,0,
381.75,0,
381.80,0,
381.85,1,
381.90,0,
381.95,0,
382.00,0,
382.05,0,
382.10,0,
382.15,0,
382.20,0,
382.25,0,
382.30,1,
382.35,1,
382.40,0,
382.45,0,
382.50,0,
382.55,-1,
382.60,0,
382.65,0,
382.70,0,
382.75,0,
382.80,0,
382.85,0,
382.90,0,
382.95,0,
383.00,0,
383.05,0,
383.10,0,
383.15,0,
383.20,0,
383.25,0,
383.30,0,
383.35,0,
383.40,0,
383.45,0,
383.50,1,
383.55,0,
383.60,0,
383.65,0,
383.70,0,
383.75,0,
383.80,0,
383.85,0,
383.90,1,
383.95,0,
384.00,0,
384.05,-1,
384.10,0,
384.15,0,
384.20,0,
384.25,0,
384.30,0,
384.35,0,
384.40,0,
384.45,0,
384.50,0,
384.55,0,
384.60,0,
384.65,0,
384.70,0,
384.75,0,
384.80,0,
384.85,0,
384.90,0,
384.95,0,
385.00,0,
385.05,0,
385.10,0,
385.15,1,
385.20,0,
385.25,0,
385.30,1,
385.35,0,
385.40,0,
385.45,0,
385.50,1,
385.55,0,
385.60,-1,
385.65,0,
385.70,0,
385.75,0,
385.80,0,
385.85,0,
385.90,0,
385.95,0,
386.00,0,
386.05,0,
386.10,0,
386.15,0,
386.20,0,
386.25,0,
386.30,0,
386.35,0,
386.40,0,
386.45,0,
386.50,0,
386.55,0,
386.60,0,
386.65,0,
386.70,0,
386.75,0,
386.80,0,
386.85,0,
386.90,0,
386.95,0,
387.00,0,
387.05,0,
387.10,0,
387.15,0,
387.20,0,
387.25,0,
387.30,-1,
387.35,0,
387.40,0,
387.45,0,
387.50,0,
387.55,0,
387.60,0,
387.65,0,
387.70,1,
387.75,1,
387.80,0,
387.85,0,
387.90,0,
387.95,0,
388.00,0,
388.05,1,
388.10,0,
388.15,0,
388.20,0,
388.25,0,
388.30,0,
388.35,0,
388.40,0,
388.45,0,
388.50,0,
388.55,0,
388.60,-1,
388.65,1,
388.70,0,
388.75,0,
388.80,0,
388.85,0,
388.90,0,
388.95,0,
389.00,0,
389.05,0,
389.10,0,
389.15,0,
389.20,0,
389.25,0,
389.30,-1,
389.35,0,
389.40,0,
389.45,-1,
389.50,0,
389.55,0,
389.60,1,
389.65,0,
389.70,0,
389.75,-1,
389.80,0,
389.85,0,
389.90,0,
389.95,0,
390.00,1,
390.05,0,
390.10,0,
390.15,0,
390.20,0,
390.25,0,
390.30,0,
390.35,0,
390.40,0,
390.45,0,
390.50,0,
390.55,1,
390.60,0,
390.65,0,
390.70,0,
390.75,0,
390.80,1,
390.85,0,
390.90,0,
390.95,0,
391.00,0,
391.05,0,
391.10,0,
391.15,0,
391.20,0,
391.25,0,
391.30,0,
391.35,0,
391.40,0,
391.45,0,
391.50,0,
391.55,0,
391.60,0,
391.65,0,
391.70,0,
391.75,0,
391.80,0,
391.85,-1,
391.90,1,
391.95,0,
392.00,-1,
392.05,0,
392.10,0,
392.15,0,
392.20,0,
392.25,0,
392.30,-1,
392.35,-1,
392.40,0,
392.45,0,
392.50,1,
392.55,0,
392.60,0,
392.65,0,
392.70,1,
392.75,-1,
392.80,0,
392.85,0,
392.90,0,
392.95,0,
393.00,0,
393.05,0,
393.10,0,
393.15,-1,
393.20,0,
393.25,0,
393.30,1,
393.35,0,
393.40,0,
393.45,1,
393.50,0,
393.55,0,
393.60,0,
393.65,-1,
393.70,0,
393.75,0,
393.80,0,
393.85,0,
393.90,0,
393.95,0,
394.00,0,
394.05,0,
394.10,0,
394.15,0,
394.20,0,
394.25,0,
394.30,1,
394.35,0,
394.40,0,
394.45,0,
394.50,0,
394.55,0,
394.60,0,
394.65,0,
394.70,0,
394.75,0,
394.80,0,
394.85,0,
394.90,0,
394.95,0,
395.00,0,
395.05,0,
395.10,-1,
395.15,1,
395.20,0,
395.25,0,
395.30,-1,
395.35,0,
395.40,0,
395.45,0,
395.50,0,
395.55,0,
395.60,0,
395.65,0,
395.70,0,
395.75,0,
395.80,0,
395.85,0,
395.90,0,
395.95,-1,
396.00,0,
396.05,0,
396.10,0,
396.15,0,
396.20,0,
396.25,0,
396.30,1,
396.35,0,
396.40,0,
396.45,0,
396.50,1,
396.55,0,
396.60,0,
396.65,0,
396.70,0,
396.75,1,
396.80,0,
396.85,0,
396.90,0,
396.95,0,
397.00,-1,
397.05,0,
397.10,0,
397.15,0,
397.20,0,
397.25,-1,
397.30,0,
397.35,0,
397.40,0,
397.45,0,
397.50,0,
397.55,0,
397.60,0,
397.65,-1,
397.70,-1,
397.75,0,
397.80,0,
397.85,1,
397.90,1,
397.95,0,
398.00,0,
398.05,0,
398.10,0,
398.15,0,
398.20,0,
398.25,1,
398.30,0,
398.35,0,
398.40,0,
398.45,0,
398.50,0,
398.55,0,
398.60,0,
398.65,1,
398.70,-1,
398.75,0,
398.80,0,
398.85,0,
398.90,1,
398.95,1,
399.00,1,
399.05,0,
399.10,0,
399.15,0,
399.20,0,
399.25,0,
399.30,0,
399.35,0,
399.40,0,
399.45,0,
399.50,0,
399.55,0,
399.60,0,
399.65,0,
399.70,0,
399.75,0,
399.80,0,
399.85,0,
399.90,0,
399.95,0,
400.00,0,
400.05,0,
400.10,0,
400.15,0,
400.20,0,
400.25,0,
400.30,0,
400.35,0,
400.40,0,
400.45,0,
400.50,0,
400.55,0,
400.60,0,
400.65,0,
400.70,0,
400.75,0,
400.80,0,
400.85,1,
400.90,0,
400.95,0,
401.00,0,
401.05,0,
401.10,0,
401.15,0,
401.20,0,
401.25,0,
401.30,0,
401.35,0,
401.40,0,
401.45,1,
401.50,0,
401.55,0,
401.60,1,
401.65,0,
401.70,0,
401.75,1,
401.80,1,
401.85,0,
401.90,0,
401.95,0,
402.00,0,
402.05,0,
402.10,0,
402.15,0,
402.20,0,
402.25,-1,
402.30,0,
402.35,0,
402.40,0,
402.45,0,
402.50,0,
402.55,1,
402.60,0,
402.65,0,
402.70,0,
402.75,0,
402.80,0,
402.85,0,
402.90,0,
402.95,0,
403.00,0,
403.05,0,
403.10,0,
403.15,0,
403.20,0,
403.25,1,
403.30,0,
403.35,0,
403.40,0,
403.45,1,
403.50,0,
403.55,0,
403.60,0,
403.65,0,
403.70,0,
403.75,0,
403.80,0,
403.85,0,
403.90,0,
403.95,0,
404.00,0,
404.05,0,
404.10,0,
404.15,0,
404.20,0,
404.25,0,
404.30,1,
404.35,0,
404.40,0,
404.45,0,
404.50,0,
404.55,0,
404.60,0,
404.65,0,
404.70,0,
404.75,0,
404.80,1,
404.85,1,
404.90,0,
404.95,0,
405.00,0,
405.05,0,
405.10,0,
405.15,0,
405.20,0,
405.25,0,
405.30,0,
405.35,1,
405.40,0,
405.45,0,
405.50,1,
405.55,0,
405.60,0,
405.65,0,
405.70,0,
405.75,0,
405.80,0,
405.85,0,
405.90,0,
405.95,0,
406.00,0,
406.05,0,
406.10,0,
406.15,0,
406.20,0,
406.25,0,
406.30,0,
406.35,0,
406.40,1,
406.45,0,
406.50,1,
406.55,0,
406.60,0,
406.65,0,
406.70,0,
406.75,0,
406.80,0,
406.85,1,
406.90,-1,
406.95,-1,
407.00,0,
407.05,0,
407.10,-1,
407.15,0,
407.20,0,
407.25,1,
407.30,0,
407.35,1,
407.40,0,
407.45,0,
407.50,0,
407.55,0,
407.60,0,
407.65,0,
407.70,0,
407.75,0,
407.80,1,
407.85,0,
407.90,0,
407.95,0,
408.00,0,
408.05,0,
408.10,0,
408.15,1,
408.20,0,
408.25,0,
408.30,0,
408.35,0,
408.40,0,
408.45,0,
408.50,0,
408.55,0,
408.60,-1,
408.65,0,
408.70,0,
408.75,0,
408.80,0,
408.85,0,
408.90,0,
408.95,1,
409.00,1,
409.05,0,
409.10,0,
409.15,0,
409.20,0,
409.25,0,
409.30,0,
409.35,0,
409.40,0,
409.45,1,
409.50,0,
409.55,0,
409.60,0,
409.65,0,
409.70,0,
409.75,0,
409.80,0,
409.85,0,
409.90,1,
409.95,1,
410.00,0,
410.05,0,
410.10,0,
410.15,0,
410.20,0,
410.25,0,
410.30,0,
410.35,0,
410.40,0,
410.45,1,
410.50,1,
410.55,0,
410.60,1,
410.65,0,
410.70,0,
410.75,0,
410.80,1,
410.85,0,
410.90,0,
410.95,0,
411.00,0,
411.05,0,
411.10,0,
411.15,0,
411.20,0,
411.25,0,
411.30,0,
411.35,0,
411.40,0,
411.45,0,
411.50,0,
411.55,0,
411.60,0,
411.65,0,
411.70,0,
411.75,0,
411.80,0,
411.85,0,
411.90,0,
411.95,0,
412.00,0,
412.05,0,
412.10,1,
412.15,0,
412.20,0,
412.25,0,
412.30,0,
412.35,0,
412.40,0,
412.45,0,
412.50,0,
412.55,0,
412.60,0,
412.65,0,
412.70,1,
412.75,0,
412.80,1,
412.85,0,
412.90,1,
412.95,0,
413.00,-1,
413.05,1,
413.10,0,
413.15,0,
413.20,0,
413.25,0,
413.30,0,
413.35,0,
413.40,0,
413.45,0,
413.50,0,
413.55,1,
413.60,0,
413.65,0,
413.70,0,
413.75,0,
413.80,0,
413.85,0,
413.90,1,
413.95,-1,
414.00,0,
414.05,-1,
414.10,0,
414.15,0,
414.20,0,
414.25,0,
414.30,0,
414.35,0,
414.40,0,
414.45,0,
414.50,0,
414.55,0,
414.60,0,
414.65,0,
414.70,0,
414.75,0,
414.80,0,
414.85,0,
414.90,0,
414.95,0,
415.00,0,
415.05,1,
415.10,0,
415.15,0,
415.20,0,
415.25,0,
415.30,1,
415.35,0,
415.40,0,
415.45,0,
415.50,1,
415.55,0,
415.60,1,
415.65,0,
415.70,0,
415.75,0,
415.80,0,
415.85,0,
415.90,0,
415.95,0,
416.00,0,
416.05,0,
416.10,0,
416.15,0,
416.20,0,
416.25,0,
416.30,0,
416.35,0,
416.40,1,
416.45,0,
416.50,0,
416.55,0,
416.60,0,
416.65,0,
416.70,0,
416.75,0,
416.80,1,
416.85,0,
416.90,0,
416.95,0,
417.00,0,
417.05,0,
417.10,0,
417.15,1,
417.20,0,
417.25,0,
417.30,0,
417.35,0,
417.40,0,
417.45,0,
417.50,0,
417.55,1,
417.60,0,
417.65,1,
417.70,0,
417.75,0,
417.80,-1,
417.85,0,
417.90,0,
417.95,0,
418.00,1,
418.05,0,
418.10,-1,
418.15,0,
418.20,-1,
418.25,0,
418.30,0,
418.35,0,
418.40,0,
418.45,0,
418.50,0,
418.55,0,
418.60,0,
418.65,1,
418.70,0,
418.75,0,
418.80,0,
418.85,0,
418.90,0,
418.95,0,
419.00,1,
419.05,0,
419.10,1,
419.15,0,
419.20,0,
419.25,1,
419.30,0,
419.35,0,
419.40,0,
419.45,0,
419.50,0,
419.55,-1,
419.60,0,
419.65,0,
419.70,0,
419.75,1,
419.80,0,
419.85,0,
419.90,1,
419.95,0,
420.00,0,
420.05,0,
420.10,0,
420.15,0,
420.20,0,
420.25,0,
420.30,0,
420.35,0,
420.40,0,
420.45,0,
420.50,1,
420.55,0,
420.60,0,
420.65,0,
420.70,0,
420.75,0,
420.80,0,
420.85,0,
420.90,0,
420.95,0,
421.00,0,
421.05,0,
421.10,1,
421.15,0,
421.20,0,
421.25,0,
421.30,1,
421.35,0,
421.40,0,
421.45,0,
421.50,0,
421.55,0,
421.60,0,
421.65,0,
421.70,0,
421.75,0,
421.80,0,
421.85,0,
421.90,0,
421.95,0,
422.00,0,
422.05,0,
422.10,0,
422.15,0,
422.20,0,
422.25,0,
422.30,0,
422.35,0,
422.40,0,
422.45,0,
422.50,0,
422.55,1,
422.60,0,
422.65,0,
422.70,1,
422.75,0,
422.80,0,
422.85,0,
422.90,0,
422.95,0,
423.00,0,
423.05,0,
423.10,0,
423.15,0,
423.20,0,
423.25,0,
423.30,0,
423.35,0,
423.40,0,
423.45,0,
423.50,0,
423.55,0,
423.60,0,
423.65,0,
423.70,0,
423.75,0,
423.80,-1,
423.85,0,
423.90,0,
423.95,0,
424.00,0,
424.05,0,
424.10,0,
424.15,1,
424.20,1,
424.25,0,
424.30,0,
424.35,0,
424.40,1,
424.45,0,
424.50,0,
424.55,0,
424.60,0,
424.65,1,
424.70,0,
424.75,0,
424.80,0,
424.85,1,
424.90,0,
424.95,0,
425.00,0,
425.05,-1,
425.10,0,
425.15,1,
425.20,0,
425.25,1,
425.30,0,
425.35,1,
425.40,0,
425.45,0,
425.50,0,
425.55,0,
425.60,0,
425.65,0,
425.70,0,
425.75,0,
425.80,0,
425.85,1,
425.90,0,
425.95,0,
426.00,0,
426.05,0,
426.10,0,
426.15,0,
426.20,1,
426.25,0,
426.30,1,
426.35,0,
426.40,0,
426.45,0,
426.50,0,
426.55,0,
426.60,1,
426.65,0,
426.70,0,
426.75,1,
426.80,0,
426.85,1,
426.90,1,
426.95,0,
427.00,0,
427.05,0,
427.10,-1,
427.15,0,
427.20,0,
427.25,0,
427.30,0,
427.35,0,
427.40,1,
427.45,0,
427.50,0,
427.55,0,
427.60,0,
427.65,0,
427.70,0,
427.75,0,
427.80,0,
427.85,0,
427.90,0,
427.95,1,
428.00,0,
428.05,0,
428.10,0,
428.15,0,
428.20,0,
428.25,0,
428.30,0,
428.35,0,
428.40,0,
428.45,1,
428.50,0,
428.55,0,
428.60,0,
428.65,0,
428.70,0,
428.75,0,
428.80,0,
428.85,0,
428.90,0,
428.95,0,
429.00,1,
429.05,0,
429.10,0,
429.15,1,
429.20,0,
429.25,-1,
429.30,0,
429.35,0,
429.40,0,
429.45,0,
429.50,0,
429.55,0,
429.60,0,
429.65,0,
429.70,0,
429.75,1,
429.80,0,
429.85,1,
429.90,0,
429.95,0,
430.00,0,
430.05,0,
430.10,1,
430.15,0,
430.20,0,
430.25,0,
430.30,0,
430.35,1,
430.40,0,
430.45,1,
430.50,0,
430.55,0,
430.60,0,
430.65,0,
430.70,0,
430.75,0,
430.80,0,
430.85,1,
430.90,0,
430.95,0,
431.00,1,
431.05,0,
431.10,0,
431.15,0,
431.20,0,
431.25,1,
431.30,0,
431.35,0,
431.40,1,
431.45,1,
431.50,0,
431.55,0,
431.60,1,
431.65,0,
431.70,0,
431.75,0,
431.80,0,
431.85,-1,
431.90,0,
431.95,0,
432.00,0,
432.05,0,
432.10,1,
432.15,0,
432.20,0,
432.25,1,
432.30,0,
432.35,1,
432.40,0,
432.45,0,
432.50,0,
432.55,0,
432.60,0,
432.65,1,
432.70,0,
432.75,0,
432.80,0,
432.85,1,
432.90,0,
432.95,1,
433.00,0,
433.05,0,
433.10,0,
433.15,0,
433.20,0,
433.25,0,
433.30,0,
433.35,1,
433.40,0,
433.45,1,
433.50,0,
433.55,0,
433.60,0,
433.65,0,
433.70,0,
433.75,0,
433.80,-1,
433.85,0,
433.90,0,
433.95,0,
434.00,0,
434.05,1,
434.10,1,
434.15,1,
434.20,0,
434.25,0,
434.30,0,
434.35,0,
434.40,1,
434.45,0,
434.50,0,
434.55,1,
434.60,0,
434.65,1,
434.70,1,
434.75,0,
434.80,1,
434.85,0,
434.90,0,
434.95,0,
435.00,0,
435.05,0,
435.10,0,
435.15,0,
435.20,1,
435.25,1,
435.30,0,
435.35,0,
435.40,0,
435.45,0,
435.50,1,
435.55,0,
435.60,0,
435.65,0,
435.70,0,
435.75,0,
435.80,0,
435.85,0,
435.90,1,
435.95,1,
436.00,0,
436.05,0,
436.10,0,
436.15,0,
436.20,0,
436.25,0,
436.30,0,
436.35,1,
436.40,0,
436.45,0,
436.50,0,
436.55,0,
436.60,0,
436.65,0,
436.70,0,
436.75,0,
436.80,0,
436.85,0,
436.90,0,
436.95,0,
437.00,0,
437.05,0,
437.10,1,
437.15,0,
437.20,1,
437.25,0,
437.30,0,
437.35,0,
437.40,0,
437.45,1,
437.50,1,
437.55,0,
437.60,0,
437.65,0,
437.70,0,
437.75,1,
437.80,1,
437.85,0,
437.90,0,
437.95,0,
438.00,0,
438.05,0,
438.10,0,
438.15,0,
438.20,1,
438.25,1,
438.30,0,
438.35,0,
438.40,1,
438.45,0,
438.50,1,
438.55,0,
438.60,0,
438.65,0,
438.70,0,
438.75,0,
438.80,0,
438.85,0,
438.90,0,
438.95,0,
439.00,1,
439.05,0,
439.10,1,
439.15,0,
439.20,0,
439.25,0,
439.30,0,
439.35,0,
439.40,0,
439.45,0,
439.50,0,
439.55,1,
439.60,0,
439.65,-1,
439.70,0,
439.75,0,
439.80,0,
439.85,0,
439.90,0,
439.95,1,
440.00,0,
440.05,1,
440.10,1,
440.15,0,
440.20,1,
440.25,1,
440.30,0,
440.35,0,
440.40,1,
440.45,0,
440.50,1,
440.55,0,
440.60,0,
440.65,1,
440.70,0,
440.75,0,
440.80,0,
440.85,0,
440.90,1,
440.95,1,
441.00,1,
441.05,1,
441.10,0,
441.15,0,
441.20,0,
441.25,0,
441.30,0,
441.35,0,
441.40,0,
441.45,0,
441.50,0,
441.55,0,
441.60,0,
441.65,0,
441.70,0,
441.75,0,
441.80,0,
441.85,0,
441.90,1,
441.95,1,
442.00,0,
442.05,0,
442.10,0,
442.15,0,
442.20,1,
442.25,0,
442.30,0,
442.35,1,
442.40,0,
442.45,0,
442.50,0,
442.55,0,
442.60,0,
442.65,0,
442.70,0,
442.75,0,
442.80,0,
442.85,1,
442.90,0,
442.95,1,
443.00,0,
443.05,0,
443.10,0,
443.15,0,
443.20,0,
443.25,0,
443.30,0,
443.35,1,
443.40,1,
443.45,0,
443.50,0,
443.55,0,
443.60,0,
443.65,1,
443.70,1,
443.75,0,
443.80,0,
443.85,0,
443.90,0,
443.95,0,
444.00,1,
444.05,0,
444.10,1,
444.15,1,
444.20,1,
444.25,0,
444.30,0,
444.35,0,
444.40,0,
444.45,0,
444.50,0,
444.55,0,
444.60,0,
444.65,1,
444.70,1,
444.75,0,
444.80,0,
444.85,1,
444.90,0,
444.95,1,
445.00,0,
445.05,0,
445.10,0,
445.15,0,
445.20,0,
445.25,0,
445.30,1,
445.35,0,
445.40,0,
445.45,0,
445.50,0,
445.55,1,
445.60,0,
445.65,0,
445.70,0,
445.75,0,
445.80,0,
445.85,1,
445.90,1,
445.95,1,
446.00,1,
446.05,0,
446.10,1,
446.15,1,
446.20,0,
446.25,0,
446.30,0,
446.35,0,
446.40,0,
446.45,1,
446.50,0,
446.55,0,
446.60,0,
446.65,0,
446.70,0,
446.75,0,
446.80,0,
446.85,0,
446.90,0,
446.95,1,
447.00,1,
447.05,1,
447.10,0,
447.15,0,
447.20,0,
447.25,0,
447.30,0,
447.35,0,
447.40,0,
447.45,0,
447.50,0,
447.55,0,
447.60,0,
447.65,0,
447.70,0,
447.75,1,
447.80,-1,
447.85,0,
447.90,0,
447.95,0,
448.00,0,
448.05,0,
448.10,0,
448.15,0,
448.20,1,
448.25,0,
448.30,0,
448.35,1,
448.40,0,
448.45,0,
448.50,1,
448.55,1,
448.60,1,
448.65,0,
448.70,0,
448.75,1,
448.80,0,
448.85,0,
448.90,1,
448.95,0,
449.00,0,
449.05,0,
449.10,0,
449.15,1,
449.20,0,
449.25,0,
449.30,0,
449.35,0,
449.40,0,
449.45,0,
449.50,0,
449.55,0,
449.60,0,
449.65,0,
449.70,0,
449.75,1,
449.80,0,
449.85,0,
449.90,0,
449.95,0,
450.00,1,
450.05,1,
450.10,0,
450.15,0,
450.20,0,
450.25,0,
450.30,1,
450.35,1,
450.40,0,
450.45,1,
450.50,1,
450.55,0,
450.60,1,
450.65,1,
450.70,0,
450.75,1,
450.80,1,
450.85,1,
450.90,1,
450.95,0,
451.00,0,
451.05,0,
451.10,1,
451.15,0,
451.20,0,
451.25,0,
451.30,0,
451.35,0,
451.40,1,
451.45,1,
451.50,0,
451.55,0,
451.60,0,
451.65,0,
451.70,0,
451.75,1,
451.80,1,
451.85,1,
451.90,1,
451.95,1,
452.00,0,
452.05,0,
452.10,0,
452.15,1,
452.20,1,
452.25,0,
452.30,0,
452.35,0,
452.40,0,
452.45,-1,
452.50,0,
452.55,1,
452.60,0,
452.65,0,
452.70,0,
452.75,0,
452.80,0,
452.85,0,
452.90,0,
452.95,1,
453.00,0,
453.05,1,
453.10,0,
453.15,1,
453.20,1,
453.25,0,
453.30,1,
453.35,0,
453.40,0,
453.45,0,
453.50,0,
453.55,0,
453.60,1,
453.65,0,
453.70,0,
453.75,0,
453.80,0,
453.85,0,
453.90,0,
453.95,0,
454.00,0,
454.05,0,
454.10,0,
454.15,1,
454.20,0,
454.25,0,
454.30,0,
454.35,0,
454.40,0,
454.45,0,
454.50,0,
454.55,1,
454.60,1,
454.65,1,
454.70,1,
454.75,0,
454.80,0,
454.85,1,
454.90,0,
454.95,0,
455.00,1,
455.05,1,
455.10,0,
455.15,0,
455.20,1,
455.25,0,
455.30,0,
455.35,0,
455.40,0,
455.45,0,
455.50,0,
455.55,0,
455.60,0,
455.65,0,
455.70,1,
455.75,1,
455.80,0,
455.85,0,
455.90,0,
455.95,0,
456.00,0,
456.05,1,
456.10,0,
456.15,1,
456.20,1,
456.25,0,
456.30,0,
456.35,1,
456.40,1,
456.45,1,
456.50,0,
456.55,1,
456.60,0,
456.65,0,
456.70,1,
456.75,0,
456.80,0,
456.85,0,
456.90,0,
456.95,0,
457.00,0,
457.05,0,
457.10,1,
457.15,0,
457.20,0,
457.25,0,
457.30,0,
457.35,1,
457.40,0,
457.45,1,
457.50,0,
457.55,0,
457.60,1,
457.65,0,
457.70,0,
457.75,0,
457.80,1,
457.85,1,
457.90,0,
457.95,0,
458.00,0,
458.05,0,
458.10,0,
458.15,0,
458.20,1,
458.25,0,
458.30,0,
458.35,0,
458.40,1,
458.45,0,
458.50,0,
458.55,1,
458.60,1,
458.65,0,
458.70,0,
458.75,0,
458.80,0,
458.85,0,
458.90,1,
458.95,0,
459.00,0,
459.05,1,
459.10,0,
459.15,1,
459.20,0,
459.25,1,
459.30,0,
459.35,0,
459.40,0,
459.45,1,
459.50,0,
459.55,0,
459.60,1,
459.65,0,
459.70,1,
459.75,0,
459.80,0,
459.85,0,
459.90,0,
459.95,0,
460.00,0,
460.05,1,
460.10,0,
460.15,0,
460.20,0,
460.25,0,
460.30,0,
460.35,0,
460.40,0,
460.45,0,
460.50,0,
460.55,0,
460.60,0,
460.65,1,
460.70,0,
460.75,0,
460.80,0,
460.85,0,
460.90,0,
460.95,0,
461.00,0,
461.05,0,
461.10,1,
461.15,0,
461.20,0,
461.25,0,
461.30,0,
461.35,1,
461.40,0,
461.45,0,
461.50,0,
461.55,1,
461.60,0,
461.65,0,
461.70,0,
461.75,0,
461.80,0,
461.85,1,
461.90,1,
461.95,0,
462.00,1,
462.05,1,
462.10,1,
462.15,1,
462.20,0,
462.25,1,
462.30,1,
462.35,1,
462.40,0,
462.45,0,
462.50,1,
462.55,0,
462.60,0,
462.65,0,
462.70,0,
462.75,0,
462.80,0,
462.85,1,
462.90,0,
462.95,0,
463.00,1,
463.05,1,
463.10,0,
463.15,0,
463.20,0,
463.25,0,
463.30,0,
463.35,1,
463.40,1,
463.45,1,
463.50,0,
463.55,0,
463.60,0,
463.65,1,
463.70,1,
463.75,0,
463.80,0,
463.85,0,
463.90,1,
463.95,0,
464.00,0,
464.05,0,
464.10,0,
464.15,0,
464.20,0,
464.25,1,
464.30,1,
464.35,1,
464.40,0,
464.45,0,
464.50,1,
464.55,0,
464.60,0,
464.65,0,
464.70,0,
464.75,0,
464.80,0,
464.85,1,
464.90,0,
464.95,0,
465.00,1,
465.05,0,
465.10,1,
465.15,1,
465.20,1,
465.25,0,
465.30,1,
465.35,1,
465.40,0,
465.45,1,
465.50,0,
465.55,0,
465.60,0,
465.65,0,
465.70,0,
465.75,0,
465.80,1,
465.85,1,
465.90,0,
465.95,0,
466.00,0,
466.05,0,
466.10,0,
466.15,0,
466.20,0,
466.25,0,
466.30,1,
466.35,0,
466.40,1,
466.45,0,
466.50,1,
466.55,1,
466.60,0,
466.65,1,
466.70,0,
466.75,0,
466.80,0,
466.85,0,
466.90,1,
466.95,0,
467.00,1,
467.05,1,
467.10,0,
467.15,0,
467.20,0,
467.25,0,
467.30,1,
467.35,0,
467.40,1,
467.45,1,
467.50,1,
467.55,1,
467.60,1,
467.65,0,
467.70,1,
467.75,0,
467.80,1,
467.85,0,
467.90,0,
467.95,0,
468.00,0,
468.05,0,
468.10,0,
468.15,0,
468.20,1,
468.25,0,
468.30,1,
468.35,0,
468.40,0,
468.45,0,
468.50,0,
468.55,1,
468.60,1,
468.65,0,
468.70,1,
468.75,1,
468.80,1,
468.85,0,
468.90,0,
468.95,0,
469.00,0,
469.05,0,
469.10,0,
469.15,0,
469.20,0,
469.25,0,
469.30,0,
469.35,0,
469.40,0,
469.45,0,
469.50,1,
469.55,0,
469.60,0,
469.65,0,
469.70,0,
469.75,1,
469.80,0,
469.85,0,
469.90,1,
469.95,1,
470.00,1,
470.05,0,
470.10,0,
470.15,0,
470.20,1,
470.25,0,
470.30,0,
470.35,0,
470.40,1,
470.45,1,
470.50,1,
470.55,1,
470.60,1,
470.65,0,
470.70,0,
470.75,1,
470.80,0,
470.85,0,
470.90,0,
470.95,0,
471.00,1,
471.05,1,
471.10,0,
471.15,1,
471.20,0,
471.25,0,
471.30,1,
471.35,0,
471.40,1,
471.45,0,
471.50,0,
471.55,0,
471.60,0,
471.65,0,
471.70,0,
471.75,0,
471.80,0,
471.85,0,
471.90,0,
471.95,1,
472.00,0,
472.05,1,
472.10,0,
472.15,1,
472.20,0,
472.25,1,
472.30,0,
472.35,0,
472.40,0,
472.45,0,
472.50,1,
472.55,0,
472.60,0,
472.65,0,
472.70,0,
472.75,0,
472.80,1,
472.85,1,
472.90,0,
472.95,0,
473.00,0,
473.05,1,
473.10,0,
473.15,0,
473.20,0,
473.25,0,
473.30,0,
473.35,0,
473.40,0,
473.45,1,
473.50,1,
473.55,0,
473.60,0,
473.65,1,
473.70,0,
473.75,0,
473.80,0,
473.85,1,
473.90,1,
473.95,0,
474.00,0,
474.05,1,
474.10,0,
474.15,1,
474.20,0,
474.25,0,
474.30,0,
474.35,0,
474.40,0,
474.45,1,
474.50,1,
474.55,0,
474.60,0,
474.65,1,
474.70,0,
474.75,0,
474.80,0,
474.85,0,
474.90,0,
474.95,0,
475.00,0,
475.05,1,
475.10,0,
475.15,0,
475.20,1,
475.25,0,
475.30,0,
475.35,0,
475.40,0,
475.45,1,
475.50,0,
475.55,0,
475.60,1,
475.65,0,
475.70,0,
475.75,0,
475.80,0,
475.85,0,
475.90,1,
475.95,0,
476.00,1,
476.05,0,
476.10,0,
476.15,0,
476.20,0,
476.25,0,
476.30,1,
476.35,1,
476.40,0,
476.45,0,
476.50,0,
476.55,0,
476.60,0,
476.65,0,
476.70,0,
476.75,1,
476.80,0,
476.85,0,
476.90,0,
476.95,0,
477.00,0,
477.05,1,
477.10,1,
477.15,0,
477.20,0,
477.25,0,
477.30,0,
477.35,1,
477.40,1,
477.45,0,
477.50,0,
477.55,0,
477.60,1,
477.65,0,
477.70,1,
477.75,0,
477.80,0,
477.85,0,
477.90,0,
477.95,1,
478.00,1,
478.05,1,
478.10,0,
478.15,0,
478.20,1,
478.25,1,
478.30,1,
478.35,0,
478.40,0,
478.45,1,
478.50,0,
478.55,0,
478.60,1,
478.65,1,
478.70,0,
478.75,0,
478.80,0,
478.85,1,
478.90,0,
478.95,0,
479.00,0,
479.05,0,
479.10,1,
479.15,0,
479.20,0,
479.25,0,
479.30,0,
479.35,0,
479.40,0,
479.45,0,
479.50,0,
479.55,0,
479.60,1,
479.65,0,
479.70,0,
479.75,0,
479.80,1,
479.85,0,
479.90,0,
479.95,1,
480.00,1,
480.05,1,
480.10,1,
480.15,1,
480.20,0,
480.25,0,
480.30,0,
480.35,0,
480.40,1,
480.45,0,
480.50,1,
480.55,1,
480.60,1,
480.65,1,
480.70,0,
480.75,0,
480.80,0,
480.85,1,
480.90,1,
480.95,0,
481.00,1,
481.05,0,
481.10,0,
481.15,0,
481.20,0,
481.25,1,
481.30,0,
481.35,0,
481.40,0,
481.45,0,
481.50,-1,
481.55,0,
481.60,0,
481.65,0,
481.70,0,
481.75,0,
481.80,0,
481.85,0,
481.90,0,
481.95,0,
482.00,1,
482.05,0,
482.10,1,
482.15,1,
482.20,1,
482.25,1,
482.30,1,
482.35,0,
482.40,1,
482.45,0,
482.50,0,
482.55,0,
482.60,0,
482.65,0,
482.70,1,
482.75,1,
482.80,0,
482.85,1,
482.90,0,
482.95,1,
483.00,1,
483.05,1,
483.10,1,
483.15,1,
483.20,1,
483.25,1,
483.30,0,
483.35,0,
483.40,1,
483.45,0,
483.50,0,
483.55,0,
483.60,1,
483.65,0,
483.70,0,
483.75,0,
483.80,1,
483.85,0,
483.90,0,
483.95,1,
484.00,1,
484.05,0,
484.10,0,
484.15,0,
484.20,0,
484.25,0,
484.30,1,
484.35,0,
484.40,0,
484.45,0,
484.50,0,
484.55,0,
484.60,0,
484.65,1,
484.70,0,
484.75,0,
484.80,0,
484.85,1,
484.90,1,
484.95,0,
485.00,1,
485.05,0,
485.10,0,
485.15,0,
485.20,0,
485.25,1,
485.30,1,
485.35,1,
485.40,0,
485.45,1,
485.50,1,
485.55,0,
485.60,1,
485.65,0,
485.70,1,
485.75,1,
485.80,1,
485.85,0,
485.90,0,
485.95,0,
486.00,0,
486.05,0,
486.10,0,
486.15,0,
486.20,1,
486.25,1,
486.30,0,
486.35,0,
486.40,1,
486.45,0,
486.50,0,
486.55,1,
486.60,0,
486.65,1,
486.70,1,
486.75,0,
486.80,0,
486.85,0,
486.90,1,
486.95,1,
487.00,1,
487.05,1,
487.10,0,
487.15,1,
487.20,0,
487.25,1,
487.30,0,
487.35,1,
487.40,1,
487.45,0,
487.50,1,
487.55,0,
487.60,0,
487.65,0,
487.70,0,
487.75,1,
487.80,0,
487.85,0,
487.90,1,
487.95,0,
488.00,0,
488.05,1,
488.10,1,
488.15,1,
488.20,0,
488.25,1,
488.30,0,
488.35,1,
488.40,1,
488.45,0,
488.50,0,
488.55,0,
488.60,0,
488.65,1,
488.70,0,
488.75,0,
488.80,0,
488.85,1,
488.90,1,
488.95,0,
489.00,1,
489.05,0,
489.10,1,
489.15,0,
489.20,1,
489.25,0,
489.30,0,
489.35,0,
489.40,0,
489.45,0,
489.50,0,
489.55,0,
489.60,0,
489.65,0,
489.70,0,
489.75,1,
489.80,1,
489.85,0,
489.90,1,
489.95,1,
490.00,1,
490.05,1,
490.10,0,
490.15,0,
490.20,0,
490.25,1,
490.30,1,
490.35,1,
490.40,0,
490.45,0,
490.50,1,
490.55,1,
490.60,1,
490.65,0,
490.70,0,
490.75,1,
490.80,0,
490.85,1,
490.90,1,
490.95,1,
491.00,1,
491.05,1,
491.10,1,
491.15,0,
491.20,1,
491.25,0,
491.30,0,
491.35,0,
491.40,1,
491.45,0,
491.50,1,
491.55,0,
491.60,1,
491.65,0,
491.70,0,
491.75,1,
491.80,1,
491.85,0,
491.90,0,
491.95,1,
492.00,0,
492.05,0,
492.10,0,
492.15,1,
492.20,1,
492.25,0,
492.30,0,
492.35,1,
492.40,0,
492.45,1,
492.50,0,
492.55,1,
492.60,0,
492.65,1,
492.70,0,
492.75,0,
492.80,1,
492.85,0,
492.90,0,
492.95,1,
493.00,1,
493.05,1,
493.10,1,
493.15,0,
493.20,1,
493.25,1,
493.30,1,
493.35,0,
493.40,1,
493.45,0,
493.50,0,
493.55,1,
493.60,1,
493.65,0,
493.70,0,
493.75,0,
493.80,1,
493.85,0,
493.90,0,
493.95,0,
494.00,1,
494.05,1,
494.10,0,
494.15,0,
494.20,0,
494.25,0,
494.30,1,
494.35,0,
494.40,0,
494.45,0,
494.50,0,
494.55,1,
494.60,0,
494.65,0,
494.70,1,
494.75,0,
494.80,1,
494.85,0,
494.90,0,
494.95,1,
495.00,0,
495.05,0,
495.10,0,
495.15,0,
495.20,1,
495.25,1,
495.30,0,
495.35,0,
495.40,1,
495.45,0,
495.50,0,
495.55,1,
495.60,0,
495.65,0,
495.70,0,
495.75,0,
495.80,0,
495.85,0,
495.90,1,
495.95,1,
496.00,0,
496.05,0,
496.10,1,
496.15,1,
496.20,0,
496.25,0,
496.30,1,
496.35,0,
496.40,0,
496.45,1,
496.50,0,
496.55,1,
496.60,0,
496.65,1,
496.70,0,
496.75,0,
496.80,0,
496.85,0,
496.90,0,
496.95,1,
497.00,0,
497.05,0,
497.10,0,
497.15,1,
497.20,1,
497.25,0,
497.30,0,
497.35,0,
497.40,0,
497.45,0,
497.50,0,
497.55,1,
497.60,1,
497.65,0,
497.70,1,
497.75,0,
497.80,0,
497.85,1,
497.90,0,
497.95,1,
498.00,0,
498.05,1,
498.10,1,
498.15,0,
498.20,0,
498.25,0,
498.30,0,
498.35,1,
498.40,0,
498.45,1,
498.50,0,
498.55,0,
498.60,0,
498.65,0,
498.70,0,
498.75,1,
498.80,0,
498.85,0,
498.90,0,
498.95,0,
499.00,0,
499.05,0,
499.10,1,
499.15,1,
499.20,0,
499.25,0,
499.30,0,
499.35,0,
499.40,1,
499.45,1,
499.50,0,
499.55,1,
499.60,0,
499.65,0,
499.70,1,
499.75,0,
499.80,0,
499.85,1,
499.90,0,
499.95,0,
500.00,0,
500.05,0,
500.10,1,
500.15,1,
500.20,0,
500.25,0,
500.30,1,
500.35,0,
500.40,0,
500.45,0,
500.50,1,
500.55,1,
500.60,0,
500.65,1,
500.70,0,
500.75,1,
500.80,1,
500.85,1,
500.90,0,
500.95,0,
501.00,0,
501.05,0,
501.10,0,
501.15,1,
501.20,1,
501.25,0,
501.30,1,
501.35,1,
501.40,1,
501.45,0,
501.50,0,
501.55,0,
501.60,1,
501.65,1,
501.70,0,
501.75,0,
501.80,0,
501.85,0,
501.90,0,
501.95,1,
502.00,1,
502.05,1,
502.10,0,
502.15,0,
502.20,1,
502.25,0,
502.30,1,
502.35,1,
502.40,1,
502.45,0,
502.50,0,
502.55,1,
502.60,1,
502.65,0,
502.70,0,
502.75,1,
502.80,1,
502.85,0,
502.90,0,
502.95,-1,
503.00,0,
503.05,1,
503.10,0,
503.15,0,
503.20,1,
503.25,0,
503.30,1,
503.35,1,
503.40,1,
503.45,0,
503.50,1,
503.55,1,
503.60,1,
503.65,0,
503.70,0,
503.75,1,
503.80,0,
503.85,0,
503.90,1,
503.95,0,
504.00,0,
504.05,1,
504.10,1,
504.15,0,
504.20,1,
504.25,0,
504.30,0,
504.35,1,
504.40,0,
504.45,1,
504.50,0,
504.55,1,
504.60,1,
504.65,1,
504.70,0,
504.75,0,
504.80,1,
504.85,1,
504.90,0,
504.95,1,
505.00,0,
505.05,0,
505.10,1,
505.15,0,
505.20,0,
505.25,1,
505.30,0,
505.35,0,
505.40,0,
505.45,1,
505.50,1,
505.55,0,
505.60,0,
505.65,1,
505.70,0,
505.75,0,
505.80,1,
505.85,1,
505.90,1,
505.95,1,
506.00,1,
506.05,0,
506.10,1,
506.15,1,
506.20,0,
506.25,0,
506.30,0,
506.35,1,
506.40,0,
506.45,1,
506.50,0,
506.55,1,
506.60,0,
506.65,0,
506.70,-1,
506.75,1,
506.80,1,
506.85,1,
506.90,0,
506.95,0,
507.00,1,
507.05,0,
507.10,1,
507.15,0,
507.20,1,
507.25,0,
507.30,1,
507.35,0,
507.40,1,
507.45,0,
507.50,0,
507.55,0,
507.60,0,
507.65,0,
507.70,1,
507.75,1,
507.80,1,
507.85,1,
507.90,1,
507.95,0,
508.00,1,
508.05,1,
508.10,0,
508.15,1,
508.20,1,
508.25,0,
508.30,0,
508.35,0,
508.40,0,
508.45,0,
508.50,0,
508.55,1,
508.60,0,
508.65,1,
508.70,1,
508.75,1,
508.80,1,
508.85,0,
508.90,1,
508.95,0,
509.00,1,
509.05,0,
509.10,1,
509.15,1,
509.20,0,
509.25,0,
509.30,1,
509.35,0,
509.40,0,
509.45,0,
509.50,0,
509.55,1,
509.60,1,
509.65,1,
509.70,1,
509.75,1,
509.80,0,
509.85,0,
509.90,1,
509.95,0,
510.00,1,
510.05,1,
510.10,0,
510.15,0,
510.20,1,
510.25,1,
510.30,0,
510.35,0,
510.40,0,
510.45,1,
510.50,0,
510.55,0,
510.60,0,
510.65,1,
510.70,1,
510.75,0,
510.80,1,
510.85,1,
510.90,1,
510.95,1,
511.00,1,
511.05,0,
511.10,0,
511.15,0,
511.20,0,
511.25,1,
511.30,0,
511.35,0,
511.40,0,
511.45,0,
511.50,0,
511.55,0,
511.60,0,
511.65,1,
511.70,0,
511.75,0,
511.80,1,
511.85,0,
511.90,1,
511.95,0,
512.00,1,
512.05,0,
512.10,1,
512.15,0,
512.20,0,
512.25,0,
512.30,1,
512.35,1,
512.40,0,
512.45,1,
512.50,0,
512.55,0,
512.60,1,
512.65,0,
512.70,1,
512.75,0,
512.80,1,
512.85,1,
512.90,0,
512.95,0,
513.00,1,
513.05,1,
513.10,1,
513.15,1,
513.20,0,
513.25,0,
513.30,1,
513.35,1,
513.40,1,
513.45,0,
513.50,1,
513.55,0,
513.60,1,
513.65,1,
513.70,0,
513.75,0,
513.80,1,
513.85,1,
513.90,0,
513.95,1,
514.00,1,
514.05,0,
514.10,0,
514.15,1,
514.20,1,
514.25,1,
514.30,0,
514.35,1,
514.40,0,
514.45,1,
514.50,0,
514.55,1,
514.60,0,
514.65,0,
514.70,0,
514.75,0,
514.80,0,
514.85,0,
514.90,1,
514.95,0,
515.00,0,
515.05,1,
515.10,1,
515.15,0,
515.20,1,
515.25,1,
515.30,0,
515.35,0,
515.40,1,
515.45,1,
515.50,0,
515.55,0,
515.60,0,
515.65,0,
515.70,0,
515.75,1,
515.80,1,
515.85,0,
515.90,1,
515.95,1,
516.00,1,
516.05,1,
516.10,1,
516.15,0,
516.20,0,
516.25,1,
516.30,1,
516.35,0,
516.40,1,
516.45,0,
516.50,0,
516.55,1,
516.60,0,
516.65,1,
516.70,0,
516.75,0,
516.80,0,
516.85,0,
516.90,0,
516.95,0,
517.00,0,
517.05,0,
517.10,0,
517.15,0,
517.20,1,
517.25,0,
517.30,0,
517.35,0,
517.40,1,
517.45,0,
517.50,0,
517.55,0,
517.60,0,
517.65,1,
517.70,0,
517.75,0,
517.80,1,
517.85,1,
517.90,1,
517.95,1,
518.00,0,
518.05,0,
518.10,0,
518.15,0,
518.20,1,
518.25,0,
518.30,0,
518.35,0,
518.40,0,
518.45,1,
518.50,1,
518.55,1,
518.60,1,
518.65,0,
518.70,1,
518.75,0,
518.80,1,
518.85,0,
518.90,1,
518.95,0,
519.00,0,
519.05,1,
519.10,0,
519.15,0,
519.20,0,
519.25,0,
519.30,0,
519.35,1,
519.40,1,
519.45,0,
519.50,0,
519.55,0,
519.60,1,
519.65,1,
519.70,0,
519.75,1,
519.80,1,
519.85,1,
519.90,0,
519.95,1,
520.00,1,
520.05,1,
520.10,1,
520.15,1,
520.20,0,
520.25,1,
520.30,0,
520.35,0,
520.40,0,
520.45,0,
520.50,1,
520.55,0,
520.60,1,
520.65,0,
520.70,0,
520.75,0,
520.80,0,
520.85,1,
520.90,1,
520.95,1,
521.00,1,
521.05,0,
521.10,0,
521.15,1,
521.20,0,
521.25,0,
521.30,1,
521.35,1,
521.40,0,
521.45,0,
521.50,1,
521.55,1,
521.60,1,
521.65,1,
521.70,0,
521.75,1,
521.80,0,
521.85,1,
521.90,1,
521.95,0,
522.00,0,
522.05,1,
522.10,0,
522.15,0,
522.20,0,
522.25,1,
522.30,1,
522.35,0,
522.40,1,
522.45,1,
522.50,0,
522.55,0,
522.60,0,
522.65,0,
522.70,0,
522.75,0,
522.80,0,
522.85,0,
522.90,0,
522.95,0,
523.00,1,
523.05,1,
523.10,1,
523.15,0,
523.20,1,
523.25,1,
523.30,1,
523.35,0,
523.40,0,
523.45,0,
523.50,0,
523.55,1,
523.60,0,
523.65,1,
523.70,1,
523.75,1,
523.80,1,
523.85,0,
523.90,1,
523.95,1,
524.00,1,
524.05,1,
524.10,1,
524.15,1,
524.20,0,
524.25,1,
524.30,0,
524.35,1,
524.40,0,
524.45,1,
524.50,0,
524.55,1,
524.60,0,
524.65,0,
524.70,1,
524.75,0,
524.80,1,
524.85,0,
524.90,1,
524.95,1,
525.00,0,
525.05,0,
525.10,1,
525.15,1,
525.20,0,
525.25,0,
525.30,0,
525.35,0,
525.40,0,
525.45,1,
525.50,1,
525.55,0,
525.60,1,
525.65,1,
525.70,0,
525.75,0,
525.80,0,
525.85,1,
525.90,1,
525.95,0,
526.00,1,
526.05,0,
526.10,1,
526.15,1,
526.20,1,
526.25,0,
526.30,1,
526.35,1,
526.40,1,
526.45,0,
526.50,0,
526.55,0,
526.60,1,
526.65,0,
526.70,0,
526.75,1,
526.80,0,
526.85,0,
526.90,0,
526.95,0,
527.00,0,
527.05,1,
527.10,1,
527.15,0,
527.20,0,
527.25,1,
527.30,1,
527.35,0,
527.40,0,
527.45,1,
527.50,0,
527.55,0,
527.60,1,
527.65,1,
527.70,1,
527.75,1,
527.80,0,
527.85,0,
527.90,0,
527.95,0,
528.00,0,
528.05,0,
528.10,0,
528.15,0,
528.20,0,
528.25,1,
528.30,1,
528.35,1,
528.40,0,
528.45,1,
528.50,0,
528.55,0,
528.60,1,
528.65,0,
528.70,1,
528.75,0,
528.80,1,
528.85,1,
528.90,1,
528.95,1,
529.00,0,
529.05,0,
529.10,0,
529.15,0,
529.20,0,
529.25,1,
529.30,1,
529.35,1,
529.40,1,
529.45,1,
529.50,1,
529.55,1,
529.60,0,
529.65,0,
529.70,1,
529.75,1,
529.80,1,
529.85,0,
529.90,1,
529.95,0,
530.00,1,
530.05,1,
530.10,2,
530.15,0,
530.20,1,
530.25,1,
530.30,0,
530.35,0,
530.40,0,
530.45,1,
530.50,1,
530.55,0,
530.60,0,
530.65,1,
530.70,1,
530.75,0,
530.80,1,
530.85,1,
530.90,0,
530.95,1,
531.00,0,
531.05,0,
531.10,0,
531.15,0,
531.20,1,
531.25,0,
531.30,1,
531.35,0,
531.40,1,
531.45,1,
531.50,0,
531.55,1,
531.60,1,
531.65,0,
531.70,0,
531.75,1,
531.80,0,
531.85,0,
531.90,1,
531.95,1,
532.00,1,
532.05,1,
532.10,1,
532.15,1,
532.20,1,
532.25,0,
532.30,1,
532.35,1,
532.40,1,
532.45,-1,
532.50,0,
532.55,1,
532.60,1,
532.65,1,
532.70,1,
532.75,0,
532.80,1,
532.85,0,
532.90,1,
532.95,1,
533.00,1,
533.05,0,
533.10,1,
533.15,0,
533.20,0,
533.25,0,
533.30,0,
533.35,1,
533.40,1,
533.45,0,
533.50,1,
533.55,0,
533.60,1,
533.65,0,
533.70,0,
533.75,0,
533.80,1,
533.85,0,
533.90,0,
533.95,1,
534.00,0,
534.05,1,
534.10,0,
534.15,0,
534.20,0,
534.25,0,
534.30,1,
534.35,0,
534.40,0,
534.45,1,
534.50,1,
534.55,1,
534.60,0,
534.65,1,
534.70,1,
534.75,1,
534.80,1,
534.85,1,
534.90,0,
534.95,0,
535.00,0,
535.05,0,
535.10,0,
535.15,1,
535.20,1,
535.25,0,
535.30,1,
535.35,0,
535.40,0,
535.45,1,
535.50,1,
535.55,0,
535.60,0,
535.65,1,
535.70,0,
535.75,1,
535.80,0,
535.85,1,
535.90,1,
535.95,1,
536.00,1,
536.05,1,
536.10,0,
536.15,0,
536.20,0,
536.25,0,
536.30,1,
536.35,1,
536.40,0,
536.45,0,
536.50,0,
536.55,1,
536.60,1,
536.65,1,
536.70,0,
536.75,0,
536.80,1,
536.85,1,
536.90,0,
536.95,1,
537.00,0,
537.05,0,
537.10,0,
537.15,1,
537.20,0,
537.25,0,
537.30,1,
537.35,1,
537.40,1,
537.45,0,
537.50,0,
537.55,1,
537.60,0,
537.65,1,
537.70,0,
537.75,1,
537.80,0,
537.85,1,
537.90,0,
537.95,1,
538.00,1,
538.05,0,
538.10,1,
538.15,1,
538.20,0,
538.25,0,
538.30,1,
538.35,1,
538.40,1,
538.45,0,
538.50,0,
538.55,0,
538.60,0,
538.65,1,
538.70,0,
538.75,0,
538.80,0,
538.85,0,
538.90,1,
538.95,1,
539.00,1,
539.05,0,
539.10,0,
539.15,0,
539.20,1,
539.25,1,
539.30,0,
539.35,1,
539.40,1,
539.45,1,
539.50,1,
539.55,1,
539.60,1,
539.65,0,
539.70,1,
539.75,0,
539.80,0,
539.85,1,
539.90,1,
539.95,1,
540.00,0,
540.05,0,
540.10,0,
540.15,0,
540.20,0,
540.25,1,
540.30,0,
540.35,1,
540.40,1,
540.45,0,
540.50,1,
540.55,0,
540.60,0,
540.65,0,
540.70,1,
540.75,0,
540.80,0,
540.85,0,
540.90,0,
540.95,0,
541.00,1,
541.05,0,
541.10,1,
541.15,0,
541.20,1,
541.25,0,
541.30,1,
541.35,0,
541.40,0,
541.45,0,
541.50,1,
541.55,1,
541.60,0,
541.65,0,
541.70,1,
541.75,0,
541.80,0,
541.85,1,
541.90,0,
541.95,1,
542.00,1,
542.05,0,
542.10,0,
542.15,0,
542.20,1,
542.25,0,
542.30,1,
542.35,0,
542.40,0,
542.45,0,
542.50,0,
542.55,1,
542.60,1,
542.65,1,
542.70,1,
542.75,1,
542.80,0,
542.85,1,
542.90,1,
542.95,1,
543.00,0,
543.05,1,
543.10,1,
543.15,1,
543.20,0,
543.25,1,
543.30,0,
543.35,0,
543.40,0,
543.45,0,
543.50,1,
543.55,0,
543.60,1,
543.65,1,
543.70,1,
543.75,0,
543.80,1,
543.85,1,
543.90,0,
543.95,0,
544.00,0,
544.05,0,
544.10,0,
544.15,1,
544.20,1,
544.25,0,
544.30,0,
544.35,0,
544.40,0,
544.45,0,
544.50,1,
544.55,1,
544.60,1,
544.65,1,
544.70,1,
544.75,1,
544.80,0,
544.85,0,
544.90,0,
544.95,0,
545.00,0,
545.05,1,
545.10,0,
545.15,1,
545.20,0,
545.25,0,
545.30,0,
545.35,0,
545.40,0,
545.45,1,
545.50,0,
545.55,0,
545.60,0,
545.65,0,
545.70,0,
545.75,1,
545.80,0,
545.85,1,
545.90,0,
545.95,1,
546.00,1,
546.05,0,
546.10,0,
546.15,1,
546.20,0,
546.25,1,
546.30,0,
546.35,0,
546.40,0,
546.45,1,
546.50,0,
546.55,0,
546.60,0,
546.65,1,
546.70,0,
546.75,1,
546.80,1,
546.85,0,
546.90,0,
546.95,1,
547.00,1,
547.05,0,
547.10,0,
547.15,0,
547.20,0,
547.25,0,
547.30,1,
547.35,1,
547.40,0,
547.45,1,
547.50,0,
547.55,1,
547.60,1,
547.65,0,
547.70,0,
547.75,0,
547.80,1,
547.85,0,
547.90,1,
547.95,1,
548.00,0,
548.05,1,
548.10,1,
548.15,0,
548.20,0,
548.25,1,
548.30,0,
548.35,1,
548.40,0,
548.45,0,
548.50,1,
548.55,1,
548.60,1,
548.65,0,
548.70,0,
548.75,0,
548.80,0,
548.85,0,
548.90,1,
548.95,0,
549.00,1,
549.05,1,
549.10,1,
549.15,0,
549.20,1,
549.25,0,
549.30,0,
549.35,1,
549.40,0,
549.45,0,
549.50,1,
549.55,0,
549.60,0,
549.65,0,
549.70,0,
549.75,0,
549.80,1,
549.85,0,
549.90,1,
549.95,1,
550.00,1,
550.05,1,
550.10,1,
550.15,0,
550.20,0,
550.25,0,
550.30,0,
550.35,1,
550.40,1,
550.45,1,
550.50,0,
550.55,0,
550.60,1,
550.65,0,
550.70,0,
550.75,0,
550.80,1,
550.85,0,
550.90,0,
550.95,1,
551.00,0,
551.05,0,
551.10,0,
551.15,1,
551.20,1,
551.25,0,
551.30,0,
551.35,0,
551.40,0,
551.45,1,
551.50,1,
551.55,1,
551.60,0,
551.65,1,
551.70,0,
551.75,1,
551.80,0,
551.85,0,
551.90,1,
551.95,0,
552.00,1,
552.05,1,
552.10,1,
552.15,1,
552.20,0,
552.25,0,
552.30,1,
552.35,1,
552.40,1,
552.45,0,
552.50,0,
552.55,0,
552.60,1,
552.65,0,
552.70,0,
552.75,1,
552.80,1,
552.85,1,
552.90,0,
552.95,0,
553.00,0,
553.05,0,
553.10,1,
553.15,0,
553.20,0,
553.25,1,
553.30,1,
553.35,1,
553.40,0,
553.45,1,
553.50,0,
553.55,0,
553.60,1,
553.65,0,
553.70,1,
553.75,1,
553.80,0,
553.85,0,
553.90,0,
553.95,1,
554.00,1,
554.05,1,
554.10,0,
554.15,1,
554.20,1,
554.25,1,
554.30,0,
554.35,1,
554.40,1,
554.45,0,
554.50,1,
554.55,1,
554.60,-1,
554.65,0,
554.70,0,
554.75,0,
554.80,0,
554.85,1,
554.90,1,
554.95,0,
555.00,1,
555.05,0,
555.10,0,
555.15,1,
555.20,0,
555.25,0,
555.30,0,
555.35,0,
555.40,0,
555.45,0,
555.50,0,
555.55,1,
555.60,1,
555.65,1,
555.70,1,
555.75,1,
555.80,0,
555.85,0,
555.90,0,
555.95,1,
556.00,1,
556.05,0,
556.10,0,
556.15,1,
556.20,0,
556.25,1,
556.30,1,
556.35,1,
556.40,1,
556.45,1,
556.50,1,
556.55,0,
556.60,1,
556.65,0,
556.70,0,
556.75,0,
556.80,0,
556.85,0,
556.90,0,
556.95,1,
557.00,1,
557.05,2,
557.10,1,
557.15,1,
557.20,1,
557.25,1,
557.30,1,
557.35,0,
557.40,1,
557.45,1,
557.50,1,
557.55,0,
557.60,0,
557.65,1,
557.70,1,
557.75,0,
557.80,0,
557.85,1,
557.90,1,
557.95,0,
558.00,0,
558.05,0,
558.10,1,
558.15,0,
558.20,1,
558.25,0,
558.30,1,
558.35,1,
558.40,1,
558.45,0,
558.50,0,
558.55,0,
558.60,0,
558.65,0,
558.70,1,
558.75,0,
558.80,1,
558.85,1,
558.90,1,
558.95,0,
559.00,1,
559.05,0,
559.10,1,
559.15,0,
559.20,0,
559.25,0,
559.30,0,
559.35,0,
559.40,1,
559.45,1,
559.50,0,
559.55,0,
559.60,1,
559.65,0,
559.70,0,
559.75,1,
559.80,1,
559.85,1,
559.90,0,
559.95,0,
560.00,0,
560.05,0,
560.10,1,
560.15,0,
560.20,0,
560.25,0,
560.30,1,
560.35,0,
560.40,0,
560.45,0,
560.50,0,
560.55,0,
560.60,1,
560.65,1,
560.70,1,
560.75,0,
560.80,0,
560.85,0,
560.90,0,
560.95,1,
561.00,1,
561.05,1,
561.10,0,
561.15,1,
561.20,1,
561.25,1,
561.30,1,
561.35,0,
561.40,0,
561.45,1,
561.50,0,
561.55,1,
561.60,0,
561.65,1,
561.70,1,
561.75,0,
561.80,1,
561.85,0,
561.90,0,
561.95,1,
562.00,1,
562.05,0,
562.10,0,
562.15,0,
562.20,1,
562.25,1,
562.30,1,
562.35,1,
562.40,0,
562.45,1,
562.50,0,
562.55,1,
562.60,0,
562.65,1,
562.70,0,
562.75,1,
562.80,1,
562.85,0,
562.90,1,
562.95,1,
563.00,0,
563.05,0,
563.10,0,
563.15,0,
563.20,1,
563.25,1,
563.30,1,
563.35,1,
563.40,0,
563.45,1,
563.50,0,
563.55,0,
563.60,0,
563.65,1,
563.70,0,
563.75,1,
563.80,1,
563.85,1,
563.90,1,
563.95,1,
564.00,1,
564.05,1,
564.10,1,
564.15,0,
564.20,1,
564.25,0,
564.30,1,
564.35,1,
564.40,0,
564.45,0,
564.50,0,
564.55,1,
564.60,0,
564.65,1,
564.70,0,
564.75,0,
564.80,1,
564.85,0,
564.90,0,
564.95,1,
565.00,1,
565.05,0,
565.10,0,
565.15,0,
565.20,1,
565.25,0,
565.30,1,
565.35,1,
565.40,1,
565.45,0,
565.50,1,
565.55,0,
565.60,0,
565.65,1,
565.70,1,
565.75,0,
565.80,0,
565.85,0,
565.90,0,
565.95,1,
566.00,1,
566.05,1,
566.10,1,
566.15,1,
566.20,1,
566.25,0,
566.30,0,
566.35,1,
566.40,0,
566.45,1,
566.50,0,
566.55,0,
566.60,0,
566.65,0,
566.70,1,
566.75,0,
566.80,1,
566.85,0,
566.90,0,
566.95,0,
567.00,0,
567.05,1,
567.10,1,
567.15,0,
567.20,0,
567.25,1,
567.30,0,
567.35,1,
567.40,0,
567.45,1,
567.50,0,
567.55,0,
567.60,1,
567.65,0,
567.70,1,
567.75,1,
567.80,1,
567.85,1,
567.90,1,
567.95,0,
568.00,1,
568.05,0,
568.10,1,
568.15,0,
568.20,1,
568.25,1,
568.30,1,
568.35,0,
568.40,0,
568.45,1,
568.50,0,
568.55,1,
568.60,1,
568.65,0,
568.70,1,
568.75,0,
568.80,1,
568.85,1,
568.90,1,
568.95,0,
569.00,0,
569.05,0,
569.10,1,
569.15,1,
569.20,1,
569.25,0,
569.30,1,
569.35,1,
569.40,1,
569.45,0,
569.50,1,
569.55,1,
569.60,1,
569.65,1,
569.70,1,
569.75,1,
569.80,1,
569.85,1,
569.90,1,
569.95,1,
570.00,1,
570.05,1,
570.10,1,
570.15,1,
570.20,0,
570.25,1,
570.30,0,
570.35,0,
570.40,0,
570.45,1,
570.50,0,
570.55,2,
570.60,1,
570.65,0,
570.70,1,
570.75,0,
570.80,1,
570.85,1,
570.90,1,
570.95,1,
571.00,1,
571.05,1,
571.10,0,
571.15,0,
571.20,0,
571.25,0,
571.30,1,
571.35,0,
571.40,0,
571.45,0,
571.50,0,
571.55,1,
571.60,1,
571.65,1,
571.70,0,
571.75,0,
571.80,1,
571.85,0,
571.90,1,
571.95,1,
572.00,0,
572.05,0,
572.10,0,
572.15,0,
572.20,1,
572.25,1,
572.30,0,
572.35,0,
572.40,1,
572.45,1,
572.50,0,
572.55,1,
572.60,0,
572.65,0,
572.70,1,
572.75,0,
572.80,0,
572.85,0,
572.90,0,
572.95,0,
573.00,0,
573.05,1,
573.10,1,
573.15,1,
573.20,1,
573.25,1,
573.30,0,
573.35,1,
573.40,1,
573.45,0,
573.50,1,
573.55,1,
573.60,1,
573.65,1,
573.70,0,
573.75,0,
573.80,0,
573.85,1,
573.90,1,
573.95,1,
574.00,0,
574.05,1,
574.10,0,
574.15,1,
574.20,1,
574.25,0,
574.30,1,
574.35,1,
574.40,1,
574.45,1,
574.50,1,
574.55,1,
574.60,0,
574.65,1,
574.70,0,
574.75,1,
574.80,0,
574.85,0,
574.90,1,
574.95,0,
575.00,0,
575.05,1,
575.10,0,
575.15,0,
575.20,0,
575.25,1,
575.30,0,
575.35,0,
575.40,0,
575.45,0,
575.50,0,
575.55,1,
575.60,1,
575.65,1,
575.70,0,
575.75,0,
575.80,1,
575.85,1,
575.90,1,
575.95,1,
576.00,1,
576.05,1,
576.10,1,
576.15,0,
576.20,1,
576.25,0,
576.30,0,
576.35,0,
576.40,1,
576.45,1,
576.50,1,
576.55,1,
576.60,1,
576.65,0,
576.70,0,
576.75,0,
576.80,0,
576.85,1,
576.90,0,
576.95,1,
577.00,0,
577.05,1,
577.10,0,
577.15,1,
577.20,0,
577.25,1,
577.30,1,
577.35,0,
577.40,1,
577.45,0,
577.50,1,
577.55,1,
577.60,0,
577.65,0,
577.70,0,
577.75,0,
577.80,0,
577.85,1,
577.90,1,
577.95,1,
578.00,0,
578.05,0,
578.10,0,
578.15,0,
578.20,1,
578.25,0,
578.30,0,
578.35,0,
578.40,1,
578.45,1,
578.50,1,
578.55,0,
578.60,0,
578.65,0,
578.70,1,
578.75,0,
578.80,0,
578.85,0,
578.90,0,
578.95,0,
579.00,0,
579.05,0,
579.10,0,
579.15,1,
579.20,0,
579.25,1,
579.30,1,
579.35,1,
579.40,1,
579.45,1,
579.50,0,
579.55,0,
579.60,0,
579.65,0,
579.70,0,
579.75,1,
579.80,1,
579.85,1,
579.90,0,
579.95,1,
580.00,0,
580.05,0,
580.10,0,
580.15,0,
580.20,0,
580.25,0,
580.30,1,
580.35,1,
580.40,1,
580.45,0,
580.50,0,
580.55,0,
580.60,0,
580.65,1,
580.70,0,
580.75,1,
580.80,0,
580.85,1,
580.90,1,
580.95,1,
581.00,0,
581.05,1,
581.10,1,
581.15,1,
581.20,1,
581.25,1,
581.30,0,
581.35,0,
581.40,0,
581.45,0,
581.50,1,
581.55,0,
581.60,1,
581.65,0,
581.70,0,
581.75,0,
581.80,1,
581.85,0,
581.90,1,
581.95,0,
582.00,1,
582.05,0,
582.10,0,
582.15,0,
582.20,0,
582.25,1,
582.30,0,
582.35,0,
582.40,0,
582.45,0,
582.50,1,
582.55,0,
582.60,1,
582.65,1,
582.70,0,
582.75,1,
582.80,0,
582.85,1,
582.90,0,
582.95,0,
583.00,0,
583.05,1,
583.10,1,
583.15,1,
583.20,1,
583.25,1,
583.30,1,
583.35,1,
583.40,0,
583.45,1,
583.50,1,
583.55,0,
583.60,1,
583.65,1,
583.70,1,
583.75,1,
583.80,1,
583.85,1,
583.90,0,
583.95,0,
584.00,0,
584.05,1,
584.10,0,
584.15,0,
584.20,1,
584.25,1,
584.30,1,
584.35,1,
584.40,0,
584.45,1,
584.50,0,
584.55,0,
584.60,0,
584.65,0,
584.70,0,
584.75,1,
584.80,0,
584.85,1,
584.90,1,
584.95,0,
585.00,0,
585.05,0,
585.10,1,
585.15,0,
585.20,0,
585.25,0,
585.30,0,
585.35,1,
585.40,1,
585.45,1,
585.50,1,
585.55,0,
585.60,1,
585.65,1,
585.70,0,
585.75,1,
585.80,0,
585.85,1,
585.90,1,
585.95,0,
586.00,0,
586.05,0,
586.10,0,
586.15,1,
586.20,1,
586.25,1,
586.30,0,
586.35,0,
586.40,1,
586.45,1,
586.50,0,
586.55,0,
586.60,1,
586.65,1,
586.70,1,
586.75,1,
586.80,0,
586.85,0,
586.90,0,
586.95,1,
587.00,0,
587.05,0,
587.10,1,
587.15,0,
587.20,1,
587.25,0,
587.30,0,
587.35,0,
587.40,1,
587.45,1,
587.50,1,
587.55,1,
587.60,0,
587.65,1,
587.70,0,
587.75,1,
587.80,1,
587.85,0,
587.90,1,
587.95,0,
588.00,0,
588.05,1,
588.10,1,
588.15,1,
588.20,1,
588.25,0,
588.30,1,
588.35,0,
588.40,0,
588.45,0,
588.50,1,
588.55,0,
588.60,1,
588.65,0,
588.70,0,
588.75,0,
588.80,1,
588.85,1,
588.90,1,
588.95,1,
589.00,1,
589.05,0,
589.10,1,
589.15,0,
589.20,0,
589.25,1,
589.30,0,
589.35,0,
589.40,1,
589.45,0,
589.50,1,
589.55,1,
589.60,1,
589.65,0,
589.70,0,
589.75,0,
589.80,1,
589.85,1,
589.90,0,
589.95,0,
590.00,1,
590.05,1,
590.10,0,
590.15,1,
590.20,1,
590.25,1,
590.30,1,
590.35,0,
590.40,1,
590.45,0,
590.50,0,
590.55,1,
590.60,1,
590.65,2,
590.70,1,
590.75,0,
590.80,1,
590.85,1,
590.90,0,
590.95,1,
591.00,0,
591.05,1,
591.10,1,
591.15,0,
591.20,0,
591.25,0,
591.30,0,
591.35,1,
591.40,1,
591.45,0,
591.50,1,
591.55,1,
591.60,0,
591.65,1,
591.70,1,
591.75,0,
591.80,0,
591.85,0,
591.90,0,
591.95,1,
592.00,1,
592.05,1,
592.10,0,
592.15,1,
592.20,0,
592.25,1,
592.30,0,
592.35,0,
592.40,0,
592.45,0,
592.50,1,
592.55,1,
592.60,0,
592.65,1,
592.70,1,
592.75,1,
592.80,0,
592.85,1,
592.90,0,
592.95,0,
593.00,0,
593.05,1,
593.10,0,
593.15,0,
593.20,0,
593.25,0,
593.30,1,
593.35,1,
593.40,1,
593.45,1,
593.50,1,
593.55,0,
593.60,1,
593.65,1,
593.70,1,
593.75,1,
593.80,0,
593.85,0,
593.90,0,
593.95,0,
594.00,0,
594.05,1,
594.10,1,
594.15,1,
594.20,0,
594.25,0,
594.30,0,
594.35,0,
594.40,1,
594.45,1,
594.50,1,
594.55,1,
594.60,0,
594.65,0,
594.70,0,
594.75,0,
594.80,1,
594.85,0,
594.90,0,
594.95,1,
595.00,1,
595.05,1,
595.10,1,
595.15,0,
595.20,0,
595.25,0,
595.30,1,
595.35,1,
595.40,0,
595.45,0,
595.50,0,
595.55,0,
595.60,0,
595.65,0,
595.70,0,
595.75,0,
595.80,0,
595.85,1,
595.90,0,
595.95,1,
596.00,1,
596.05,1,
596.10,1,
596.15,0,
596.20,1,
596.25,0,
596.30,0,
596.35,1,
596.40,0,
596.45,0,
596.50,0,
596.55,1,
596.60,0,
596.65,0,
596.70,0,
596.75,0,
596.80,0,
596.85,1,
596.90,0,
596.95,1,
597.00,1,
597.05,0,
597.10,0,
597.15,1,
597.20,1,
597.25,1,
597.30,1,
597.35,0,
597.40,1,
597.45,0,
597.50,0,
597.55,0,
597.60,1,
597.65,0,
597.70,0,
597.75,0,
597.80,1,
597.85,1,
597.90,0,
597.95,0,
598.00,1,
598.05,1,
598.10,0,
598.15,0,
598.20,0,
598.25,1,
598.30,0,
598.35,0,
598.40,0,
598.45,0,
598.50,0,
598.55,1,
598.60,0,
598.65,1,
598.70,1,
598.75,1,
598.80,0,
598.85,1,
598.90,0,
598.95,0,
599.00,1,
599.05,0,
599.10,1,
599.15,1,
599.20,0,
599.25,0,
599.30,0,
599.35,0,
599.40,1,
599.45,0,
599.50,0,
599.55,0,
599.60,0,
599.65,0,
599.70,0,
599.75,1,
599.80,0,
599.85,0,
599.90,0,
599.95,1,
