zaman_ms,irtifa_m,basinc_hPa,ivme_x_g,ivme_y_g,ivme_z_g,sicaklik_C,durum
0,-0.48,905.01,-0.095,0.07,1.026,18.96,0
100,-0.19,905.02,-0.013,-0.011,1.029,19.08,0
200,-0.04,905.0,0.008,-0.031,0.984,19.08,0
300,-0.08,904.93,-0.024,0.033,0.991,18.98,0
400,0.39,905.09,-0.036,0.067,0.951,19.03,0
500,-0.7,905.07,0.042,0.057,0.965,19.1,0
600,-0.31,904.98,0.025,0.044,1.008,18.91,0
700,-0.5,905.07,0.03,0.036,1.087,18.88,0
800,1.54,905.16,0.081,0.041,0.973,19.15,0
900,-0.27,905.0,-0.015,0.014,1.052,18.92,0
1000,-0.59,904.95,-0.048,-0.072,0.963,19.19,0
1100,-0.36,905.01,-0.061,0.008,0.93,18.9,0
1200,1.35,904.97,0.056,0.023,0.994,18.9,0
1300,0.77,904.99,0.076,-0.036,1.002,19.07,0
1400,0.22,904.94,-0.033,-0.01,0.966,19.1,0
1500,0.35,904.9,-0.09,-0.064,1.005,19.3,0
1600,-0.23,905.01,-0.053,-0.052,0.922,19.0,0
1700,0.57,904.98,0.07,0.01,0.999,19.08,0
1800,0.29,905.06,-0.04,-0.114,1.005,18.91,0
1900,-0.02,905.08,-0.055,0.038,1.038,19.07,0
2000,0.67,904.98,-0.034,0.052,1.029,19.21,0
2100,0.13,905.08,-0.014,-0.053,0.919,18.83,0
2200,0.49,904.93,-0.023,0.105,1.034,19.27,0
2300,-0.59,904.88,0.076,-0.071,1.004,19.03,0
2400,-0.57,905.08,0.077,0.028,0.999,19.03,0
2500,-0.66,904.99,-0.005,-0.043,1.034,18.79,0
2600,-0.27,904.89,0.025,0.037,1.025,19.44,0
2700,0.56,904.95,0.133,-0.046,1.032,19.11,0
2800,-0.53,905.07,0.018,0.029,0.973,19.2,0
2900,-0.52,904.91,0.071,-0.021,1.002,19.29,0
3000,1.7,904.92,0.053,-0.036,11.404,19.16,1
3100,3.51,904.66,-0.187,0.028,11.425,18.92,1
3200,6.59,904.36,0.01,-0.074,11.402,19.02,1
3300,10.26,903.91,0.008,0.021,11.495,18.96,1
3400,15.49,903.4,-0.026,0.039,11.547,18.92,1
3500,21.22,902.71,0.043,-0.054,11.544,18.87,2
3600,28.3,901.89,-0.078,-0.055,11.495,18.72,2
3700,36.59,901.02,0.019,-0.009,11.535,18.65,2
3800,45.51,900.04,-0.011,0.081,11.626,18.92,2
3900,57.74,898.89,0.034,0.038,11.578,18.95,2
4000,69.35,897.79,0.033,-0.056,11.501,18.66,2
4100,80.16,896.36,-0.006,0.018,11.564,18.46,2
4200,93.44,895.0,0.009,-0.058,11.533,18.72,2
4300,108.51,893.4,0.005,-0.088,11.394,18.4,2
4400,123.52,891.8,-0.104,-0.063,11.434,18.2,2
4500,140.35,890.16,-0.017,0.023,11.376,18.02,2
4600,157.27,888.28,-0.051,0.057,11.389,17.98,2
4700,176.05,886.21,0.118,0.049,11.278,17.87,2
4800,195.66,884.2,0.014,-0.046,11.227,17.63,2
4900,216.41,882.07,0.013,0.148,11.169,17.64,2
5000,237.36,879.77,0.054,0.08,11.063,17.71,2
5100,259.72,877.38,-0.033,-0.053,10.968,17.41,2
5200,282.64,875.02,0.01,-0.037,10.856,17.17,2
5300,308.1,872.45,-0.038,-0.007,10.813,16.92,2
5400,332.71,869.83,-0.054,-0.009,10.683,17.07,2
5500,358.87,867.14,0.019,-0.056,10.555,16.6,2
5600,386.78,864.28,-0.033,-0.145,10.484,16.54,2
5700,414.77,861.42,-0.016,-0.011,10.425,16.29,2
5800,442.16,858.46,-0.054,0.069,10.347,16.23,2
5900,474.01,855.43,-0.055,0.013,10.173,15.78,2
6000,505.5,852.16,-0.037,0.013,10.087,15.63,2
6100,535.63,848.98,-0.071,-0.039,9.891,15.45,2
6200,567.16,845.86,0.045,0.001,-3.409,15.44,3
6300,598.35,842.69,0.069,-0.05,-3.387,15.11,3
6400,628.57,839.58,-0.03,-0.012,-3.174,15.01,3
6500,659.35,836.43,-0.082,0.073,-3.076,14.84,3
6600,688.01,,0.01,-0.047,-3.07,14.36,3
6700,717.5,830.66,0.083,0.019,-2.901,14.59,3
6800,745.84,827.69,-0.027,-0.005,-2.754,14.1,3
6900,775.6,824.87,0.025,0.034,-2.732,14.08,3
7000,802.55,822.17,0.049,-0.035,-2.654,13.62,3
7100,830.81,819.29,0.036,0.148,-2.54,13.71,3
7200,857.66,816.65,0.059,-0.004,-2.521,13.17,3
7300,884.8,813.87,0.096,0.024,-2.426,13.22,3
7400,911.21,811.33,-0.032,-0.048,-2.385,13.09,3
7500,938.43,808.69,-0.049,0.0,-2.273,12.66,3
7600,964.27,806.17,-0.008,-0.03,-2.182,12.79,3
7700,989.89,803.56,-0.009,0.074,-2.19,12.21,3
7800,1015.17,801.18,0.053,0.007,-2.133,12.56,3
7900,1041.96,798.69,0.022,-0.048,-2.125,12.32,3
8000,1065.26,796.32,0.016,0.043,-2.073,12.13,3
8100,1090.66,794.01,-0.037,-0.056,-1.954,11.78,3
8200,1114.29,791.63,0.022,-0.156,-1.959,11.59,3
8300,1139.5,789.35,0.103,0.035,-1.916,11.43,3
8400,1162.32,787.02,0.063,-0.096,-1.8,11.58,3
8500,1186.58,784.91,0.027,0.002,-1.753,11.21,3
8600,1208.96,782.55,0.058,-0.012,-1.695,11.08,3
8700,1233.57,780.35,0.027,0.038,-1.742,10.96,3
8800,1256.41,778.18,0.07,0.044,-1.719,10.95,3
8900,1277.11,776.06,-0.021,0.001,-1.607,10.73,3
9000,1299.69,773.88,-0.05,0.046,-1.495,10.59,3
9100,1322.42,771.92,-0.068,-0.094,-1.527,10.12,3
9200,1343.47,769.76,-0.031,-0.038,-1.467,10.17,3
9300,1364.41,767.81,0.148,0.025,-1.529,10.14,3
9400,1387.88,765.83,0.064,0.056,-1.368,10.15,3
9500,1407.51,763.84,-0.014,0.006,-1.364,9.66,3
9600,1427.94,761.91,0.005,-0.015,-1.315,9.7,3
9700,1448.43,759.93,-0.039,0.011,-1.31,9.28,3
9800,1469.53,758.07,-0.045,0.056,-1.237,9.34,3
9900,1488.86,756.18,0.041,0.045,-1.27,9.53,3
10000,1509.5,754.39,0.036,-0.083,-1.233,9.23,3
10100,1528.61,752.68,0.016,0.018,-1.246,9.04,3
10200,1547.6,750.9,-0.021,0.006,-1.116,9.04,3
10300,1566.47,749.04,0.036,-0.009,-1.119,8.83,3
10400,1585.52,747.23,0.001,-0.029,-1.089,8.84,3
10500,1605.35,745.51,0.068,0.007,-1.07,8.45,3
10600,1623.69,743.87,0.037,-0.009,-1.058,8.48,3
10700,1641.69,742.13,-0.026,-0.069,-1.028,8.3,3
10800,1659.61,740.43,-0.004,-0.145,-1.002,8.25,3
10900,1678.91,738.8,-0.071,0.031,-1.041,8.17,3
11000,1695.97,737.15,0.015,0.056,-0.969,7.94,3
11100,1713.01,735.64,0.004,-0.014,-0.888,7.62,3
11200,1731.19,734.02,-0.015,-0.122,-0.905,7.74,3
11300,1749.39,732.55,-0.009,0.019,-0.887,7.66,3
11400,1765.8,730.93,0.056,-0.042,-0.801,7.6,3
11500,1782.98,729.27,-0.001,-0.049,-0.833,7.56,3
11600,1800.22,727.87,-0.004,0.022,-0.92,7.24,3
11700,1815.76,726.41,-0.023,0.037,-0.825,7.32,3
11800,1833.8,725.0,0.047,0.057,-0.813,6.97,3
11900,1848.17,723.48,0.074,-0.036,-0.761,6.8,3
12000,1863.98,722.07,-0.034,-0.036,-0.683,6.89,3
12100,1880.55,720.6,0.021,-0.035,-0.742,6.94,3
12200,1896.08,719.1,-0.033,0.038,-0.682,6.73,3
12300,1912.65,717.78,0.064,0.01,-0.683,6.14,3
12400,1927.69,716.48,0.095,0.009,-0.733,6.35,3
12500,1942.6,715.14,-0.032,-0.053,-0.617,6.34,3
12600,1957.34,713.76,0.07,0.056,-0.703,6.27,3
12700,1971.7,712.57,0.022,-0.014,-0.661,6.26,3
12800,1986.82,711.25,-0.046,-0.062,-0.576,6.02,3
12900,2002.37,709.93,-0.068,-0.03,-0.616,5.96,3
13000,2016.1,708.59,-0.004,0.05,-0.55,5.78,3
13100,2030.02,707.36,-0.067,0.047,-0.567,5.88,3
13200,2044.17,706.18,0.048,0.058,-0.583,5.76,3
13300,2057.94,704.89,0.049,0.003,-0.569,5.71,3
13400,2072.35,703.67,-0.032,0.036,-0.528,5.5,3
13500,2086.3,702.51,-0.097,-0.04,-0.595,5.62,3
13600,2099.36,701.34,-0.116,-0.074,-0.53,5.09,3
13700,2112.96,700.17,-0.007,-0.003,-0.55,5.11,3
13800,2124.44,699.02,0.02,-0.012,-0.511,5.04,3
13900,2138.76,697.77,-0.055,-0.033,-0.508,5.13,3
14000,2151.39,696.78,0.062,0.069,-0.451,5.2,3
14100,2165.29,695.68,-0.07,0.05,-0.505,5.21,3
14200,2177.9,694.54,-0.055,-0.034,-0.457,5.04,3
14300,2188.59,693.54,-0.103,0.061,-0.446,4.8,3
14400,2201.59,692.47,0.019,0.084,-0.504,4.55,3
14500,2213.03,691.41,-0.084,0.122,-0.419,4.79,3
14600,2225.31,690.34,0.031,-0.035,-0.422,4.77,3
14700,2238.56,689.34,0.099,-0.097,-0.391,4.4,3
14800,2250.42,688.35,0.058,-0.03,-0.371,4.54,3
14900,2261.98,687.25,-0.034,0.012,-0.328,4.4,3
15000,2273.53,686.21,-0.014,0.025,-0.363,3.94,3
15100,2284.74,685.35,-0.023,0.06,-0.434,4.08,3
15200,2295.84,684.39,-0.011,-0.008,-0.366,4.21,3
15300,2306.23,683.46,-0.104,0.061,-0.25,4.08,3
15400,2317.34,682.46,0.035,-0.033,-0.372,3.62,3
15500,2328.37,681.55,-0.012,-0.0,-0.359,3.89,3
15600,2338.29,680.64,-0.014,-0.085,-0.371,3.71,3
15700,2349.19,679.76,-0.02,-0.003,-0.331,3.34,3
15800,2359.9,678.82,-0.008,-0.038,-0.28,3.65,3
15900,2370.73,678.02,-0.028,0.041,-0.289,3.43,3
16000,2380.44,677.12,0.063,-0.017,-0.228,3.64,3
16100,2389.31,676.21,0.029,-0.073,-0.264,3.67,3
16200,2400.37,675.49,0.066,-0.003,-0.278,3.42,3
16300,2410.62,674.51,-0.007,-0.084,-0.283,3.3,3
16400,2418.97,673.7,-0.02,0.108,-0.318,3.29,3
16500,2429.1,672.94,0.049,0.016,-0.238,3.28,3
16600,2439.44,672.05,0.019,-0.004,-0.233,3.27,3
16700,2448.68,671.41,-0.059,0.022,-0.246,3.07,3
16800,2458.42,670.57,-0.033,-0.066,-0.247,3.19,3
16900,2465.73,669.84,-0.127,-0.035,-0.212,2.89,3
17000,2474.99,669.06,0.049,0.075,-0.163,3.01,3
17100,2484.78,668.38,-0.058,-0.048,-0.165,2.98,3
17200,2493.82,667.61,-0.041,-0.054,-0.173,2.96,3
17300,2501.24,666.84,-0.005,0.044,-0.219,2.61,3
17400,2511.0,666.2,-0.035,-0.033,-0.155,2.49,3
17500,2518.62,665.49,0.008,0.046,-0.262,2.63,3
17600,2527.24,664.79,0.029,-0.058,-0.131,2.64,3
17700,2535.54,664.06,0.009,0.067,-0.184,2.55,3
17800,2543.43,663.34,-0.009,0.035,-0.197,2.46,3
17900,2551.14,662.68,0.04,-0.068,-0.156,2.4,3
18000,2558.76,662.11,0.038,0.041,-0.185,2.34,3
18100,2566.14,661.4,0.048,-0.055,-0.192,2.37,3
18200,2573.42,660.86,-0.042,-0.057,-0.181,2.14,3
18300,2581.84,660.29,0.034,0.023,-0.178,2.18,3
18400,2589.1,659.61,0.006,-0.061,-0.079,1.97,3
18500,2596.17,659.05,-0.039,0.05,-0.202,2.01,3
18600,2601.97,658.47,-0.062,-0.037,-0.111,2.12,3
18600,2601.97,658.47,-0.062,-0.037,-0.111,2.12,3
18700,2611.03,657.86,0.042,-0.027,-0.141,2.13,3
18800,2617.75,657.31,-0.041,-0.058,-0.183,1.91,3
18900,2624.03,656.64,-0.012,0.028,-0.089,1.85,3
19000,2631.11,656.08,-0.036,0.002,-0.151,1.77,3
19100,2637.51,655.55,0.002,-0.009,-0.1,1.96,3
19200,2643.89,655.04,0.047,0.007,-0.152,1.83,3
19300,2649.8,654.42,-0.051,-0.022,-0.131,1.53,3
19400,2656.21,654.05,-0.06,0.009,-0.19,1.8,3
19500,2662.22,653.45,0.052,0.02,-0.068,1.73,3
19600,2668.8,653.0,0.018,-0.008,-0.128,1.62,3
19700,2673.75,652.53,0.018,0.003,-0.076,1.56,3
19800,2680.35,652.06,0.092,-0.068,-0.015,1.46,3
19900,2685.84,651.6,0.025,-0.005,-0.083,1.74,3
20000,2693.19,651.15,0.031,-0.008,-0.023,1.48,3
20100,2697.45,650.62,-0.135,0.109,-0.043,1.59,3
20200,2701.99,650.15,-0.015,0.003,-0.053,1.43,3
20300,2708.59,649.81,0.012,0.054,-0.105,1.45,3
20400,2712.68,649.34,0.072,0.051,-0.054,1.55,3
20500,2718.31,649.02,-0.045,-0.01,-0.057,1.17,3
20600,2722.66,648.49,0.031,-0.026,-0.059,1.37,3
20700,2727.84,648.15,0.004,0.018,-0.014,1.1,3
20800,2732.75,647.7,0.069,-0.093,-0.057,1.17,3
20900,2737.01,647.41,0.024,-0.05,-0.043,1.24,3
21000,2741.47,646.93,0.036,0.032,-0.038,1.09,3
21100,2747.08,646.81,0.005,0.023,-0.089,1.02,3
21200,2751.74,646.4,-0.015,-0.036,-0.091,1.02,3
21300,2754.98,645.88,-0.039,0.043,-0.059,0.96,3
21400,2758.39,645.65,-0.056,-0.011,-0.011,1.13,3
21500,2763.3,645.29,-0.051,-0.04,-0.067,0.6,3
21600,2766.81,644.94,-0.008,-0.01,-0.038,1.04,3
21700,2771.87,644.64,0.038,-0.034,-0.031,1.02,3
21800,2774.5,644.25,-0.071,0.019,,0.92,3
21900,2777.87,644.04,0.025,0.089,-0.039,0.91,3
22000,2781.98,643.81,0.112,0.025,-0.094,0.91,3
22100,2784.57,643.42,0.088,-0.02,-0.063,1.09,3
22200,2788.63,643.14,0.001,-0.071,-0.066,0.9,3
22300,2790.29,642.97,0.011,0.041,-0.045,0.91,3
22400,2794.36,642.64,0.004,0.0,-0.028,1.03,3
22500,2797.82,642.46,0.016,0.007,-0.01,0.55,3
22600,2800.58,642.26,-0.016,0.034,-0.006,0.34,3
22700,2802.95,641.94,-0.035,-0.023,-0.04,0.65,3
22800,2806.07,641.65,0.096,0.068,0.013,0.74,3
22900,2808.54,641.66,-0.048,0.07,-0.008,0.6,3
23000,2811.12,641.31,-0.033,-0.072,-0.002,0.58,3
23100,2814.5,641.12,0.006,0.004,-0.033,0.69,3
23200,2816.47,641.06,-0.066,-0.037,-0.032,0.5,3
23300,2817.79,640.68,-0.005,-0.029,-0.009,0.46,3
23300,2817.79,640.68,-0.005,-0.029,-0.009,0.46,3
23400,2820.18,640.63,0.035,-0.081,0.018,0.57,3
23500,2822.07,640.46,0.042,-0.128,0.02,0.57,3
23600,2824.34,640.25,0.049,0.058,-0.001,0.74,3
23700,2827.75,640.12,-0.056,0.021,0.014,0.59,3
23800,2828.09,640.08,-0.018,-0.05,-0.12,0.72,3
23900,2830.6,639.79,0.024,-0.022,-0.009,0.5,3
24000,2831.37,639.76,-0.03,-0.038,-0.051,0.75,3
24100,2832.32,639.64,-0.066,-0.111,-0.032,0.61,3
24200,2834.81,639.54,0.012,-0.129,0.01,0.34,3
24300,2834.98,639.48,0.046,-0.058,-0.022,0.68,3
24400,2836.46,639.29,-0.06,0.023,0.02,0.43,3
24500,2836.38,639.31,-0.039,0.017,-0.04,0.43,3
24600,2839.11,639.13,0.035,0.036,-0.026,0.58,3
24700,2839.85,639.14,-0.016,-0.003,-0.042,0.65,3
24800,2840.2,638.95,-0.02,-0.009,-0.028,0.42,3
24900,2839.81,638.97,-0.024,0.043,-0.008,0.65,3
25000,2840.63,638.94,0.034,0.035,-0.014,0.39,3
25100,2842.8,638.87,-0.061,-0.012,0.011,0.42,3
25200,2842.41,638.9,-0.004,0.049,-0.006,0.45,3
25300,2843.37,638.86,0.004,-0.091,-0.056,0.27,3
25400,2842.56,638.82,0.019,0.05,-0.062,0.32,3
25500,2842.1,638.84,0.013,-0.053,-0.029,0.58,3
25600,2842.65,638.87,-0.042,-0.008,-0.041,0.69,3
25700,2843.08,638.85,0.047,0.067,0.057,0.77,4
25800,2841.82,638.81,0.063,-0.022,-0.071,0.46,4
25900,2842.53,638.85,0.038,0.015,-0.054,0.59,4
26000,2841.5,638.88,-0.071,0.08,-0.036,0.22,4
26100,2841.46,638.93,0.059,-0.005,-0.0,0.62,4
26200,2839.85,639.1,-0.045,0.028,1.021,0.3,5
26300,2838.63,639.26,-0.022,-0.055,1.213,0.4,5
26400,2836.62,639.31,0.021,-0.066,0.867,0.48,5
26500,2834.2,639.56,-0.013,0.009,1.019,0.36,5
26600,2831.56,639.77,-0.064,-0.044,0.956,0.49,5
26700,2828.42,639.81,0.026,-0.085,1.055,0.61,5
26800,2827.31,640.08,-0.003,0.049,0.985,0.85,5
26900,2825.23,640.18,0.031,-0.036,0.99,0.59,5
27000,2822.91,640.39,-0.034,-0.031,0.964,0.74,5
27100,2820.05,640.66,0.034,-0.008,1.066,0.51,5
27200,2818.16,640.86,-0.016,0.058,1.09,0.8,5
27300,2816.15,640.98,0.02,-0.04,1.005,0.66,5
27400,2812.93,641.14,-0.007,0.072,1.062,0.59,5
27500,2811.03,641.42,-0.065,-0.116,0.947,0.93,5
27600,2808.43,641.66,-0.009,-0.07,1.109,0.9,5
27700,2805.69,641.79,0.016,0.006,1.022,0.82,5
27800,2803.72,641.97,0.018,0.029,1.017,0.95,5
27900,2801.25,642.21,-0.037,0.033,1.104,0.82,5
28000,2798.37,642.31,-0.018,-0.028,1.033,0.64,5
28100,2796.28,642.59,-0.082,-0.03,1.151,0.69,5
28200,2795.29,642.76,0.075,-0.045,1.003,0.83,5
28300,2791.84,642.87,-0.053,0.065,0.96,0.93,5
28400,2788.19,643.0,0.088,-0.069,1.139,0.62,5
28500,2786.79,643.37,-0.042,-0.128,0.802,1.17,5
28600,2784.89,643.55,-0.094,0.049,0.863,0.88,5
28700,2782.05,643.8,0.13,0.01,1.119,0.83,5
28800,2778.9,643.91,-0.003,-0.009,1.096,1.06,5
28900,2775.95,644.19,0.087,-0.028,1.029,0.87,5
29000,2774.29,644.41,0.068,0.035,0.878,1.08,5
29100,2772.82,644.49,-0.028,-0.026,0.828,0.72,5
29200,2769.4,644.76,0.059,-0.078,0.927,0.97,5
29300,2767.17,644.94,-0.083,-0.046,1.177,0.97,5
29400,2765.31,645.1,-0.003,0.068,1.036,1.15,5
29500,2762.88,645.25,-0.106,-0.023,0.979,0.96,5
29600,2759.94,645.43,-0.076,0.031,1.006,1.05,5
29700,2757.49,645.69,0.051,-0.057,0.82,1.06,5
29800,2755.34,645.95,-0.09,-0.045,1.004,0.95,5
29900,2753.2,646.07,0.117,-0.054,1.007,1.17,5
30000,2750.88,646.32,0.007,0.033,0.914,1.07,5
30100,2748.68,646.52,-0.037,-0.015,1.194,1.14,5
30200,2745.46,646.67,0.075,0.023,0.859,1.14,5
30300,2742.6,646.86,-0.021,-0.011,0.961,1.21,5
30400,2740.74,647.16,-0.022,-0.072,1.007,1.38,5
30500,2738.54,647.25,-0.024,-0.073,0.87,1.51,5
30600,2736.08,647.49,-0.028,-0.037,0.899,1.28,5
30700,2734.67,647.63,0.061,0.004,0.986,1.29,5
30800,2731.76,647.81,-0.009,-0.014,1.048,1.43,5
30900,2729.65,648.1,0.058,-0.023,1.012,1.27,5
31000,2726.05,648.19,-0.001,-0.031,1.154,1.28,5
31100,2724.58,648.46,-0.062,-0.036,0.981,1.17,5
31200,2722.21,648.58,0.085,0.058,0.906,1.02,5
31300,2719.79,648.77,-0.018,0.025,0.877,1.42,5
31400,2717.6,649.06,0.044,0.038,0.836,0.96,5
31500,2715.76,649.19,-0.042,0.006,1.066,1.45,5
31600,2712.15,649.39,0.026,0.035,0.861,1.24,5
31700,2709.88,649.58,-0.025,0.027,1.003,1.36,5
31800,2707.97,649.79,0.011,0.006,0.915,1.27,5
31900,2705.03,650.06,-0.045,0.035,1.036,1.51,5
32000,2702.66,650.23,0.021,-0.082,1.043,1.25,5
32100,2700.41,650.43,-0.034,0.025,0.868,1.46,5
32200,2698.44,650.69,-0.103,0.036,0.912,1.59,5
32300,2695.4,650.78,-0.001,0.006,1.072,1.65,5
32400,2692.94,651.03,-0.014,-0.012,0.86,1.64,5
32500,2690.05,651.14,-0.021,-0.007,1.093,1.49,5
32600,2689.56,651.35,0.009,0.052,1.117,1.58,5
32700,2685.72,651.6,0.05,-0.052,0.958,1.81,5
32800,2683.75,651.83,0.029,-0.007,0.977,1.79,5
32900,2680.44,652.04,0.064,-0.047,0.96,1.63,5
33000,2678.93,652.28,0.039,0.031,1.015,1.5,5
33100,2676.38,652.34,0.029,0.06,0.976,1.49,5
33200,2675.03,652.55,-0.059,-0.072,0.922,1.81,5
33300,2672.03,652.74,0.044,-0.007,1.132,1.97,5
33400,2668.46,653.07,-0.005,-0.006,0.923,1.77,5
33500,2667.04,653.23,-0.016,0.071,1.126,1.94,5
33600,2663.74,653.42,0.023,-0.042,0.877,1.83,5
33700,2662.26,653.58,0.028,0.003,1.181,1.65,5
33800,2659.59,653.85,-0.022,0.049,1.011,1.66,5
33900,2657.26,654.05,-0.03,-0.142,0.853,1.56,5
34000,2654.57,654.1,0.055,0.013,0.888,1.66,5
34100,2652.13,654.38,-0.111,-0.001,1.037,2.01,5
34200,2650.13,654.47,0.008,-0.098,1.032,1.74,5
34300,2648.17,654.74,-0.063,-0.025,0.946,1.95,5
34400,2644.94,655.0,-0.044,0.018,0.88,1.75,5
34500,2642.85,655.13,0.013,-0.073,0.876,1.92,5
34600,2640.15,655.32,0.045,-0.053,1.079,1.79,5
34700,2638.9,655.6,-0.109,-0.108,0.88,1.93,5
34800,2636.49,655.76,-0.054,0.021,1.009,1.74,5
34900,2632.7,655.92,-0.029,0.088,0.873,1.94,5
35000,2631.79,656.1,0.038,-0.043,1.007,1.97,5
35100,2628.21,656.34,0.025,-0.011,1.003,2.2,5
35200,2626.11,656.57,0.017,0.07,0.706,,5
35300,2624.37,656.86,0.083,-0.064,1.167,1.9,5
35400,2621.28,656.92,-0.025,0.039,0.995,1.99,5
35500,2618.52,657.12,0.058,-0.085,1.013,1.78,5
35600,2618.07,657.28,0.061,0.071,0.932,1.79,5
35700,2613.45,657.55,0.068,0.035,0.99,2.09,5
35800,2610.88,657.7,0.023,-0.003,1.042,2.16,5
35900,2610.13,657.84,0.001,0.008,0.797,2.07,5
36000,2606.4,658.13,0.009,-0.035,0.967,1.93,5
36100,2604.29,658.35,-0.016,0.019,1.016,2.0,5
36200,2601.24,658.56,-0.01,0.105,1.084,1.96,5
36300,2599.88,658.73,-0.122,0.019,1.08,2.11,5
36400,2598.01,658.93,-0.013,-0.079,0.926,1.95,5
36500,2594.97,659.1,-0.011,0.071,1.114,2.13,5
36600,2592.65,659.37,-0.019,-0.021,1.181,2.14,5
36700,2589.98,659.52,-0.008,-0.067,1.077,2.07,5
36800,2587.67,659.69,0.061,0.03,0.875,2.04,5
36900,2584.81,659.85,-0.085,0.034,0.986,2.01,5
37000,2583.3,660.06,-0.032,0.047,1.06,2.14,5
37100,2580.67,660.27,-0.053,0.054,1.075,2.36,5
37200,2577.61,660.52,0.051,0.061,0.98,2.3,5
37300,2575.54,660.79,-0.009,0.021,0.914,2.38,5
37400,2572.89,660.81,-0.06,-0.017,1.033,2.3,5
37500,2570.09,661.03,0.028,0.087,1.097,2.2,5
37600,2569.27,661.26,-0.019,0.049,1.078,2.18,5
37700,2565.5,661.45,0.014,-0.066,0.967,2.18,5
37800,2563.41,661.71,-0.079,0.009,1.013,2.21,5
37900,2561.75,662.0,0.007,0.009,0.99,2.24,5
38000,2558.55,662.21,-0.064,-0.009,1.082,2.26,5
38100,2556.31,662.33,-0.005,0.051,1.072,2.49,5
38200,2553.44,662.49,-0.085,0.024,0.972,2.5,5
38300,2551.86,662.75,-0.094,-0.04,0.952,2.49,5
38400,2549.04,662.92,0.089,0.01,1.098,2.39,5
38500,2547.12,663.15,0.047,-0.045,0.849,2.12,5
38600,2544.93,663.29,-0.022,-0.011,1.109,2.6,5
38700,2541.95,663.5,0.055,-0.083,1.114,2.28,5
38800,2539.95,663.68,0.011,-0.057,1.022,2.43,5
38900,2537.83,664.03,0.0,-0.0,0.967,2.46,5
39000,2533.71,664.09,-0.078,-0.096,1.074,2.48,5
39100,2533.34,664.32,-0.022,-0.038,1.029,2.46,5
39200,2529.63,664.48,-0.005,-0.019,0.981,2.4,5
39300,2527.96,664.72,-0.04,-0.049,1.183,2.51,5
39400,2525.48,664.9,0.012,-0.094,0.963,2.29,5
39500,2522.57,665.21,-0.04,0.006,0.98,2.81,5
39600,2520.87,665.41,-0.085,-0.031,1.018,2.6,5
39700,2518.66,665.49,-0.035,0.021,0.914,2.47,5
39800,2515.54,665.78,0.037,0.02,0.893,2.56,5
39900,2512.48,665.93,0.047,-0.084,1.039,2.33,5
40000,2510.17,666.09,-0.02,0.06,0.89,2.53,5
40100,2508.08,666.3,-0.07,0.01,0.927,2.83,5
40200,2505.07,666.61,0.022,0.06,1.089,2.8,5
40300,2504.41,666.7,-0.033,-0.015,1.093,2.95,5
40400,2501.53,666.93,-0.014,0.025,0.978,2.82,5
40500,2498.45,667.16,0.012,0.056,1.015,2.79,5
40600,2497.44,667.4,-0.046,-0.072,0.994,2.51,5
40700,2493.29,667.57,-0.041,0.047,1.056,2.81,5
40800,2490.86,667.61,-0.029,0.02,0.982,2.9,5
40900,2489.29,667.95,-0.007,0.005,0.993,2.97,5
41000,2487.14,668.1,-0.077,0.059,0.963,2.78,5
41100,2484.56,668.36,-0.004,-0.074,0.973,2.83,5
41200,2482.15,668.6,0.039,-0.066,1.04,2.93,5
41300,2480.52,668.72,-0.067,-0.091,0.934,2.81,5
41400,2475.89,668.95,0.055,-0.034,0.988,2.8,5
41500,2475.63,669.18,0.043,0.116,0.93,2.91,5
41600,2473.3,669.4,-0.045,-0.041,1.026,3.01,5
41700,2470.37,669.54,0.031,0.032,1.003,2.76,5
41800,2467.4,669.68,0.039,0.021,1.075,2.95,5
41900,2464.38,670.03,0.031,0.045,0.996,2.97,5
42000,2462.39,670.12,0.1,0.017,0.999,2.78,5
42100,2460.63,670.31,-0.055,-0.011,0.917,3.2,5
42200,2457.62,670.58,-0.025,0.041,0.913,2.82,5
42300,2454.7,670.74,0.023,0.002,0.935,2.84,5
42400,2453.0,670.98,0.125,-0.035,0.973,2.88,5
42500,2449.64,671.13,0.051,-0.003,0.961,2.99,5
42600,2448.09,671.41,0.08,-0.013,1.029,3.36,5
42700,2445.69,671.56,0.044,0.033,0.951,3.06,5
42800,2444.12,671.86,-0.064,0.061,1.019,3.21,5
42900,2441.29,672.0,-0.033,0.058,0.922,3.36,5
43000,2438.02,672.09,0.035,-0.045,0.844,3.28,5
43100,2435.99,672.45,0.027,-0.001,1.093,2.95,5
43200,2434.12,672.55,-0.05,-0.066,1.018,3.28,5
43300,2432.01,672.76,0.08,-0.051,1.08,3.13,5
43400,2428.85,673.02,0.054,0.016,0.79,3.32,5
43500,2428.0,673.2,0.007,0.05,0.814,3.19,5
43600,2424.52,673.4,0.011,-0.167,0.964,3.0,5
43700,2422.52,673.64,0.023,0.033,1.186,3.37,5
43800,2419.75,673.84,0.053,0.001,1.024,3.4,5
43900,2416.52,674.06,0.013,0.031,1.159,3.13,5
44000,2415.46,674.28,0.044,-0.047,1.032,3.27,5
44100,2413.11,674.34,0.026,0.022,0.967,3.49,5
44200,2410.07,674.48,0.056,-0.014,0.94,3.56,5
44300,2408.17,674.87,-0.1,0.013,0.827,3.19,5
44400,2405.68,675.08,-0.056,-0.048,0.927,3.73,5
44500,2401.96,675.17,-0.054,0.059,0.831,3.72,5
44600,2401.07,675.46,-0.053,-0.071,1.078,3.59,5
44700,2398.05,675.63,0.012,-0.069,1.04,3.42,5
44800,4800.0,675.82,-0.105,-0.12,0.781,3.46,5
44900,2393.29,676.12,0.027,0.08,1.005,3.61,5
45000,2392.08,676.23,-0.062,0.003,1.189,3.7,5
45100,2388.68,676.52,0.009,0.035,1.049,3.44,5
45200,2387.58,676.61,-0.055,-0.013,0.935,3.54,5
45300,2383.95,676.94,-0.017,0.002,1.03,3.35,5
45400,2380.81,677.05,0.047,-0.085,0.871,3.35,5
45500,2378.04,677.29,0.005,0.008,0.891,3.61,5
45600,2377.63,677.49,-0.142,0.03,1.077,3.63,5
45700,2373.4,677.67,0.035,0.045,0.872,3.62,5
45800,2372.13,678.0,-0.036,-0.063,1.146,3.82,5
45900,2369.27,678.08,0.022,0.066,1.012,3.51,5
46000,2365.9,678.31,-0.059,0.007,0.993,3.82,5
46100,2364.14,678.44,0.051,-0.018,0.998,3.75,5
46200,2362.76,678.61,-0.057,0.019,1.134,3.69,5
46300,2360.6,678.88,0.009,0.057,1.147,3.51,5
46400,2356.14,679.09,-0.031,-0.036,0.826,3.67,5
46500,2354.11,679.28,0.023,0.001,0.899,3.68,5
46600,2352.23,679.45,0.001,0.06,0.993,3.82,5
46700,2350.17,679.71,-0.056,-0.058,0.99,3.86,5
46800,2348.01,679.85,-0.015,-0.051,0.973,4.04,5
46900,2345.41,680.07,0.035,0.084,0.874,3.91,5
47000,2342.39,680.3,0.059,0.021,0.986,3.75,5
47100,2340.84,680.63,-0.008,-0.053,0.965,3.87,5
47200,2337.31,680.74,-0.043,0.071,1.122,3.77,5
47300,2336.82,680.92,0.047,-0.098,0.905,3.94,5
47400,2333.42,681.2,-0.075,-0.006,0.806,3.74,5
47500,2330.3,681.3,-0.003,0.004,0.894,3.76,5
47600,2329.17,681.6,-0.001,0.006,0.951,3.88,5
47700,2325.81,681.68,-0.039,0.007,0.852,4.07,5
47800,2323.33,681.98,-0.085,0.084,0.931,4.0,5
47900,2320.88,682.13,-0.076,0.005,1.065,3.83,5
48000,2319.25,682.32,0.042,0.022,1.036,4.04,5
48100,2316.0,682.53,0.011,0.055,1.031,3.88,5
48200,2313.33,682.83,0.07,0.083,1.037,3.85,5
48300,2311.39,683.0,0.066,-0.123,1.003,4.01,5
48400,2309.63,683.14,0.046,0.015,1.012,3.99,5
48500,2306.88,683.41,-0.065,-0.018,0.943,4.0,5
48600,2303.38,683.61,0.058,-0.036,0.98,3.91,5
48700,2301.9,683.85,-0.029,0.031,0.984,3.95,5
48800,2298.66,683.96,0.04,-0.035,0.952,3.83,5
48900,2296.89,684.21,-0.141,-0.041,0.972,4.17,5
49000,2295.21,684.31,0.04,0.057,1.034,4.12,5
49100,2292.16,684.62,-0.043,0.005,1.023,4.13,5
49200,2289.38,684.88,0.002,-0.001,1.064,4.25,5
49300,2287.05,685.01,-0.018,-0.045,0.959,4.23,5
49400,2284.78,685.19,0.097,-0.065,1.204,4.1,5
49500,2281.99,685.41,0.098,0.008,1.038,4.07,5
49600,2280.83,685.68,-0.009,0.004,1.055,4.23,5
49700,2277.68,685.8,-0.084,0.041,0.899,4.08,5
49800,2276.84,686.05,-0.004,0.016,1.027,4.29,5
49900,2272.67,686.31,-0.004,-0.04,1.111,4.61,5
50000,2271.47,686.46,-0.077,0.028,0.979,4.21,5
50100,2267.37,686.69,0.027,0.017,1.139,4.29,5
50200,2266.99,686.89,0.067,-0.013,0.96,4.38,5
50300,2264.61,687.22,0.055,-0.066,0.876,3.96,5
50400,2262.32,687.35,-0.047,-0.062,0.911,4.47,5
50500,2259.76,687.47,0.007,-0.034,1.035,4.27,5
50600,2256.81,687.68,-0.006,-0.043,1.027,4.6,5
50700,2254.55,687.91,-0.045,-0.051,1.16,4.17,5
50800,-1200.0,688.05,-0.009,0.044,1.113,4.4,5
50900,2249.47,688.3,0.01,0.009,1.035,4.43,5
51000,2247.11,688.53,0.002,-0.087,1.099,4.51,5
51100,2245.53,688.79,0.027,0.036,1.109,4.46,5
51200,2241.18,689.02,-0.007,0.03,0.895,4.5,5
51300,2239.96,689.04,-0.011,-0.064,0.939,4.47,5
51400,2237.37,689.27,-0.051,-0.008,1.009,4.5,5
51500,2235.65,689.56,0.082,0.036,0.912,4.56,5
51600,2232.31,689.81,-0.016,-0.093,0.966,4.53,5
51700,2230.48,690.08,-0.074,0.089,1.068,4.51,5
51800,2227.7,690.21,-0.001,-0.022,0.868,4.4,5
51900,2225.59,690.44,-0.038,0.067,1.153,4.55,5
52000,2222.06,690.72,0.032,0.062,1.106,4.32,5
52100,2220.44,690.85,-0.041,-0.151,1.038,4.52,5
52200,2217.53,690.99,-0.018,-0.036,1.083,4.54,5
52300,2215.24,691.2,0.077,-0.012,0.934,4.62,5
52400,2213.25,691.45,0.032,0.038,1.075,4.41,5
52500,2210.46,691.67,0.065,-0.018,1.021,4.69,5
52600,2209.28,691.82,-0.034,-0.043,1.024,4.53,5
52700,2206.69,692.06,-0.008,-0.042,0.948,4.5,5
52800,2203.73,692.25,0.009,0.031,0.944,4.52,5
52900,2201.15,692.5,0.085,0.077,1.098,4.71,5
53000,2198.49,692.68,-0.012,-0.023,1.068,4.77,5
53100,2195.29,692.93,0.021,0.041,0.872,4.79,5
53200,2193.74,693.03,0.089,-0.047,1.023,4.56,5
53300,2192.37,693.32,0.021,-0.046,0.966,4.63,5
53400,2188.82,693.58,0.02,0.067,1.019,4.66,5
53500,2187.0,693.77,0.027,-0.035,0.872,4.72,5
53600,2184.86,693.92,0.036,0.022,0.958,4.82,5
53700,2182.1,694.14,-0.038,-0.065,0.928,4.8,5
53800,2179.26,694.41,0.033,-0.075,1.068,4.84,5
53900,2176.72,694.45,-0.015,-0.011,1.014,4.88,5
54000,2175.31,694.72,0.048,-0.023,0.892,4.86,5
54100,2172.6,694.89,0.048,-0.033,1.005,4.63,5
54200,2170.95,695.13,-0.014,-0.003,1.056,4.91,5
54300,2167.39,695.38,-0.021,0.051,1.008,4.84,5
54400,2165.35,695.7,0.037,0.058,1.142,4.81,5
54500,2162.25,695.7,0.02,0.05,1.126,5.0,5
54600,2160.36,696.02,0.05,0.001,1.02,5.13,5
54700,2158.74,696.24,0.087,-0.044,1.165,4.98,5
54800,2155.72,696.43,-0.066,0.001,0.787,5.24,5
54900,2153.24,696.67,0.001,-0.063,0.902,5.1,5
55000,2150.58,696.73,0.016,-0.001,1.09,4.9,5
55100,2148.11,697.07,0.052,-0.017,0.807,4.76,5
55200,2145.77,697.21,-0.045,-0.02,1.114,4.99,5
55300,2144.03,697.47,0.065,-0.06,1.115,5.18,5
55400,2140.99,697.6,-0.093,0.025,1.063,5.06,5
55500,2138.81,697.84,0.037,-0.067,0.97,4.9,5
55600,2136.82,698.04,0.007,0.047,1.043,5.24,5
55700,2133.15,698.16,-0.029,0.006,0.943,5.42,5
55800,2131.28,698.38,0.058,-0.03,0.824,5.12,5
55900,2130.42,698.69,0.031,-0.021,1.11,5.08,5
56000,2126.42,698.81,-0.056,-0.031,1.134,5.09,5
56100,2124.56,699.1,0.033,-0.046,0.974,5.33,5
56200,2120.31,699.31,0.027,0.073,1.031,5.25,5
56300,2120.24,699.6,-0.057,-0.005,1.023,5.38,5
56400,2116.63,699.84,-0.054,-0.021,0.944,5.21,5
56500,2115.19,699.91,0.038,-0.015,1.067,5.34,5
56600,2112.51,700.12,0.003,-0.062,1.061,5.22,5
56700,2110.43,700.36,0.022,-0.038,0.999,5.42,5
56800,2107.35,700.59,-0.011,0.021,0.891,5.31,5
56900,2105.46,700.84,0.035,0.073,1.075,5.22,5
57000,2103.4,701.01,-0.139,0.087,1.035,5.37,5
57100,2099.94,701.21,-0.019,-0.042,1.029,5.4,5
57200,2098.2,701.42,0.028,0.053,1.126,5.33,5
57300,2095.47,701.74,0.049,0.061,0.968,5.43,5
57400,2092.5,701.84,-0.095,0.151,1.124,5.32,5
57500,2090.62,702.09,-0.022,0.058,1.049,5.44,5
57600,2088.56,702.26,-0.061,0.091,0.913,5.43,5
57700,2085.49,702.42,-0.032,0.055,1.04,5.83,5
57800,2083.89,702.71,-0.029,0.0,1.0,5.45,5
57900,2082.12,702.9,0.003,-0.006,0.956,5.34,5
58000,2079.61,703.13,-0.029,-0.037,0.975,5.65,5
58100,2076.23,703.28,0.026,-0.036,1.076,5.75,5
58200,2074.13,703.52,0.046,0.013,0.896,5.37,5
58300,2071.62,703.71,-0.066,0.014,1.03,5.64,5
58400,2068.72,703.88,-0.027,0.019,1.055,5.26,5
58500,2067.0,704.14,-0.097,-0.051,1.157,5.58,5
58600,2064.24,704.34,-0.016,0.044,1.042,5.68,5
58700,2062.28,704.65,0.044,0.068,0.927,5.31,5
58800,2059.57,704.6,0.039,0.056,1.081,5.64,5
58900,2057.91,705.12,0.131,0.004,0.886,5.75,5
59000,2054.54,705.24,0.016,-0.025,0.907,5.47,5
59100,2053.14,705.38,-0.035,-0.02,0.925,5.77,5
59200,2049.5,705.64,-0.099,0.078,0.932,5.69,5
59300,2047.85,705.87,0.06,0.114,1.117,6.06,5
59400,2046.27,706.05,0.024,0.118,1.077,5.54,5
59500,2041.66,706.31,-0.031,-0.006,1.126,5.7,5
59600,2040.43,706.49,-0.072,0.051,0.93,5.42,5
59700,2037.58,706.86,0.002,-0.07,0.969,5.56,5
59800,2036.46,706.89,0.007,0.057,1.021,5.82,5
59900,2033.22,707.12,-0.006,0.036,0.882,6.07,5
60000,2029.87,707.31,0.039,0.024,1.11,5.65,5
60100,2028.99,707.5,-0.017,0.045,0.834,5.61,5
60200,2026.49,707.72,-0.037,-0.106,0.935,5.67,5
60300,2023.39,707.96,-0.036,0.018,0.97,5.73,5
60400,2022.16,708.18,-0.035,-0.032,1.049,5.68,5
60500,2020.09,708.34,-0.114,-0.04,1.079,5.79,5
60600,2017.07,708.53,0.062,0.086,1.035,5.86,5
60700,2014.93,708.71,-0.016,-0.035,0.975,5.88,5
60800,2012.03,709.07,-0.025,0.008,1.085,6.15,5
60900,2009.26,709.16,0.02,-0.079,0.877,5.94,5
61000,2007.04,709.38,-0.118,-0.037,0.951,6.02,5
61100,2002.76,709.61,0.03,-0.013,1.079,6.05,5
61200,2002.63,709.92,0.039,0.033,0.905,6.01,5
61300,1999.05,710.04,-0.033,0.062,0.982,6.03,5
61400,1997.57,710.26,-0.045,0.012,1.075,6.09,5
61500,1993.87,710.57,0.061,-0.006,1.114,6.3,5
61600,1991.78,710.73,-0.012,0.026,0.982,5.82,5
61700,1990.36,710.85,0.082,-0.102,0.925,6.1,5
61800,1988.12,711.12,0.082,-0.024,1.039,5.98,5
61900,1985.12,711.31,-0.0,-0.046,1.08,5.85,5
62000,1982.8,711.57,-0.021,-0.065,0.973,6.02,5
62100,1981.49,711.74,0.145,-0.018,0.882,6.09,5
62200,1978.5,711.94,0.002,0.041,0.929,6.17,5
62300,1976.22,712.26,-0.009,-0.048,0.959,6.42,5
62400,1974.14,712.34,-0.007,0.054,0.999,6.11,5
62500,1970.84,712.61,-0.011,-0.04,1.155,6.39,5
62600,1969.21,712.77,0.012,0.035,1.015,6.18,5
62700,1965.97,713.07,0.033,-0.004,0.901,6.06,5
62800,1964.66,713.32,0.101,-0.06,1.022,6.27,5
62900,1960.55,713.46,-0.04,-0.004,1.006,6.35,5
63000,1959.1,713.6,-0.039,0.031,,6.08,5
63100,1956.57,713.88,-0.075,0.09,0.841,6.06,5
63200,1953.23,714.16,0.085,0.09,1.024,6.25,5
63300,1951.06,714.4,0.008,-0.012,0.889,6.19,5
63400,1949.56,714.49,-0.019,-0.009,0.96,6.31,5
63500,1946.59,714.75,-0.017,-0.01,0.933,6.33,5
63600,1943.35,714.95,0.032,0.002,1.019,6.51,5
63700,1941.5,715.17,0.012,-0.103,1.094,6.17,5
63800,1938.75,715.39,0.119,-0.032,0.964,6.15,5
63900,1937.87,715.58,-0.087,-0.012,0.9,6.5,5
64000,1935.08,715.78,-0.085,-0.053,1.011,6.48,5
64100,1932.43,715.92,-0.014,0.021,1.045,6.6,5
64200,1930.4,716.19,0.072,-0.048,1.046,6.42,5
64300,1927.58,716.46,-0.034,0.061,1.145,6.71,5
64400,1925.82,716.68,0.061,0.04,0.99,6.67,5
64500,1922.69,716.81,0.061,-0.006,0.819,6.53,5
64600,1920.99,717.07,0.03,0.005,1.081,6.61,5
64700,1918.61,717.24,0.047,-0.036,1.017,6.4,5
64800,1914.81,717.5,0.062,-0.001,1.039,6.52,5
64900,1913.43,717.67,0.017,-0.095,0.821,6.65,5
65000,1911.01,717.86,0.005,-0.094,1.045,6.63,5
65100,1908.62,718.2,0.044,0.032,0.988,6.5,5
65200,1905.21,718.29,-0.073,-0.031,1.029,6.8,5
65300,1903.47,718.51,0.069,0.016,1.04,6.48,5
65400,1901.43,718.78,0.064,-0.03,0.895,6.57,5
65500,1898.39,719.03,0.0,0.031,1.146,6.74,5
65600,1896.69,719.11,0.021,-0.008,1.129,6.65,5
65700,1894.33,719.43,0.047,0.033,0.959,6.49,5
65800,1890.49,719.66,0.001,0.015,0.977,6.75,5
65900,1889.45,719.93,0.02,-0.021,0.889,6.77,5
66000,1888.05,720.08,-0.031,-0.041,1.078,6.49,5
66100,1884.04,720.32,-0.01,0.01,0.885,6.68,5
66200,1882.02,720.48,0.03,0.013,1.051,6.69,5
66300,1879.38,720.78,0.064,-0.067,0.939,6.92,5
66400,1877.57,720.84,-0.028,-0.033,1.074,6.77,5
66500,1874.44,721.1,-0.105,0.084,0.934,6.69,5
66600,1872.14,721.3,0.028,-0.054,0.994,6.92,5
66700,1871.22,721.6,-0.018,-0.01,1.046,6.73,5
66800,1868.14,721.81,-0.036,0.096,0.898,7.02,5
66900,1864.77,721.98,-0.122,0.051,1.045,7.02,5
67000,1862.75,722.13,-0.036,0.04,0.956,7.1,5
67100,1860.56,722.29,0.074,0.012,1.217,7.19,5
67200,1858.21,722.62,-0.052,-0.029,1.055,6.77,5
67300,1856.31,722.79,-0.009,-0.013,0.985,6.8,5
67400,1851.87,723.05,0.035,0.035,1.011,6.8,5
67500,1850.92,723.26,0.017,0.005,0.989,7.22,5
67600,1847.73,723.52,-0.03,0.042,1.105,6.82,5
67700,1845.75,723.72,-0.02,-0.053,0.942,7.16,5
67800,1842.37,723.86,-0.011,0.066,1.058,7.14,5
67900,1841.25,724.14,0.022,-0.029,0.952,7.09,5
68000,1837.95,724.34,0.058,-0.045,0.973,6.98,5
68100,1836.02,724.55,0.044,0.006,0.964,7.03,5
68200,1833.1,724.8,0.044,0.004,1.048,7.26,5
68300,1831.93,725.09,-0.038,0.02,1.086,7.01,5
68400,1829.34,725.18,0.032,0.042,1.138,7.15,5
68500,1826.55,725.44,0.052,-0.037,0.972,7.44,5
68600,1823.61,725.68,-0.055,-0.072,1.052,7.35,5
68700,1822.93,725.9,-0.014,0.029,1.153,7.47,5
68800,1819.87,726.04,0.05,0.037,0.881,7.08,5
68900,1817.24,726.29,-0.004,0.02,1.044,7.32,5
69000,1814.74,726.48,0.019,0.046,0.792,7.22,5
69000,1814.74,726.48,0.019,0.046,0.792,7.22,5
69100,1812.92,726.81,0.025,0.015,0.985,7.15,5
69200,1809.58,726.94,0.039,0.017,0.931,7.34,5
69300,1807.87,727.12,0.02,-0.044,0.916,7.33,5
69400,1805.0,727.24,0.058,0.009,1.212,7.49,5
69500,1802.85,727.6,-0.028,0.081,0.989,7.17,5
69600,1799.71,727.83,-0.06,0.053,1.086,7.22,5
69700,1798.28,728.03,0.009,-0.047,1.023,7.32,5
69800,1795.31,728.26,-0.02,-0.031,0.992,7.19,5
69900,1792.86,728.51,0.002,0.09,0.848,7.47,5
70000,1789.84,728.67,0.01,0.02,1.032,7.43,5
70100,1787.84,728.85,0.031,-0.045,1.119,7.38,5
70200,1784.24,729.14,0.025,0.034,1.048,7.64,5
70300,1784.21,729.3,-0.094,0.033,0.942,7.3,5
70400,1782.9,729.49,0.051,-0.007,0.996,7.57,5
70500,1779.1,729.69,0.014,0.012,1.054,7.28,5
70600,1775.75,729.99,-0.037,0.034,1.022,7.59,5
70700,1773.47,730.27,-0.001,0.011,0.982,7.58,5
70800,1772.61,730.35,-0.027,0.011,1.043,7.42,5
70900,1768.99,730.57,0.015,0.075,0.982,7.54,5
71000,1766.72,730.81,-0.039,-0.02,1.022,7.66,5
71100,1764.64,731.1,-0.049,-0.045,0.954,7.45,5
71200,1762.52,731.27,0.06,-0.014,1.086,7.73,5
71300,1759.41,731.46,0.08,0.005,1.143,7.63,5
71400,1757.36,731.74,-0.023,-0.025,0.977,7.77,5
71500,1753.3,731.95,0.024,-0.138,1.097,7.88,5
71600,1752.86,732.1,-0.022,0.06,0.997,7.55,5
71700,1749.21,732.32,0.041,-0.089,1.036,7.56,5
71800,1746.89,732.51,-0.036,-0.042,0.925,7.58,5
71900,1745.43,732.78,-0.071,0.05,0.905,7.74,5
72000,1742.2,732.99,-0.05,0.049,1.025,7.78,5
72100,1740.19,733.16,-0.011,-0.042,0.975,7.88,5
72200,1738.49,733.48,0.007,0.019,0.977,7.58,5
72300,1736.05,733.58,-0.025,0.021,1.003,7.73,5
72400,1733.49,733.87,0.003,0.002,0.986,7.65,5
72500,1731.61,734.06,-0.115,-0.059,1.111,7.6,5
72600,1727.7,734.32,0.006,0.001,1.023,7.82,5
72700,1726.23,734.5,0.081,-0.101,0.914,7.68,5
72800,1724.2,734.66,0.07,-0.022,1.03,7.69,5
72900,1720.93,734.88,-0.084,0.056,0.857,7.85,5
73000,1719.51,735.17,-0.014,-0.042,0.924,7.79,5
73100,1716.22,735.41,0.027,0.066,0.958,7.66,5
73200,1713.05,735.55,0.051,0.08,1.03,7.88,5
73300,1711.7,735.82,0.015,-0.04,0.98,7.66,5
73400,1709.91,736.18,0.009,0.002,0.923,7.69,5
73500,1707.27,736.32,0.029,-0.01,0.942,7.83,5
73600,1704.17,736.41,-0.011,-0.007,0.984,8.01,5
73700,1702.8,736.67,-0.053,-0.056,0.934,7.9,5
73800,1699.71,736.96,-0.024,0.033,1.036,8.05,5
73900,1697.76,737.07,0.11,-0.078,0.922,7.96,5
74000,1695.88,737.29,0.06,-0.071,1.196,7.91,5
74100,1692.58,737.52,0.003,0.021,1.0,8.06,5
74200,1689.58,737.83,-0.035,-0.082,1.017,7.87,5
74300,1687.07,738.06,0.009,0.036,0.985,7.89,5
74400,1685.61,738.25,0.078,0.015,1.057,7.88,5
74500,1682.26,738.44,-0.047,0.026,0.972,8.1,5
74600,1680.27,738.7,0.105,0.027,1.033,8.16,5
74700,1677.56,738.84,0.025,0.017,1.017,7.89,5
74800,1676.5,739.03,0.045,0.03,1.048,7.88,5
74900,1673.75,739.36,-0.006,-0.01,0.996,8.16,5
75000,1671.3,739.44,0.155,0.032,1.128,8.04,5
75100,1668.81,739.67,-0.031,-0.002,0.823,8.17,5
75200,1665.92,739.94,0.068,0.004,1.011,8.24,5
75300,1663.51,740.3,-0.03,0.081,0.875,8.22,5
75400,1661.42,740.43,0.029,-0.037,0.919,8.29,5
75500,1659.23,740.69,-0.032,-0.044,1.087,8.37,5
75600,1655.81,740.88,-0.028,-0.034,0.924,8.31,5
75700,1654.62,741.04,0.011,0.06,0.974,8.53,5
75800,1651.56,741.31,0.015,-0.014,1.025,8.39,5
75900,1649.98,741.57,0.043,0.008,1.102,8.26,5
76000,1647.3,741.6,-0.016,0.029,0.969,8.36,5
76100,1643.67,742.0,0.045,0.065,1.045,8.27,5
76200,1641.72,742.1,-0.091,-0.04,1.069,8.11,5
76300,1639.3,742.42,-0.015,0.014,0.821,8.36,5
76400,1636.46,742.57,-0.018,0.018,1.02,8.1,5
76500,1635.7,742.88,-0.028,-0.042,0.917,8.31,5
76600,1632.91,743.12,-0.01,0.088,1.057,8.35,5
76700,1630.0,743.33,-0.008,0.088,0.843,8.68,5
76800,1627.11,743.45,-0.028,-0.077,0.928,8.07,5
76900,1625.62,743.66,-0.038,0.07,1.061,8.58,5
77000,1623.29,743.91,0.035,-0.005,1.155,8.36,5
77100,1620.95,744.12,0.06,0.055,1.143,8.31,5
77200,1617.65,744.34,-0.006,0.118,0.901,8.51,5
77300,1616.54,744.5,0.016,-0.001,0.955,8.51,5
77400,1612.64,744.84,0.071,0.037,1.012,8.55,5
77400,1612.64,744.84,0.071,0.037,1.012,8.55,5
77500,1610.28,745.04,-0.113,0.01,0.838,8.58,5
77600,1608.27,745.22,0.015,-0.01,0.852,8.91,5
77700,1605.94,745.43,0.041,0.014,1.051,8.35,5
77800,1604.47,745.68,0.017,0.061,0.824,8.66,5
77900,1601.22,745.89,0.052,-0.019,0.944,8.22,5
78000,1597.83,746.16,0.043,-0.03,1.079,8.58,5
78100,1596.17,746.35,0.008,0.036,1.08,8.7,5
78200,1594.51,746.59,-0.005,-0.001,1.04,8.74,5
78300,1591.55,746.77,0.032,0.028,0.961,8.7,5
78400,1589.0,747.0,0.022,-0.033,0.876,8.67,5
78500,1586.79,747.27,-0.057,-0.063,0.956,8.67,5
78600,1583.7,747.48,0.017,-0.055,1.151,9.04,5
78700,1582.22,747.64,-0.06,-0.061,1.064,8.86,5
78800,1580.67,747.83,-0.049,0.008,0.994,8.97,5
78900,1577.33,748.06,0.039,0.125,1.068,8.58,5
79000,1574.7,748.33,-0.03,-0.017,0.867,8.97,5
79100,1572.22,748.59,0.08,-0.024,0.903,9.07,5
79200,1569.64,748.71,0.013,-0.038,1.103,8.87,5
79300,1567.88,749.01,-0.004,0.048,0.858,8.79,5
79400,1563.56,749.15,0.001,0.005,0.857,8.8,5
79500,1562.92,749.39,-0.075,0.035,0.948,9.07,5
79600,1560.27,749.69,-0.02,-0.056,0.915,9.0,5
79700,1557.97,749.86,0.065,-0.061,1.016,9.24,5
79800,1556.16,750.05,-0.024,0.006,1.003,8.75,5
79900,1553.0,750.34,-0.002,0.071,1.066,8.79,5
80000,1550.05,750.51,-0.012,0.054,1.117,8.95,5
80100,1548.54,750.68,-0.055,-0.069,1.136,8.93,5
80200,1546.19,750.98,0.085,0.017,0.997,8.88,5
80300,1543.61,751.12,0.054,-0.062,0.982,9.1,5
80400,1541.36,751.41,0.083,0.039,1.006,9.08,5
80500,1539.34,751.67,0.131,0.01,0.908,8.96,5
80600,1536.79,751.88,0.064,0.029,0.997,8.95,5
80700,1534.36,752.02,0.06,-0.016,1.054,9.17,5
80800,1532.09,752.36,0.011,0.036,0.909,8.88,5
80900,1528.18,752.49,-0.001,0.037,1.098,9.22,5
81000,1526.68,752.77,-0.017,0.025,0.863,8.94,5
81100,1524.21,752.96,0.059,0.003,1.281,9.49,5
81200,1523.93,753.17,-0.115,0.022,1.057,8.93,5
81300,1519.16,753.33,0.004,-0.031,0.97,9.3,5
81400,1517.16,753.7,0.044,-0.071,0.997,9.21,5
81500,1515.46,753.83,-0.085,0.057,0.985,9.1,5
81600,1511.64,754.07,-0.051,-0.032,0.988,8.99,5
81700,1510.46,754.3,-0.028,-0.06,0.969,9.1,5
81800,1507.83,754.56,-0.003,0.004,0.947,9.18,5
81900,1504.68,754.74,0.003,-0.048,0.998,9.42,5
82000,1502.63,754.96,0.039,-0.05,1.063,9.36,5
82100,1500.58,755.09,0.003,-0.006,1.009,9.28,5
82200,1498.36,755.42,-0.048,0.001,1.04,9.33,5
82300,1495.5,755.65,-0.004,0.073,0.862,9.53,5
82400,1493.26,755.91,-0.078,-0.043,0.976,9.52,5
82500,1491.2,756.02,0.028,0.08,0.937,9.24,5
82600,1488.87,756.35,0.06,-0.004,1.148,9.6,5
82700,1486.59,756.5,0.074,0.029,0.921,9.37,5
82800,1484.16,756.73,-0.004,0.034,0.942,8.95,5
82900,1480.9,757.04,-0.08,0.089,0.964,9.44,5
83000,1478.74,757.16,0.101,-0.034,1.006,9.42,5
83100,1477.04,757.44,-0.087,-0.083,0.983,9.61,5
83200,1473.83,757.64,-0.056,0.017,1.168,9.33,5
83300,1471.94,757.94,0.097,0.13,0.967,9.1,5
83400,1468.57,758.11,-0.017,-0.036,1.007,9.61,5
83500,,758.26,-0.056,0.019,1.016,9.32,5
83600,1464.45,758.51,0.08,-0.032,1.085,9.5,5
83700,1462.12,758.8,0.077,-0.065,1.087,9.46,5
83800,1459.83,758.95,-0.027,0.011,1.007,9.62,5
83900,1457.15,759.27,-0.008,-0.046,0.877,9.38,5
84000,1454.92,759.41,0.036,-0.003,1.037,9.5,5
84100,1451.79,759.67,-0.033,-0.03,0.973,9.36,5
84200,1449.71,759.95,-0.009,0.009,0.936,9.39,5
84300,1448.15,760.17,-0.01,0.03,1.067,9.6,5
84400,1446.42,760.39,-0.062,-0.011,1.204,9.62,5
84500,1443.0,760.64,0.084,0.044,0.868,9.63,5
84600,1440.17,760.74,0.011,0.105,1.052,9.68,5
84700,1439.08,761.05,-0.049,0.089,1.13,9.47,5
84800,1434.37,761.17,-0.002,0.017,0.963,9.7,5
84900,1433.52,761.43,0.032,0.049,0.993,9.65,5
85000,1431.16,761.59,0.041,0.061,0.903,9.89,5
85100,1427.94,761.82,-0.109,0.006,1.111,9.77,5
85200,1426.64,762.12,-0.08,-0.069,1.047,9.81,5
85300,1424.43,762.31,0.061,-0.021,0.929,9.87,5
85400,1420.97,762.62,0.019,-0.054,0.926,9.69,5
85500,1418.11,762.86,-0.047,-0.052,0.913,9.75,5
85600,1416.88,762.98,-0.002,-0.008,0.974,9.73,5
85700,1414.16,763.28,0.127,-0.054,0.909,9.79,5
85800,1411.79,763.42,0.043,-0.067,1.056,9.7,5
85900,1408.44,763.64,-0.035,-0.077,0.857,9.72,5
86000,1406.12,763.92,-0.001,0.023,0.971,9.72,5
86100,1405.61,764.09,-0.087,0.014,1.104,9.89,5
86200,1401.63,764.4,0.125,0.07,0.967,9.96,5
86300,1399.72,764.57,-0.092,-0.121,1.01,9.87,5
86400,1397.34,764.81,-0.053,-0.062,0.972,9.76,5
86500,1394.85,765.0,-0.015,-0.005,1.003,9.75,5
86600,1392.81,765.32,0.069,-0.124,1.018,9.94,5
86700,1389.89,765.53,0.008,-0.023,0.876,9.93,5
86800,1387.03,765.61,-0.051,0.011,0.88,9.82,5
86900,1385.54,766.01,0.05,0.051,1.221,9.91,5
87000,1383.75,766.16,-0.016,-0.005,1.075,9.81,5
87100,1380.27,766.36,-0.026,0.007,1.157,10.09,5
87200,1377.34,766.56,-0.053,-0.075,0.98,10.11,5
87300,1374.9,766.87,0.026,0.062,0.808,9.69,5
87400,1373.41,766.98,0.072,-0.002,0.869,10.16,5
87500,1370.9,767.29,-0.097,-0.06,1.103,10.11,5
87600,1367.95,767.53,0.009,-0.021,1.046,10.05,5
87700,1366.76,767.67,-0.037,0.017,1.005,10.05,5
87800,1364.33,767.95,0.048,0.024,0.878,10.15,5
87900,1361.17,768.25,0.088,0.06,0.856,9.98,5
88000,1358.2,768.4,-0.014,0.025,1.15,10.6,5
88100,1356.39,768.61,-0.061,0.039,1.052,9.95,5
88200,1354.16,768.83,0.033,-0.023,1.048,10.27,5
88300,1351.08,769.17,-0.024,-0.08,0.993,10.12,5
88400,1348.92,769.23,-0.079,-0.101,1.226,10.52,5
88500,1346.67,769.47,0.04,-0.065,0.997,10.2,5
88600,1344.91,769.83,0.119,-0.008,1.175,10.51,5
88700,1342.95,770.03,0.089,-0.128,0.987,10.08,5
88800,1339.81,770.14,-0.034,0.008,1.02,10.29,5
88900,1336.5,770.46,-0.068,0.041,0.975,10.45,5
89000,1333.92,770.59,-0.124,-0.076,1.028,10.45,5
89100,1331.34,770.92,-0.033,0.008,1.043,10.29,5
89200,1329.13,771.14,0.069,-0.02,1.071,10.2,5
89300,1327.84,771.35,-0.114,0.082,1.051,10.34,5
89400,1324.41,771.58,-0.038,0.018,1.0,10.31,5
89500,1322.49,771.8,-0.006,0.065,1.072,10.43,5
89600,1320.65,771.98,0.088,-0.02,1.171,10.26,5
89700,1318.48,772.15,-0.007,-0.081,1.04,10.43,5
89800,1315.56,772.38,-0.025,0.171,1.112,10.61,5
89900,1312.98,772.74,0.066,0.055,0.883,10.21,5
90000,1310.36,772.9,0.023,-0.096,0.814,10.51,5
90100,1308.18,773.23,-0.056,0.042,0.999,10.44,5
90200,1304.96,773.3,-0.022,-0.047,0.892,10.48,5
90300,1303.9,773.6,-0.054,-0.016,1.107,10.4,5
90400,1301.19,773.85,0.146,0.009,1.045,10.48,5
90500,1298.37,774.06,-0.097,0.086,1.103,10.4,5
90600,1296.59,774.31,0.007,-0.013,1.159,10.51,5
90700,1294.81,774.5,0.043,-0.004,0.941,10.32,5
90800,1291.89,774.69,0.033,0.033,1.063,10.73,5
90900,1288.66,774.89,0.026,0.011,0.869,10.72,5
91000,1288.03,775.19,0.079,-0.078,1.123,10.79,5
91100,1284.93,775.31,0.006,0.021,0.985,10.78,5
91200,1281.18,775.67,-0.035,0.06,1.078,10.82,5
91300,1280.42,775.76,-0.057,0.003,1.219,10.71,5
91400,1277.8,776.06,0.024,-0.019,1.044,10.74,5
91500,1274.23,776.43,0.035,0.041,0.898,10.66,5
91600,1272.93,776.55,0.061,0.07,0.834,10.8,5
91700,1269.83,776.83,-0.094,0.03,1.083,10.77,5
91800,1267.14,776.98,-0.001,-0.042,0.855,11.06,5
91900,1264.67,777.22,-0.005,0.022,1.011,10.66,5
92000,1264.46,777.5,0.002,-0.067,1.085,10.63,5
92100,1260.34,777.66,0.062,-0.009,1.055,10.81,5
92200,1258.32,777.93,-0.089,0.086,1.133,10.84,5
92300,1255.63,778.15,-0.073,-0.009,0.94,10.65,5
92400,1253.86,778.39,-0.04,0.049,1.049,10.64,5
92500,1251.92,778.57,0.044,-0.037,0.897,10.97,5
92600,1249.18,778.79,-0.0,-0.022,0.904,10.97,5
92700,1246.77,779.05,0.02,0.034,0.915,10.9,5
92800,1242.79,779.27,0.107,-0.03,1.138,11.11,5
92900,1241.85,779.51,0.016,0.081,1.04,11.15,5
93000,1239.92,779.83,0.041,0.054,0.955,11.07,5
93100,1236.99,780.05,-0.0,-0.032,1.04,11.01,5
93200,1234.33,780.22,-0.01,0.071,0.934,11.1,5
93300,1231.43,780.46,-0.109,0.019,1.055,10.98,5
93400,1228.67,780.6,-0.059,-0.013,0.931,10.89,5
93500,1226.6,780.82,0.064,-0.034,1.033,10.88,5
93600,1224.45,781.11,0.029,-0.005,1.094,10.91,5
93700,1221.43,781.35,-0.085,0.01,1.072,11.12,5
93800,1219.61,781.56,-0.121,0.045,1.015,10.93,5
93900,1217.96,781.74,0.0,0.029,0.962,11.17,5
94000,1215.54,782.01,-0.043,0.015,0.854,11.07,5
94100,1213.63,782.29,0.055,-0.038,0.938,10.89,5
94200,1209.45,782.42,0.052,0.047,1.037,11.08,5
94300,1207.15,782.67,0.007,-0.001,0.95,11.29,5
94400,1204.66,782.93,-0.111,0.051,1.109,11.16,5
94500,1203.3,783.11,-0.04,-0.016,0.979,11.07,5
94600,1201.01,783.34,-0.049,-0.041,1.092,11.09,5
94700,1198.68,783.66,0.033,0.059,0.933,11.26,5
94800,1195.23,783.91,0.059,-0.032,0.951,10.8,5
94900,1192.88,784.1,0.0,0.075,1.103,11.2,5
95000,1190.54,784.26,-0.055,0.009,0.934,11.07,5
95100,1187.78,784.58,0.038,0.055,0.97,11.18,5
95200,1185.72,784.78,-0.027,-0.06,1.007,11.41,5
95300,1182.92,785.07,-0.086,-0.034,1.057,11.31,5
95400,1180.94,785.22,0.051,0.054,0.979,11.17,5
95500,1179.7,785.5,-0.033,-0.019,1.106,11.38,5
95600,1177.21,785.67,0.086,0.123,0.981,11.48,5
95700,1173.23,785.89,-0.054,-0.026,1.023,11.3,5
95800,1171.18,786.18,0.059,-0.034,1.069,11.24,5
95900,1169.37,786.4,0.042,-0.037,0.949,11.5,5
96000,1167.0,786.54,-0.048,0.058,0.92,11.14,5
96100,1163.51,786.92,0.063,-0.037,1.013,11.29,5
96200,1162.19,787.0,0.03,0.073,0.848,11.66,5
96300,1160.13,787.35,-0.021,0.028,0.996,11.23,5
96400,1156.81,787.49,-0.039,0.06,0.908,11.55,5
96500,1154.78,787.74,0.016,-0.09,1.106,,5
96600,1153.19,788.02,0.064,-0.023,0.817,11.65,5
96700,1150.59,788.25,0.086,0.045,1.069,11.57,5
96800,1148.04,788.49,-0.013,0.008,0.974,11.65,5
96900,1145.19,788.75,0.029,0.039,0.999,11.49,5
97000,1143.02,788.92,0.011,0.026,1.057,11.41,5
97100,1138.71,789.15,-0.061,-0.096,0.922,11.44,5
97200,1138.8,789.41,-0.021,-0.07,1.045,11.46,5
97300,1135.45,789.7,0.041,0.094,0.976,11.49,5
97400,1133.22,789.86,0.057,-0.029,0.932,11.66,5
97500,1130.58,790.1,-0.055,0.02,1.128,11.74,5
97600,1128.41,790.33,-0.045,-0.059,1.105,11.63,5
97700,1126.46,790.6,0.02,0.042,1.128,11.78,5
97800,1123.35,790.65,0.019,0.045,0.984,11.74,5
97900,1119.85,790.94,-0.007,0.035,1.013,11.88,5
98000,1118.72,791.16,-0.092,-0.043,0.915,11.59,5
98100,1117.33,791.42,0.085,-0.085,1.082,11.83,5
98200,1114.64,791.67,0.013,0.057,0.913,11.69,5
98300,1112.69,791.83,0.047,0.048,1.071,11.98,5
98400,1109.61,792.17,0.043,0.092,0.89,11.76,5
98500,1107.5,792.33,0.034,0.019,0.912,11.88,5
98600,1105.65,792.57,0.049,-0.012,0.868,11.89,5
98700,1101.92,792.91,-0.017,0.111,0.936,11.61,5
98800,1100.67,792.98,-0.014,0.093,1.178,11.86,5
98900,1097.27,793.33,0.097,-0.033,0.933,12.13,5
99000,1094.1,793.58,0.021,-0.084,1.106,11.68,5
99100,1092.61,793.8,-0.061,-0.036,1.108,11.81,5
99200,1089.77,793.95,0.006,-0.04,0.78,12.18,5
99300,1088.03,794.13,-0.059,0.001,1.093,11.99,5
99400,1085.35,794.39,-0.057,0.042,0.965,11.98,5
99500,1082.97,794.61,0.084,0.035,1.146,11.87,5
99600,1081.43,794.9,0.044,0.075,1.12,11.79,5
99700,1077.55,795.16,-0.006,0.007,0.929,11.87,5
99800,1074.96,795.38,-0.075,0.087,0.939,11.92,5
99900,1073.59,795.66,-0.011,-0.057,0.81,11.9,5
100000,1071.62,795.88,0.059,-0.002,0.998,12.1,5
100100,1068.03,796.12,0.019,-0.03,1.051,11.98,5
100200,1065.78,796.32,0.044,-0.065,1.005,12.04,5
100300,1062.91,796.59,-0.017,0.014,0.957,12.32,5
100400,1061.82,796.83,0.114,0.024,1.156,12.2,5
100500,1058.93,797.03,0.014,0.014,0.954,12.24,5
100600,1056.77,797.22,-0.1,-0.071,0.913,12.25,5
100700,1054.02,797.51,-0.014,0.033,1.024,12.33,5
100800,1051.05,797.81,0.064,0.077,0.962,12.09,5
100900,1048.66,797.94,0.033,0.017,1.038,12.28,5
101000,1047.33,798.17,0.001,-0.045,1.066,12.45,5
101100,1044.23,798.48,-0.051,0.056,0.979,12.16,5
101200,1042.33,798.66,0.021,0.018,1.059,12.25,5
101300,1039.56,798.9,-0.012,0.014,1.022,12.15,5
101400,1036.75,799.1,0.043,0.027,0.933,12.13,5
101500,1033.28,799.32,-0.053,-0.0,0.95,12.22,5
101600,1031.37,799.6,0.017,0.034,0.948,12.33,5
101700,1030.52,799.84,-0.028,0.005,1.015,12.28,5
101800,1027.86,800.05,-0.027,-0.041,0.983,12.03,5
101900,1025.28,800.24,-0.017,0.009,0.793,12.3,5
102000,1022.76,800.46,-0.026,-0.061,1.167,12.66,5
102100,1019.31,800.71,0.036,-0.027,1.239,12.21,5
102200,1017.84,800.93,-0.104,0.006,1.094,12.48,5
102300,1015.74,801.22,0.063,-0.098,1.105,,5
102400,1013.4,801.35,0.034,-0.011,0.854,12.66,5
102500,1011.75,801.72,-0.063,-0.015,0.786,12.25,5
102600,1007.89,801.91,0.045,-0.018,1.167,12.46,5
102700,1005.43,802.14,-0.054,-0.021,1.003,12.62,5
102800,1002.84,802.37,0.019,0.046,0.949,12.31,5
102900,1000.39,802.61,-0.056,-0.027,0.941,12.41,5
103000,998.89,802.79,-0.031,0.027,0.95,12.69,5
103100,996.85,803.05,-0.043,0.025,1.125,12.64,5
103200,992.9,803.29,-0.028,-0.06,0.913,12.73,5
103300,991.75,803.6,0.045,0.037,0.893,12.63,5
103400,988.44,803.81,0.04,0.043,0.824,12.67,5
103500,986.1,804.02,0.065,0.084,0.987,12.37,5
103600,984.34,804.21,0.007,-0.042,0.997,12.73,5
103700,982.53,804.45,0.011,0.088,0.872,12.58,5
103800,979.97,804.83,0.041,0.002,1.032,12.67,5
103900,977.47,804.89,-0.015,-0.032,1.188,12.61,5
104000,974.2,805.17,0.022,0.05,0.927,12.83,5
104100,973.42,805.33,-0.036,-0.009,0.805,12.98,5
104200,971.2,805.45,-0.11,0.003,0.897,12.45,5
104300,967.27,805.85,-0.034,-0.003,0.983,12.82,5
104400,964.36,806.07,-0.033,0.032,0.948,12.86,5
104500,962.86,806.33,0.031,0.048,0.871,12.65,5
104600,960.01,806.6,0.006,-0.025,1.034,12.87,5
104700,957.38,806.76,0.052,0.097,1.019,12.74,5
104800,955.27,806.99,0.034,-0.011,1.117,12.82,5
104900,952.85,807.32,-0.021,0.046,1.12,12.78,5
105000,949.76,807.62,0.101,0.063,0.931,12.81,5
105100,948.54,807.74,-0.013,-0.108,0.927,12.97,5
105200,945.41,807.95,-0.033,-0.028,0.941,13.17,5
105300,943.49,808.27,0.008,-0.049,0.921,12.85,5
105400,940.49,808.51,0.046,-0.037,1.022,12.98,5
105500,937.45,808.66,0.131,-0.045,0.953,13.2,5
105600,936.06,808.89,0.025,-0.048,0.99,13.09,5
105700,934.81,809.16,-0.078,-0.047,1.221,12.93,5
105800,930.76,809.46,0.012,-0.038,1.093,13.01,5
105900,929.64,809.65,-0.061,-0.02,0.793,13.16,5
106000,926.81,809.88,0.022,0.034,1.105,13.23,5
106100,924.1,810.11,-0.023,0.046,0.906,12.98,5
106200,922.56,810.42,-0.035,-0.033,1.022,13.15,5
106300,920.76,810.62,0.007,-0.037,1.054,13.16,5
106400,916.78,810.76,-0.107,-0.012,1.11,13.14,5
106500,914.31,811.15,0.002,-0.001,1.054,,5
106600,911.71,811.33,0.046,-0.01,1.093,13.01,5
106700,909.65,811.5,0.034,0.083,0.978,13.35,5
106800,906.53,811.73,0.056,-0.087,1.015,13.27,5
106900,904.3,812.02,0.062,-0.011,1.158,13.04,5
107000,902.87,812.21,-0.045,0.056,0.988,13.13,9
107100,900.89,812.52,0.004,0.026,0.948,13.41,5
107200,899.44,812.63,-0.02,0.011,0.937,12.78,5
107300,895.38,813.01,-0.025,0.024,1.14,13.05,5
107400,893.38,813.17,0.096,0.093,1.17,13.22,5
107500,889.87,813.43,-0.03,0.021,0.868,12.97,5
107600,889.25,813.63,-0.03,-0.065,1.015,13.29,5
107700,886.32,813.95,0.029,-0.135,1.043,13.27,5
107800,883.98,814.08,-0.055,0.017,0.925,13.47,5
107900,881.43,814.34,-0.051,-0.131,1.026,13.32,5
108000,878.8,814.63,-0.033,0.065,1.093,13.52,5
108100,876.83,814.81,-0.021,0.008,0.916,13.06,5
108200,874.43,815.07,0.004,-0.051,1.067,13.59,5
108300,871.36,815.27,-0.033,0.035,0.971,13.57,5
108400,869.23,815.52,0.058,0.075,0.873,13.08,5
108500,866.82,815.82,0.026,0.008,1.021,13.2,5
108600,863.9,816.02,-0.023,-0.043,0.986,13.49,5
108700,861.03,816.32,-0.121,0.049,1.119,13.42,5
108800,861.2,816.48,-0.099,0.018,1.026,13.26,5
108900,855.94,816.8,-0.056,0.044,1.125,13.6,5
109000,855.33,816.92,-0.027,-0.032,1.127,13.34,5
109100,852.86,817.28,-0.011,0.008,0.967,13.48,5
109200,850.16,817.47,0.002,-0.096,1.062,13.58,5
109300,848.22,817.62,-0.013,-0.007,0.86,13.36,5
109400,845.05,817.93,-0.101,-0.04,0.905,13.66,5
109500,842.72,818.14,0.039,0.025,1.139,13.33,5
109600,840.77,818.43,-0.116,0.001,1.071,13.68,5
109700,836.74,818.59,0.028,-0.031,1.016,13.42,5
109800,835.9,818.85,-0.039,0.04,0.935,13.78,5
109900,833.72,819.08,0.13,0.06,0.999,13.41,5
110000,830.73,819.28,0.049,0.082,0.963,13.49,5
110100,828.77,819.6,0.004,-0.042,1.059,13.68,5
110200,825.48,819.86,-0.016,0.061,1.041,13.74,5
110300,823.97,820.05,-0.063,-0.027,1.057,13.73,5
110400,820.41,820.29,0.02,0.065,1.169,13.44,5
110500,818.59,820.48,0.009,0.072,0.974,13.67,5
110600,815.77,820.78,-0.056,-0.0,1.041,13.87,5
110700,813.68,820.98,-0.063,0.026,0.952,13.84,5
110800,811.06,821.24,-0.022,-0.058,0.888,13.92,5
110900,808.14,821.54,-0.065,-0.035,0.981,13.74,5
111000,806.85,821.68,0.026,-0.007,0.952,13.8,5
111100,804.76,821.95,-0.065,-0.072,0.984,13.64,5
111200,801.86,822.21,0.023,-0.031,0.895,14.06,5
111300,799.0,822.43,0.032,-0.028,0.871,13.99,5
111400,797.75,822.57,-0.057,0.029,1.101,13.96,5
111500,794.7,822.96,-0.046,-0.035,1.157,14.02,5
111600,792.46,823.2,-0.068,0.063,1.004,13.87,5
111700,789.45,823.39,0.047,0.017,1.117,13.78,5
111800,788.26,823.68,-0.053,0.03,0.803,13.67,5
111900,784.97,823.83,0.0,-0.069,0.943,14.0,5
112000,784.23,824.06,-0.022,-0.006,0.899,13.77,5
112100,780.06,824.38,-0.016,0.0,0.864,13.94,5
112200,778.76,824.53,0.018,-0.039,0.962,14.2,5
112300,775.85,824.8,0.084,0.039,1.077,13.83,5
112400,773.46,825.04,0.022,-0.034,0.894,14.01,5
112500,770.46,825.29,0.007,-0.025,1.066,14.29,5
112600,767.24,825.54,-0.007,0.064,1.193,13.91,5
112700,766.46,825.69,-0.054,0.042,1.104,13.86,5
112800,764.68,826.02,0.001,0.089,1.018,14.27,5
112900,761.2,826.21,-0.075,0.002,1.019,13.9,5
113000,758.72,826.41,-0.028,-0.096,0.94,14.07,5
113100,755.32,826.68,0.035,0.027,1.079,14.36,5
113200,754.57,827.01,-0.086,0.025,0.972,13.91,5
113300,751.52,827.29,-0.072,-0.036,1.161,14.06,5
113400,748.96,827.34,0.057,-0.013,1.1,14.09,5
113500,747.27,827.54,0.02,-0.09,1.067,14.12,5
113600,743.29,827.91,0.095,0.11,0.99,14.07,5
113700,741.84,828.22,0.048,-0.041,0.855,13.93,5
113800,740.01,828.41,0.047,0.041,0.976,14.31,5
113900,737.62,828.59,-0.112,-0.091,0.915,14.32,5
114000,733.8,828.87,0.036,0.01,1.031,14.11,5
114100,732.5,829.2,0.091,-0.09,0.933,14.53,5
114200,730.11,829.45,0.06,0.074,0.856,14.29,5
114300,727.83,829.66,0.066,-0.021,1.173,14.46,5
114400,725.56,829.9,0.075,0.043,1.086,14.21,5
114500,723.54,830.09,0.009,0.033,0.959,14.19,5
114600,721.47,830.32,0.074,0.027,1.025,14.38,5
114700,718.09,830.56,-0.036,0.067,1.007,14.22,5
114800,715.88,830.82,-0.008,-0.06,0.957,14.21,5
114900,712.06,831.1,0.026,-0.016,1.024,14.3,5
115000,710.77,831.36,-0.019,0.044,1.115,14.32,5
115100,707.88,831.42,0.016,0.011,1.071,14.24,5
115200,705.18,831.74,0.062,-0.069,1.048,14.22,5
115300,703.06,831.95,-0.087,0.018,0.964,14.45,5
115400,700.06,832.23,-0.052,0.019,0.99,14.65,5
115500,698.9,832.51,0.015,-0.01,1.047,14.49,5
115600,695.72,832.73,0.043,0.03,1.067,14.58,5
115700,694.65,832.93,0.037,0.011,1.019,14.52,5
115800,690.92,833.17,0.046,-0.04,1.056,14.61,5
115900,689.34,833.52,0.025,0.061,1.08,14.5,5
116000,686.82,833.72,-0.048,-0.078,0.98,14.33,5
116100,684.62,833.95,0.074,-0.055,0.88,14.66,5
116200,682.35,834.09,-0.049,0.034,0.831,14.55,5
116300,678.87,834.43,0.051,-0.008,1.021,14.75,5
116400,677.64,834.66,0.027,-0.004,0.846,14.66,5
116500,674.5,834.82,0.011,0.015,0.965,14.44,5
116600,672.61,835.15,-0.027,0.032,0.894,14.54,5
116700,670.75,835.28,-0.112,0.043,0.912,14.45,5
116800,667.59,835.61,0.02,-0.027,0.884,14.42,5
116900,664.84,835.83,-0.13,-0.072,1.087,14.58,5
117000,663.08,836.08,0.125,-0.023,1.032,14.74,5
117100,660.23,836.32,-0.03,0.02,1.168,14.59,5
117200,657.07,836.67,0.057,0.04,1.013,14.63,5
117300,655.2,836.76,0.025,0.008,1.097,14.62,5
117400,652.87,837.07,0.022,0.006,1.043,14.88,5
117500,651.64,837.21,0.05,-0.035,0.891,14.51,5
117600,648.56,837.59,0.053,-0.008,0.988,14.84,5
117700,646.87,837.81,-0.039,0.03,0.954,14.62,5
117800,643.59,838.1,0.005,-0.01,1.01,14.91,5
117900,641.87,838.32,0.0,-0.026,1.0,14.94,5
118000,639.37,838.52,0.022,0.007,0.953,14.8,5
118100,636.48,838.92,0.056,0.07,0.822,14.74,5
118200,634.49,838.95,0.12,-0.025,0.958,15.06,5
118300,632.17,839.14,-0.016,-0.005,1.038,15.16,5
118400,629.41,839.58,-0.107,-0.07,0.934,14.77,5
118500,626.99,839.81,-0.063,0.058,0.864,14.84,5
118600,624.85,839.98,-0.001,-0.004,1.035,15.13,5
118700,620.94,840.27,-0.067,0.033,0.993,15.26,5
118800,620.25,840.5,-0.063,-0.054,1.155,15.05,5
118900,616.75,840.68,-0.018,0.026,1.087,15.3,5
119000,615.02,840.91,-0.104,0.033,0.935,14.93,5
119100,612.76,841.18,0.046,0.052,0.984,14.85,5
119200,610.18,841.44,0.028,-0.082,1.021,15.28,5
119300,607.94,841.64,0.054,0.007,0.923,15.3,5
119400,604.67,841.96,-0.055,-0.064,0.731,14.99,5
119500,602.02,842.18,0.024,0.032,0.961,15.14,5
119600,600.38,842.41,0.087,0.057,0.95,15.32,5
119700,597.6,842.65,0.054,0.032,0.936,15.35,5
119800,596.35,842.81,0.047,-0.047,1.069,15.24,6
119900,595.61,843.06,-0.044,0.034,0.996,15.2,6
120000,593.43,843.07,0.032,0.01,0.969,15.33,6
120100,592.9,843.11,-0.119,-0.015,1.125,14.99,6
120200,591.4,843.34,0.066,0.043,1.074,15.4,6
120300,591.07,843.35,-0.068,0.039,1.041,15.3,6
120400,590.03,843.4,0.078,0.056,0.974,15.09,6
120500,589.53,843.47,0.069,-0.08,0.901,15.41,6
120600,588.83,843.48,0.05,-0.006,0.977,15.31,6
120700,587.48,843.65,0.049,-0.031,1.07,15.01,6
120800,587.47,843.81,0.011,-0.007,1.135,15.12,6
120900,586.62,843.83,-0.037,0.066,0.879,15.21,6
121000,585.92,843.88,-0.021,-0.033,1.067,15.12,6
121100,585.41,843.93,-0.019,0.015,0.935,15.34,6
121200,585.79,843.98,-0.034,-0.004,1.084,15.12,6
121300,584.53,844.0,0.012,-0.046,1.11,15.2,6
121400,583.1,844.05,-0.023,0.01,1.155,15.19,6
121500,583.47,844.1,0.0,-0.076,1.163,15.11,6
121600,582.22,844.21,-0.084,-0.014,1.034,15.27,6
121700,582.7,844.42,-0.091,0.109,1.123,15.31,6
121800,581.18,844.39,0.025,-0.042,0.956,15.1,6
121900,579.78,844.38,0.058,0.039,0.942,15.11,6
122000,579.77,844.4,0.031,0.002,0.846,15.01,6
122100,579.8,844.59,0.007,0.017,0.945,15.34,6
122200,578.63,844.61,0.021,-0.026,0.881,15.28,6
122300,577.44,844.72,-0.008,-0.043,1.069,15.15,6
122400,578.24,844.78,-0.047,0.042,0.928,15.31,6
122500,575.88,844.75,-0.0,-0.071,0.996,14.99,6
122600,575.98,844.87,0.024,0.004,0.981,15.3,6
122700,575.05,844.99,0.0,0.011,1.05,15.21,6
122800,573.71,844.97,-0.083,0.031,1.023,15.33,6
122900,574.42,844.98,-0.052,0.051,1.145,15.42,6
123000,572.89,845.27,-0.006,-0.002,1.189,15.81,6
123100,573.73,845.27,0.008,0.025,0.969,15.24,6
123200,572.55,845.23,-0.002,-0.078,0.857,15.03,6
123300,570.92,845.34,0.061,0.069,0.931,15.06,6
123400,570.91,845.44,0.03,0.056,1.065,15.36,6
123500,569.46,845.49,0.03,-0.059,1.073,15.45,6
123600,569.64,845.53,0.08,0.053,0.894,15.33,6
123700,569.42,845.55,0.007,-0.005,1.06,15.45,6
123800,567.36,845.62,0.037,-0.062,0.944,15.38,6
123900,566.33,845.74,0.008,-0.067,0.949,15.13,6
124000,567.23,845.82,0.006,-0.076,0.766,15.27,6
124100,565.64,845.87,0.036,-0.056,0.95,15.28,6
124200,565.23,845.89,0.004,0.135,1.131,15.2,6
124300,564.19,846.05,-0.048,0.007,0.974,15.47,6
124400,564.46,846.04,0.011,-0.024,1.112,15.27,6
124500,563.26,846.15,0.1,0.08,0.983,15.38,6
124600,563.4,846.26,-0.076,-0.063,0.812,15.32,6
124700,562.65,846.29,-0.072,-0.047,0.912,15.3,6
124800,561.99,846.43,-0.109,0.135,1.1,15.32,6
124900,561.45,846.48,0.037,0.053,0.922,15.3,6
125000,559.24,846.46,0.056,0.101,0.937,15.12,6
125100,559.97,846.62,0.011,0.066,1.005,15.44,6
125200,559.25,846.59,0.001,-0.023,1.064,15.15,6
125300,558.95,846.63,0.022,-0.018,0.881,15.38,6
125400,557.6,846.78,0.045,-0.068,1.144,15.3,6
125500,556.92,846.84,0.158,-0.024,1.039,15.4,6
125600,557.43,846.94,-0.01,-0.018,1.014,15.27,6
125700,556.47,847.01,-0.044,-0.03,1.007,15.45,6
125800,554.29,846.94,0.046,0.06,1.022,15.41,6
125900,554.7,847.02,0.013,-0.055,1.088,15.35,6
126000,553.88,847.1,-0.057,0.03,0.913,15.6,6
126100,553.7,847.13,0.03,-0.044,1.132,15.25,6
126200,552.95,847.24,-0.02,0.007,0.972,15.45,6
126300,551.13,847.45,0.058,0.026,0.99,15.56,6
126400,551.3,847.39,0.011,0.086,0.948,15.62,6
126500,550.1,847.58,0.039,-0.072,58.0,15.29,6
126600,549.47,847.53,0.009,0.037,0.937,15.44,6
126700,548.91,847.62,0.052,0.053,1.092,15.37,6
126800,549.07,847.72,-0.005,0.074,1.021,15.33,6
126900,546.97,847.72,-0.096,0.007,1.119,15.55,6
127000,547.54,847.83,0.042,0.034,0.849,15.24,6
127100,546.33,847.86,0.014,-0.041,0.979,15.53,6
127200,545.8,847.93,0.065,-0.015,0.896,15.31,6
127300,544.4,847.95,-0.042,0.097,1.045,15.34,6
127400,544.01,848.06,-0.003,-0.071,0.94,15.62,6
127500,544.11,848.19,0.017,0.014,1.072,15.26,6
127600,543.55,848.19,0.035,-0.052,1.091,15.53,6
127700,542.01,848.25,-0.044,-0.02,1.002,15.59,6
127800,541.54,848.34,-0.0,-0.003,0.96,15.31,6
127900,540.94,848.37,0.026,0.035,0.972,15.42,6
128000,540.78,848.43,-0.021,0.029,0.799,15.58,6
128100,539.32,848.48,-0.056,-0.007,0.986,15.73,6
128200,539.41,848.65,0.047,-0.043,0.993,15.54,6
128300,540.42,848.65,0.036,0.003,1.096,15.37,6
128400,538.54,848.68,0.019,0.014,0.966,15.81,6
128500,538.06,848.84,0.006,-0.019,1.102,15.55,6
128600,537.06,848.84,-0.022,-0.058,1.016,15.69,6
128700,536.45,848.88,-0.03,0.024,1.011,15.73,6
128800,535.72,849.0,-0.026,0.03,0.802,15.52,6
128900,534.33,849.07,-0.028,-0.063,1.158,15.17,6
129000,533.41,849.11,-0.041,0.04,1.03,15.57,6
129100,534.36,849.14,0.062,-0.053,0.92,15.65,6
129200,532.41,849.23,-0.001,0.031,1.161,15.5,6
129300,532.15,849.37,-0.034,-0.039,1.021,15.49,6
129400,531.76,849.28,-0.024,-0.088,1.139,15.48,6
129500,530.12,849.47,-0.059,0.097,1.028,15.32,6
129600,530.28,849.55,-0.002,0.011,0.971,15.33,6
129700,530.29,849.6,0.022,-0.01,0.852,15.42,6
129800,528.49,849.63,-0.013,-0.028,0.998,15.59,6
129900,528.43,849.71,0.006,-0.021,0.923,15.6,6
130000,528.2,849.79,-0.052,-0.043,0.827,15.69,6
130100,528.2,849.88,-0.048,-0.048,1.149,15.78,6
130200,527.44,849.85,0.088,0.024,1.034,15.53,6
130300,526.09,850.08,-0.014,-0.033,0.859,15.59,6
130400,525.61,850.01,0.062,-0.074,0.952,15.48,6
130500,524.76,850.11,-0.02,0.058,0.978,15.77,6
130600,524.08,850.11,-0.003,-0.071,0.768,15.45,6
130700,522.05,850.25,-0.02,-0.021,0.96,15.43,6
130800,522.77,850.36,0.042,-0.015,1.022,15.64,6
130900,520.81,850.33,0.01,-0.034,0.987,15.5,6
131000,521.4,850.51,0.028,0.054,0.888,15.89,6
131100,520.02,850.49,0.046,-0.027,1.011,15.43,6
131200,520.69,850.57,-0.019,0.056,0.984,15.66,6
131300,518.28,850.66,-0.036,0.064,0.913,15.43,6
131400,519.1,850.68,-0.035,-0.038,1.108,15.69,6
131500,518.03,850.76,-0.042,-0.032,1.105,15.48,6
131600,517.59,850.83,-0.019,-0.028,0.874,15.58,6
131700,517.41,850.94,-0.039,-0.042,0.976,15.63,6
131800,515.5,850.99,-0.063,0.032,1.111,15.76,6
131900,515.86,851.05,0.001,0.066,1.045,15.85,6
132000,514.72,851.07,-0.012,-0.051,1.025,15.67,6
132100,514.24,851.19,0.071,-0.009,0.931,15.71,6
132200,513.93,851.36,-0.068,-0.039,1.054,15.75,6
132300,513.8,851.27,0.046,0.007,1.118,15.59,6
132400,512.06,851.34,0.067,0.026,1.046,15.89,6
132500,512.1,851.5,0.044,0.076,1.019,15.42,6
132600,509.66,851.55,0.07,-0.057,1.06,15.76,6
132700,510.48,851.51,0.088,0.036,1.021,15.83,6
132800,510.04,851.55,0.033,0.023,0.852,15.74,6
132900,508.3,851.66,0.055,0.014,1.002,15.75,6
133000,508.51,851.75,-0.092,0.046,0.901,15.66,6
133100,507.61,851.83,0.089,0.02,1.101,15.3,6
133200,507.4,851.89,0.073,-0.048,1.037,15.68,6
133300,506.43,851.96,0.043,-0.003,0.939,15.58,6
133400,504.54,852.08,-0.093,0.072,,15.6,6
133500,505.27,852.01,0.041,0.103,0.984,15.76,6
133600,504.28,852.07,0.007,0.045,1.083,15.36,6
133700,502.98,852.28,-0.035,-0.013,0.865,15.42,6
133800,502.9,852.3,-0.005,-0.03,0.958,15.73,6
133900,503.4,852.43,0.028,-0.011,0.932,15.87,6
134000,501.35,852.45,0.021,0.02,0.972,15.58,6
134100,500.6,852.44,0.042,-0.017,0.938,15.73,6
134200,500.89,852.56,-0.053,-0.02,0.865,15.72,6
134300,500.69,852.71,0.025,0.035,1.043,15.69,6
134400,499.53,852.59,-0.013,-0.027,1.093,15.68,6
134500,498.6,852.76,0.017,-0.059,0.975,15.81,6
134600,497.88,852.89,0.017,0.017,0.863,15.98,6
134700,497.29,852.87,-0.012,0.064,0.946,15.85,6
134800,497.57,852.85,-0.077,-0.005,0.989,15.9,6
134900,496.12,853.05,0.025,0.034,0.932,15.64,6
135000,495.33,853.07,-0.066,-0.081,0.99,16.14,6
135100,494.67,853.34,-0.055,-0.038,1.082,15.83,6
135200,493.46,853.25,0.104,-0.103,1.16,15.76,6
135300,492.35,853.37,-0.031,0.029,1.059,15.71,6
135400,491.78,853.26,-0.04,-0.06,1.049,15.89,6
135500,492.21,853.44,0.045,0.015,0.961,15.67,6
135600,491.63,853.52,-0.072,-0.059,0.937,15.73,6
135700,490.28,853.55,-0.089,0.077,0.911,15.95,6
135800,490.08,853.66,-0.066,-0.017,0.831,15.83,6
135900,488.22,853.72,0.072,0.087,1.009,15.84,6
136000,488.68,853.82,-0.034,-0.077,0.943,15.85,6
136100,488.77,853.8,-0.009,0.036,1.032,15.82,6
136200,487.97,853.78,0.013,0.063,0.951,15.9,6
136300,487.33,853.96,0.021,-0.005,0.99,15.96,6
136400,485.63,853.98,-0.087,-0.034,0.977,15.74,6
136500,485.26,854.09,0.035,-0.01,1.138,16.08,6
136600,484.3,854.2,-0.023,-0.063,1.089,15.87,6
136700,484.66,854.23,-0.046,0.024,0.917,15.83,6
136800,483.78,854.3,0.006,-0.003,1.169,15.83,6
136900,483.77,854.35,-0.084,-0.054,1.068,15.92,6
137000,482.85,854.38,-0.121,-0.014,0.914,15.68,6
137100,481.45,854.45,0.04,0.025,0.894,15.66,6
137200,480.4,854.65,0.021,-0.019,0.891,15.71,6
137300,480.82,854.63,-0.029,0.069,0.946,15.76,6
137400,480.86,854.7,-0.059,-0.002,0.911,15.94,6
137500,479.89,854.68,0.081,0.019,1.2,16.05,6
137600,478.52,854.89,-0.013,-0.035,1.001,15.82,6
137700,478.27,854.94,-0.017,-0.019,1.006,15.92,6
137800,476.55,854.95,-0.067,-0.008,0.889,15.96,6
137900,477.3,855.04,0.057,0.005,0.874,16.02,6
138000,476.77,855.01,0.018,0.011,1.078,15.83,6
138100,475.39,855.23,0.039,0.037,0.897,15.91,6
138200,473.71,855.27,-0.033,-0.019,0.908,16.12,6
138300,474.42,855.4,0.075,0.091,1.025,15.98,6
138400,473.46,855.32,-0.011,0.025,0.709,15.94,6
138500,472.98,855.43,-0.054,0.085,1.028,15.98,6
138600,471.0,855.46,0.043,0.007,1.164,16.06,6
138700,471.13,855.56,-0.058,0.012,0.915,15.6,6
138800,469.88,855.64,-0.003,-0.052,1.024,15.73,6
138900,470.49,855.73,-0.024,-0.082,1.017,15.79,6
139000,469.09,855.68,0.017,-0.064,1.064,16.14,6
139100,468.59,855.77,-0.021,0.006,1.144,15.82,6
139200,467.67,855.87,-0.035,-0.029,1.171,16.12,6
139300,467.83,855.92,-0.09,0.02,1.074,15.93,6
139400,465.84,855.96,-0.002,-0.008,0.962,15.91,6
139500,466.19,856.13,0.045,0.023,0.942,15.69,6
139600,465.78,856.18,-0.055,0.041,1.105,16.03,6
139700,464.41,856.22,0.038,0.076,0.913,16.06,6
139800,465.17,856.27,0.062,-0.004,1.073,15.99,6
139900,463.22,856.43,-0.039,0.058,1.055,16.13,6
140000,462.66,856.49,0.013,-0.088,0.907,16.22,6
140100,461.81,856.5,0.077,0.068,1.003,16.16,6
140200,460.55,856.56,-0.051,0.057,0.841,15.8,6
140300,459.78,856.66,0.03,0.018,1.191,15.92,6
140400,460.66,856.67,-0.02,-0.081,0.864,15.97,6
140500,460.18,856.7,-0.013,0.012,0.869,16.33,6
140600,459.15,856.85,0.021,-0.13,0.957,15.99,6
140700,458.43,856.93,0.008,0.024,0.921,15.84,6
140800,457.1,856.96,0.014,-0.061,1.16,16.08,6
140900,456.94,857.06,-0.076,0.031,1.056,16.0,6
141000,455.62,857.09,-0.041,0.058,0.848,15.98,6
141100,456.1,857.21,0.026,0.035,0.907,16.03,6
141200,455.15,857.23,-0.015,0.059,1.0,16.11,6
141300,453.09,857.35,-0.051,0.054,1.099,16.13,6
141400,453.52,857.41,0.036,0.046,0.912,15.93,6
141500,452.93,857.49,0.071,-0.039,1.048,16.05,6
141600,453.2,857.56,-0.041,0.04,1.072,16.11,6
141700,452.42,857.53,0.071,-0.004,1.046,15.94,6
141800,451.2,857.62,-0.086,0.039,0.978,16.03,6
141900,450.22,857.66,0.036,-0.071,1.033,16.04,6
142000,449.47,857.73,0.043,0.067,0.987,16.17,6
142100,449.94,857.92,0.008,0.007,1.026,16.2,6
142200,448.48,857.86,-0.021,-0.094,0.941,16.03,6
142300,448.16,857.98,-0.031,-0.01,0.924,16.26,6
142400,447.28,858.08,0.074,0.049,1.047,16.13,6
142500,446.63,858.1,-0.019,0.006,0.977,16.24,6
142600,446.52,858.22,-0.075,0.015,0.98,16.04,6
142700,446.12,858.25,0.006,0.025,0.846,16.11,6
142800,444.43,858.18,-0.102,-0.021,0.94,15.94,6
142900,444.09,858.42,0.038,0.028,0.949,16.03,6
143000,444.91,858.4,0.037,0.018,0.959,16.05,6
143100,443.03,858.43,0.031,-0.02,0.901,16.36,6
143200,441.51,858.5,0.001,0.069,1.149,16.22,6
143300,440.54,858.65,-0.079,-0.051,0.981,16.01,6
143400,440.73,858.72,0.005,0.113,1.071,16.18,6
143500,440.21,858.75,0.013,0.021,1.031,16.04,6
143600,439.11,858.79,-0.047,0.016,1.028,16.06,6
143700,437.34,858.81,0.024,-0.01,1.092,16.27,6
143800,438.2,858.98,-0.05,-0.047,0.92,16.27,6
143900,437.65,859.05,-0.009,-0.059,1.047,15.93,6
144000,436.9,859.04,0.038,-0.0,1.095,16.36,6
144100,435.68,859.2,0.056,0.076,1.063,16.22,6
144200,435.91,859.2,-0.05,0.032,0.835,16.47,6
144300,435.47,859.25,-0.004,0.16,1.011,16.27,6
144400,435.0,859.43,0.01,-0.012,1.068,16.4,6
144500,433.31,,0.0,0.014,1.094,16.33,6
144600,433.18,859.47,-0.018,-0.027,1.0,15.96,6
144700,432.67,859.58,0.01,0.031,1.116,16.45,6
144800,431.05,859.68,0.028,0.016,0.826,16.27,6
144900,431.46,859.72,0.031,-0.034,0.984,16.4,6
145000,431.15,859.78,0.035,0.011,0.968,16.13,6
145100,429.53,859.88,-0.015,-0.058,0.96,16.29,6
145200,428.27,859.9,-0.115,0.035,1.117,16.38,6
145300,428.4,859.89,0.057,0.027,1.056,15.78,6
145400,427.47,860.04,-0.027,-0.028,0.886,16.33,6
145500,426.66,860.08,-0.005,0.035,1.005,16.66,6
145600,425.74,860.16,-0.0,0.048,0.969,16.25,6
145700,425.34,860.26,0.065,-0.088,0.898,16.28,6
145800,424.75,860.31,-0.08,-0.031,1.104,15.93,6
145900,424.83,860.43,0.11,0.077,0.991,16.08,6
146000,424.33,860.39,-0.032,0.074,1.16,16.3,6
146100,422.8,860.55,-0.008,-0.092,0.83,16.21,6
146200,422.17,860.57,0.003,0.072,0.979,16.42,6
146300,422.14,860.61,0.09,-0.04,0.929,16.36,6
146400,420.5,860.67,0.097,0.024,1.007,16.41,6
146500,419.47,860.79,-0.076,0.072,1.087,16.2,6
146600,419.03,860.76,-0.003,0.066,0.927,16.31,6
146700,419.44,860.95,0.045,0.019,1.004,16.38,6
146800,419.21,861.0,-0.07,-0.017,1.051,16.29,6
146900,417.52,861.04,0.023,-0.006,1.056,16.18,6
147000,417.64,861.1,-0.025,-0.009,1.07,16.37,6
147100,416.72,861.23,0.004,0.09,1.223,16.24,6
147200,417.05,861.23,0.009,0.081,1.037,16.1,6
147300,415.15,861.3,0.038,-0.021,0.949,16.15,6
147400,415.23,861.47,-0.108,-0.065,1.011,16.23,6
147500,413.64,861.49,0.024,0.008,0.9,16.62,6
147600,413.48,861.52,0.072,-0.028,1.051,16.44,6
147700,413.09,861.55,0.053,0.001,0.969,16.5,6
147800,412.0,861.6,-0.013,0.039,1.0,16.22,6
147900,411.41,861.83,-0.073,0.025,1.112,16.29,6
148000,410.7,861.73,-0.027,0.015,0.849,16.55,6
148100,410.79,861.83,-0.034,-0.037,1.077,16.42,6
148200,410.55,861.83,0.087,0.072,1.042,16.37,6
148300,409.18,862.02,0.091,-0.001,1.075,15.99,6
148400,407.71,861.92,0.09,0.041,0.943,16.27,6
148500,406.54,862.06,0.005,-0.015,1.084,16.27,6
148600,406.47,862.12,0.035,0.078,1.169,16.29,6
148700,407.12,862.26,0.04,-0.081,0.989,16.25,6
148800,405.42,862.33,-0.019,-0.043,1.02,16.6,6
148900,404.72,862.35,-0.002,0.027,0.99,16.33,6
149000,404.47,862.43,0.019,-0.006,0.975,16.45,6
149100,404.23,862.57,0.024,-0.021,,16.41,6
149200,403.51,862.53,0.04,0.005,0.987,16.3,6
149300,402.1,862.65,0.047,-0.026,0.965,16.33,6
149400,401.21,862.66,0.003,-0.009,0.972,16.42,6
149500,401.06,862.77,0.084,0.026,1.008,16.44,6
149600,401.05,862.76,0.036,-0.01,0.984,16.46,6
149700,399.05,862.89,0.026,-0.017,1.064,16.77,6
149800,398.58,862.96,-0.022,0.011,0.891,16.41,6
149900,398.37,863.1,-0.018,-0.044,0.981,16.37,6
150000,397.78,863.13,-0.014,-0.001,1.035,16.31,6
150100,396.7,863.22,0.013,-0.011,1.194,16.56,6
150200,395.75,863.37,0.03,-0.041,1.185,16.56,6
150300,397.34,863.32,0.046,-0.014,0.931,16.59,6
150400,396.91,863.47,0.028,0.054,1.113,16.52,6
150500,394.05,863.44,-0.022,0.038,1.015,16.34,6
150600,394.95,863.49,-0.002,0.031,1.089,16.59,6
150700,392.56,863.53,0.031,0.095,1.096,16.24,6
150800,392.74,863.68,0.013,0.062,0.939,16.28,6
150900,390.74,863.66,-0.081,-0.076,1.168,16.48,6
151000,392.02,863.78,0.006,0.063,0.825,16.45,6
151100,390.62,863.88,-0.005,-0.007,0.917,16.36,6
151200,389.95,863.9,-0.017,-0.022,0.996,16.56,6
151300,389.92,864.04,0.005,0.033,0.897,16.24,6
151400,389.26,864.13,0.022,-0.034,0.94,16.56,6
151500,388.4,864.13,-0.023,-0.096,0.922,16.44,6
151600,387.29,864.21,0.028,-0.081,0.906,16.5,6
151700,386.59,864.15,-0.077,0.069,1.09,16.53,6
151800,385.59,864.28,0.043,-0.058,1.044,16.26,6
151900,385.77,864.37,-0.069,0.062,1.042,16.33,6
152000,384.29,864.47,-0.058,0.078,1.043,16.8,6
152100,383.81,864.45,0.021,0.016,1.013,16.54,6
152200,382.32,864.58,0.037,0.081,1.019,16.59,6
152300,382.63,864.52,0.042,0.03,0.997,16.46,6
152400,382.41,864.7,-0.019,-0.003,1.059,16.22,6
152500,381.32,864.85,0.112,-0.119,1.055,16.44,6
152600,380.46,864.88,0.022,0.125,0.912,16.38,6
152700,379.78,864.94,-0.112,-0.056,0.837,16.36,6
152800,379.56,865.0,-0.032,-0.043,-41.0,16.48,6
152900,378.84,865.09,0.063,0.065,0.917,16.61,6
153000,377.88,865.22,-0.01,0.042,1.033,16.34,6
153100,377.28,865.13,-0.043,0.01,1.101,16.6,6
153200,376.93,865.25,-0.055,-0.053,1.041,16.51,6
153300,375.87,865.28,0.069,-0.014,0.867,16.58,6
153400,376.24,865.29,0.023,0.008,0.96,16.76,6
153500,374.32,865.39,-0.025,-0.03,0.879,16.71,6
153600,374.4,865.46,0.049,0.004,0.968,16.71,6
153700,374.34,865.61,0.073,-0.048,1.022,16.42,6
153800,372.81,865.67,-0.023,0.033,1.06,16.77,6
153900,372.11,865.74,-0.08,-0.018,1.049,16.59,6
154000,371.62,865.83,0.007,-0.023,0.938,16.58,6
154100,370.78,865.93,-0.072,0.027,1.051,16.41,6
154200,371.27,866.05,-0.007,0.006,1.008,16.54,6
154300,370.14,865.86,-0.1,0.124,1.077,16.62,6
154400,368.73,866.1,-0.076,-0.053,1.063,16.53,6
154500,367.77,866.12,-0.064,0.063,1.151,16.82,6
154600,367.98,866.19,-0.026,0.049,0.838,16.67,6
154700,368.07,866.18,-0.028,-0.029,1.055,16.66,6
154800,367.27,866.41,-0.053,0.007,1.035,16.34,6
154900,365.27,866.42,-0.082,-0.043,0.887,16.56,6
155000,365.97,866.4,-0.016,0.047,0.918,16.82,6
155100,365.21,866.51,0.014,0.064,0.871,16.58,6
155200,364.05,866.55,0.078,-0.112,1.01,16.75,6
155300,363.5,866.66,-0.006,0.003,0.977,16.92,6
155400,362.94,866.8,-0.029,0.063,0.748,16.82,6
155500,361.87,866.81,0.06,-0.022,0.933,16.4,6
155600,361.17,866.83,0.023,-0.036,0.939,16.53,6
155700,360.55,866.96,0.001,0.043,0.973,16.72,6
155800,360.53,867.06,0.084,-0.002,1.021,16.6,6
155900,359.46,867.11,0.065,0.005,0.895,16.53,6
156000,358.27,867.15,0.038,-0.022,1.17,16.37,6
156100,358.61,867.05,-0.098,0.014,0.894,16.56,6
156200,356.35,867.34,0.003,-0.005,0.993,16.76,6
156300,356.58,867.43,-0.064,-0.039,0.807,16.42,6
156400,356.56,867.41,-0.027,-0.002,1.018,16.52,6
156500,354.84,867.45,0.05,0.002,1.102,16.46,6
156600,355.64,867.55,0.05,-0.008,0.976,16.67,6
156700,354.59,867.63,-0.008,0.055,1.067,16.55,6
156800,353.96,867.62,-0.024,-0.025,0.889,16.94,6
156900,352.49,867.68,-0.05,0.022,0.996,16.67,6
157000,351.45,867.85,0.027,0.034,0.949,16.63,6
157100,351.98,867.89,0.03,-0.038,1.007,16.62,6
157200,350.03,867.89,0.002,-0.026,0.878,16.62,6
157300,350.8,868.02,0.009,-0.016,0.989,16.71,6
157400,349.25,868.07,-0.085,0.016,0.898,16.55,6
157500,348.9,868.21,-0.018,0.072,1.019,16.83,6
157600,348.44,868.19,-0.0,-0.007,1.066,16.89,6
157700,347.83,868.34,0.04,0.02,0.948,16.55,6
157800,347.4,868.37,-0.004,-0.035,0.87,16.89,6
157900,347.52,868.4,0.013,0.041,1.034,16.62,6
158000,346.13,868.48,-0.036,0.015,0.857,16.9,6
158100,345.18,868.59,0.04,0.083,0.894,16.53,6
158200,344.44,868.61,-0.045,0.045,1.076,16.92,6
158300,344.97,868.69,0.071,-0.067,1.003,16.7,6
158400,344.31,868.79,0.009,0.01,0.837,17.0,6
158500,342.43,868.84,-0.001,0.025,1.117,16.82,6
158600,342.51,868.93,-0.011,-0.003,1.073,16.87,6
158700,342.03,868.97,-0.042,0.038,0.947,16.9,6
158800,340.34,869.01,-0.076,-0.092,0.976,16.86,6
158900,340.52,869.06,0.021,-0.011,0.903,16.61,6
159000,339.23,869.09,-0.026,-0.06,1.065,16.98,6
159100,338.94,869.23,0.039,0.033,1.098,16.62,6
159100,338.94,869.23,0.039,0.033,1.098,16.62,6
159200,338.7,869.25,0.003,-0.025,1.005,16.74,6
159300,336.97,869.38,0.023,-0.023,0.947,16.53,6
159400,336.7,869.42,-0.138,0.026,1.04,16.96,6
159500,334.93,869.55,0.004,-0.118,0.985,16.67,6
159600,336.63,869.53,-0.071,-0.006,0.783,16.7,6
159700,334.84,869.74,0.007,-0.036,1.079,16.84,6
159800,333.98,869.79,0.041,0.001,1.0,16.68,6
159900,332.97,869.78,-0.032,-0.006,0.952,16.45,6
160000,332.54,869.83,0.007,0.01,0.928,16.8,6
160100,331.5,869.86,0.036,-0.005,1.115,16.86,6
160200,330.9,869.97,0.024,-0.026,1.066,16.65,6
160300,331.48,870.08,-0.03,0.045,0.884,16.96,6
160400,329.62,870.03,0.013,-0.05,1.053,16.96,6
160500,329.14,870.28,0.061,0.025,0.928,16.93,6
160600,328.64,870.32,-0.043,-0.066,0.822,16.61,6
160700,327.88,870.35,0.052,-0.068,0.997,17.23,6
160800,327.96,870.42,-0.024,-0.073,0.955,16.58,6
160900,326.55,870.48,-0.025,-0.01,1.02,16.73,6
161000,325.4,870.54,0.047,0.059,0.906,16.85,6
161100,325.57,870.63,0.032,0.007,1.048,17.0,6
161200,324.6,870.66,0.001,-0.04,1.0,16.59,6
161300,324.89,870.77,0.047,-0.001,1.035,17.28,6
161400,323.74,870.79,-0.005,0.003,1.228,17.0,6
161500,322.84,870.86,-0.055,-0.025,0.944,16.81,6
161600,323.28,870.91,0.039,-0.047,0.884,16.88,6
161700,322.03,870.96,0.048,0.076,0.945,16.8,6
161800,322.0,871.04,0.035,0.052,1.026,16.72,6
161900,321.34,871.08,0.048,-0.006,1.069,17.11,6
162000,318.72,871.17,-0.03,0.036,0.938,16.77,6
162100,319.85,871.22,0.023,-0.068,1.065,16.61,6
162200,318.76,871.29,-0.03,-0.001,1.031,16.84,6
162300,316.56,871.45,0.011,0.066,0.95,16.84,6
162400,317.1,871.52,0.028,-0.018,0.98,16.96,6
162500,316.56,871.53,-0.008,-0.006,1.169,17.05,6
162600,314.71,871.73,-0.041,-0.001,0.948,17.04,6
162700,315.07,871.75,-0.043,0.075,1.061,17.17,6
162800,314.85,871.82,-0.027,0.069,1.106,17.07,6
162900,314.33,871.92,0.033,-0.107,1.011,16.85,6
163000,312.34,871.88,0.008,0.007,0.937,16.97,6
163100,312.08,871.94,-0.012,-0.005,0.95,16.81,6
163200,311.84,871.99,-0.029,-0.098,1.017,17.06,6
163300,311.85,872.16,-0.098,-0.028,1.004,17.04,6
163400,311.06,872.13,-0.033,0.066,1.065,17.17,6
163500,309.79,872.27,-0.006,-0.008,1.279,16.73,6
163600,309.66,872.34,0.05,-0.052,1.035,17.01,6
163700,309.31,872.39,-0.009,0.033,1.131,17.02,6
163800,307.5,872.37,-0.037,0.007,1.103,17.08,6
163900,307.48,872.48,-0.038,0.017,1.016,17.02,6
164000,306.24,872.52,0.183,0.069,1.022,16.94,6
164100,306.72,872.64,-0.042,-0.008,1.065,16.91,6
164200,304.47,872.62,0.037,-0.033,1.071,16.73,6
164300,305.26,872.87,-0.086,-0.028,1.112,17.04,6
164400,304.64,872.81,0.002,-0.005,1.069,17.0,6
164500,303.67,872.88,-0.037,0.012,1.04,17.09,6
164600,302.79,872.99,0.014,-0.04,1.163,17.19,6
164700,302.32,872.97,-0.002,-0.009,0.973,16.84,6
164800,301.02,873.04,-0.025,0.025,0.95,16.93,6
164900,301.05,873.11,0.058,-0.066,1.072,16.85,6
165000,299.78,873.23,-0.008,-0.021,1.086,17.13,6
165100,299.25,873.21,0.056,0.001,1.118,17.23,6
165200,298.52,873.41,0.055,-0.059,1.025,16.91,6
165300,299.41,873.48,0.025,0.017,1.081,17.13,6
165400,298.18,873.53,-0.002,-0.06,1.11,17.5,6
165500,296.59,873.52,-0.01,0.077,0.926,17.29,6
165600,296.33,873.74,0.071,-0.051,1.033,16.99,6
165700,296.09,873.65,0.026,0.058,0.894,17.23,6
165800,295.4,873.79,0.016,-0.001,0.953,17.15,6
165900,295.03,873.92,-0.047,-0.113,0.965,17.27,6
166000,295.05,873.88,0.075,0.06,0.982,17.1,6
166100,292.91,874.03,0.044,0.008,1.162,17.04,6
166200,292.01,874.07,-0.114,0.058,1.101,17.13,6
166300,292.07,874.11,0.074,0.054,0.954,16.8,6
166400,291.38,874.16,0.038,-0.105,1.099,17.22,6
166500,289.76,874.23,-0.002,-0.003,0.981,17.2,6
166600,290.24,874.34,0.071,0.042,1.071,17.21,6
166700,289.22,874.33,-0.042,0.01,1.028,17.02,6
166800,289.07,874.41,0.108,0.074,0.946,17.11,6
166900,288.28,874.5,-0.021,-0.05,1.059,17.03,6
167000,288.52,874.6,-0.041,0.029,0.963,17.16,6
167100,286.28,874.67,-0.005,0.003,1.001,17.11,6
167200,287.88,874.87,0.001,0.033,0.924,16.97,6
167300,287.3,874.8,-0.097,0.01,0.977,17.43,6
167400,284.25,874.81,-0.057,0.019,0.952,17.01,6
167500,284.91,874.95,-0.012,0.003,1.034,17.22,6
167600,284.07,874.99,-0.043,0.003,1.115,17.14,6
167700,282.84,875.06,0.002,0.011,0.957,17.0,6
167800,282.67,875.14,-0.038,-0.05,0.821,17.35,6
167900,281.33,875.12,-0.013,0.012,1.019,17.21,6
168000,279.75,875.26,0.048,-0.056,0.925,17.0,6
168100,279.82,875.28,0.013,-0.065,1.13,17.18,6
168200,279.27,875.38,-0.094,0.043,1.097,17.07,6
168300,278.07,875.54,-0.046,0.055,1.066,17.04,6
168400,278.23,875.58,-0.032,-0.015,1.052,16.98,6
168500,277.22,875.6,-0.023,-0.026,0.961,16.9,6
168600,276.62,875.69,-0.035,-0.039,0.877,17.22,6
168700,276.79,875.76,-0.071,-0.018,0.947,17.15,6
168800,275.29,875.83,-0.132,0.028,0.98,17.06,6
168900,275.56,875.84,0.017,-0.021,1.05,16.98,6
169000,274.26,875.97,0.004,-0.027,1.177,17.14,6
169100,274.41,875.99,0.03,0.032,1.066,17.44,6
169100,274.41,875.99,0.03,0.032,1.066,17.44,6
169200,272.65,876.1,-0.086,-0.031,1.09,17.21,6
169300,272.13,876.11,-0.041,0.124,0.989,17.21,6
169400,271.29,876.2,0.041,-0.102,0.918,17.4,6
169500,271.9,876.27,-0.093,0.027,0.833,17.24,6
169600,270.61,876.34,0.056,-0.04,1.078,17.11,6
169700,269.28,876.37,-0.045,-0.085,0.988,17.0,6
169800,269.99,876.48,0.06,-0.05,1.012,17.18,6
169900,269.64,876.54,-0.044,0.053,1.105,17.31,6
170000,268.34,876.66,-0.09,0.079,1.192,17.13,6
170100,267.22,876.69,0.007,0.029,0.949,17.42,6
170200,266.97,876.8,0.025,0.031,0.938,17.19,6
170300,265.11,876.91,-0.067,0.021,0.949,17.37,6
170400,266.67,876.93,0.026,-0.021,0.94,17.13,6
170500,264.0,876.99,-0.027,0.008,1.023,17.28,6
170600,263.95,877.01,-0.042,-0.026,0.917,17.06,6
170700,261.47,877.18,0.052,0.027,0.97,17.26,6
170800,262.41,877.14,-0.03,0.057,1.103,17.42,6
170900,263.25,877.17,-0.038,-0.029,1.057,17.33,6
171000,261.42,877.29,0.023,0.022,1.074,17.38,6
171100,260.27,877.39,-0.041,0.038,1.108,17.42,6
171200,259.65,877.43,0.036,0.026,0.992,17.21,6
171300,259.63,877.54,-0.057,0.015,0.778,17.2,6
171400,259.14,877.52,-0.03,0.027,1.159,17.25,6
171500,258.33,877.62,-0.042,-0.001,0.966,17.58,6
171600,256.74,877.66,0.019,0.028,0.963,17.27,6
171700,257.33,877.83,-0.003,-0.113,1.004,17.34,6
171800,256.42,877.84,-0.065,-0.11,0.914,17.2,6
171900,255.81,877.97,-0.051,0.048,1.028,17.17,6
172000,255.32,878.05,-0.051,-0.063,1.104,17.18,6
172100,255.18,878.03,-0.02,-0.009,1.019,17.55,6
172200,253.5,878.15,0.03,0.01,0.931,17.48,6
172300,252.51,878.17,-0.043,-0.07,0.982,17.33,6
172400,251.55,878.33,-0.142,-0.043,1.048,17.52,6
172500,251.86,878.45,0.013,-0.037,0.888,17.42,6
172600,250.54,878.39,-0.038,0.021,0.919,17.47,6
172700,250.58,878.46,-0.025,-0.002,1.127,17.51,6
172800,249.55,878.59,0.014,-0.043,1.227,17.4,6
172900,248.79,878.54,0.009,0.039,0.99,17.21,6
173000,249.98,878.65,-0.012,0.054,0.904,17.48,6
173100,247.95,878.8,0.055,-0.078,0.928,17.41,6
173200,247.25,878.83,0.052,0.029,1.001,17.58,6
173300,245.32,878.9,0.073,0.009,1.009,17.43,6
173400,245.67,879.04,-0.016,0.119,0.957,17.24,6
173500,244.75,879.09,-0.019,0.002,1.092,17.68,6
173600,244.63,879.06,-0.12,0.018,1.082,17.44,6
173700,244.73,879.13,0.025,-0.026,1.094,17.28,6
173800,242.8,879.23,0.028,0.06,1.123,17.34,6
173900,241.64,879.27,-0.034,-0.023,1.118,17.5,6
174000,241.32,879.49,0.039,0.056,0.993,17.42,6
174100,241.14,879.47,0.046,0.058,1.002,17.56,6
174200,240.21,879.46,0.078,0.051,0.911,17.58,6
174300,239.3,879.49,-0.016,-0.055,1.064,17.76,6
174400,239.02,879.57,0.055,-0.062,0.972,17.63,6
174500,237.95,879.71,-0.01,0.017,0.992,17.38,6
174600,237.48,879.78,-0.031,0.024,1.09,17.45,6
174700,237.29,879.83,-0.034,0.007,1.085,17.44,6
174800,237.42,879.83,0.022,-0.092,0.898,17.87,6
174900,236.63,879.97,0.014,-0.006,1.087,17.6,6
175000,234.99,879.96,0.015,0.025,0.967,17.49,6
175100,233.76,880.01,-0.003,0.051,0.984,17.21,6
175200,234.17,880.15,0.038,-0.024,1.064,17.5,6
175300,233.08,880.22,0.0,0.055,0.939,17.4,6
175400,233.07,880.27,0.029,-0.051,1.076,17.69,6
175500,232.33,880.41,-0.057,0.023,0.878,17.51,6
175600,231.11,880.43,0.018,0.062,1.048,17.67,6
175700,231.06,880.54,0.08,-0.045,1.058,17.65,6
175800,230.93,880.57,0.006,0.059,1.171,17.48,6
175900,230.15,880.7,0.027,0.01,1.062,17.65,6
176000,228.2,880.68,-0.033,-0.062,0.914,17.45,6
176100,228.31,880.87,-0.025,-0.044,0.994,17.3,6
176200,227.14,880.91,0.077,0.012,0.867,17.41,6
176300,227.11,880.97,0.071,-0.003,0.964,17.41,6
176400,226.41,880.98,-0.011,0.024,0.813,17.48,6
176500,225.11,880.98,0.003,0.003,1.001,17.87,6
176600,224.05,881.07,0.073,-0.074,0.831,17.41,6
176700,223.86,881.2,0.078,-0.014,1.002,17.55,6
176800,223.57,881.29,0.037,0.012,1.191,17.42,6
176900,222.62,881.31,0.103,0.013,1.051,17.54,6
177000,221.91,881.34,-0.054,0.075,1.024,17.24,6
177100,223.26,881.51,-0.065,0.072,0.886,17.43,6
177200,221.34,881.48,0.137,0.001,0.793,17.66,6
177300,220.36,881.59,0.035,0.024,0.973,17.29,6
177400,220.07,881.54,-0.037,-0.037,1.053,17.66,6
177500,218.6,881.72,0.001,0.026,1.105,17.92,6
177600,218.52,881.75,0.068,-0.014,1.098,17.77,6
177700,217.54,881.88,0.011,-0.003,0.876,17.31,6
177800,217.33,881.93,-0.006,-0.067,1.09,17.68,6
177900,216.43,882.11,0.044,0.016,0.995,17.58,6
178000,215.22,882.07,0.027,-0.005,1.01,17.65,6
178100,215.85,882.11,0.056,-0.002,0.925,17.48,6
178200,215.37,882.21,-0.041,-0.01,0.924,17.6,6
178300,213.68,882.36,0.044,-0.073,1.006,17.41,6
178400,212.78,882.42,0.021,0.088,0.931,17.38,6
178500,213.54,882.37,-0.056,0.035,1.002,17.68,6
178600,211.74,882.52,0.03,0.026,0.924,17.56,6
178700,209.8,882.52,0.002,0.006,0.921,17.6,6
178800,211.66,882.67,0.012,-0.013,0.877,17.81,6
178900,210.12,882.68,-0.067,-0.041,0.889,17.67,6
179000,208.28,882.77,-0.031,0.004,1.003,17.84,6
179100,208.86,882.8,0.117,0.048,1.072,17.68,6
179200,208.77,882.95,0.037,0.091,1.03,17.5,6
179300,207.33,882.94,-0.087,0.053,1.042,17.5,6
179400,206.53,883.02,0.11,0.107,1.049,17.61,6
179500,206.72,883.05,0.013,0.052,1.027,17.72,6
179600,206.05,883.13,-0.092,-0.106,0.855,17.71,6
179700,205.83,883.21,-0.084,-0.065,1.042,17.67,6
179800,204.51,883.28,0.015,-0.058,0.907,17.62,6
179900,203.38,883.43,-0.146,-0.009,1.223,17.78,6
180000,202.03,883.41,-0.066,0.028,0.85,17.84,6
180100,201.65,883.5,-0.05,0.04,1.007,17.48,6
180200,201.22,883.54,0.069,-0.036,0.889,17.95,6
180300,201.36,883.7,-0.046,-0.014,0.986,17.77,6
180300,201.36,883.7,-0.046,-0.014,0.986,17.77,6
180400,9999.0,883.73,0.039,-0.014,1.059,17.53,6
180500,200.05,883.72,0.041,0.024,0.946,17.67,6
180600,199.84,883.92,0.049,-0.043,1.043,17.82,6
180700,197.94,883.88,-0.057,0.044,0.942,17.62,6
180800,198.03,883.96,-0.01,-0.082,0.963,17.61,6
180900,196.98,884.09,0.114,-0.105,0.857,17.85,6
181000,197.0,884.12,0.038,0.045,0.883,17.52,6
181100,194.62,884.19,0.105,-0.048,0.961,17.39,6
181200,194.93,884.31,-0.041,-0.068,1.053,17.67,6
181300,195.3,884.37,0.042,-0.065,1.043,17.51,6
181400,193.06,884.39,-0.108,-0.006,1.069,17.73,6
181500,194.06,884.56,0.005,0.01,1.0,17.92,6
181600,192.04,884.59,0.015,-0.03,1.003,17.75,6
181700,191.43,884.63,0.03,0.003,1.058,17.91,6
181800,190.63,884.64,0.073,0.002,1.046,17.98,6
181900,190.29,884.72,-0.029,-0.069,0.909,17.68,6
182000,189.39,884.89,0.019,-0.053,0.976,17.76,6
182100,189.84,884.91,-0.001,0.032,0.948,18.16,6
182200,189.6,884.97,0.014,-0.007,1.022,17.67,6
182300,188.54,885.04,-0.024,0.097,1.053,17.91,6
182400,186.83,885.16,-0.014,-0.065,1.028,17.59,6
182500,186.9,885.17,-0.045,0.056,0.979,17.55,6
182600,187.22,885.19,0.043,0.007,0.955,17.64,6
182700,185.08,885.3,0.026,0.026,1.0,17.74,6
182800,184.82,885.39,-0.021,0.014,0.964,17.59,6
182900,183.32,885.52,-0.015,0.024,1.192,17.7,6
183000,183.31,885.56,0.031,-0.006,1.025,17.89,6
183100,183.07,885.58,-0.024,-0.032,0.979,17.63,6
183200,182.03,885.55,0.027,-0.039,1.071,17.87,6
183300,181.92,885.69,-0.028,-0.028,1.155,17.63,6
183400,181.1,885.71,-0.048,-0.075,0.984,17.61,6
183500,180.68,885.74,-0.032,0.0,0.856,17.76,6
183600,178.82,885.94,0.02,-0.037,1.074,17.72,6
183700,178.5,885.94,0.007,-0.104,0.952,17.77,6
183800,178.36,886.03,0.077,-0.069,1.044,17.85,6
183900,176.69,886.13,-0.027,0.048,0.877,17.78,6
184000,176.12,886.19,0.048,-0.0,1.084,17.99,6
184100,176.08,886.21,0.007,-0.019,0.835,17.97,6
184200,175.77,886.36,-0.084,-0.017,0.996,17.97,6
184300,175.16,886.45,-0.025,0.032,0.839,17.95,6
184400,174.5,886.55,-0.038,0.047,1.175,17.83,6
184500,173.4,886.48,-0.064,0.102,0.958,18.03,6
184600,173.55,886.52,-0.033,0.021,1.087,17.91,6
184700,171.58,886.68,-0.02,-0.092,0.968,17.73,6
184800,170.68,886.69,0.019,-0.043,1.18,17.88,6
184900,171.27,886.93,0.024,0.028,1.01,17.86,6
185000,170.79,886.86,-0.051,0.014,1.149,17.67,6
185100,168.74,886.98,-0.014,-0.07,0.873,17.94,6
185200,168.46,887.0,0.013,-0.048,0.834,18.05,6
185300,168.68,887.07,-0.014,0.017,1.003,17.97,6
185400,167.3,887.13,-0.033,-0.026,0.964,17.62,6
185500,166.38,887.17,0.017,-0.075,1.132,18.15,6
185600,167.11,887.33,0.046,-0.078,0.806,17.96,6
185700,165.99,887.35,0.06,-0.085,1.015,18.05,6
185800,163.91,887.32,-0.039,0.034,1.095,18.18,6
185900,164.81,887.5,0.052,0.016,0.881,17.57,6
186000,165.0,887.53,-0.005,0.044,0.948,17.96,6
186100,162.82,887.66,0.007,-0.004,1.104,17.56,6
186200,163.27,887.75,0.008,0.05,1.045,17.82,6
186300,161.82,887.8,-0.034,0.026,1.027,17.79,6
186400,162.66,887.84,0.065,0.025,1.026,18.02,6
186500,159.22,887.99,-0.057,0.07,0.913,17.89,6
186600,159.36,887.91,0.034,0.029,0.859,18.16,6
186700,159.22,887.97,0.027,0.042,1.027,17.71,6
186800,159.66,888.1,0.056,-0.074,1.055,18.0,6
186900,157.93,888.13,-0.074,-0.029,1.148,18.12,6
187000,156.63,888.36,0.041,-0.007,0.957,18.1,6
187100,156.5,888.29,-0.072,-0.061,0.907,18.05,6
187200,156.08,888.41,0.047,0.025,0.974,18.05,6
187300,155.23,888.39,0.034,-0.028,0.961,18.03,6
187400,155.9,888.51,0.047,0.044,0.967,18.13,6
187500,153.85,888.56,0.007,-0.08,0.997,18.07,6
187600,153.81,888.73,-0.01,-0.002,0.822,17.87,6
187700,152.11,888.69,-0.019,0.094,1.046,18.04,6
187800,151.93,888.76,-0.061,0.043,0.867,18.16,6
187900,150.54,888.8,-0.015,-0.014,1.03,17.96,6
188000,150.65,888.91,0.077,0.1,1.139,18.09,6
188100,150.43,888.95,0.041,0.03,1.094,17.97,6
188200,150.15,888.97,-0.051,-0.108,0.911,18.28,6
188300,149.3,889.08,0.1,-0.0,1.059,18.38,6
188400,147.47,889.32,-0.009,0.009,0.866,18.13,6
188500,148.31,889.29,-0.027,0.005,0.907,18.19,6
188600,147.24,889.38,0.034,-0.009,0.973,17.84,6
188700,145.98,889.44,-0.014,-0.08,0.951,17.79,6
188800,145.71,889.49,-0.067,-0.018,1.023,17.83,6
188900,145.14,889.51,0.02,0.051,0.933,17.93,6
189000,145.06,889.54,0.02,-0.012,1.08,18.09,6
189100,143.99,889.71,0.071,-0.001,1.01,18.14,6
189200,142.85,889.8,0.022,0.03,1.111,18.03,6
189300,142.52,889.93,-0.012,-0.061,1.091,17.9,6
189400,141.87,889.85,0.007,-0.05,1.117,17.9,6
189500,140.9,889.95,-0.069,-0.011,1.01,18.18,6
189600,140.46,889.96,-0.063,-0.063,1.098,18.15,6
189700,139.88,890.08,0.004,-0.005,0.968,18.1,6
189800,138.27,890.13,-0.013,-0.079,1.024,18.49,6
189900,138.69,890.29,0.044,0.069,1.027,18.09,6
190000,137.75,890.29,0.097,0.02,1.025,18.05,6
190100,137.48,890.31,0.08,-0.054,1.042,18.11,6
190200,136.68,890.43,0.022,0.032,1.062,18.41,6
190300,135.19,890.6,-0.03,0.075,0.868,18.11,6
190400,135.42,890.6,-0.029,0.036,0.944,17.96,6
190500,134.82,890.76,0.073,-0.016,0.958,18.07,6
190600,133.15,890.72,0.034,0.069,0.878,17.98,6
190700,133.54,890.83,-0.086,0.06,0.939,18.07,6
190800,132.72,890.95,0.038,-0.01,1.117,18.23,6
190900,131.35,890.93,0.021,-0.045,1.039,17.93,6
191000,131.38,890.98,0.028,0.014,0.981,17.92,6
191100,131.05,891.15,-0.115,-0.014,0.942,18.17,6
191200,130.49,891.09,-0.009,-0.025,0.965,18.22,6
191300,129.09,891.21,0.004,-0.017,1.061,18.42,6
191400,128.4,891.33,0.066,0.036,0.964,18.19,6
191500,128.47,891.33,0.031,0.035,1.079,17.82,6
191600,127.01,891.39,-0.064,-0.079,1.036,18.49,6
191700,127.46,891.44,0.046,-0.026,1.059,18.21,6
191800,126.61,891.55,-0.063,0.04,0.96,18.14,6
191900,123.82,891.62,-0.071,0.018,0.979,18.33,6
192000,125.85,891.72,-0.069,0.018,1.006,18.28,6
192100,124.08,891.78,0.048,-0.024,0.886,18.27,6
192200,124.28,891.83,0.042,-0.047,1.055,18.23,6
192300,122.15,891.88,0.034,-0.022,,18.32,6
192400,122.02,891.96,-0.07,0.01,0.873,18.08,6
192500,121.12,892.05,0.045,-0.018,0.984,18.26,6
192600,119.84,892.09,-0.015,-0.008,1.198,18.18,6
192700,120.51,892.2,-0.094,0.041,1.087,18.17,6
192800,120.23,892.21,0.034,-0.119,1.088,18.19,6
192900,118.13,892.27,-0.101,0.066,0.93,17.99,6
193000,118.69,892.47,0.033,-0.008,0.952,18.22,6
193100,117.26,892.46,-0.037,0.049,0.997,18.32,6
193200,116.66,892.46,-0.063,-0.056,1.084,18.52,6
193300,115.06,892.53,-0.006,-0.045,1.209,18.22,6
193400,115.84,892.61,-0.065,-0.015,0.923,18.23,6
193500,116.19,892.73,0.023,0.019,0.89,18.21,6
193600,114.29,892.85,-0.095,0.01,0.931,18.11,6
193700,113.69,892.83,-0.025,-0.008,1.028,18.23,6
193800,113.4,892.91,-0.02,-0.069,1.008,18.41,6
193900,112.68,893.0,-0.02,-0.008,1.168,18.1,6
194000,110.46,893.12,-0.025,0.056,1.097,18.27,6
194100,111.17,893.18,0.065,0.05,1.019,18.24,6
194200,111.05,893.16,0.036,-0.044,0.83,18.06,6
194300,111.39,893.3,-0.019,0.033,0.913,18.33,6
194400,109.17,893.28,-0.011,0.007,1.057,18.03,6
194500,109.65,893.36,-0.02,0.174,1.023,18.21,6
194600,108.21,893.39,-0.077,0.08,0.971,18.2,6
194700,106.69,893.6,0.038,-0.054,0.907,18.13,6
194800,106.56,893.62,0.091,0.109,0.898,18.31,6
194900,105.53,893.7,0.066,0.045,0.905,18.12,6
195000,105.75,893.74,-0.077,0.035,0.884,18.08,6
195100,104.66,893.87,0.041,0.099,1.14,18.33,6
195200,102.71,893.9,0.022,-0.004,0.84,18.39,6
195300,103.62,894.02,-0.008,0.078,0.912,18.4,6
195400,101.38,894.05,-0.038,0.043,1.022,18.33,6
195500,102.04,894.18,0.014,0.018,0.992,18.34,6
195600,100.86,894.27,-0.043,-0.048,0.931,18.21,6
195700,101.2,894.29,0.019,0.084,1.009,18.42,6
195800,99.7,894.38,0.1,-0.083,0.972,18.3,6
195900,99.96,894.42,-0.004,-0.136,0.989,18.28,6
196000,99.01,894.52,0.071,-0.03,0.96,18.23,6
196100,98.16,894.58,0.045,-0.001,0.981,18.2,6
196200,97.27,894.61,-0.053,-0.021,0.887,18.29,6
196300,96.7,894.66,0.091,-0.027,1.043,18.04,6
196400,96.09,894.74,0.007,0.051,1.004,18.43,6
196500,95.91,894.83,0.02,0.014,0.993,18.39,6
196600,94.38,894.79,-0.049,0.074,0.973,18.26,6
196700,95.07,894.92,0.007,-0.021,0.992,18.54,6
196800,93.45,895.04,0.03,0.11,0.976,18.21,6
196900,92.4,895.16,0.028,0.036,1.038,18.36,6
197000,92.01,895.19,-0.039,-0.106,1.026,18.49,6
197100,91.56,895.11,-0.003,-0.036,0.808,18.47,6
197200,90.88,895.28,-0.04,0.01,1.075,18.48,6
197300,90.18,895.31,0.047,-0.023,1.018,18.25,6
197400,89.96,895.41,-0.027,-0.0,0.948,18.45,6
197500,89.78,895.43,-0.017,0.005,1.156,18.48,6
197600,87.57,895.5,-0.009,-0.092,1.086,18.6,6
197700,87.57,895.63,-0.01,-0.038,0.906,18.48,6
197800,86.87,895.61,0.002,0.034,1.137,18.54,6
197900,86.35,895.72,-0.051,-0.064,1.053,18.55,6
198000,85.71,895.84,-0.036,-0.036,0.995,18.59,6
198100,85.62,895.92,-0.041,-0.083,0.986,18.37,6
198200,84.92,896.08,0.013,0.068,0.919,18.75,6
198300,83.87,896.02,-0.023,0.01,0.937,18.44,6
198400,82.68,896.13,0.006,-0.02,0.939,18.53,6
198500,81.66,896.16,-0.107,0.067,1.075,18.36,6
198600,82.45,896.25,0.057,0.003,0.861,18.47,6
198700,80.8,896.28,0.004,0.028,1.005,18.53,6
198800,80.03,896.38,-0.021,-0.027,0.925,18.45,6
198900,80.13,896.45,0.071,0.039,1.084,18.48,6
199000,78.66,896.54,0.011,-0.014,1.22,18.53,6
199100,78.7,896.61,-0.006,-0.026,1.023,18.6,6
199200,77.73,896.66,-0.027,0.043,0.894,18.32,6
199300,77.57,896.7,-0.039,0.027,1.141,18.75,6
199400,76.4,896.77,-0.007,-0.056,1.038,18.54,6
199500,76.9,896.85,-0.043,-0.019,0.831,18.6,6
199600,75.15,897.08,0.004,0.021,0.955,18.54,6
199700,74.16,897.01,-0.019,-0.096,1.079,18.36,6
199800,75.35,897.14,0.009,0.001,0.917,18.35,6
199900,74.2,897.14,-0.043,0.06,0.906,18.57,6
200000,73.14,897.16,-0.001,-0.002,0.871,18.34,6
200100,70.85,897.25,-0.03,0.021,1.16,18.51,6
200200,70.6,897.31,0.041,0.003,0.983,18.47,6
200300,71.7,897.37,0.094,0.043,1.036,18.69,6
200400,70.92,897.57,0.004,-0.024,1.004,18.31,6
200500,70.09,897.5,-0.093,0.035,1.09,18.66,6
200600,68.85,897.64,-0.017,0.029,0.828,18.64,6
200700,67.71,897.72,-0.018,-0.04,0.867,18.8,6
200800,67.53,897.82,0.012,-0.059,1.053,18.69,6
200900,66.65,897.88,0.049,0.054,1.04,18.56,6
201000,67.11,897.89,-0.054,-0.009,1.102,18.51,6
201100,65.47,897.95,-0.031,0.004,1.057,18.35,6
201200,64.69,898.05,0.008,0.042,1.08,18.57,6
201300,64.14,898.04,0.052,-0.001,1.207,18.7,6
201400,63.02,898.28,0.052,-0.018,1.003,18.74,6
201500,63.55,898.3,0.024,0.012,1.078,18.64,6
201600,62.61,898.33,-0.039,0.034,0.962,18.49,6
201700,62.01,898.32,-0.013,0.001,0.9,18.51,6
201800,60.5,898.4,0.053,0.069,0.875,18.51,6
201900,60.48,898.49,0.011,0.119,0.848,18.78,6
202000,60.48,898.59,0.009,0.036,1.0,18.6,6
202100,58.68,898.71,-0.102,-0.052,1.079,18.37,6
202200,58.4,898.67,0.017,-0.08,1.068,18.48,6
202300,58.3,898.79,-0.064,-0.051,0.972,18.73,6
202400,56.74,898.78,-0.049,0.052,1.078,18.75,6
202500,56.71,898.9,0.017,0.0,1.023,18.77,6
202600,57.02,898.96,0.019,0.073,0.874,18.67,6
202700,55.36,899.09,0.068,-0.076,0.864,18.41,6
202800,54.35,899.19,-0.022,0.013,0.752,18.71,6
202900,54.18,899.24,-0.014,-0.062,0.939,18.65,6
203000,52.98,899.37,0.077,0.023,0.843,18.46,6
203100,52.03,899.37,-0.0,0.032,1.004,18.6,6
203200,52.96,899.45,0.031,0.028,0.926,18.88,6
203300,51.44,899.58,-0.06,0.02,1.084,18.7,6
203400,51.53,899.52,0.008,-0.007,1.01,18.65,6
203500,50.38,899.58,0.032,0.048,0.997,18.41,6
203600,49.03,899.67,0.045,-0.03,0.893,18.86,6
203700,48.66,899.74,-0.183,-0.024,0.95,18.75,6
203800,47.88,899.83,0.011,-0.065,1.004,18.63,6
203900,48.32,900.01,0.01,0.082,0.954,18.6,6
204000,46.89,900.02,0.022,0.047,0.957,18.93,6
204100,45.32,900.02,-0.039,-0.003,1.029,18.66,6
204200,45.24,900.1,-0.091,0.092,1.053,18.72,6
204300,44.72,900.19,-0.063,0.052,0.937,18.88,6
204400,45.18,900.31,0.038,-0.013,1.03,18.87,6
204500,43.26,900.38,0.042,0.096,1.122,18.53,6
204600,42.65,900.35,-0.053,0.016,0.971,18.74,6
204700,41.85,900.53,-0.068,-0.041,1.072,18.71,6
204800,42.11,900.5,0.01,0.091,0.998,18.65,6
204900,41.22,900.63,0.009,0.007,0.865,18.73,6
205000,39.57,900.61,-0.034,0.019,1.044,18.52,6
205100,39.81,900.76,0.059,-0.053,0.965,18.66,6
205200,37.99,900.89,0.075,-0.044,0.971,18.73,6
205300,38.94,900.91,0.065,0.003,1.069,18.52,6
205400,37.74,900.92,0.016,0.041,0.832,18.91,6
205400,37.74,900.92,0.016,0.041,0.832,18.91,6
205500,37.25,901.04,-0.039,0.048,0.873,18.92,6
205600,36.07,901.1,0.016,-0.013,1.124,18.61,6
205700,35.89,901.08,0.025,-0.047,0.88,18.78,6
205800,36.17,901.23,0.048,-0.033,1.069,18.99,6
205900,35.0,901.31,-0.002,-0.038,1.009,18.52,6
206000,34.13,901.43,-0.049,-0.008,1.118,18.87,6
206100,31.95,901.48,0.04,0.076,0.95,18.69,6
206200,31.55,901.58,-0.094,-0.033,1.013,18.77,6
206300,30.86,901.61,-0.078,-0.032,1.084,18.75,6
206400,31.45,901.73,0.021,0.028,1.003,18.55,6
206500,30.46,901.79,-0.023,-0.096,0.977,18.89,6
206600,29.1,901.72,-0.037,0.033,1.007,18.85,6
206700,29.79,901.93,0.048,-0.002,1.12,18.91,6
206800,28.37,901.88,0.092,0.034,1.042,18.56,6
206900,28.31,901.95,0.036,0.006,0.938,18.68,6
207000,26.76,902.03,0.006,-0.018,0.953,18.94,6
207100,27.49,902.12,-0.021,-0.106,0.964,18.88,6
207200,25.36,902.24,0.001,0.033,0.877,18.9,6
207300,25.63,902.29,-0.024,-0.019,1.083,18.95,6
207400,24.13,902.34,-0.012,-0.061,1.004,18.43,6
207500,22.79,902.43,-0.033,-0.063,0.978,18.99,6
207600,23.54,902.44,-0.068,-0.035,0.838,19.0,6
207700,21.84,902.56,0.018,-0.102,0.994,19.09,6
207800,21.28,902.58,0.007,0.028,0.844,18.94,6
207900,21.46,902.72,-0.066,-0.118,0.84,18.9,6
208000,21.66,902.8,0.071,0.056,0.886,18.91,6
208100,20.75,902.85,-0.049,-0.012,0.996,18.4,6
208200,20.22,902.89,0.087,0.008,1.036,19.13,6
208300,19.22,903.01,-0.031,-0.034,1.089,19.1,6
208400,19.0,903.06,0.091,0.081,0.95,18.72,6
208500,17.71,903.09,0.052,0.005,0.956,18.84,6
208600,17.23,903.04,0.027,0.012,0.846,18.7,6
208700,17.66,903.17,-0.05,0.004,0.898,19.04,6
208800,15.99,903.37,-0.031,0.093,1.117,18.96,6
208900,14.75,903.38,0.014,0.027,1.08,18.89,6
209000,14.35,903.53,0.046,-0.028,0.986,18.97,6
209100,13.68,903.48,0.054,0.03,1.005,18.71,6
209200,13.68,903.64,-0.01,-0.032,1.159,19.2,6
209300,11.72,903.67,0.094,-0.09,0.939,18.7,6
209400,12.0,903.75,-0.027,-0.049,0.954,18.97,6
209500,10.35,903.86,0.057,-0.03,1.057,19.02,6
209600,11.44,903.81,-0.103,0.078,0.933,19.05,6
209700,9.66,903.96,0.01,0.125,0.892,18.77,6
209800,9.36,904.02,0.001,0.079,1.133,18.97,6
209900,9.17,904.13,-0.022,0.049,1.033,19.27,6
210000,7.23,904.09,-0.055,0.018,0.94,19.09,6
210100,7.27,904.18,0.033,0.034,0.999,19.18,6
210200,6.94,904.26,-0.028,-0.043,0.854,18.84,6
210300,6.48,904.38,0.029,-0.063,0.961,18.87,6
210400,5.41,904.43,-0.044,0.038,0.99,18.84,6
210500,5.15,904.5,-0.043,-0.107,0.991,18.91,6
210600,3.61,904.56,0.017,-0.018,1.167,18.99,6
210700,2.14,904.56,0.017,0.004,0.95,18.81,6
210800,3.26,904.66,-0.027,-0.102,0.989,18.73,6
210900,1.68,904.87,-0.065,-0.044,1.011,19.12,6
211000,1.78,904.87,0.002,-0.04,1.024,18.88,6
211100,0.01,905.01,0.073,0.016,0.991,19.22,6
211200,0.42,905.02,0.013,0.02,0.966,18.66,6
211300,-1.12,904.98,-0.054,-0.003,0.967,18.87,7
211400,0.74,904.97,-0.039,0.055,0.964,18.94,7
211500,0.52,905.08,0.016,-0.025,1.021,18.92,7
211600,0.61,905.08,0.02,0.04,1.012,18.88,7
211700,-0.34,904.97,0.001,-0.058,0.936,19.28,7
211800,-0.11,905.08,0.068,-0.041,1.071,18.78,7
211900,-0.21,905.02,-0.042,-0.074,0.987,18.94,7
212000,0.66,904.96,0.107,-0.076,1.024,19.11,7
212100,0.53,904.97,-0.024,-0.008,1.047,18.81,7
212200,-0.12,905.08,-0.007,0.028,0.98,19.0,7
212300,0.94,904.99,-0.012,0.075,0.963,19.05,7
212400,-0.19,904.9,-0.03,-0.038,0.973,18.7,7
212500,-0.34,905.01,0.03,0.003,0.948,18.96,7
212600,-0.39,904.97,0.026,0.022,0.981,18.86,7
212700,-1.17,905.01,-0.01,-0.027,1.027,19.11,7
212800,0.45,905.02,-0.078,-0.005,1.076,19.07,7
212900,0.09,904.94,0.074,0.002,1.006,18.87,7
213000,-0.09,904.97,-0.039,-0.04,0.976,19.16,7
213100,-0.38,905.09,-0.008,0.02,1.048,19.06,7
213200,0.63,904.96,0.034,0.023,0.976,19.43,7
213300,-0.22,905.05,0.041,0.02,0.968,18.9,7
213400,-0.08,904.94,-0.039,-0.043,0.953,19.02,7
213500,-0.53,905.04,0.046,-0.097,1.089,19.08,7
213600,0.86,905.04,-0.013,-0.036,0.962,18.88,7
213700,0.86,904.98,0.026,-0.058,0.977,19.13,7
213800,1.01,905.08,-0.019,0.028,0.937,19.13,7
213900,-0.16,905.01,-0.109,-0.006,0.987,18.93,7
214000,0.55,905.08,-0.036,-0.01,1.001,19.0,7
214100,0.1,904.93,-0.013,0.044,0.952,19.17,7
214200,-0.1,904.98,-0.027,0.014,0.993,18.85,7
